,link,title,specification,rating_review,price,test_offer,off_percentage
0,https://www.flipkart.com/asus-vivobook-15-intel-core-i5-12th-gen-1235u-8-gb-512-gb-ssd-windows-11-home-x1504za-nj521ws-x1504za-nj520ws-x1504za-nj528ws-thin-light-laptop/p/itmff0e170cb596e?pid=COMHYWSWMFQQBCG3&lid=LSTCOMHYWSWMFQQBCG3ZA9JEY&marketplace=FLIPKART&q=laptop&store=6bo%2Fb5g&srno=s_1_1&otracker=search&otracker1=search&iid=en_YYvEaBd8vEWnev-I4fx-fZP0E1_eQaXIqtNS4XFkoSoNExWIsTzMRC9uPtu3_mGA0IofUTuA-V1UNQT-ZY9B9U4IsYyWu-Pj9cxFjFAoaLk%3D&ssid=ufarnn4yrk0000001728058141729&qH=312f91285e048e09,ASUS Vivobook 15 Intel Core i5 12th Gen 1235U - (8 GB/512 GB SSD/Windows 11 Home) X1504ZA-NJ521WS|X150...,Intel Core i5 Processor (12th Gen)8 GB DDR4 RAMWindows 11 Operating System512 GB SSD39.62 cm (15.6 Inch) Display1 Year Onsite Warranty,"4.23,055 Ratings & 157 Reviews","₹39,999₹69,99042% off",Top Discount of the Sale,42% off
1,https://www.flipkart.com/lenovo-ideapad-slim-3-intel-core-i5-12th-gen-12450h-16-gb-512-gb-ssd-windows-11-home-14iah8-thin-light-laptop/p/itm7329d9b344191?pid=COMGYHP5ZB4AGZH6&lid=LSTCOMGYHP5ZB4AGZH6FHRJ3V&marketplace=FLIPKART&q=laptop&store=6bo%2Fb5g&srno=s_1_2&otracker=search&otracker1=search&iid=en_YYvEaBd8vEWnev-I4fx-fZP0E1_eQaXIqtNS4XFkoSpMEjpJU2zCIGWE45dXRhS4vty-6GFz9kxP6DeZMZZJNfUFjCTyOHoHZs-Z5_PS_w0%3D&ssid=ufarnn4yrk0000001728058141729&qH=312f91285e048e09,Lenovo IdeaPad Slim 3 Intel Core i5 12th Gen 12450H - (16 GB/512 GB SSD/Windows 11 Home) 14IAH8 Thin a...,Intel Core i5 Processor (12th Gen)16 GB LPDDR5 RAMWindows 11 Operating System512 GB SSD35.56 cm (14 Inch) Display1Yr Warranty and 1 Yr Accidental Damage Protection,4.1545 Ratings & 19 Reviews,"₹49,190₹69,89029% off",Top Discount of the Sale,29% off
2,https://www.flipkart.com/msi-thin-15-intel-core-i5-12th-gen-12450h-16-gb-512-gb-ssd-windows-11-home-4-graphics-nvidia-geforce-rtx-2050-144-hz-b12ucx-1695in-gaming-laptop/p/itm41b49435a187d?pid=COMGYSFG4WHPVAVZ&lid=LSTCOMGYSFG4WHPVAVZ6L3G5Q&marketplace=FLIPKART&q=laptop&store=6bo%2Fb5g&srno=s_1_11&otracker=search&otracker1=search&iid=en_YYvEaBd8vEWnev-I4fx-fZP0E1_eQaXIqtNS4XFkoSrfUbLkTwYy4bMKD2hwgUH1Rwn25GeKPZisVcJnbFlLWevN4Mn-dv-pi277bRzMbnY%3D&ssid=ufarnn4yrk0000001728058141729&qH=312f91285e048e09,MSI Thin 15 Intel Core i5 12th Gen 12450H - (16 GB/512 GB SSD/Windows 11 Home/4 GB Graphics/NVIDIA GeF...,Intel Core i5 Processor (12th Gen)16 GB DDR4 RAMWindows 11 Operating System512 GB SSD39.62 cm (15.6 Inch) Display2 Year Onsite Warranty,4.3542 Ratings & 50 Reviews,"₹45,990₹70,99035% off",Top Discount of the Sale,35% off
3,https://www.flipkart.com/dell-inspiron-15-backlit-keyboard-intel-core-i5-13th-gen-1334u-16-gb-512-gb-ssd-windows-11-home-3530-thin-light-laptop/p/itmfccecc2f46323?pid=COMHYGBZY5R8UDWQ&lid=LSTCOMHYGBZY5R8UDWQJRH0IB&marketplace=FLIPKART&q=laptop&store=6bo%2Fb5g&srno=s_4_95&otracker=search&otracker1=search&fm=Search&iid=9e1e4b05-6b7b-4440-a2f1-f70a4153554b.COMHYGBZY5R8UDWQ.SEARCH&ppt=sp&ppn=sp&ssid=gkcdv4x7bk0000001728058148436&qH=312f91285e048e09,"DELL Inspiron 15 with Backlit Keyboard, Intel Core i5 13th Gen 1334U - (16 GB/512 GB SSD/Windows 11 Ho...",Intel Core i5 Processor (13th Gen)16 GB DDR4 RAM64 bit Windows 11 Operating System512 GB SSD39.62 cm (15.6 inch) Display1 Year Onsite Hardware Service,4.1260 Ratings & 9 Reviews,"₹54,890₹73,16324% off",Lowest price since launch,24% off
4,https://www.flipkart.com/lenovo-loq-intel-core-i5-13th-gen-13450hx-16-gb-512-gb-ssd-windows-11-home-6-graphics-nvidia-geforce-rtx-3050-15irx9d2-gaming-laptop/p/itm52e42e03042c6?pid=COMGYSFGHPSWGZSV&lid=LSTCOMGYSFGHPSWGZSV3LJ4MP&marketplace=FLIPKART&q=laptop&store=6bo%2Fb5g&srno=s_4_96&otracker=search&otracker1=search&fm=Search&iid=9e1e4b05-6b7b-4440-a2f1-f70a4153554b.COMGYSFGHPSWGZSV.SEARCH&ppt=sp&ppn=sp&ssid=gkcdv4x7bk0000001728058148436&qH=312f91285e048e09,Lenovo LOQ Intel Core i5 13th Gen 13450HX - (16 GB/512 GB SSD/Windows 11 Home/6 GB Graphics/NVIDIA GeF...,Intel Core i5 Processor (13th Gen)16 GB DDR5 RAMWindows 11 Operating System512 GB SSD39.62 cm (15.6 Inch) DisplayOffice Home & Student 20211Yr Warranty and 1 Yr Accidental Damage Protection,4.3704 Ratings & 63 Reviews,"₹72,190₹1,09,01033% off",Top Discount of the Sale,33% off
5,https://www.flipkart.com/infinix-y1-plus-neo-intel-celeron-quad-core-11th-gen-n5100-4-gb-128-gb-ssd-windows-11-home-xl30-thin-light-laptop/p/itm01497208068d1?pid=COMGQHVMVZZRGYWQ&lid=LSTCOMGQHVMVZZRGYWQI6R93P&marketplace=FLIPKART&q=laptop&store=6bo%2Fb5g&spotlightTagId=TrendingId_6bo%2Fb5g&srno=s_5_97&otracker=search&otracker1=search&fm=Search&iid=e4bab1fd-a4cf-483d-979d-887a2829eb48.COMGQHVMVZZRGYWQ.SEARCH&ppt=sp&ppn=sp&ssid=5ky88ctz280000001728058150343&qH=312f91285e048e09,Infinix Y1 Plus Neo Intel Celeron Quad Core 11th Gen N5100 - (4 GB/128 GB SSD/Windows 11 Home) XL30 Th...,Intel Celeron Quad Core Processor (11th Gen)4 GB LPDDR4X RAMWindows 11 Operating System128 GB SSD39.62 cm (15.6 Inch) Display1 Year Onsite Warranty,"41,674 Ratings & 218 Reviews","₹17,990₹29,99040% off",Save extra with combo offers,40% off
6,https://www.flipkart.com/lenovo-loq-intel-core-i5-12th-gen-12450hx-12-gb-512-gb-ssd-windows-11-home-4-graphics-nvidia-geforce-rtx-2050-15iax9d1-gaming-laptop/p/itm6256bf8c4a275?pid=COMHY9Z8AFVPHVJF&lid=LSTCOMHY9Z8AFVPHVJFAMRSWH&marketplace=FLIPKART&q=laptop&store=6bo%2Fb5g&srno=s_5_98&otracker=search&otracker1=search&fm=Search&iid=e4bab1fd-a4cf-483d-979d-887a2829eb48.COMHY9Z8AFVPHVJF.SEARCH&ppt=sp&ppn=sp&ssid=5ky88ctz280000001728058150343&qH=312f91285e048e09,Lenovo LOQ Intel Core i5 12th Gen 12450HX - (12 GB/512 GB SSD/Windows 11 Home/4 GB Graphics/NVIDIA GeF...,Intel Core i5 Processor (12th Gen)12 GB DDR5 RAMWindows 11 Operating System512 GB SSD100.63 cm (39.62 cm) Display1Yr Warranty and 1 Yr Accidental Damage Protection,4.3468 Ratings & 27 Reviews,"₹57,190₹80,09028% off",Top Discount of the Sale,28% off
7,https://www.flipkart.com/lenovo-ideapad-slim-5-intel-core-i7-13th-gen-13700h-16-gb-1-tb-ssd-windows-11-home-16irl8-laptop/p/itm94d714efa4ca4?pid=COMGVQ2YAVZSZSY8&lid=LSTCOMGVQ2YAVZSZSY8SAWRD5&marketplace=FLIPKART&q=laptop&store=6bo%2Fb5g&srno=s_5_99&otracker=search&otracker1=search&fm=Search&iid=e4bab1fd-a4cf-483d-979d-887a2829eb48.COMGVQ2YAVZSZSY8.SEARCH&ppt=sp&ppn=sp&ssid=5ky88ctz280000001728058150343&qH=312f91285e048e09,Lenovo IdeaPad Slim 5 Intel Core i7 13th Gen 13700H - (16 GB/1 TB SSD/Windows 11 Home) 16IRL8 Laptop,Intel Core i7 Processor (13th Gen)16 GB LPDDR5 RAMWindows 11 Operating System1 TB SSD40.64 cm (16 inch) Display1Yr Warranty + 1 Yr Premium Care and 1 Yr Accidental Damage Protection,4.3104 Ratings & 6 Reviews,"₹80,190₹1,25,89036% off",Save extra with combo offers,36% off
8,https://www.flipkart.com/acer-nitro-v-amd-ryzen-5-hexa-core-7535hs-16-gb-512-gb-ssd-windows-11-home-6-graphics-nvidia-geforce-rtx-3050-anv15-41-gaming-laptop/p/itm6491e522f1157?pid=COMGZN7ZYP8MDPHR&lid=LSTCOMGZN7ZYP8MDPHRDVIR0H&marketplace=FLIPKART&q=laptop&store=6bo%2Fb5g&srno=s_5_100&otracker=search&otracker1=search&fm=Search&iid=e4bab1fd-a4cf-483d-979d-887a2829eb48.COMGZN7ZYP8MDPHR.SEARCH&ppt=sp&ppn=sp&ssid=5ky88ctz280000001728058150343&qH=312f91285e048e09,Acer Nitro V AMD Ryzen 5 Hexa Core 7535HS - (16 GB/512 GB SSD/Windows 11 Home/6 GB Graphics/NVIDIA GeF...,AMD Ryzen 5 Hexa Core Processor16 GB DDR5 RAMWindows 11 Operating System512 GB SSD39.62 cm (15.6 Inch) Display1 Year International Travelers Warranty (ITW),4.347 Ratings & 3 Reviews,"₹57,990₹85,99932% off",Top Discount of the Sale,32% off
9,https://www.flipkart.com/asus-vivobook-go-15-oled-amd-ryzen-5-quad-core-7520u-16-gb-512-gb-ssd-windows-11-home-e1504fa-lk542ws-thin-light-laptop/p/itm044ad21921130?pid=COMGMGXFSGJSSGGD&lid=LSTCOMGMGXFSGJSSGGDOZ0MKX&marketplace=FLIPKART&q=laptop&store=6bo%2Fb5g&srno=s_5_101&otracker=search&otracker1=search&fm=Search&iid=e4bab1fd-a4cf-483d-979d-887a2829eb48.COMGMGXFSGJSSGGD.SEARCH&ppt=sp&ppn=sp&ssid=5ky88ctz280000001728058150343&qH=312f91285e048e09,ASUS Vivobook Go 15 OLED AMD Ryzen 5 Quad Core 7520U - (16 GB/512 GB SSD/Windows 11 Home) E1504FA-LK54...,AMD Ryzen 5 Quad Core Processor16 GB LPDDR5 RAMWindows 11 Operating System512 GB SSD39.62 cm (15.6 Inch) Display1 Year Onsite Warranty,4.3147 Ratings & 11 Reviews,"₹46,990₹79,99041% off",Lowest price in the year,41% off
10,https://www.flipkart.com/acer-swift-go-14-amd-ryzen-7-octa-core-7730u-16-gb-512-gb-ssd-windows-11-home-sfg14-41-thin-light-laptop/p/itm8c24ada29d398?pid=COMH3GFNZZGQTAEW&lid=LSTCOMH3GFNZZGQTAEWMUOVHC&marketplace=FLIPKART&q=laptop&store=6bo%2Fb5g&srno=s_5_102&otracker=search&otracker1=search&fm=Search&iid=e4bab1fd-a4cf-483d-979d-887a2829eb48.COMH3GFNZZGQTAEW.SEARCH&ppt=sp&ppn=sp&ssid=5ky88ctz280000001728058150343&qH=312f91285e048e09,Acer Swift Go 14 AMD Ryzen 7 Octa Core 7730U - (16 GB/512 GB SSD/Windows 11 Home) SFG14-41 Thin and Li...,AMD Ryzen 7 Octa Core Processor16 GB LPDDR4X RAMWindows 11 Operating System512 GB SSD35.56 cm (14 Inch) Display1 Year Carry-in Warranty,4.461 Ratings & 4 Reviews,"₹44,990₹81,99945% off",Top Discount of the Sale,45% off
11,https://www.flipkart.com/chuwi-intel-celeron-dual-core-11th-gen-n4020-8-gb-256-gb-ssd-windows-11-home-herobook-pro-laptop/p/itm5e1f327988402?pid=COMGQHMZWHRXFWET&lid=LSTCOMGQHMZWHRXFWETVNWSPG&marketplace=FLIPKART&q=laptop&store=6bo%2Fb5g&srno=s_1_12&otracker=search&otracker1=search&iid=en_YYvEaBd8vEWnev-I4fx-fZP0E1_eQaXIqtNS4XFkoSoAR7etsAMxcC4SPbhu33j4kEKTPe9nWrSQsDN_4wjL-Q%3D%3D&ssid=ufarnn4yrk0000001728058141729&qH=312f91285e048e09,CHUWI Intel Celeron Dual Core 11th Gen N4020 - (8 GB/256 GB SSD/Windows 11 Home) HeroBook Pro Laptop,"Light weight, Portable Laptop
RAM/Storage: 8GB LPDDR4 Ram, 256GB M.2 SSD StorageHard-Decoding 4k@60Hz
Graphics/GPU: UHD Graphics 600
Display: 14.1 inch, 16:9 IPS Display
Touchpad: Larger Touchpad with easy control
Keyboard: Chiclet keyboard keysIntel Celeron Dual Core Processor (11th Gen)8 GB DDR4 RAM64 bit Windows 11 Operating System256 GB SSD35.81 cm (14.1 inch) DisplayWPS Office, Operating System Software1 Year Onsite Warranty",3.7794 Ratings & 91 Reviews,"₹15,990₹34,99054% off",Top Discount of the Sale,54% off
12,https://www.flipkart.com/hp-victus-intel-core-i5-12th-gen-12450h-8-gb-512-gb-ssd-windows-11-home-4-graphics-nvidia-geforce-rtx-2050-15-fa1226tx-gaming-laptop/p/itma50f4630abc9a?pid=COMHY8KVEKZVERUA&lid=LSTCOMHY8KVEKZVERUADILR5M&marketplace=FLIPKART&q=laptop&store=6bo%2Fb5g&srno=s_5_103&otracker=search&otracker1=search&fm=Search&iid=e4bab1fd-a4cf-483d-979d-887a2829eb48.COMHY8KVEKZVERUA.SEARCH&ppt=sp&ppn=sp&ssid=5ky88ctz280000001728058150343&qH=312f91285e048e09,HP Victus Intel Core i5 12th Gen 12450H - (8 GB/512 GB SSD/Windows 11 Home/4 GB Graphics/NVIDIA GeForc...,Intel Core i5 Processor (12th Gen)8 GB DDR4 RAMWindows 11 Operating System512 GB SSD39.62 cm (15.6 inch) Display1 Year Onsite Warranty,"4.41,271 Ratings & 59 Reviews","₹52,990₹72,71827% off",Top Discount of the Sale,27% off
13,https://www.flipkart.com/acer-aspire-3-intel-celeron-dual-core-n4500-8-gb-512-gb-ssd-windows-11-home-a324-45-thin-light-laptop/p/itmbbfe217e40d59?pid=COMHFZYZFVD2MCAB&lid=LSTCOMHFZYZFVD2MCABTLQNKG&marketplace=FLIPKART&q=laptop&store=6bo%2Fb5g&srno=s_5_104&otracker=search&otracker1=search&fm=Search&iid=e4bab1fd-a4cf-483d-979d-887a2829eb48.COMHFZYZFVD2MCAB.SEARCH&ppt=sp&ppn=sp&ssid=5ky88ctz280000001728058150343&qH=312f91285e048e09,Acer Aspire 3 Intel Celeron Dual Core N4500 - (8 GB/512 GB SSD/Windows 11 Home) A324-45 Thin and Light...,Intel Celeron Dual Core Processor8 GB LPDDR4X RAMWindows 11 Operating System512 GB SSD35.56 cm (14 Inch) Display1 Year Carry-in Warranty,3.9526 Ratings & 36 Reviews,"₹19,990₹32,99939% off",Top Discount of the Sale,39% off
14,https://www.flipkart.com/asus-vivobook-s14-oled-intel-evo-h-series-core-i5-12th-gen-12500h-16-gb-512-gb-ssd-windows-11-home-s3402za-km501ws-thin-light-laptop/p/itm635eb6df61d1c?pid=COMGCG2GXUAAMYJF&lid=LSTCOMGCG2GXUAAMYJFOJKKYY&marketplace=FLIPKART&q=laptop&store=6bo%2Fb5g&srno=s_5_105&otracker=search&otracker1=search&fm=Search&iid=e4bab1fd-a4cf-483d-979d-887a2829eb48.COMGCG2GXUAAMYJF.SEARCH&ppt=sp&ppn=sp&ssid=5ky88ctz280000001728058150343&qH=312f91285e048e09,ASUS Vivobook S14 OLED Intel EVO H-Series Intel Core i5 12th Gen 12500H - (16 GB/512 GB SSD/Windows 11...,Intel Core i5 Processor (12th Gen)16 GB DDR4 RAM64 bit Windows 11 Operating System512 GB SSD35.56 cm (14 Inch) Display1 Year Onsite Warranty,"4.44,332 Ratings & 421 Reviews","₹61,990₹98,99037% off",Top Discount of the Sale,37% off
15,https://www.flipkart.com/hp-laptop-intel-core-i3-12th-gen-1215u-8-gb-256-gb-ssd-windows-11-home-15s-fy5010tu-thin-light/p/itm629a59dce098d?pid=COMHF6WAYQWPTFRS&lid=LSTCOMHF6WAYQWPTFRSK8OU9L&marketplace=FLIPKART&q=laptop&store=6bo%2Fb5g&srno=s_5_106&otracker=search&otracker1=search&fm=Search&iid=e4bab1fd-a4cf-483d-979d-887a2829eb48.COMHF6WAYQWPTFRS.SEARCH&ppt=sp&ppn=sp&ssid=5ky88ctz280000001728058150343&qH=312f91285e048e09,HP Laptop Intel Core i3 12th Gen 1215U - (8 GB/256 GB SSD/Windows 11 Home) 15s-fy5010TU Thin and Light...,Intel Core i3 Processor (12th Gen)8 GB DDR4 RAMWindows 11 Home Operating System256 GB SSD100.58 cm (39.6 cm) Display1 Year Carry-in Warranty,"4.34,540 Ratings & 283 Reviews","₹31,990₹46,70931% off",Top Discount of the Sale,31% off
16,https://www.flipkart.com/microsoft-laptop-go-3-intel-core-i5-12th-gen-1235u-8-gb-256-gb-ssd-windows-11-home-xk1-00045-thin-light/p/itm8dd9341c2130d?pid=COMGUSPBNYYPCQKX&lid=LSTCOMGUSPBNYYPCQKXGAWJ22&marketplace=FLIPKART&q=laptop&store=6bo%2Fb5g&srno=s_5_107&otracker=search&otracker1=search&fm=Search&iid=e4bab1fd-a4cf-483d-979d-887a2829eb48.COMGUSPBNYYPCQKX.SEARCH&ppt=sp&ppn=sp&ssid=5ky88ctz280000001728058150343&qH=312f91285e048e09,MICROSOFT Laptop Go 3 Intel Core i5 12th Gen 1235U - (8 GB/256 GB SSD/Windows 11 Home) XK1-00045 Thin ...,Intel Core i5 Processor (12th Gen)8 GB LPDDR5 RAMWindows 11 Operating System256 GB SSD31.5 cm (12.4 Inch) Touchscreen Display1 Year Onsite Warranty,4.219 Ratings & 2 Reviews,"₹69,990₹80,99913% off",Save extra with combo offers,13% off
17,https://www.flipkart.com/msi-thin-15-intel-core-i5-12th-gen-12450h-8-gb-512-gb-ssd-windows-11-home-4-graphics-nvidia-geforce-rtx-2050-144-hz-b12ucx-1696in-gaming-laptop/p/itmc1581367ea4e2?pid=COMGZW35SQXHBAUH&lid=LSTCOMGZW35SQXHBAUHXQTHLX&marketplace=FLIPKART&q=laptop&store=6bo%2Fb5g&srno=s_5_108&otracker=search&otracker1=search&fm=Search&iid=e4bab1fd-a4cf-483d-979d-887a2829eb48.COMGZW35SQXHBAUH.SEARCH&ppt=sp&ppn=sp&ssid=5ky88ctz280000001728058150343&qH=312f91285e048e09,MSI Thin 15 Intel Core i5 12th Gen 12450H - (8 GB/512 GB SSD/Windows 11 Home/4 GB Graphics/NVIDIA GeFo...,Intel Core i5 Processor (12th Gen)8 GB DDR4 RAMWindows 11 Operating System512 GB SSD39.62 cm (15.6 Inch) Display2 Year Onsite Warranty,4.3542 Ratings & 50 Reviews,"₹42,990₹67,99036% off",Top Discount of the Sale,36% off
18,https://www.flipkart.com/lenovo-ideapad-slim-5-intel-core-i5-13th-gen-16-gb-512-gb-ssd-windows-11-home-82xd003min-thin-light-laptop/p/itmdee369858debc?pid=COMGTYDAGSWYRJGW&lid=LSTCOMGTYDAGSWYRJGWSCFB1Z&marketplace=FLIPKART&q=laptop&store=6bo%2Fb5g&srno=s_5_109&otracker=search&otracker1=search&fm=Search&iid=e4bab1fd-a4cf-483d-979d-887a2829eb48.COMGTYDAGSWYRJGW.SEARCH&ppt=sp&ppn=sp&ssid=5ky88ctz280000001728058150343&qH=312f91285e048e09,Lenovo IdeaPad Slim 5 Intel Core i5 13th Gen - (16 GB/512 GB SSD/Windows 11 Home) 82XD003MIN Thin and ...,Intel Core i5 Processor (13th Gen)16 GB LPDDR5 RAMWindows 11 Operating System512 GB SSD35.56 cm (14 inch) Display1Yr Warranty + 1 Yr Premium Care and 1 Yr Accidental Damage Protection,4.419 Ratings & 0 Reviews,"₹65,190₹73,99011% off",Save extra with combo offers,11% off
19,https://www.flipkart.com/asus-vivobook-go-15-oled-amd-ryzen-3-quad-core-7320u-8-gb-512-gb-ssd-windows-11-home-e1504fa-lk322ws-thin-light-laptop/p/itma00c7ae7d7ce7?pid=COMGMGXFE9F37AMQ&lid=LSTCOMGMGXFE9F37AMQLGQ2YD&marketplace=FLIPKART&q=laptop&store=6bo%2Fb5g&srno=s_5_110&otracker=search&otracker1=search&fm=Search&iid=e4bab1fd-a4cf-483d-979d-887a2829eb48.COMGMGXFE9F37AMQ.SEARCH&ppt=sp&ppn=sp&ssid=5ky88ctz280000001728058150343&qH=312f91285e048e09,ASUS Vivobook Go 15 OLED AMD Ryzen 3 Quad Core 7320U - (8 GB/512 GB SSD/Windows 11 Home) E1504FA-LK322...,AMD Ryzen 3 Quad Core Processor8 GB LPDDR5 RAMWindows 11 Operating System512 GB SSD39.62 cm (15.6 Inch) Display1 Year Onsite Warranty,"4.42,495 Ratings & 273 Reviews","₹35,990₹61,99041% off",Top Discount of the Sale,41% off
20,https://www.flipkart.com/lenovo-ideapad-slim-3-backlit-intel-core-i5-12th-gen-12450h-16-gb-512-gb-ssd-windows-11-home-15iah8-thin-light-laptop/p/itm0b995cf0a5161?pid=COMGVQ2Y3ENU2RNV&lid=LSTCOMGVQ2Y3ENU2RNV6NW176&marketplace=FLIPKART&q=laptop&store=6bo%2Fb5g&srno=s_5_111&otracker=search&otracker1=search&fm=Search&iid=e4bab1fd-a4cf-483d-979d-887a2829eb48.COMGVQ2Y3ENU2RNV.SEARCH&ppt=sp&ppn=sp&ssid=5ky88ctz280000001728058150343&qH=312f91285e048e09,Lenovo IdeaPad Slim 3 Backlit Intel Core i5 12th Gen 12450H - (16 GB/512 GB SSD/Windows 11 Home) 15IAH...,Intel Core i5 Processor (12th Gen)16 GB LPDDR5 RAMWindows 11 Operating System512 GB SSD39.62 cm (15.6 Inch) Display1Yr Warranty and 1 Yr Accidental Damage Protection,4.3208 Ratings & 15 Reviews,"₹50,490₹75,00032% off",Save extra with combo offers,32% off
21,https://www.flipkart.com/lenovo-ideapad-slim-1-amd-ryzen-5-hexa-core-5500u-8-gb-512-gb-ssd-windows-11-home-15acl6-15alc7-2-thin-light-laptop/p/itmfab29c14ba777?pid=COMG9VHHF6HVJPP9&lid=LSTCOMG9VHHF6HVJPP9U213LU&marketplace=FLIPKART&q=laptop&store=6bo%2Fb5g&srno=s_5_112&otracker=search&otracker1=search&fm=Search&iid=e4bab1fd-a4cf-483d-979d-887a2829eb48.COMG9VHHF6HVJPP9.SEARCH&ppt=sp&ppn=sp&ssid=5ky88ctz280000001728058150343&qH=312f91285e048e09,Lenovo IdeaPad Slim 1 AMD Ryzen 5 Hexa Core 5500U - (8 GB/512 GB SSD/Windows 11 Home) 15ACL6 | 15ALC7 ...,AMD Ryzen 5 Hexa Core Processor8 GB DDR4 RAM64 bit Windows 11 Operating System512 GB SSD100.63 cm (39.62 cm) DisplayOffice Home and Student 20211Yr Warranty and 1 Yr Accidental Damage Protection,"4.24,838 Ratings & 445 Reviews","₹35,690₹55,09035% off",Save extra with combo offers,35% off
22,https://www.flipkart.com/apple-macbook-air-m2-8-gb-256-gb-ssd-mac-os-monterey-mly33hn-a/p/itm0946c05e6335c?pid=COMGFB2GMCRXZG85&lid=LSTCOMGFB2GMCRXZG855GPGWQ&marketplace=FLIPKART&q=laptop&store=6bo%2Fb5g&spotlightTagId=BestsellerId_6bo%2Fb5g&srno=s_1_13&otracker=search&otracker1=search&iid=6c4eeaba-4e99-4351-9aaf-ba6f4a8b5030.COMGFB2GMCRXZG85.SEARCH&ssid=ufarnn4yrk0000001728058141729&qH=312f91285e048e09,Apple MacBook AIR Apple M2 - (8 GB/256 GB SSD/Mac OS Monterey) MLY33HN/A,"Apple M2 Processor8 GB Unified Memory RAMMac OS Operating System256 GB SSD34.54 cm (13.6 Inch) DisplayBuilt-in Apps: iMovie, Siri, GarageBand, Pages, Numbers, Photos, Keynote, Safari, Mail, FaceTime, Messages, Maps, Stocks, Home, Voice Memos, Notes, Calendar, Contacts, Reminders, Photo Booth, Preview, Books, App Store, Time Machine, TV, Music, Podcasts, Find My, QuickTime Player1 Year Limited Warranty","4.710,407 Ratings & 627 Reviews","₹79,999₹99,90019% off",Top Discount of the Sale,19% off
23,https://www.flipkart.com/acer-predator-neo-intel-core-i7-13th-gen-13700hx-16-gb-1-tb-ssd-windows-11-home-6-gb-graphics-nvidia-geforce-rtx-4050-phn16-71-757p-gaming-laptop/p/itmbac4c539241e8?pid=COMGZS9GYMHMGDT6&lid=LSTCOMGZS9GYMHMGDT6BRZQ8C&marketplace=FLIPKART&q=laptop&store=6bo%2Fb5g&srno=s_5_113&otracker=search&otracker1=search&fm=Search&iid=e4bab1fd-a4cf-483d-979d-887a2829eb48.COMGZS9GYMHMGDT6.SEARCH&ppt=sp&ppn=sp&ssid=5ky88ctz280000001728058150343&qH=312f91285e048e09,Acer Predator Neo Intel Core i7 13th Gen 13700HX - (16 GB/1 TB SSD/Windows 11 Home/6 GB Graphics/NVIDI...,Intel Core i7 Processor (13th Gen)16 GB DDR5 RAMWindows 11 Operating System1 TB SSD40.64 cm (16 Inch) Display1 Year International Travelers Warranty (ITW),4.4998 Ratings & 91 Reviews,"₹99,990₹1,44,99931% off",Save extra with combo offers,31% off
24,https://www.flipkart.com/lenovo-thinkbook-16-g6-intel-core-i3-13th-gen-1315u-8-gb-512-gb-ssd-windows-11-home-irl-5-thin-light-laptop/p/itmd7e1aca8d63e9?pid=COMGZGWUG25DHHWB&lid=LSTCOMGZGWUG25DHHWBIJL9SN&marketplace=FLIPKART&q=laptop&store=6bo%2Fb5g&srno=s_5_114&otracker=search&otracker1=search&fm=Search&iid=e4bab1fd-a4cf-483d-979d-887a2829eb48.COMGZGWUG25DHHWB.SEARCH&ppt=sp&ppn=sp&ssid=5ky88ctz280000001728058150343&qH=312f91285e048e09,Lenovo ThinkBook 16 G6 Intel Core i3 13th Gen 1315U - (8 GB/512 GB SSD/Windows 11 Home) ThinkBook 16 G...,Intel Core i3 Processor (13th Gen)8 GB DDR5 RAMWindows 11 Operating System512 GB SSD40.64 cm (16 Inch) Display1 Year Onsite warranty,4.2104 Ratings & 13 Reviews,"₹36,990₹73,80049% off",Top Discount of the Sale,49% off
25,https://www.flipkart.com/hp-amd-athlon-dual-core-3050u-8-gb-512-gb-ssd-windows-11-home-15s-eq1559au-thin-light-laptop/p/itm251d7da4048ee?pid=COMGG63HRV3GFN4G&lid=LSTCOMGG63HRV3GFN4GW9IXEW&marketplace=FLIPKART&q=laptop&store=6bo%2Fb5g&srno=s_5_115&otracker=search&otracker1=search&fm=Search&iid=e4bab1fd-a4cf-483d-979d-887a2829eb48.COMGG63HRV3GFN4G.SEARCH&ppt=sp&ppn=sp&ssid=5ky88ctz280000001728058150343&qH=312f91285e048e09,HP AMD Athlon Dual Core 3050U - (8 GB/512 GB SSD/Windows 11 Home) 15s- eq1559AU Thin and Light Laptop,AMD Athlon Dual Core Processor8 GB DDR4 RAM64 bit Windows 11 Operating System512 GB SSD39.62 cm (15.6 inch) Display1 Year Onsite Warranty,"4.11,366 Ratings & 129 Reviews","₹26,986₹44,90039% off",Save extra with combo offers,39% off
26,https://www.flipkart.com/acer-aspire-7-intel-core-i5-12th-gen-12450h-16-gb-512-gb-ssd-windows-11-home-4-graphics-nvidia-geforce-rtx-3050-144-hz-a715-76g-548j-gaming-laptop/p/itm20708ce5793f7?pid=COMGP8QVTK3EQDXE&lid=LSTCOMGP8QVTK3EQDXEKW8XW5&marketplace=FLIPKART&q=laptop&store=6bo%2Fb5g&srno=s_5_116&otracker=search&otracker1=search&fm=Search&iid=e4bab1fd-a4cf-483d-979d-887a2829eb48.COMGP8QVTK3EQDXE.SEARCH&ppt=sp&ppn=sp&ssid=5ky88ctz280000001728058150343&qH=312f91285e048e09,Acer Aspire 7 Intel Core i5 12th Gen 12450H - (16 GB/512 GB SSD/Windows 11 Home/4 GB Graphics/NVIDIA G...,Intel Core i5 Processor (12th Gen)16 GB DDR4 RAMWindows 11 Operating System512 GB SSD39.62 cm (15.6 Inch) Display1 Year Onsite Warranty,"4.22,005 Ratings & 168 Reviews","₹52,990₹84,99937% off",Save extra with combo offers,37% off
27,https://www.flipkart.com/asus-tuf-gaming-a15-amd-ryzen-7-octa-core-7435hs-16-gb-512-gb-ssd-windows-11-home-4-graphics-nvidia-geforce-rtx-3050-fa566ncr-hn075w-laptop/p/itmf85ee66cab735?pid=COMHFT2NY5V7RCMK&lid=LSTCOMHFT2NY5V7RCMKJW0ZPL&marketplace=FLIPKART&q=laptop&store=6bo%2Fb5g&srno=s_5_117&otracker=search&otracker1=search&fm=Search&iid=e4bab1fd-a4cf-483d-979d-887a2829eb48.COMHFT2NY5V7RCMK.SEARCH&ppt=sp&ppn=sp&ssid=5ky88ctz280000001728058150343&qH=312f91285e048e09,ASUS TUF Gaming A15 AMD Ryzen 7 Octa Core 7435HS - (16 GB/512 GB SSD/Windows 11 Home/4 GB Graphics/NVI...,AMD Ryzen 7 Octa Core Processor16 GB DDR5 RAMWindows 11 Home Operating System512 GB SSD39.62 cm (15.6 inch) Display1 Year Carry-in Warranty,4.4149 Ratings & 9 Reviews,"₹60,990₹86,99029% off",Top Discount of the Sale,29% off
28,https://www.flipkart.com/acer-aspire-lite-amd-ryzen-7-octa-core-5700u-16-gb-1-tb-ssd-windows-11-home-al15-41-thin-light-laptop/p/itma7c2fa5113beb?pid=COMHY74JXWVWVKFV&lid=LSTCOMHY74JXWVWVKFVLRN6XW&marketplace=FLIPKART&q=laptop&store=6bo%2Fb5g&srno=s_5_118&otracker=search&otracker1=search&fm=Search&iid=e4bab1fd-a4cf-483d-979d-887a2829eb48.COMHY74JXWVWVKFV.SEARCH&ppt=sp&ppn=sp&ssid=5ky88ctz280000001728058150343&qH=312f91285e048e09,Acer Aspire Lite AMD Ryzen 7 Octa Core 5700U - (16 GB/1 TB SSD/Windows 11 Home) AL15-41 Thin and Light...,AMD Ryzen 7 Octa Core Processor16 GB DDR4 RAM64 bit Windows 11 Operating System1 TB SSD39.62 cm (15.6 Inch) Display1 Year Onsite Warranty,463 Ratings & 3 Reviews,"₹40,990₹72,99043% off",Top Discount of the Sale,43% off
29,https://www.flipkart.com/acer-aspire-lite-backlit-keyboard-intel-core-i5-12th-gen-1235u-16-gb-1-tb-ssd-windows-11-home-al15-52-thin-light-laptop/p/itm41805e11ae84c?pid=COMH28U4FD6GAH4W&lid=LSTCOMH28U4FD6GAH4W8LBHJT&marketplace=FLIPKART&q=laptop&store=6bo%2Fb5g&srno=s_5_119&otracker=search&otracker1=search&fm=Search&iid=e4bab1fd-a4cf-483d-979d-887a2829eb48.COMH28U4FD6GAH4W.SEARCH&ppt=sp&ppn=sp&ssid=5ky88ctz280000001728058150343&qH=312f91285e048e09,"Acer Aspire Lite with Backlit Keyboard, Intel Core i5 12th Gen 1235U - (16 GB/1 TB SSD/Windows 11 Home...",Intel Core i5 Processor (12th Gen)16 GB DDR4 RAMWindows 11 Operating System1 TB SSD39.62 cm (15.6 Inch) Display1 Year Carry-in Warranty,4.513 Ratings & 2 Reviews,"₹43,990₹67,00034% off",Top Discount of the Sale,34% off
30,https://www.flipkart.com/dell-inspiron-15-backlit-keyboard-intel-core-i7-13th-gen-1355u-16-gb-512-gb-ssd-windows-11-home-3530-thin-light-laptop/p/itm1e8ad2b18043a?pid=COMGUXC4UXUCH5BQ&lid=LSTCOMGUXC4UXUCH5BQX1CW07&marketplace=FLIPKART&q=laptop&store=6bo%2Fb5g&srno=s_5_120&otracker=search&otracker1=search&fm=Search&iid=e4bab1fd-a4cf-483d-979d-887a2829eb48.COMGUXC4UXUCH5BQ.SEARCH&ppt=sp&ppn=sp&ssid=5ky88ctz280000001728058150343&qH=312f91285e048e09,"DELL Inspiron 15 with Backlit Keyboard, Intel Core i7 13th Gen 1355U - (16 GB/512 GB SSD/Windows 11 Ho...","Intel Core i7 Processor (13th Gen)16 GB DDR4 RAM64 bit Windows 11 Operating System512 GB SSD39.62 cm (15.6 inch) DisplayWindows 11, Microsoft Office1 Year Onsite Hardware Service",4.156 Ratings & 3 Reviews,"₹67,990₹89,81524% off",Save extra with combo offers,24% off
31,https://www.flipkart.com/acer-swift-go-14-evo-oled-intel-core-i5-13th-gen-13500h-16-gb-512-gb-ssd-windows-11-home-sfg14-71-58ub-thin-light-laptop/p/itm0a080194d6dd1?pid=COMGZKGGAHZBA3WY&lid=LSTCOMGZKGGAHZBA3WYWOBYJC&marketplace=FLIPKART&q=laptop&store=6bo%2Fb5g&spotlightTagId=BestsellerId_6bo%2Fb5g&srno=s_1_14&otracker=search&otracker1=search&iid=6c4eeaba-4e99-4351-9aaf-ba6f4a8b5030.COMGZKGGAHZBA3WY.SEARCH&ssid=ufarnn4yrk0000001728058141729&qH=312f91285e048e09,Acer Swift Go 14 EVO OLED Intel Core i5 13th Gen 13500H - (16 GB/512 GB SSD/Windows 11 Home) SFG14-71-...,Intel Core i5 Processor (13th Gen)16 GB LPDDR5 RAMWindows 11 Operating System512 GB SSD35.56 cm (14 Inch) Display1 Year Onsite Warranty,"4.32,953 Ratings & 255 Reviews","₹54,990₹93,99941% off",Lowest price in the year,41% off
32,https://www.flipkart.com/asus-vivobook-go-15-intel-celeron-dual-core-n4020-8-gb-512-gb-ssd-windows-11-home-e510ma-ej021ws-thin-light-laptop/p/itmdcb1b11ba2f3d?pid=COMGZKHQVQ8S8KQM&lid=LSTCOMGZKHQVQ8S8KQMEMSETS&marketplace=FLIPKART&q=laptop&store=6bo%2Fb5g&srno=s_6_121&otracker=search&otracker1=search&fm=Search&iid=e6e5b54a-0ae0-4e90-a120-b2e979613a5b.COMGZKHQVQ8S8KQM.SEARCH&ppt=sp&ppn=sp&ssid=ndfavgyfu80000001728058152541&qH=312f91285e048e09,ASUS Vivobook Go 15 Intel Celeron Dual Core N4020 - (8 GB/512 GB SSD/Windows 11 Home) E510MA-EJ021WS T...,Intel Celeron Dual Core Processor8 GB DDR4 RAMWindows 11 Operating System512 GB SSD39.62 cm (15.6 Inch) Display1 Year Onsite Warranty,4973 Ratings & 58 Reviews,"₹23,990₹38,99038% off",Lowest price in the year,38% off
33,https://www.flipkart.com/lenovo-loq-intel-core-i5-12th-gen-12450hx-16-gb-512-gb-ssd-windows-11-home-6-graphics-nvidia-geforce-rtx-4050-15iax9-gaming-laptop/p/itm96e6fe944b519?pid=COMHYXVABRPB2XQ5&lid=LSTCOMHYXVABRPB2XQ57M1XQE&marketplace=FLIPKART&q=laptop&store=6bo%2Fb5g&srno=s_6_122&otracker=search&otracker1=search&fm=Search&iid=e6e5b54a-0ae0-4e90-a120-b2e979613a5b.COMHYXVABRPB2XQ5.SEARCH&ppt=sp&ppn=sp&ssid=ndfavgyfu80000001728058152541&qH=312f91285e048e09,Lenovo LOQ Intel Core i5 12th Gen 12450HX - (16 GB/512 GB SSD/Windows 11 Home/6 GB Graphics/NVIDIA GeF...,Intel Core i5 Processor (12th Gen)16 GB DDR5 RAMWindows 11 Operating System512 GB SSD39.62 cm (15.6 inch) Display1Yr Warranty and 1 Yr Accidental Damage Protection,4.3137 Ratings & 7 Reviews,"₹76,190₹1,05,09027% off",Save extra with combo offers,27% off
34,https://www.flipkart.com/dell-intel-core-i3-12th-gen-1215u-8-gb-512-gb-ssd-windows-11-home-inspiron-3520-thin-light-laptop/p/itm0cdfd7f4e9613?pid=COMGUY2YPKP7NC2P&lid=LSTCOMGUY2YPKP7NC2PBHBZX2&marketplace=FLIPKART&q=laptop&store=6bo%2Fb5g&srno=s_6_123&otracker=search&otracker1=search&fm=Search&iid=e6e5b54a-0ae0-4e90-a120-b2e979613a5b.COMGUY2YPKP7NC2P.SEARCH&ppt=sp&ppn=sp&ssid=ndfavgyfu80000001728058152541&qH=312f91285e048e09,DELL Intel Core i3 12th Gen 1215U - (8 GB/512 GB SSD/Windows 11 Home) Inspiron 3520 Thin and Light Lap...,Intel Core i3 Processor (12th Gen)8 GB DDR4 RAMWindows 11 Operating System512 GB SSD39.62 cm (15.6 Inch) Display1 Year Onsite Warranty,"4.22,701 Ratings & 208 Reviews","₹33,990₹49,09730% off",Save extra with combo offers,30% off
35,https://www.flipkart.com/lenovo-yoga-7-wuxga-oled-intel-core-i7-13th-gen-1360p-16-gb-1-tb-ssd-windows-11-home-14irl8-2-1-laptop/p/itm3cf756c3e7c1e?pid=COMGSVFEHHH2FHVY&lid=LSTCOMGSVFEHHH2FHVYGY7SNC&marketplace=FLIPKART&q=laptop&store=6bo%2Fb5g&srno=s_6_124&otracker=search&otracker1=search&fm=Search&iid=e6e5b54a-0ae0-4e90-a120-b2e979613a5b.COMGSVFEHHH2FHVY.SEARCH&ppt=sp&ppn=sp&ssid=ndfavgyfu80000001728058152541&qH=312f91285e048e09,Lenovo Yoga 7 WUXGA-OLED Intel Core i7 13th Gen 1360P - (16 GB/1 TB SSD/Windows 11 Home) 14IRL8 2 in 1...,Intel Core i7 Processor (13th Gen)16 GB LPDDR5 RAMWindows 11 Operating System1 TB SSD35.56 cm (14 inch) Touchscreen Display1Yr Warranty + 1 Yr Premium Care and 1 Yr Accidental Damage Protection,4.717 Ratings & 1 Reviews,"₹1,00,190₹1,62,29038% off",Top Discount of the Sale,38% off
36,https://www.flipkart.com/hp-intel-core-i5-13th-gen-1334u-16-gb-512-gb-ssd-windows-11-home-15-fd0221tu-thin-light-laptop/p/itm35a5d83544c54?pid=COMGXNZGBJUZ6B6Z&lid=LSTCOMGXNZGBJUZ6B6ZJEUF2L&marketplace=FLIPKART&q=laptop&store=6bo%2Fb5g&srno=s_6_125&otracker=search&otracker1=search&fm=Search&iid=e6e5b54a-0ae0-4e90-a120-b2e979613a5b.COMGXNZGBJUZ6B6Z.SEARCH&ppt=sp&ppn=sp&ssid=ndfavgyfu80000001728058152541&qH=312f91285e048e09,HP Intel Core i5 13th Gen 1334U - (16 GB/512 GB SSD/Windows 11 Home) 15-fd0221TU Thin and Light Laptop,Intel Core i5 Processor (13th Gen)16 GB DDR4 RAMWindows 11 Operating System512 GB SSD39.62 cm (15.6 inch) Display1 Year Onsite warranty,425 Ratings & 2 Reviews,"₹56,990₹73,92022% off",Save extra with combo offers,22% off
37,https://www.flipkart.com/hp-15s-intel-core-i7-13th-gen-1360p-16-gb-512-gb-ssd-windows-11-home-15-fd0024tu-thin-light-laptop/p/itm707add2b3f479?pid=COMGZVGHTSJHNZYH&lid=LSTCOMGZVGHTSJHNZYHEGVICN&marketplace=FLIPKART&q=laptop&store=6bo%2Fb5g&srno=s_6_126&otracker=search&otracker1=search&fm=Search&iid=e6e5b54a-0ae0-4e90-a120-b2e979613a5b.COMGZVGHTSJHNZYH.SEARCH&ppt=sp&ppn=sp&ssid=ndfavgyfu80000001728058152541&qH=312f91285e048e09,HP 15s Intel Core i7 13th Gen 1360P - (16 GB/512 GB SSD/Windows 11 Home) 15-fd0024TU Thin and Light La...,Intel Core i7 Processor (13th Gen)16 GB DDR4 RAM64 bit Windows 11 Operating System512 GB SSD39.62 cm (15.6 Inch) Display1 Year Onsite Warranty,4.4257 Ratings & 21 Reviews,"₹71,990₹88,86218% off",Top Discount of the Sale,18% off
38,https://www.flipkart.com/hp-amd-ryzen-5-hexa-core-5500u-16-gb-512-gb-ssd-windows-11-home-15s-eq2305au-thin-light-laptop/p/itmfad54ff933d4c?pid=COMGZC2GUZJXNHHS&lid=LSTCOMGZC2GUZJXNHHSJP0KBR&marketplace=FLIPKART&q=laptop&store=6bo%2Fb5g&srno=s_6_127&otracker=search&otracker1=search&fm=Search&iid=e6e5b54a-0ae0-4e90-a120-b2e979613a5b.COMGZC2GUZJXNHHS.SEARCH&ppt=sp&ppn=sp&ssid=ndfavgyfu80000001728058152541&qH=312f91285e048e09,HP AMD Ryzen 5 Hexa Core 5500U - (16 GB/512 GB SSD/Windows 11 Home) 15s-eq2305AU Thin and Light Laptop,AMD Ryzen 5 Hexa Core Processor16 GB DDR4 RAMWindows 11 Operating System512 GB SSD39.62 cm (15.6 Inch) Display1 Year Onsite warranty,"4.32,773 Ratings & 217 Reviews","₹39,999₹52,05523% off","Upto ₹28,000 Off on Exchange",23% off
39,https://www.flipkart.com/hp-omen-intel-core-i5-13th-gen-13420h-16-gb-512-gb-ssd-windows-11-home-6-graphics-nvidia-geforce-rtx-4050-16-wd0880tx-gaming-laptop/p/itmf78f7125cef63?pid=COMGRFA3FSYTP4FE&lid=LSTCOMGRFA3FSYTP4FEPMNJN3&marketplace=FLIPKART&q=laptop&store=6bo%2Fb5g&srno=s_6_128&otracker=search&otracker1=search&fm=Search&iid=e6e5b54a-0ae0-4e90-a120-b2e979613a5b.COMGRFA3FSYTP4FE.SEARCH&ppt=sp&ppn=sp&ssid=ndfavgyfu80000001728058152541&qH=312f91285e048e09,HP OMEN Intel Core i5 13th Gen 13420H - (16 GB/512 GB SSD/Windows 11 Home/6 GB Graphics/NVIDIA GeForce...,Intel Core i5 Processor (13th Gen)16 GB DDR5 RAMWindows 11 Operating System512 GB SSD40.89 cm (16.1 Inch) Display1 Year Onsite Warranty,4.4237 Ratings & 21 Reviews,"₹84,990₹1,18,16928% off",Top Discount of the Sale,28% off
40,https://www.flipkart.com/hp-amd-ryzen-7-octa-core-5700u-16-gb-512-gb-ssd-windows-11-home-15s-ey2001au-thin-light-laptop/p/itm0115cd7cec20e?pid=COMGQY48UH6RHN5M&lid=LSTCOMGQY48UH6RHN5MRQYRHQ&marketplace=FLIPKART&q=laptop&store=6bo%2Fb5g&srno=s_6_129&otracker=search&otracker1=search&fm=Search&iid=e6e5b54a-0ae0-4e90-a120-b2e979613a5b.COMGQY48UH6RHN5M.SEARCH&ppt=sp&ppn=sp&ssid=ndfavgyfu80000001728058152541&qH=312f91285e048e09,HP AMD Ryzen 7 Octa Core 5700U - (16 GB/512 GB SSD/Windows 11 Home) 15s- ey2001au Thin and Light Lapto...,AMD Ryzen 7 Octa Core Processor16 GB DDR4 RAMWindows 11 Operating System512 GB SSD39.62 cm (15.6 Inch) Display1 Year Onsite Warranty,4.2704 Ratings & 50 Reviews,"₹47,990₹64,23525% off",Top Discount of the Sale,25% off
41,https://www.flipkart.com/hp-fq-series-intel-core-i3-12th-gen-1215u-8-gb-512-gb-ssd-windows-11-home-15s-fq5326tu-thin-light-laptop/p/itme9a2532043dc2?pid=COMHFG63BRFVGXHW&lid=LSTCOMHFG63BRFVGXHWMKZTXB&marketplace=FLIPKART&q=laptop&store=6bo%2Fb5g&srno=s_6_130&otracker=search&otracker1=search&fm=Search&iid=e6e5b54a-0ae0-4e90-a120-b2e979613a5b.COMHFG63BRFVGXHW.SEARCH&ppt=sp&ppn=sp&ssid=ndfavgyfu80000001728058152541&qH=312f91285e048e09,HP FQ Series Intel Core i3 12th Gen 1215U - (8 GB/512 GB SSD/Windows 11 Home) 15s-FQ5326TU Thin and Li...,Intel Core i3 Processor (12th Gen)8 GB DDR4 RAM64 bit Windows 11 Home Operating System512 GB SSD39.62 cm (15.6 inch) DisplayMicrosoft Office Home & Student 20211 Year Onsite Warranty,4.273 Ratings & 2 Reviews,"₹35,990₹50,84329% off",Save extra with combo offers,29% off
42,https://www.flipkart.com/primebook-wifi-mediatek-mt8183-4-gb-64-gb-emmc-storage-prime-os-pb-thin-light-laptop/p/itmfd14d0fbf7736?pid=COMGT846VD2DQBG4&lid=LSTCOMGT846VD2DQBG4XL5ICK&marketplace=FLIPKART&q=laptop&store=6bo%2Fb5g&srno=s_1_15&otracker=search&otracker1=search&iid=6c4eeaba-4e99-4351-9aaf-ba6f4a8b5030.COMGT846VD2DQBG4.SEARCH&ssid=ufarnn4yrk0000001728058141729&qH=312f91285e048e09,Primebook Wifi MediaTek MT8183 - (4 GB/64 GB EMMC Storage/Prime OS) PB Wifi Thin and Light Laptop,MediaTek MT8183 Processor4 GB LPDDR4 RAMAndroid Operating System29.46 cm (11.6 Inch) Display1 Year Pick and Drop Warranty,"4.22,482 Ratings & 649 Reviews","₹9,990₹18,99047% off",Save extra with combo offers,47% off
43,https://www.flipkart.com/dell-intel-core-i5-13th-gen-1334u-8-gb-512-gb-ssd-windows-11-home-inspiron-3530-thin-light-laptop/p/itm1a4c8b8dbb6d7?pid=COMHYGBZSWASQK9B&lid=LSTCOMHYGBZSWASQK9BORKQIM&marketplace=FLIPKART&q=laptop&store=6bo%2Fb5g&srno=s_6_131&otracker=search&otracker1=search&fm=Search&iid=e6e5b54a-0ae0-4e90-a120-b2e979613a5b.COMHYGBZSWASQK9B.SEARCH&ppt=sp&ppn=sp&ssid=ndfavgyfu80000001728058152541&qH=312f91285e048e09,DELL Intel Core i5 13th Gen 1334U - (8 GB/512 GB SSD/Windows 11 Home) Inspiron 3530 Thin and Light Lap...,Intel Core i5 Processor (13th Gen)8 GB DDR4 RAM64 bit Windows 11 Operating System512 GB SSD39.62 cm (15.6 inch) Display1 Year Onsite Hardware Service,4.239 Ratings & 2 Reviews,"₹48,490₹65,22825% off",Bank Offer,25% off
44,https://www.flipkart.com/hp-amd-athlon-dual-core-3050u-8-gb-512-gb-ssd-windows-11-home-15s-eq1559au-thin-light-laptop/p/itm251d7da4048ee?pid=COMGG63HRV3GFN4G&lid=LSTCOMGG63HRV3GFN4GW9IXEW&marketplace=FLIPKART&q=laptop&store=6bo%2Fb5g&srno=s_6_132&otracker=search&otracker1=search&fm=Search&iid=e6e5b54a-0ae0-4e90-a120-b2e979613a5b.COMGG63HRV3GFN4G.SEARCH&ppt=sp&ppn=sp&ssid=ndfavgyfu80000001728058152541&qH=312f91285e048e09,HP AMD Athlon Dual Core 3050U - (8 GB/512 GB SSD/Windows 11 Home) 15s- eq1559AU Thin and Light Laptop,AMD Athlon Dual Core Processor8 GB DDR4 RAM64 bit Windows 11 Operating System512 GB SSD39.62 cm (15.6 inch) Display1 Year Onsite Warranty,"4.11,366 Ratings & 129 Reviews","₹26,986₹44,90039% off",Save extra with combo offers,39% off
45,https://www.flipkart.com/hp-pavilion-plus-intel-core-i5-13th-gen-1335u-16-gb-512-gb-ssd-windows-11-home-14-ew0116tu-thin-light-laptop/p/itm565ffefa3cf12?pid=COMGYAM9QQECTR6A&lid=LSTCOMGYAM9QQECTR6ABQLPSQ&marketplace=FLIPKART&q=laptop&store=6bo%2Fb5g&srno=s_6_133&otracker=search&otracker1=search&fm=Search&iid=e6e5b54a-0ae0-4e90-a120-b2e979613a5b.COMGYAM9QQECTR6A.SEARCH&ppt=sp&ppn=sp&ssid=ndfavgyfu80000001728058152541&qH=312f91285e048e09,HP Pavilion Plus Intel Core i5 13th Gen 1335U - (16 GB/512 GB SSD/Windows 11 Home) 14-ew0116TU Thin an...,Intel Core i5 Processor (13th Gen)16 GB LPDDR5X RAM64 bit Windows 11 Operating System512 GB SSD35.56 cm (14 Inch) Display1 Year Onsite Warranty,4.340 Ratings & 3 Reviews,"₹67,990₹82,92818% off",Top Discount of the Sale,18% off
46,https://www.flipkart.com/hp-fq-series-intel-core-i3-12th-gen-1215u-8-gb-1-tb-ssd-windows-11-home-15s-fq5328tu-thin-light-laptop/p/itme76ef02dcca1f?pid=COMH2FYRJ4ZHDAC3&lid=LSTCOMH2FYRJ4ZHDAC3CEQVFR&marketplace=FLIPKART&q=laptop&store=6bo%2Fb5g&srno=s_6_134&otracker=search&otracker1=search&fm=Search&iid=e6e5b54a-0ae0-4e90-a120-b2e979613a5b.COMH2FYRJ4ZHDAC3.SEARCH&ppt=sp&ppn=sp&ssid=ndfavgyfu80000001728058152541&qH=312f91285e048e09,HP FQ Series Intel Core i3 12th Gen 1215U - (8 GB/1 TB SSD/Windows 11 Home) 15s-FQ5328TU Thin and Ligh...,Intel Core i3 Processor (12th Gen)8 GB DDR4 RAM64 bit Windows 11 Operating System1 TB SSD39.62 cm (15.6 Inch) DisplayMicrosoft Office Home & Student '20211 Year Onsite Warranty,4.273 Ratings & 2 Reviews,"₹38,990₹52,05525% off",Save extra with combo offers,25% off
47,https://www.flipkart.com/asus-vivobook-go-15-amd-ryzen-5-quad-core-7520u-16-gb-512-gb-ssd-windows-11-home-e1504fa-nj541ws-thin-light-laptop/p/itma4c54e98cd962?pid=COMGTXRYUSCDZ6ED&lid=LSTCOMGTXRYUSCDZ6EDPEF2QY&marketplace=FLIPKART&q=laptop&store=6bo%2Fb5g&srno=s_6_135&otracker=search&otracker1=search&fm=Search&iid=e6e5b54a-0ae0-4e90-a120-b2e979613a5b.COMGTXRYUSCDZ6ED.SEARCH&ppt=sp&ppn=sp&ssid=ndfavgyfu80000001728058152541&qH=312f91285e048e09,ASUS Vivobook Go 15 AMD Ryzen 5 Quad Core 7520U - (16 GB/512 GB SSD/Windows 11 Home) E1504FA-NJ541WS T...,AMD Ryzen 5 Quad Core Processor16 GB LPDDR5 RAM64 bit Windows 11 Home Operating System512 GB SSD39.62 cm (15.6 inch) Display1 Year Onsite,4.721 Ratings & 0 Reviews,"₹38,990₹70,99045% off",Lowest price since launch,45% off
48,https://www.flipkart.com/msi-sword-16-hx-intel-core-i7-14th-gen-14700hx-16-gb-1-tb-ssd-windows-11-home-6-gb-graphics-nvidia-geforce-rtx-4050-144-hz-b14vekg-210in-gaming-laptop/p/itmb5d46836305b5?pid=COMGYSGNZVWFAHGH&lid=LSTCOMGYSGNZVWFAHGHDA1BCE&marketplace=FLIPKART&q=laptop&store=6bo%2Fb5g&srno=s_6_136&otracker=search&otracker1=search&fm=Search&iid=e6e5b54a-0ae0-4e90-a120-b2e979613a5b.COMGYSGNZVWFAHGH.SEARCH&ppt=sp&ppn=sp&ssid=ndfavgyfu80000001728058152541&qH=312f91285e048e09,MSI Sword 16 HX Intel Core i7 14th Gen 14700HX - (16 GB/1 TB SSD/Windows 11 Home/6 GB Graphics/NVIDIA ...,Intel Core i7 Processor (14th Gen)16 GB DDR5 RAMWindows 11 Operating System1 TB SSD40.64 cm (16 Inch) Display2 Year Onsite Warranty,4.741 Ratings & 2 Reviews,"₹94,990₹1,39,99032% off",Top Discount of the Sale,32% off
49,https://www.flipkart.com/gigabyte-g-series-intel-core-i5-12th-gen-12500h-16-gb-512-gb-ssd-windows-11-home-6-graphics-nvidia-geforce-rtx-4050-g5-mf-e2in313sh-gaming-laptop/p/itmbb293e63f477f?pid=COMGR5QEGW6PQPET&lid=LSTCOMGR5QEGW6PQPET7YSDRN&marketplace=FLIPKART&q=laptop&store=6bo%2Fb5g&srno=s_6_137&otracker=search&otracker1=search&fm=Search&iid=e6e5b54a-0ae0-4e90-a120-b2e979613a5b.COMGR5QEGW6PQPET.SEARCH&ppt=sp&ppn=sp&ssid=ndfavgyfu80000001728058152541&qH=312f91285e048e09,GIGABYTE G Series Intel Core i5 12th Gen 12500H - (16 GB/512 GB SSD/Windows 11 Home/6 GB Graphics/NVID...,Intel Core i5 Processor (12th Gen)16 GB DDR5 RAMWindows 11 Operating System512 GB SSD39.62 cm (15.6 Inch) Display2 Year Carry-in Warranty,4.328 Ratings & 6 Reviews,"₹57,990₹1,43,70059% off",Top Discount of the Sale,59% off
50,https://www.flipkart.com/dell-inspiron-15-backlit-keyboard-intel-core-i5-12th-gen-1235u-8-gb-512-gb-ssd-windows-11-home-new-laptop-thin-light/p/itm23d84e15561c4?pid=COMGJ75HKASCXKBH&lid=LSTCOMGJ75HKASCXKBH09AMT4&marketplace=FLIPKART&q=laptop&store=6bo%2Fb5g&srno=s_6_138&otracker=search&otracker1=search&fm=Search&iid=e6e5b54a-0ae0-4e90-a120-b2e979613a5b.COMGJ75HKASCXKBH.SEARCH&ppt=sp&ppn=sp&ssid=ndfavgyfu80000001728058152541&qH=312f91285e048e09,"DELL Inspiron 15 with Backlit Keyboard, Intel Core i5 12th Gen 1235U - (8 GB/512 GB SSD/Windows 11 Hom...",Intel Core i5 Processor (12th Gen)8 GB DDR4 RAM64 bit Windows 11 Operating System512 GB SSD39.62 cm (15.6 Inch) Display1 Year Onsite Hardware Service,4.2728 Ratings & 40 Reviews,"₹46,720₹65,10428% off",Save extra with combo offers,28% off
51,https://www.flipkart.com/hp-chromebook-intel-celeron-quad-core-n4120-4-gb-64-gb-emmc-storage-chrome-os-14a-ca0504tu-laptop/p/itm786e711f402fa?pid=COMGBHKF9E65BFZP&lid=LSTCOMGBHKF9E65BFZP5UAU9E&marketplace=FLIPKART&q=laptop&store=6bo%2Fb5g&srno=s_6_139&otracker=search&otracker1=search&fm=Search&iid=e6e5b54a-0ae0-4e90-a120-b2e979613a5b.COMGBHKF9E65BFZP.SEARCH&ppt=sp&ppn=sp&ssid=ndfavgyfu80000001728058152541&qH=312f91285e048e09,HP Chromebook Intel Celeron Quad Core N4120 - (4 GB/64 GB EMMC Storage/Chrome OS) 14a-ca0504TU Chromeb...,Intel Celeron Quad Core Processor4 GB LPDDR4 RAM64 bit Chrome Operating System35.56 cm (14 Inch) Touchscreen Display1 Year Onsite warranty,"41,619 Ratings & 121 Reviews","₹17,990₹32,27944% off",Top Discount of the Sale,44% off
52,https://www.flipkart.com/lenovo-amd-ryzen-3-quad-core-7330u-8-gb-512-gb-ssd-windows-11-home-thinkbook-15-g5-thin-light-laptop/p/itm796a5a2f70248?pid=COMGZGWUWQWF5PSX&lid=LSTCOMGZGWUWQWF5PSXV9NJVQ&marketplace=FLIPKART&q=laptop&store=6bo%2Fb5g&srno=s_6_140&otracker=search&otracker1=search&fm=Search&iid=e6e5b54a-0ae0-4e90-a120-b2e979613a5b.COMGZGWUWQWF5PSX.SEARCH&ppt=sp&ppn=sp&ssid=ndfavgyfu80000001728058152541&qH=312f91285e048e09,Lenovo AMD Ryzen 3 Quad Core 7330U - (8 GB/512 GB SSD/Windows 11 Home) ThinkBook 15 G5 Thin and Light ...,AMD Ryzen 3 Quad Core Processor8 GB DDR4 RAMWindows 11 Operating System512 GB SSD39.62 cm (15.6 Inch) Display1 Year Onsite warranty,4.319 Ratings & 2 Reviews,"₹29,990₹58,50048% off",Save extra with combo offers,48% off
53,https://www.flipkart.com/asus-vivobook-15-backlit-keyboard-intel-core-i5-12th-gen-1235u-16-gb-512-gb-ssd-windows-11-home-x1504za-nj540ws-x1504za-nj542ws-thin-light-laptop/p/itm200184e4e0443?pid=COMHYG8ZSP9DC2GZ&lid=LSTCOMHYG8ZSP9DC2GZECEZQA&marketplace=FLIPKART&q=laptop&store=6bo%2Fb5g&srno=s_1_16&otracker=search&otracker1=search&iid=6c4eeaba-4e99-4351-9aaf-ba6f4a8b5030.COMHYG8ZSP9DC2GZ.SEARCH&ssid=ufarnn4yrk0000001728058141729&qH=312f91285e048e09,"ASUS Vivobook 15, with Backlit Keyboard, Intel Core i5 12th Gen 1235U - (16 GB/512 GB SSD/Windows 11 H...",Intel Core i5 Processor (12th Gen)16 GB DDR4 RAMWindows 11 Operating System512 GB SSD39.62 cm (15.6 Inch) Display1 Year Onsite Warranty,"4.23,055 Ratings & 157 Reviews","₹45,990₹73,99037% off",Top Discount of the Sale,37% off
54,https://www.flipkart.com/asus-rog-ally-amd-ryzen-z1-octa-core-extreme-16-gb-512-gb-ssd-windows-11-home-rc71l-nh001w-handheld-gaming-pc/p/itmb78a936e4a671?pid=COMGQKQ7GGNFR8N4&lid=LSTCOMGQKQ7GGNFR8N4RTUGBT&marketplace=FLIPKART&q=laptop&store=6bo%2Fb5g&srno=s_6_141&otracker=search&otracker1=search&fm=Search&iid=e6e5b54a-0ae0-4e90-a120-b2e979613a5b.COMGQKQ7GGNFR8N4.SEARCH&ppt=sp&ppn=sp&ssid=ndfavgyfu80000001728058152541&qH=312f91285e048e09,ASUS ROG Ally AMD Ryzen Z1 Octa Core Extreme - (16 GB/512 GB SSD/Windows 11 Home) RC71L-NH001W Handhel...,AMD Ryzen Z1 Octa Core Processor16 GB LPDDR5 RAMWindows 11 Operating System512 GB SSD17.78 cm (7 Inch) Touchscreen Display3 months Xbox Game Pass Ultimate Subscription Included1 Year Onsite Warranty,4.5577 Ratings & 99 Reviews,"₹39,999₹83,99052% off",Top Discount of the Sale,52% off
55,https://www.flipkart.com/hp-intel-core-i5-13th-gen-1335u-8-gb-512-gb-ssd-windows-11-home-15-fd0187tu-thin-light-laptop/p/itm8a7401441021f?pid=COMHFCGBX5YGZZGA&lid=LSTCOMHFCGBX5YGZZGAMHO1DU&marketplace=FLIPKART&q=laptop&store=6bo%2Fb5g&srno=s_6_142&otracker=search&otracker1=search&fm=Search&iid=e6e5b54a-0ae0-4e90-a120-b2e979613a5b.COMHFCGBX5YGZZGA.SEARCH&ppt=sp&ppn=sp&ssid=ndfavgyfu80000001728058152541&qH=312f91285e048e09,HP Intel Core i5 13th Gen 1335U - (8 GB/512 GB SSD/Windows 11 Home) 15-fd0187TU Thin and Light Laptop,Intel Core i5 Processor (13th Gen)8 GB DDR4 RAMWindows 11 Operating System512 GB SSD39.62 cm (15.6 Inch) Display1 Year Onsite Warranty,4.1300 Ratings & 23 Reviews,"₹50,990₹70,84128% off",Top Discount of the Sale,28% off
56,https://www.flipkart.com/msi-modern-14-amd-ryzen-5-hexa-core-7530u-8-gb-512-gb-ssd-windows-11-home-c7m-063in-thin-light-laptop/p/itma9abd86c9c099?pid=COMGMV6VHGPAGP55&lid=LSTCOMGMV6VHGPAGP553JIQX6&marketplace=FLIPKART&q=laptop&store=6bo%2Fb5g&srno=s_6_143&otracker=search&otracker1=search&fm=Search&iid=e6e5b54a-0ae0-4e90-a120-b2e979613a5b.COMGMV6VHGPAGP55.SEARCH&ppt=sp&ppn=sp&ssid=ndfavgyfu80000001728058152541&qH=312f91285e048e09,MSI Modern 14 AMD Ryzen 5 Hexa Core 7530U - (8 GB/512 GB SSD/Windows 11 Home) Modern 14 C7M-063IN Thin...,AMD Ryzen 5 Hexa Core Processor8 GB DDR4 RAMWindows 11 Operating System512 GB SSD35.56 cm (14 Inch) Display1 Year Onsite Warranty,"4.42,379 Ratings & 277 Reviews","₹33,990₹61,99045% off",Save extra with combo offers,45% off
57,https://www.flipkart.com/samsung-galaxy-book4-intel-core-i5-13th-gen-1335u-8-gb-512-gb-ssd-windows-11-home-np750xgj-kg1in-np750xgj-lg1in-thin-light-laptop/p/itm80f6b6ecef780?pid=COMGZUYDFZXHWYWZ&lid=LSTCOMGZUYDFZXHWYWZJ6V2KW&marketplace=FLIPKART&q=laptop&store=6bo%2Fb5g&srno=s_6_144&otracker=search&otracker1=search&fm=Search&iid=e6e5b54a-0ae0-4e90-a120-b2e979613a5b.COMGZUYDFZXHWYWZ.SEARCH&ppt=sp&ppn=sp&ssid=ndfavgyfu80000001728058152541&qH=312f91285e048e09,SAMSUNG Galaxy Book4 Intel Core i5 13th Gen 1335U - (8 GB/512 GB SSD/Windows 11 Home) NP750XGJ-KG1IN /...,Intel Core i5 Processor (13th Gen)8 GB LPDDR4X RAMWindows 11 Operating System512 GB SSD39.62 cm (15.6 Inch) Display1 Year Manufacturer Warranty for Laptop and 6 Months for In-Box Accessories,"4.51,577 Ratings & 127 Reviews","₹56,990₹78,18927% off",Save extra with combo offers,27% off
58,https://www.flipkart.com/acer-aspire-3-intel-core-i7-12th-gen-1255u-16-gb-512-gb-ssd-windows-11-home-a324-51-thin-light-laptop/p/itm858b83f904593?pid=COMHY24RF6KYHDRE&lid=LSTCOMHY24RF6KYHDRE8P4KR4&marketplace=FLIPKART&q=laptop&store=6bo%2Fb5g&srno=s_7_145&otracker=search&otracker1=search&fm=Search&iid=35edf2ce-9429-4e50-a149-9fe1b24d58de.COMHY24RF6KYHDRE.SEARCH&ppt=sp&ppn=sp&ssid=9npyji7xdc0000001728058154986&qH=312f91285e048e09,Acer Aspire 3 Intel Core i7 12th Gen 1255U - (16 GB/512 GB SSD/Windows 11 Home) A324-51 Thin and Light...,Intel Core i7 Processor (12th Gen)16 GB DDR4 RAM64 bit Windows 11 Operating System512 GB SSD35.56 cm (14 Inch) Display1 Year Domestic Warranty,4.563 Ratings & 0 Reviews,"₹44,990₹63,00028% off",Top Discount of the Sale,28% off
59,https://www.flipkart.com/asus-vivobook-14-intel-core-i3-13th-gen-1315u-8-gb-512-gb-ssd-windows-11-home-x1404va-nk322ws-thin-light-laptop/p/itm49c0450d9ee9d?pid=COMGZDQJ3UKYENYR&lid=LSTCOMGZDQJ3UKYENYRGCB3DM&marketplace=FLIPKART&q=laptop&store=6bo%2Fb5g&srno=s_7_146&otracker=search&otracker1=search&fm=Search&iid=35edf2ce-9429-4e50-a149-9fe1b24d58de.COMGZDQJ3UKYENYR.SEARCH&ppt=sp&ppn=sp&ssid=9npyji7xdc0000001728058154986&qH=312f91285e048e09,ASUS Vivobook 14 Intel Core i3 13th Gen 1315U - (8 GB/512 GB SSD/Windows 11 Home) X1404VA-NK322WS Thin...,Intel Core i3 Processor (13th Gen)8 GB DDR4 RAMWindows 11 Operating System512 GB SSD35.56 cm (14 Inch) Display1 Year Onsite Warranty,3.8397 Ratings & 27 Reviews,"₹35,990₹57,99037% off",Save extra with combo offers,37% off
60,https://www.flipkart.com/dell-inspiron-15-backlit-keyboard-intel-core-i5-12th-gen-1235u-8-gb-512-gb-ssd-windows-11-home-new-laptop-thin-light/p/itm23d84e15561c4?pid=COMGJ75HN66KHZYB&lid=LSTCOMGJ75HN66KHZYBNBQURK&marketplace=FLIPKART&q=laptop&store=6bo%2Fb5g&srno=s_7_147&otracker=search&otracker1=search&fm=Search&iid=35edf2ce-9429-4e50-a149-9fe1b24d58de.COMGJ75HN66KHZYB.SEARCH&ppt=sp&ppn=sp&ssid=9npyji7xdc0000001728058154986&qH=312f91285e048e09,"DELL Inspiron 15 with Backlit Keyboard, Intel Core i5 12th Gen 1235U - (8 GB/512 GB SSD/Windows 11 Hom...",Intel Core i5 Processor (12th Gen)8 GB DDR4 RAM64 bit Windows 11 Operating System512 GB SSD39.62 cm (15.6 Inch) Display1 Year Onsite Hardware Service,4180 Ratings & 9 Reviews,"₹45,900₹65,97330% off",Save extra with combo offers,30% off
61,https://www.flipkart.com/asus-tuf-gaming-f15-intel-core-i5-12th-gen-12500h-16-gb-512-gb-ssd-windows-11-home-4-graphics-nvidia-geforce-rtx-3050-fx507zc4-hn116w-laptop/p/itm18565b89ac405?pid=COMGQ694GW8WQ4TN&lid=LSTCOMGQ694GW8WQ4TN6DPZRD&marketplace=FLIPKART&q=laptop&store=6bo%2Fb5g&srno=s_7_148&otracker=search&otracker1=search&fm=Search&iid=35edf2ce-9429-4e50-a149-9fe1b24d58de.COMGQ694GW8WQ4TN.SEARCH&ppt=sp&ppn=sp&ssid=9npyji7xdc0000001728058154986&qH=312f91285e048e09,ASUS TUF Gaming F15 Intel Core i5 12th Gen 12500H - (16 GB/512 GB SSD/Windows 11 Home/4 GB Graphics/NV...,Intel Core i5 Processor (12th Gen)16 GB DDR4 RAMWindows 11 Home Operating System512 GB SSD39.62 cm (15.6 Inch) Display1 Year Onsite Warranty,4.5650 Ratings & 46 Reviews,"₹64,990₹87,99026% off",Top Discount of the Sale,26% off
62,https://www.flipkart.com/msi-thin-15-intel-core-i5-12th-gen-12450h-8-gb-512-gb-ssd-windows-11-home-4-graphics-nvidia-geforce-rtx-2050-144-hz-b12ucx-1696in-gaming-laptop/p/itmc1581367ea4e2?pid=COMGZW35SQXHBAUH&lid=LSTCOMGZW35SQXHBAUHXQTHLX&marketplace=FLIPKART&q=laptop&store=6bo%2Fb5g&srno=s_1_17&otracker=search&otracker1=search&iid=en_YYvEaBd8vEWnev-I4fx-fZP0E1_eQaXIqtNS4XFkoSpy52Oh23VXAEMcQzlg5GUGJ5UIzbDQUMCS1uFy_kONq_KSJvID5C-RdFfAlzwDiqI%3D&ssid=ufarnn4yrk0000001728058141729&qH=312f91285e048e09,MSI Thin 15 Intel Core i5 12th Gen 12450H - (8 GB/512 GB SSD/Windows 11 Home/4 GB Graphics/NVIDIA GeFo...,Intel Core i5 Processor (12th Gen)8 GB DDR4 RAMWindows 11 Operating System512 GB SSD39.62 cm (15.6 Inch) Display2 Year Onsite Warranty,4.3542 Ratings & 50 Reviews,"₹42,990₹67,99036% off",Top Discount of the Sale,36% off
63,https://www.flipkart.com/asus-vivobook-15-intel-core-i3-12th-gen-1215u-8-gb-512-gb-ssd-windows-11-home-x1502za-ej953ws-thin-light-laptop/p/itm3b11f9400fcd8?pid=COMGZKHQ8BXZFBUT&lid=LSTCOMGZKHQ8BXZFBUTEXWMPL&marketplace=FLIPKART&q=laptop&store=6bo%2Fb5g&srno=s_7_149&otracker=search&otracker1=search&fm=Search&iid=35edf2ce-9429-4e50-a149-9fe1b24d58de.COMGZKHQ8BXZFBUT.SEARCH&ppt=sp&ppn=sp&ssid=9npyji7xdc0000001728058154986&qH=312f91285e048e09,ASUS Vivobook 15 Intel Core i3 12th Gen 1215U - (8 GB/512 GB SSD/Windows 11 Home) X1502ZA-EJ953WS Thin...,Intel Core i3 Processor (12th Gen)8 GB DDR4 RAMWindows 11 Operating System512 GB SSD39.62 cm (15.6 Inch) Display1 Year Onsite Warranty,"4.35,429 Ratings & 418 Reviews","₹30,990₹56,99045% off",Lowest price in the year,45% off
64,https://www.flipkart.com/dell-vostro-intel-core-i3-12th-gen-1215u-8-gb-512-gb-ssd-windows-11-home-3520-thin-light-laptop/p/itm5d692e615c97e?pid=COMH2F22XWP7DQFM&lid=LSTCOMH2F22XWP7DQFMZIEMAE&marketplace=FLIPKART&q=laptop&store=6bo%2Fb5g&srno=s_7_150&otracker=search&otracker1=search&fm=Search&iid=35edf2ce-9429-4e50-a149-9fe1b24d58de.COMH2F22XWP7DQFM.SEARCH&ppt=sp&ppn=sp&ssid=9npyji7xdc0000001728058154986&qH=312f91285e048e09,DELL Vostro Intel Core i3 12th Gen 1215U - (8 GB/512 GB SSD/Windows 11 Home) Vostro 3520 Thin and Ligh...,Intel Core i3 Processor (12th Gen)8 GB DDR4 RAM64 bit Windows 11 Home Operating System512 GB SSD39.62 cm (15.6 inch) DisplayOffice Home & Student 20211 Year Onsite Hardware Service,4116 Ratings & 12 Reviews,"₹33,990₹47,87629% off",Save extra with combo offers,29% off
65,https://www.flipkart.com/lenovo-ideapad-slim-5-intel-core-i5-12th-gen-12450h-16-gb-512-gb-ssd-windows-11-home-14iah8-thin-light-laptop/p/itm61c6731491b62?pid=COMGSC4EBMZDMEPD&lid=LSTCOMGSC4EBMZDMEPD87RXWV&marketplace=FLIPKART&q=laptop&store=6bo%2Fb5g&srno=s_7_151&otracker=search&otracker1=search&fm=Search&iid=35edf2ce-9429-4e50-a149-9fe1b24d58de.COMGSC4EBMZDMEPD.SEARCH&ppt=sp&ppn=sp&ssid=9npyji7xdc0000001728058154986&qH=312f91285e048e09,Lenovo IdeaPad Slim 5 Intel Core i5 12th Gen 12450H - (16 GB/512 GB SSD/Windows 11 Home) 14IAH8 Thin a...,Intel Core i5 Processor (12th Gen)16 GB LPDDR5 RAMWindows 11 Operating System512 GB SSD35.56 cm (14 Inch) Display1Yr Warranty + 1 Yr Premium Care and 1 Yr Accidental Damage Protection,4.1212 Ratings & 19 Reviews,"₹58,690₹72,99019% off",Save extra with combo offers,19% off
66,https://www.flipkart.com/infinix-y4-max-series-intel-core-i5-13th-gen-1335u-16-gb-512-gb-ssd-windows-11-home-yl613-thin-light-laptop/p/itm40438f15224ce?pid=COMGWWDHGV7EK2ES&lid=LSTCOMGWWDHGV7EK2ESKLAVKQ&marketplace=FLIPKART&q=laptop&store=6bo%2Fb5g&srno=s_7_152&otracker=search&otracker1=search&fm=Search&iid=35edf2ce-9429-4e50-a149-9fe1b24d58de.COMGWWDHGV7EK2ES.SEARCH&ppt=sp&ppn=sp&ssid=9npyji7xdc0000001728058154986&qH=312f91285e048e09,Infinix Y4 Max Series Intel Core i5 13th Gen 1335U - (16 GB/512 GB SSD/Windows 11 Home) YL613 Thin and...,Intel Core i5 Processor (13th Gen)16 GB LPDDR4X RAMWindows 11 Operating System512 GB SSD40.64 cm (16 inch) DisplayNA1 Year Onsite Warranty,4.2243 Ratings & 43 Reviews,"₹38,990₹64,99040% off",Top Discount of the Sale,40% off
67,https://www.flipkart.com/acer-aspire-3-backlit-amd-ryzen-5-hexa-core-7430u-8-gb-512-gb-ssd-windows-11-home-a325-42-thin-light-laptop/p/itmce6bbcbc9005f?pid=COMH397XVTZNMYGX&lid=LSTCOMH397XVTZNMYGXUXLNNE&marketplace=FLIPKART&q=laptop&store=6bo%2Fb5g&srno=s_7_153&otracker=search&otracker1=search&fm=Search&iid=35edf2ce-9429-4e50-a149-9fe1b24d58de.COMH397XVTZNMYGX.SEARCH&ppt=sp&ppn=sp&ssid=9npyji7xdc0000001728058154986&qH=312f91285e048e09,Acer Aspire 3 Backlit AMD Ryzen 5 Hexa Core 7430U - (8 GB/512 GB SSD/Windows 11 Home) A325-42 Thin and...,AMD Ryzen 5 Hexa Core Processor8 GB DDR4 RAMWindows 11 Operating System512 GB SSD39.62 cm (15.6 Inch) Display1 Year Carry-in Warranty,4.3120 Ratings & 16 Reviews,"₹30,990₹54,99043% off",Top Discount of the Sale,43% off
68,https://www.flipkart.com/colorful-xs-series-intel-core-i5-12th-gen-12500h-16-gb-512-gb-ssd-windows-11-home-4-graphics-nvidia-geforce-rtx-3050-22-hd55016512b-g-ind-gaming-laptop/p/itm5b8eef5313e13?pid=COMH2HHJFGBR4D2T&lid=LSTCOMH2HHJFGBR4D2TRCAZ1T&marketplace=FLIPKART&q=laptop&store=6bo%2Fb5g&srno=s_7_154&otracker=search&otracker1=search&fm=Search&iid=35edf2ce-9429-4e50-a149-9fe1b24d58de.COMH2HHJFGBR4D2T.SEARCH&ppt=sp&ppn=sp&ssid=9npyji7xdc0000001728058154986&qH=312f91285e048e09,Colorful XS Series Intel Core i5 12th Gen 12500H - (16 GB/512 GB SSD/Windows 11 Home/4 GB Graphics/NVI...,Intel Core i5 Processor (12th Gen)16 GB DDR4 RAMWindows 11 Operating System512 GB SSD39.62 cm (15.6 Inch) Display2 Year Carry-in Warranty,4.515 Ratings & 4 Reviews,"₹45,990₹89,99948% off",Top Discount of the Sale,48% off
69,https://www.flipkart.com/lenovo-loq-intel-core-i7-13th-gen-13650hx-16-gb-512-gb-ssd-windows-11-home-6-graphics-nvidia-geforce-rtx-3050-15irx9-gaming-laptop/p/itmc03668ca19a64?pid=COMGYSFG7JNFXNM9&lid=LSTCOMGYSFG7JNFXNM9NT4T6Z&marketplace=FLIPKART&q=laptop&store=6bo%2Fb5g&srno=s_7_155&otracker=search&otracker1=search&fm=Search&iid=35edf2ce-9429-4e50-a149-9fe1b24d58de.COMGYSFG7JNFXNM9.SEARCH&ppt=sp&ppn=sp&ssid=9npyji7xdc0000001728058154986&qH=312f91285e048e09,Lenovo LOQ Intel Core i7 13th Gen 13650HX - (16 GB/512 GB SSD/Windows 11 Home/6 GB Graphics/NVIDIA GeF...,Intel Core i7 Processor (13th Gen)16 GB DDR5 RAMWindows 11 Operating System512 GB SSD100.63 cm (39.62 cm) DisplayOffice Home & Student 20211Yr Warranty and 1 Yr Accidental Damage Protection,4.435 Ratings & 2 Reviews,"₹85,190₹1,23,09030% off",Top Discount of the Sale,30% off
70,https://www.flipkart.com/walker-intel-celeron-dual-core-n4020-4-gb-128-gb-ssd-windows-11-home-nu14a1-thin-light-laptop/p/itm3d8c664ba317d?pid=COMGT4RVRZZKSHX3&lid=LSTCOMGT4RVRZZKSHX3QIYXNU&marketplace=FLIPKART&q=laptop&store=6bo%2Fb5g&srno=s_7_156&otracker=search&otracker1=search&fm=Search&iid=35edf2ce-9429-4e50-a149-9fe1b24d58de.COMGT4RVRZZKSHX3.SEARCH&ppt=sp&ppn=sp&ssid=9npyji7xdc0000001728058154986&qH=312f91285e048e09,walker Intel Celeron Dual Core N4020 - (4 GB/128 GB SSD/Windows 11 Home) NU14A1 Thin and Light Laptop,Intel Celeron Dual Core Processor4 GB LPDDR4 RAMWindows 11 Operating System128 GB SSD35.81 cm (14.1 inch) Display1 Year Onsite Warranty,"3.71,268 Ratings & 167 Reviews","₹12,990₹30,00056% off",Save extra with combo offers,56% off
71,https://www.flipkart.com/lenovo-v15-intel-celeron-dual-core-4th-gen-n4500-8-gb-256-gb-ssd-windows-11-home-82qya00min-thin-light-laptop/p/itmdad173c69b235?pid=COMGZNMS5AHPF2GP&lid=LSTCOMGZNMS5AHPF2GPDOROPI&marketplace=FLIPKART&q=laptop&store=6bo%2Fb5g&srno=s_7_157&otracker=search&otracker1=search&fm=Search&iid=35edf2ce-9429-4e50-a149-9fe1b24d58de.COMGZNMS5AHPF2GP.SEARCH&ppt=sp&ppn=sp&ssid=9npyji7xdc0000001728058154986&qH=312f91285e048e09,Lenovo V15 Intel Celeron Dual Core 4th Gen N4500 - (8 GB/256 GB SSD/Windows 11 Home) 82QYA00MIN Thin a...,Intel Celeron Dual Core Processor (4th Gen)8 GB DDR4 RAM64 bit Windows 11 Operating System256 GB SSD39.62 cm (15.6 inch) Display1 Years,"43,218 Ratings & 241 Reviews","₹22,390₹41,41145% off",Only few left,45% off
72,https://www.flipkart.com/colorful-p15-intel-core-i7-12th-gen-12650h-16-gb-512-gb-ssd-windows-11-home-8-graphics-nvidia-geforce-rtx-4060-23-hf76b16512e-g-ind-gaming-laptop/p/itm8c0007553e7e3?pid=COMGZKFB6VY8RGFG&lid=LSTCOMGZKFB6VY8RGFGHSFEPU&marketplace=FLIPKART&q=laptop&store=6bo%2Fb5g&srno=s_7_158&otracker=search&otracker1=search&fm=Search&iid=35edf2ce-9429-4e50-a149-9fe1b24d58de.COMGZKFB6VY8RGFG.SEARCH&ppt=sp&ppn=sp&ssid=9npyji7xdc0000001728058154986&qH=312f91285e048e09,Colorful P15 Intel Core i7 12th Gen 12650H - (16 GB/512 GB SSD/Windows 11 Home/8 GB Graphics/NVIDIA Ge...,Intel Core i7 Processor (12th Gen)16 GB DDR5 RAMWindows 11 Operating System512 GB SSD39.62 cm (15.6 Inch) Display2 Year Carry-in Warranty,4.473 Ratings & 17 Reviews,"₹69,990₹1,19,99941% off",Top Discount of the Sale,41% off
73,https://www.flipkart.com/asus-vivobook-go-15-amd-ryzen-5-quad-core-7520u-8-gb-512-gb-ssd-windows-11-home-e1504fa-nj521ws-thin-light-laptop/p/itm454b1b37dbe89?pid=COMGNRNUKRMMXNZQ&lid=LSTCOMGNRNUKRMMXNZQPQADWR&marketplace=FLIPKART&q=laptop&store=6bo%2Fb5g&srno=s_1_18&otracker=search&otracker1=search&iid=en_YYvEaBd8vEWnev-I4fx-fZP0E1_eQaXIqtNS4XFkoSpDsf733VAwCc6yz-SdIo6Y_bo6X7J5ifEDZObFUWQ59csrgPW5YLzJU0_H6_RHKR0%3D&ssid=ufarnn4yrk0000001728058141729&qH=312f91285e048e09,ASUS Vivobook Go 15 AMD Ryzen 5 Quad Core 7520U - (8 GB/512 GB SSD/Windows 11 Home) E1504FA-NJ521WS Th...,AMD Ryzen 5 Quad Core Processor8 GB LPDDR5 RAMWindows 11 Operating System512 GB SSD39.62 cm (15.6 Inch) Display1 Year Onsite Warranty,"4.21,635 Ratings & 103 Reviews","₹33,990₹66,99049% off",Lowest price in the year,49% off
74,https://www.flipkart.com/asus-tuf-gaming-a15-amd-ryzen-5-hexa-core-7535hs-16-gb-512-gb-ssd-windows-11-home-4-graphics-nvidia-geforce-rtx-3050-fa506nc-hn083w-laptop/p/itm10514ecd2a794?pid=COMHFK2T3KCHKAFU&lid=LSTCOMHFK2T3KCHKAFUOEIOAP&marketplace=FLIPKART&q=laptop&store=6bo%2Fb5g&srno=s_7_159&otracker=search&otracker1=search&fm=Search&iid=35edf2ce-9429-4e50-a149-9fe1b24d58de.COMHFK2T3KCHKAFU.SEARCH&ppt=sp&ppn=sp&ssid=9npyji7xdc0000001728058154986&qH=312f91285e048e09,ASUS TUF Gaming A15 AMD Ryzen 5 Hexa Core 7535HS - (16 GB/512 GB SSD/Windows 11 Home/4 GB Graphics/NVI...,AMD Ryzen 5 Hexa Core Processor16 GB DDR5 RAMWindows 11 Operating System512 GB SSD39.62 cm (15.6 Inch) Display1 Year Onsite Warranty,4.5117 Ratings & 12 Reviews,"₹57,990₹79,99027% off",Top Discount of the Sale,27% off
75,https://www.flipkart.com/msi-modern-15-intel-core-i3-12th-gen-1215u-8-gb-512-gb-ssd-windows-11-home-b12mo-business-laptop/p/itm9d582749d003c?pid=COMHYWTJHENNCRGX&lid=LSTCOMHYWTJHENNCRGXEJC0WA&marketplace=FLIPKART&q=laptop&store=6bo%2Fb5g&srno=s_7_160&otracker=search&otracker1=search&fm=Search&iid=35edf2ce-9429-4e50-a149-9fe1b24d58de.COMHYWTJHENNCRGX.SEARCH&ppt=sp&ppn=sp&ssid=9npyji7xdc0000001728058154986&qH=312f91285e048e09,MSI Modern 15 Intel Core i3 12th Gen 1215U - (8 GB/512 GB SSD/Windows 11 Home) Modern 15 B12MO Busines...,Intel Core i3 Processor (12th Gen)8 GB DDR4 RAMWindows 11 Operating System512 GB SSD39.62 cm (15.6 inch) Display1 Year Warranty Term,3.88 Ratings & 0 Reviews,"₹27,990₹48,99042% off",Top Discount of the Sale,42% off
76,https://www.flipkart.com/asus-vivobook-go-15-oled-amd-ryzen-5-quad-core-7520u-8-gb-512-gb-ssd-windows-11-home-e1504fa-lk522ws-thin-light-laptop/p/itmf534d2cf1854f?pid=COMGMGXFNWASKGZ4&lid=LSTCOMGMGXFNWASKGZ43Q8SXL&marketplace=FLIPKART&q=laptop&store=6bo%2Fb5g&srno=s_7_161&otracker=search&otracker1=search&fm=Search&iid=35edf2ce-9429-4e50-a149-9fe1b24d58de.COMGMGXFNWASKGZ4.SEARCH&ppt=sp&ppn=sp&ssid=9npyji7xdc0000001728058154986&qH=312f91285e048e09,ASUS Vivobook Go 15 OLED AMD Ryzen 5 Quad Core 7520U - (8 GB/512 GB SSD/Windows 11 Home) E1504FA-LK522...,AMD Ryzen 5 Quad Core Processor8 GB LPDDR5 RAMWindows 11 Operating System512 GB SSD39.62 cm (15.6 Inch) Display1 Year Onsite Warranty,"4.41,874 Ratings & 159 Reviews","₹42,990₹74,99042% off",Top Discount of the Sale,42% off
77,https://www.flipkart.com/hp-omen-amd-ryzen-7-octa-core-7840hs-16-gb-1-tb-ssd-windows-11-home-6-gb-graphics-nvidia-geforce-rtx-4050-16-xd0015ax-gaming-laptop/p/itmabad31c69922e?pid=COMH28U4QR7GUZHM&lid=LSTCOMH28U4QR7GUZHMKTPBNH&marketplace=FLIPKART&q=laptop&store=6bo%2Fb5g&srno=s_7_162&otracker=search&otracker1=search&fm=Search&iid=35edf2ce-9429-4e50-a149-9fe1b24d58de.COMH28U4QR7GUZHM.SEARCH&ppt=sp&ppn=sp&ssid=9npyji7xdc0000001728058154986&qH=312f91285e048e09,HP Omen AMD Ryzen 7 Octa Core 7840HS - (16 GB/1 TB SSD/Windows 11 Home/6 GB Graphics/NVIDIA GeForce RT...,AMD Ryzen 7 Octa Core Processor16 GB DDR5 RAMWindows 11 Operating System1 TB SSD40.89 cm (16.1 Inch) Display1 Year Onsite Warranty,4.833 Ratings & 3 Reviews,"₹99,999₹1,23,65219% off",Top Discount of the Sale,19% off
78,https://www.flipkart.com/lenovo-ideapad-flex-5-intel-core-i3-13th-gen-1315u-8-gb-512-gb-ssd-windows-11-home-14iru8-2-1-laptop/p/itmbb8b8cb1077b1?pid=COMGSC4EUJHDCX7Y&lid=LSTCOMGSC4EUJHDCX7YFIZT1S&marketplace=FLIPKART&q=laptop&store=6bo%2Fb5g&srno=s_7_163&otracker=search&otracker1=search&fm=Search&iid=35edf2ce-9429-4e50-a149-9fe1b24d58de.COMGSC4EUJHDCX7Y.SEARCH&ppt=sp&ppn=sp&ssid=9npyji7xdc0000001728058154986&qH=312f91285e048e09,Lenovo IdeaPad Flex 5 Intel Core i3 13th Gen 1315U - (8 GB/512 GB SSD/Windows 11 Home) 14IRU8 2 in 1 L...,Intel Core i3 Processor (13th Gen)8 GB LPDDR4X RAMWindows 11 Operating System512 GB SSD90.32 cm (35.56 cm) Touchscreen Display1Yr Warranty + 1 Yr Premium Care and 1 Yr Accidental Damage Protection,4.253 Ratings & 3 Reviews,"₹52,990₹83,89036% off",Top Discount of the Sale,36% off
79,https://www.flipkart.com/lenovo-ideapad-slim-5-intel-core-i7-13th-gen-13700h-16-gb-512-gb-ssd-windows-11-home-16irl8-thin-light-laptop/p/itmb9f33e5aa1954?pid=COMGRU9ZFYZK5XAX&lid=LSTCOMGRU9ZFYZK5XAX35JQI9&marketplace=FLIPKART&q=laptop&store=6bo%2Fb5g&srno=s_7_164&otracker=search&otracker1=search&fm=Search&iid=35edf2ce-9429-4e50-a149-9fe1b24d58de.COMGRU9ZFYZK5XAX.SEARCH&ppt=sp&ppn=sp&ssid=9npyji7xdc0000001728058154986&qH=312f91285e048e09,Lenovo IdeaPad Slim 5 Intel Core i7 13th Gen 13700H - (16 GB/512 GB SSD/Windows 11 Home) 16IRL8 Thin a...,Intel Core i7 Processor (13th Gen)16 GB LPDDR5 RAMWindows 11 Operating System512 GB SSD40.64 cm (16 Inch) DisplayMicrosoft Office Home & Student 20211Yr Warranty + 1 Yr Premium Care and 1 Yr Accidental Damage Protection,4.1129 Ratings & 14 Reviews,"₹76,990₹1,21,79036% off",Save extra with combo offers,36% off
80,https://www.flipkart.com/asus-vivobook-go-14-amd-ryzen-3-quad-core-7320u-8-gb-512-gb-ssd-windows-11-home-e1404fa-nk327ws-thin-light-laptop/p/itmd6733f7332771?pid=COMGS2AJ3EFRSRBQ&lid=LSTCOMGS2AJ3EFRSRBQCQQNVR&marketplace=FLIPKART&q=laptop&store=6bo%2Fb5g&srno=s_7_165&otracker=search&otracker1=search&fm=Search&iid=35edf2ce-9429-4e50-a149-9fe1b24d58de.COMGS2AJ3EFRSRBQ.SEARCH&ppt=sp&ppn=sp&ssid=9npyji7xdc0000001728058154986&qH=312f91285e048e09,ASUS Vivobook Go 14 AMD Ryzen 3 Quad Core 7320U - (8 GB/512 GB SSD/Windows 11 Home) E1404FA-NK327WS Th...,AMD Ryzen 3 Quad Core Processor8 GB LPDDR5 RAMWindows 11 Operating System512 GB SSD35.56 cm (14 Inch) DisplayMicrosoft Office Home & Student 20211 Year Onsite Warranty,"4.24,688 Ratings & 478 Reviews","₹29,990₹50,99041% off",Save extra with combo offers,41% off
81,https://www.flipkart.com/dell-intel-core-i3-13th-gen-1305u-8-gb-512-gb-ssd-windows-11-home-inspiron-3530-thin-light-laptop/p/itm85b859b3c092f?pid=COMGWFY5XBAQKMGP&lid=LSTCOMGWFY5XBAQKMGPDTWUSR&marketplace=FLIPKART&q=laptop&store=6bo%2Fb5g&srno=s_7_166&otracker=search&otracker1=search&fm=Search&iid=35edf2ce-9429-4e50-a149-9fe1b24d58de.COMGWFY5XBAQKMGP.SEARCH&ppt=sp&ppn=sp&ssid=9npyji7xdc0000001728058154986&qH=312f91285e048e09,DELL Intel Core i3 13th Gen 1305U - (8 GB/512 GB SSD/Windows 11 Home) Inspiron 3530 Thin and Light Lap...,Intel Core i3 Processor (13th Gen)8 GB DDR4 RAMWindows 11 Operating System512 GB SSD39.62 cm (15.6 Inch) Display1 Year Onsite Hardware Service,4.242 Ratings & 7 Reviews,"₹37,990₹48,82722% off",Save extra with combo offers,22% off
82,https://www.flipkart.com/acer-swift-go-14-touchscreen-ai-pc-intel-core-ultra-5-125h-16-gb-512-gb-ssd-windows-11-home-sfg14-73t-thin-light-laptop/p/itm174fc1bfd505f?pid=COMGZH2UKZZXYGSA&lid=LSTCOMGZH2UKZZXYGSAF4SIUU&marketplace=FLIPKART&q=laptop&store=6bo%2Fb5g&srno=s_7_167&otracker=search&otracker1=search&fm=Search&iid=35edf2ce-9429-4e50-a149-9fe1b24d58de.COMGZH2UKZZXYGSA.SEARCH&ppt=sp&ppn=sp&ssid=9npyji7xdc0000001728058154986&qH=312f91285e048e09,Acer Swift Go 14 TouchScreen AI PC Intel Core Ultra 5 125H - (16 GB/512 GB SSD/Windows 11 Home) SFG14-...,Intel Core Ultra 5 Processor16 GB LPDDR5X RAMWindows 11 Operating System512 GB SSD35.56 cm (14 Inch) Touchscreen Display1 Year Carry-in Warranty,4.6280 Ratings & 42 Reviews,"₹69,990₹92,99924% off",Top Discount of the Sale,24% off
83,https://www.flipkart.com/msi-sword-16-hx-intel-core-i9-13th-gen-13980hx-32-gb-1-tb-ssd-windows-11-home-8-gb-graphics-nvidia-geforce-rtx-4060-240-hz-b13vfkg-652in-gaming-laptop/p/itm147a40e9b9216?pid=COMH2Z7QRUGDWMNR&lid=LSTCOMH2Z7QRUGDWMNRIWENDY&marketplace=FLIPKART&q=laptop&store=6bo%2Fb5g&srno=s_7_168&otracker=search&otracker1=search&fm=Search&iid=35edf2ce-9429-4e50-a149-9fe1b24d58de.COMH2Z7QRUGDWMNR.SEARCH&ppt=sp&ppn=sp&ssid=9npyji7xdc0000001728058154986&qH=312f91285e048e09,MSI Sword 16 HX Intel Core i9 13th Gen 13980HX - (32 GB/1 TB SSD/Windows 11 Home/8 GB Graphics/NVIDIA ...,Intel Core i9 Processor (13th Gen)32 GB DDR5 RAMWindows 11 Operating System1 TB SSD40.64 cm (16 Inch) Display2 Year Onsite Warranty,3.76 Ratings & 0 Reviews,"₹1,19,990₹1,51,99021% off",Top Discount of the Sale,21% off
84,https://www.flipkart.com/msi-modern-14-intel-core-i3-12th-gen-1215u-16-gb-512-gb-ssd-windows-11-home-c12mo-444in-c12mo-1248in-thin-light-laptop/p/itmb2b3215d1cc9d?pid=COMGPXFYFJPWCQDY&lid=LSTCOMGPXFYFJPWCQDYUPVWCA&marketplace=FLIPKART&q=laptop&store=6bo%2Fb5g&srno=s_1_19&otracker=search&otracker1=search&iid=6c4eeaba-4e99-4351-9aaf-ba6f4a8b5030.COMGPXFYFJPWCQDY.SEARCH&ssid=ufarnn4yrk0000001728058141729&qH=312f91285e048e09,MSI Modern 14 Intel Core i3 12th Gen 1215U - (16 GB/512 GB SSD/Windows 11 Home) Modern 14 C12MO-444IN/...,Intel Core i3 Processor (12th Gen)16 GB DDR4 RAMWindows 11 Operating System512 GB SSD35.56 cm (14 Inch) Display1 Year Onsite Warranty,4.3975 Ratings & 103 Reviews,"₹27,990₹47,99041% off",Lowest price in the year,41% off
85,https://www.flipkart.com/lenovo-amd-ryzen-3-quad-core-7330u-8-gb-512-gb-ssd-windows-11-home-thinkbook-15-g5-thin-light-laptop/p/itm164ec8e5bbb35?pid=COMGYG23H3CRABUT&lid=LSTCOMGYG23H3CRABUTVU8ZQB&marketplace=FLIPKART&q=laptop&store=6bo%2Fb5g&srno=s_8_169&otracker=search&otracker1=search&fm=Search&iid=8126bee5-8300-4039-9619-68b2859aa756.COMGYG23H3CRABUT.SEARCH&ppt=sp&ppn=sp&ssid=l7vg3eapbk0000001728058157704&qH=312f91285e048e09,Lenovo AMD Ryzen 3 Quad Core 7330U - (8 GB/512 GB SSD/Windows 11 Home) ThinkBook 15 G5 Thin and Light ...,AMD Ryzen 3 Quad Core Processor8 GB DDR4 RAMWindows 11 Operating System512 GB SSD39.62 cm (15.6 Inch) Display1 Year Onsite warranty,4.1134 Ratings & 15 Reviews,"₹35,490₹63,90044% off",Save extra with combo offers,44% off
86,https://www.flipkart.com/acer-aspire-3-backlit-amd-ryzen-7-octa-core-7730u-16-gb-512-gb-ssd-windows-11-home-a325-42-thin-light-laptop/p/itm6a54d6bcece15?pid=COMH397XPF4Z3BMX&lid=LSTCOMH397XPF4Z3BMXL8O53G&marketplace=FLIPKART&q=laptop&store=6bo%2Fb5g&srno=s_8_170&otracker=search&otracker1=search&fm=Search&iid=8126bee5-8300-4039-9619-68b2859aa756.COMH397XPF4Z3BMX.SEARCH&ppt=sp&ppn=sp&ssid=l7vg3eapbk0000001728058157704&qH=312f91285e048e09,Acer Aspire 3 Backlit AMD Ryzen 7 Octa Core 7730U - (16 GB/512 GB SSD/Windows 11 Home) A325-42 Thin an...,AMD Ryzen 7 Octa Core Processor16 GB DDR4 RAMWindows 11 Operating System512 GB SSD39.62 cm (15.6 Inch) Display1 Year Carry-in Warranty,428 Ratings & 3 Reviews,"₹38,990₹74,99048% off",Top Discount of the Sale,48% off
87,https://www.flipkart.com/chuwi-intel-celeron-quad-core-12th-gen-n100-8-gb-256-gb-ssd-windows-11-home-gemibook-x-pro-laptop/p/itm95998eabab6f9?pid=COMGVBZBDZJXUZFC&lid=LSTCOMGVBZBDZJXUZFCFYZTJO&marketplace=FLIPKART&q=laptop&store=6bo%2Fb5g&srno=s_8_171&otracker=search&otracker1=search&fm=Search&iid=8126bee5-8300-4039-9619-68b2859aa756.COMGVBZBDZJXUZFC.SEARCH&ppt=sp&ppn=sp&ssid=l7vg3eapbk0000001728058157704&qH=312f91285e048e09,CHUWI Intel Celeron Quad Core 12th Gen N100 - (8 GB/256 GB SSD/Windows 11 Home) GemiBook X_Pro Laptop,"Intel Celeron Quad Core Processor (12th Gen)8 GB LPDDR5 RAM64 bit Windows 11 Home Operating System256 GB SSD35.81 cm (14.1 inch) DisplayWPS Office, Operating System Software1 Year Onsite Warranty",4.1236 Ratings & 40 Reviews,"₹17,990₹44,99060% off",Save extra with combo offers,60% off
88,https://www.flipkart.com/lenovo-v15-amd-ryzen-3-quad-core-7320u-8-gb-512-gb-ssd-windows-11-home-g4-amn-1-thin-light-laptop/p/itm5819401743e27?pid=COMGPYKZAWY8UX6C&lid=LSTCOMGPYKZAWY8UX6CSCLSXL&marketplace=FLIPKART&q=laptop&store=6bo%2Fb5g&srno=s_8_172&otracker=search&otracker1=search&fm=Search&iid=8126bee5-8300-4039-9619-68b2859aa756.COMGPYKZAWY8UX6C.SEARCH&ppt=sp&ppn=sp&ssid=l7vg3eapbk0000001728058157704&qH=312f91285e048e09,Lenovo V15 AMD Ryzen 3 Quad Core 7320U - (8 GB/512 GB SSD/Windows 11 Home) V15 G4 AMN 1 Thin and Light...,AMD Ryzen 3 Quad Core Processor8 GB LPDDR5 RAMWindows 11 Operating System512 GB SSD100.63 cm (39.62 cm) Display1 Year Onsite Warranty,"4.21,608 Ratings & 148 Reviews","₹27,989₹59,40052% off",Save extra with combo offers,52% off
89,https://www.flipkart.com/hp-255-g9-amd-athlon-dual-core-silver-3050u-4-gb-256-gb-ssd-dos-thin-light-laptop/p/itmffac8a2b263c2?pid=COMGQRK4BKTZK5CC&lid=LSTCOMGQRK4BKTZK5CCIMCPUY&marketplace=FLIPKART&q=laptop&store=6bo%2Fb5g&srno=s_8_173&otracker=search&otracker1=search&fm=Search&iid=8126bee5-8300-4039-9619-68b2859aa756.COMGQRK4BKTZK5CC.SEARCH&ppt=sp&ppn=sp&ssid=l7vg3eapbk0000001728058157704&qH=312f91285e048e09,HP 255 G9 AMD Athlon Dual Core AMD Athlon Silver-3050U - (4 GB/256 GB SSD/DOS) 255 G9 Thin and Light L...,AMD Athlon Dual Core Processor4 GB DDR4 RAMDOS Operating System256 GB SSD39.62 cm (15.6 inch) DisplayDOS1 year warranty,"3.91,613 Ratings & 125 Reviews","₹18,999₹27,05729% off",Save extra with combo offers,29% off
90,https://www.flipkart.com/asus-vivobook-go-15-oled-amd-ryzen-3-quad-core-7320u-8-gb-512-gb-ssd-windows-11-home-e1504fa-lk323ws-thin-light-laptop/p/itm5d8313766fc6f?pid=COMGMGXFGF7ZTKHF&lid=LSTCOMGMGXFGF7ZTKHFBG8NVU&marketplace=FLIPKART&q=laptop&store=6bo%2Fb5g&srno=s_8_174&otracker=search&otracker1=search&fm=Search&iid=8126bee5-8300-4039-9619-68b2859aa756.COMGMGXFGF7ZTKHF.SEARCH&ppt=sp&ppn=sp&ssid=l7vg3eapbk0000001728058157704&qH=312f91285e048e09,ASUS Vivobook Go 15 OLED AMD Ryzen 3 Quad Core 7320U - (8 GB/512 GB SSD/Windows 11 Home) E1504FA-LK323...,AMD Ryzen 3 Quad Core Processor8 GB LPDDR5 RAMWindows 11 Operating System512 GB SSD39.62 cm (15.6 Inch) Display1 Year Onsite Warranty,"4.42,495 Ratings & 273 Reviews","₹35,990₹61,99041% off",Top Discount of the Sale,41% off
91,https://www.flipkart.com/lenovo-yoga-slim-6-wuxga-oled-intel-core-i5-13th-gen-13500h-16-gb-512-gb-ssd-windows-11-home-14irh8-thin-light-laptop/p/itm4914c3143a9a5?pid=COMGSVFETYUGZUHR&lid=LSTCOMGSVFETYUGZUHRTFCRLG&marketplace=FLIPKART&q=laptop&store=6bo%2Fb5g&srno=s_8_175&otracker=search&otracker1=search&fm=Search&iid=8126bee5-8300-4039-9619-68b2859aa756.COMGSVFETYUGZUHR.SEARCH&ppt=sp&ppn=sp&ssid=l7vg3eapbk0000001728058157704&qH=312f91285e048e09,Lenovo Yoga Slim 6 WUXGA OLED Intel Core i5 13th Gen 13500H - (16 GB/512 GB SSD/Windows 11 Home) 14IRH...,Intel Core i5 Processor (13th Gen)16 GB LPDDR5X RAMWindows 11 Operating System512 GB SSD35.56 cm (14 inch) Display1Yr Warranty + 1 Yr Premium Care and 1 Yr Accidental Damage Protection,411 Ratings & 3 Reviews,"₹75,190₹1,11,89032% off",Save extra with combo offers,32% off
92,https://www.flipkart.com/asus-tuf-gaming-f15-ai-powered-intel-core-i5-11th-gen-11260h-8-gb-512-gb-ssd-windows-11-home-4-graphics-nvidia-geforce-rtx-2050-144-hz-70-tgp-fx506hf-hn075w-laptop/p/itmbd858702e076f?pid=COMGS2AJESZQCMRT&lid=LSTCOMGS2AJESZQCMRTZVTWT2&marketplace=FLIPKART&q=laptop&store=6bo%2Fb5g&srno=s_8_176&otracker=search&otracker1=search&fm=Search&iid=8126bee5-8300-4039-9619-68b2859aa756.COMGS2AJESZQCMRT.SEARCH&ppt=sp&ppn=sp&ssid=l7vg3eapbk0000001728058157704&qH=312f91285e048e09,ASUS TUF Gaming F15 - AI Powered Gaming Intel Core i5 11th Gen 11260H - (8 GB/512 GB SSD/Windows 11 Ho...,Intel Core i5 Processor (11th Gen)8 GB DDR4 RAMWindows 11 Operating System512 GB SSD39.62 cm (15.6 Inch) Display1 Year Carry-in Warranty,"4.35,887 Ratings & 487 Reviews","₹47,990₹75,99036% off",Save extra with combo offers,36% off
93,https://www.flipkart.com/msi-modern-15-amd-ryzen-5-hexa-core-7530u-16-gb-512-gb-ssd-windows-11-home-b7m-071in-thin-light-laptop/p/itmf723f876972b0?pid=COMGQPZHSBS3WQBK&lid=LSTCOMGQPZHSBS3WQBKTAARPD&marketplace=FLIPKART&q=laptop&store=6bo%2Fb5g&srno=s_1_20&otracker=search&otracker1=search&iid=6c4eeaba-4e99-4351-9aaf-ba6f4a8b5030.COMGQPZHSBS3WQBK.SEARCH&ssid=ufarnn4yrk0000001728058141729&qH=312f91285e048e09,MSI Modern 15 AMD Ryzen 5 Hexa Core 7530U - (16 GB/512 GB SSD/Windows 11 Home) Modern 15 B7M-071IN Thi...,AMD Ryzen 5 Hexa Core Processor16 GB DDR4 RAMWindows 11 Operating System512 GB SSD39.62 cm (15.6 Inch) Display1 Year Carry-in Warranty,"4.42,379 Ratings & 277 Reviews","₹34,990₹62,99044% off",Top Discount of the Sale,44% off
94,https://www.flipkart.com/asus-vivobook-intel-core-i3-12th-gen-1215u-8-gb-512-gb-ssd-windows-11-home-x1504za-nj325ws-thin-light-laptop/p/itm7480082770d25?pid=COMGSYYP2HCRAPCS&lid=LSTCOMGSYYP2HCRAPCSFPIJGB&marketplace=FLIPKART&q=laptop&store=6bo%2Fb5g&srno=s_8_177&otracker=search&otracker1=search&fm=Search&iid=8126bee5-8300-4039-9619-68b2859aa756.COMGSYYP2HCRAPCS.SEARCH&ppt=sp&ppn=sp&ssid=l7vg3eapbk0000001728058157704&qH=312f91285e048e09,ASUS Vivobook Intel Core i3 12th Gen 1215U - (8 GB/512 GB SSD/Windows 11 Home) X1504ZA-NJ325WS Thin an...,Intel Core i3 Processor (12th Gen)8 GB DDR4 RAMWindows 11 Operating System512 GB SSD39.62 cm (15.6 Inch) DisplayMicrosoft Office Home & Student 20211 Year Onsite Warranty,4.3573 Ratings & 70 Reviews,"₹30,990₹54,99043% off",Top Discount of the Sale,43% off
95,https://www.flipkart.com/hp-intel-core-ultra-7-155h-16-gb-512-gb-ssd-windows-11-home-14-gr1023tu-thin-light-laptop/p/itm3a3020e1ac05e?pid=COMH28U42UFHKJZH&lid=LSTCOMH28U42UFHKJZHJUT2UZ&marketplace=FLIPKART&q=laptop&store=6bo%2Fb5g&srno=s_8_178&otracker=search&otracker1=search&fm=Search&iid=8126bee5-8300-4039-9619-68b2859aa756.COMH28U42UFHKJZH.SEARCH&ppt=sp&ppn=sp&ssid=l7vg3eapbk0000001728058157704&qH=312f91285e048e09,HP Intel Core Ultra 7 155H - (16 GB/512 GB SSD/Windows 11 Home) 14-gr1023TU Thin and Light Laptop,Intel Core Ultra 7 Processor16 GB DDR5 RAMWindows 11 Operating System512 GB SSD35.56 cm (14 Inch) Display1 Year Onsite Warranty,4.76 Ratings & 0 Reviews,"₹82,990₹98,98316% off",Top Discount of the Sale,16% off
96,https://www.flipkart.com/lenovo-ideapad-pro-5-2-8k-oled-ai-pc-intel-core-ultra-9-185h-32-gb-1-tb-ssd-windows-11-home-14imh9-thin-light-laptop/p/itm1f4865cbfe7ea?pid=COMGZN7RRHARKTDE&lid=LSTCOMGZN7RRHARKTDE4G0GAP&marketplace=FLIPKART&q=laptop&store=6bo%2Fb5g&srno=s_8_179&otracker=search&otracker1=search&fm=Search&iid=8126bee5-8300-4039-9619-68b2859aa756.COMGZN7RRHARKTDE.SEARCH&ppt=sp&ppn=sp&ssid=l7vg3eapbk0000001728058157704&qH=312f91285e048e09,Lenovo IdeaPad Pro 5 2.8K OLED AI PC Intel Core Ultra 9 185H - (32 GB/1 TB SSD/Windows 11 Home) 14IMH9...,Intel Core Ultra 9 Processor32 GB LPDDR5X RAMWindows 11 Operating System1 TB SSD35.56 cm (14 Inch) Display1Yr Warranty + 1 Yr Premium Care and 1 Yr Accidental Damage Protection,4.465 Ratings & 9 Reviews,"₹1,08,190₹1,46,89026% off",Save extra with combo offers,26% off
97,https://www.flipkart.com/lenovo-loq-amd-ryzen-7-octa-core-7435hs-24-gb-512-gb-ssd-windows-11-home-8-graphics-nvidia-geforce-rtx-4060-15arp9-gaming-laptop/p/itm1ca3912e19cb2?pid=COMHFYZ3ZSHR7J5F&lid=LSTCOMHFYZ3ZSHR7J5FVLRZ5E&marketplace=FLIPKART&q=laptop&store=6bo%2Fb5g&srno=s_8_180&otracker=search&otracker1=search&fm=Search&iid=8126bee5-8300-4039-9619-68b2859aa756.COMHFYZ3ZSHR7J5F.SEARCH&ppt=sp&ppn=sp&ssid=l7vg3eapbk0000001728058157704&qH=312f91285e048e09,Lenovo LOQ AMD Ryzen 7 Octa Core 7435HS - (24 GB/512 GB SSD/Windows 11 Home/8 GB Graphics/NVIDIA GeFor...,AMD Ryzen 7 Octa Core Processor24 GB DDR5 RAMWindows 11 Operating System512 GB SSD39.62 cm (15.6 Inch) Display1Yr Warranty and 1 Yr Accidental Damage Protection,4.4429 Ratings & 33 Reviews,"₹85,690₹1,24,79031% off",Save extra with combo offers,31% off
98,https://www.flipkart.com/zebronics-pro-series-z-intel-core-i5-12th-gen-1235u-8-gb-512-gb-ssd-windows-11-home-zeb-nbc-4s-thin-light-laptop/p/itm0395dc5f5cab4?pid=COMGTGFGDCJN3FSU&lid=LSTCOMGTGFGDCJN3FSUR47MOZ&marketplace=FLIPKART&q=laptop&store=6bo%2Fb5g&srno=s_8_181&otracker=search&otracker1=search&fm=Search&iid=8126bee5-8300-4039-9619-68b2859aa756.COMGTGFGDCJN3FSU.SEARCH&ppt=sp&ppn=sp&ssid=l7vg3eapbk0000001728058157704&qH=312f91285e048e09,ZEBRONICS Pro Series Z Intel Core i5 12th Gen 1235U - (8 GB/512 GB SSD/Windows 11 Home) ZEB-NBC 4S Thi...,Intel Core i5 Processor (12th Gen)8 GB DDR4 RAMWindows 11 Operating System512 GB SSD39.62 cm (15.6 Inch) Display1 Year Carry-in Warranty,3.9646 Ratings & 92 Reviews,"₹29,990₹60,99950% off",Top Discount of the Sale,50% off
99,https://www.flipkart.com/asus-vivobook-16x-creator-intel-core-i5-12th-gen-12500h-16-gb-512-gb-ssd-windows-11-home-4-graphics-nvidia-geforce-rtx-3050-k3605zc-mbn543ws-gaming-laptop/p/itm739e07ec40ae0?pid=COMGSUZBJQZGGCJZ&lid=LSTCOMGSUZBJQZGGCJZDULU1R&marketplace=FLIPKART&q=laptop&store=6bo%2Fb5g&srno=s_8_182&otracker=search&otracker1=search&fm=Search&iid=8126bee5-8300-4039-9619-68b2859aa756.COMGSUZBJQZGGCJZ.SEARCH&ppt=sp&ppn=sp&ssid=l7vg3eapbk0000001728058157704&qH=312f91285e048e09,"ASUS Vivobook 16X for Creator, Intel Core i5 12th Gen 12500H - (16 GB/512 GB SSD/Windows 11 Home/4 GB ...",Intel Core i5 Processor (12th Gen)16 GB DDR4 RAMWindows 11 Operating System512 GB SSD40.64 cm (16 inch) Display1 Year Onsite Warranty,4.2123 Ratings & 6 Reviews,"₹59,990₹86,99031% off",Top Discount of the Sale,31% off
100,https://www.flipkart.com/hp-intel-core-i5-12th-gen-1235u-8-gb-1-tb-ssd-windows-11-home-15s-fq5331tu-thin-light-laptop/p/itme6ec779524458?pid=COMGZ49S7BZQJ8AY&lid=LSTCOMGZ49S7BZQJ8AYKODYUF&marketplace=FLIPKART&q=laptop&store=6bo%2Fb5g&srno=s_8_183&otracker=search&otracker1=search&fm=Search&iid=8126bee5-8300-4039-9619-68b2859aa756.COMGZ49S7BZQJ8AY.SEARCH&ppt=sp&ppn=sp&ssid=l7vg3eapbk0000001728058157704&qH=312f91285e048e09,HP Intel Core i5 12th Gen 1235U - (8 GB/1 TB SSD/Windows 11 Home) 15s-fq5331TU Thin and Light Laptop,Intel Core i5 Processor (12th Gen)8 GB DDR4 RAMWindows 11 Operating System1 TB SSD39.62 cm (15.6 Inch) Display1 Year Onsite warranty,4.522 Ratings & 0 Reviews,"₹54,990₹68,22319% off",Save extra with combo offers,19% off
101,https://www.flipkart.com/hp-chromebook-intel-celeron-dual-core-n4120-4-gb-64-gb-emmc-storage-chrome-os-14a-ca0506tu-laptop/p/itmb2e03ff1f9366?pid=COMGBHKFAYHEMVAT&lid=LSTCOMGBHKFAYHEMVATTMWBVX&marketplace=FLIPKART&q=laptop&store=6bo%2Fb5g&srno=s_8_184&otracker=search&otracker1=search&fm=Search&iid=8126bee5-8300-4039-9619-68b2859aa756.COMGBHKFAYHEMVAT.SEARCH&ppt=sp&ppn=sp&ssid=l7vg3eapbk0000001728058157704&qH=312f91285e048e09,HP Chromebook Intel Celeron Dual Core N4120 - (4 GB/64 GB EMMC Storage/Chrome OS) 14a-ca0506TU Chromeb...,Intel Celeron Dual Core Processor4 GB LPDDR4 RAM64 bit Chrome Operating System35.56 cm (14 Inch) Touchscreen Display1 Year Onsite Warranty,"3.91,451 Ratings & 119 Reviews","₹17,990₹32,29544% off",Top Discount of the Sale,44% off
102,https://www.flipkart.com/colorful-p15-intel-core-i5-12th-gen-12450h-16-gb-512-gb-ssd-windows-11-home-6-graphics-nvidia-geforce-rtx-4050-23-he55d16512a-w-ind-gaming-laptop/p/itmc8b8c723f21e7?pid=COMGZKFB9RUX32NA&lid=LSTCOMGZKFB9RUX32NAXFBCNN&marketplace=FLIPKART&q=laptop&store=6bo%2Fb5g&srno=s_8_185&otracker=search&otracker1=search&fm=Search&iid=8126bee5-8300-4039-9619-68b2859aa756.COMGZKFB9RUX32NA.SEARCH&ppt=sp&ppn=sp&ssid=l7vg3eapbk0000001728058157704&qH=312f91285e048e09,Colorful P15 Intel Core i5 12th Gen 12450H - (16 GB/512 GB SSD/Windows 11 Home/6 GB Graphics/NVIDIA Ge...,Intel Core i5 Processor (12th Gen)16 GB DDR5 RAMWindows 11 Operating System512 GB SSD39.62 cm (15.6 Inch) Display2 Year Carry-in Warranty,4.180 Ratings & 16 Reviews,"₹57,990₹99,99942% off",Top Discount of the Sale,42% off
103,https://www.flipkart.com/msi-modern-15-intel-core-i5-12th-gen-1235u-16-gb-512-gb-ssd-windows-11-home-b12mo-817in-thin-light-laptop/p/itm1aee9c27760fb?pid=COMGYSFGUYUYTNBM&lid=LSTCOMGYSFGUYUYTNBMM6CDKM&marketplace=FLIPKART&q=laptop&store=6bo%2Fb5g&srno=s_8_186&otracker=search&otracker1=search&fm=Search&iid=8126bee5-8300-4039-9619-68b2859aa756.COMGYSFGUYUYTNBM.SEARCH&ppt=sp&ppn=sp&ssid=l7vg3eapbk0000001728058157704&qH=312f91285e048e09,MSI Modern 15 Intel Core i5 12th Gen 1235U - (16 GB/512 GB SSD/Windows 11 Home) Modern 15 B12MO-817IN ...,Intel Core i5 Processor (12th Gen)16 GB DDR4 RAMWindows 11 Operating System512 GB SSD39.62 cm (15.6 Inch) Display1 Year Carry-in Warranty,"4.31,209 Ratings & 133 Reviews","₹38,990₹57,99032% off",Top Discount of the Sale,32% off
104,https://www.flipkart.com/acer-one-intel-core-i3-11th-gen-1115g4-8-gb-512-gb-ssd-windows-11-home-ao-14-z-8-415-thin-light-laptop/p/itm34f24cbac6f26?pid=COMGPF5CQ7VDWDT4&lid=LSTCOMGPF5CQ7VDWDT4PET780&marketplace=FLIPKART&q=laptop&store=6bo%2Fb5g&spotlightTagId=BestsellerId_6bo%2Fb5g&srno=s_1_3&otracker=search&otracker1=search&iid=6c4eeaba-4e99-4351-9aaf-ba6f4a8b5030.COMGPF5CQ7VDWDT4.SEARCH&ssid=ufarnn4yrk0000001728058141729&qH=312f91285e048e09,Acer One Intel Core i3 11th Gen 1115G4 - (8 GB/512 GB SSD/Windows 11 Home) AO 14 Z 8-415 Thin and Ligh...,Intel Core i3 Processor (11th Gen)8 GB DDR4 RAM64 bit Windows 11 Operating System512 GB SSD35.56 cm (14 Inch) Display1 Year Warranty,"4.29,943 Ratings & 755 Reviews","₹23,490₹43,99946% off",Top Discount of the Sale,46% off
105,https://www.flipkart.com/lenovo-ideapad-slim-3-intel-core-i5-12th-gen-12450h-8-gb-512-gb-ssd-windows-11-home-14iah8-thin-light-laptop/p/itm726ac134d0530?pid=COMHFYZ3GZVH37GY&lid=LSTCOMHFYZ3GZVH37GYBMASJU&marketplace=FLIPKART&q=laptop&store=6bo%2Fb5g&srno=s_1_21&otracker=search&otracker1=search&iid=en_YYvEaBd8vEWnev-I4fx-fZP0E1_eQaXIqtNS4XFkoSqILC1qZFZrg5yIA_JJbzX2uDbpYIfqP35mlLpjMzhkROI7uWi7bi3WLqk6JF-UYDE%3D&ssid=ufarnn4yrk0000001728058141729&qH=312f91285e048e09,Lenovo IdeaPad Slim 3 Intel Core i5 12th Gen 12450H - (8 GB/512 GB SSD/Windows 11 Home) 14IAH8 Thin an...,Intel Core i5 Processor (12th Gen)8 GB LPDDR5 RAMWindows 11 Operating System512 GB SSD35.56 cm (14 Inch) Display1Yr Warranty and 1 Yr Accidental Damage Protection,4.1545 Ratings & 19 Reviews,"₹46,190₹66,09030% off",Top Discount of the Sale,30% off
106,https://www.flipkart.com/acer-swift-go-14-touchscreen-ai-pc-intel-core-ultra-7-155h-16-gb-1-tb-ssd-windows-11-home-sfg14-73t-70n9-thin-light-laptop/p/itm881d7d0ac05df?pid=COMGZH2UFKEB5PP4&lid=LSTCOMGZH2UFKEB5PP4ZOS4QG&marketplace=FLIPKART&q=laptop&store=6bo%2Fb5g&srno=s_8_187&otracker=search&otracker1=search&fm=Search&iid=8126bee5-8300-4039-9619-68b2859aa756.COMGZH2UFKEB5PP4.SEARCH&ppt=sp&ppn=sp&ssid=l7vg3eapbk0000001728058157704&qH=312f91285e048e09,Acer Swift Go 14 TouchScreen AI PC Intel Core Ultra 7 155H - (16 GB/1 TB SSD/Windows 11 Home) SFG14-73...,Intel Core Ultra 7 Processor16 GB LPDDR5X RAMWindows 11 Operating System1 TB SSD35.56 cm (14 Inch) Touchscreen Display1 Year Carry-in Warranty,4.422 Ratings & 1 Reviews,"₹84,990₹1,01,99916% off",Top Discount of the Sale,16% off
107,https://www.flipkart.com/lenovo-thinkpad-e14-amd-ryzen-5-hexa-core-7530u-16-gb-512-gb-ssd-windows-11-home-tp-gen-thin-light-laptop/p/itm2fd15091cea4c?pid=COMGQRD7JGPZMFMD&lid=LSTCOMGQRD7JGPZMFMDRGKMJN&marketplace=FLIPKART&q=laptop&store=6bo%2Fb5g&srno=s_8_188&otracker=search&otracker1=search&fm=Search&iid=8126bee5-8300-4039-9619-68b2859aa756.COMGQRD7JGPZMFMD.SEARCH&ppt=sp&ppn=sp&ssid=l7vg3eapbk0000001728058157704&qH=312f91285e048e09,Lenovo ThinkPad E14 AMD Ryzen 5 Hexa Core 7530U - (16 GB/512 GB SSD/Windows 11 Home) TP E14 Gen 5 Thin...,AMD Ryzen 5 Hexa Core Processor16 GB DDR4 RAMWindows 11 Operating System512 GB SSD35.56 cm (14 Inch) Display1 Year Onsite Warranty,476 Ratings & 8 Reviews,"₹47,989₹85,00043% off",Save extra with combo offers,43% off
108,https://www.flipkart.com/asus-vivobook-16x-creator-intel-core-i7-12th-gen-12700h-16-gb-512-gb-ssd-windows-11-home-4-graphics-nvidia-geforce-rtx-3050-k3605zc-rp628ws-gaming-laptop/p/itm3cd907e022163?pid=COMH3J9Y3YDSZGMM&lid=LSTCOMH3J9Y3YDSZGMMSVSPKC&marketplace=FLIPKART&q=laptop&store=6bo%2Fb5g&srno=s_8_189&otracker=search&otracker1=search&fm=Search&iid=8126bee5-8300-4039-9619-68b2859aa756.COMH3J9Y3YDSZGMM.SEARCH&ppt=sp&ppn=sp&ssid=l7vg3eapbk0000001728058157704&qH=312f91285e048e09,"ASUS Vivobook 16X for Creator, Intel Core i7 12th Gen 12700H - (16 GB/512 GB SSD/Windows 11 Home/4 GB ...",Intel Core i7 Processor (12th Gen)16 GB DDR4 RAMWindows 11 Operating System512 GB SSD40.64 cm (16 Inch) Display1 Year Onsite Warranty,3.511 Ratings & 0 Reviews,"₹69,990₹1,00,99030% off",Top Discount of the Sale,30% off
109,https://www.flipkart.com/asus-vivobook-s-15-oled-intel-evo-h-series-core-i5-13th-gen-13500h-16-gb-512-gb-ssd-windows-11-home-k5504va-lk542ws-thin-light-laptop/p/itm9bb268d9b1aab?pid=COMGRZKBD2WU6BYC&lid=LSTCOMGRZKBD2WU6BYCBJKI7U&marketplace=FLIPKART&q=laptop&store=6bo%2Fb5g&srno=s_8_190&otracker=search&otracker1=search&fm=Search&iid=8126bee5-8300-4039-9619-68b2859aa756.COMGRZKBD2WU6BYC.SEARCH&ppt=sp&ppn=sp&ssid=l7vg3eapbk0000001728058157704&qH=312f91285e048e09,ASUS Vivobook S 15 OLED Intel EVO H-Series Intel Core i5 13th Gen 13500H - (16 GB/512 GB SSD/Windows 1...,Intel Core i5 Processor (13th Gen)16 GB LPDDR5 RAMWindows 11 Operating System512 GB SSD39.62 cm (15.6 Inch) Display1 Year Onsite Warranty,4.4119 Ratings & 15 Reviews,"₹70,990₹1,05,99033% off",Lowest price in the year,33% off
110,https://www.flipkart.com/hp-amd-ryzen-5-hexa-core-5500u-16-gb-512-gb-ssd-windows-11-home-15s-eq2182au-thin-light-laptop/p/itm2f070129053ed?pid=COMGFRHGDB9G3Z9C&lid=LSTCOMGFRHGDB9G3Z9CBGKRA6&marketplace=FLIPKART&q=laptop&store=6bo%2Fb5g&srno=s_8_192&otracker=search&otracker1=search&fm=Search&iid=8126bee5-8300-4039-9619-68b2859aa756.COMGFRHGDB9G3Z9C.SEARCH&ppt=sp&ppn=sp&ssid=l7vg3eapbk0000001728058157704&qH=312f91285e048e09,HP AMD Ryzen 5 Hexa Core 5500U - (16 GB/512 GB SSD/Windows 11 Home) 15s- eq2182AU Thin and Light Lapto...,"AMD Ryzen 5 Hexa Core Processor16 GB DDR4 RAM64 bit Windows 11 Operating System512 GB SSD39.62 cm (15.6 inch) DisplayMicrosoft Office 2021 Home & Student, HP Documentation, HP BIOS recovery, HP Smart1 Year Onsite Warranty","4.32,773 Ratings & 217 Reviews","₹39,990₹59,10932% off",Save extra with combo offers,32% off
111,https://www.flipkart.com/dell-inspiron-15-backlit-keyboard-intel-core-i5-13th-gen-1335u-16-gb-1-tb-ssd-windows-11-home-3530-thin-light-laptop/p/itm28513a00c1a3a?pid=COMGTQXEPE3ZKHN8&lid=LSTCOMGTQXEPE3ZKHN8ZFL4DL&marketplace=FLIPKART&q=laptop&store=6bo%2Fb5g&srno=s_9_193&otracker=search&otracker1=search&fm=Search&iid=42bb7f52-4e48-42ba-a21a-5f5014df4eb7.COMGTQXEPE3ZKHN8.SEARCH&ppt=sp&ppn=sp&ssid=pfzeeas6680000001728058160239&qH=312f91285e048e09,"DELL Inspiron 15 with Backlit Keyboard, Intel Core i5 13th Gen 1335U - (16 GB/1 TB SSD/Windows 11 Home...",Intel Core i5 Processor (13th Gen)16 GB DDR4 RAMWindows 11 Operating System1 TB SSD39.62 cm (15.6 Inch) Display1 Year Onsite Hardware Service,4.1260 Ratings & 9 Reviews,"₹65,990₹92,86328% off",Save extra with combo offers,28% off
112,https://www.flipkart.com/acer-aspire-lite-backlit-keyboard-intel-core-i7-12th-gen-1255u-16-gb-512-gb-ssd-windows-11-home-al15-52-thin-light-laptop/p/itm8d613af854843?pid=COMH2TPS6EYHZMHF&lid=LSTCOMH2TPS6EYHZMHFVCSFDY&marketplace=FLIPKART&q=laptop&store=6bo%2Fb5g&srno=s_9_194&otracker=search&otracker1=search&fm=Search&iid=42bb7f52-4e48-42ba-a21a-5f5014df4eb7.COMH2TPS6EYHZMHF.SEARCH&ppt=sp&ppn=sp&ssid=pfzeeas6680000001728058160239&qH=312f91285e048e09,"Acer Aspire Lite with Backlit Keyboard, Intel Core i7 12th Gen 1255U - (16 GB/512 GB SSD/Windows 11 Ho...",Intel Core i7 Processor (12th Gen)16 GB DDR4 RAMWindows 11 Operating System512 GB SSD39.62 cm (15.6 Inch) Display1 Year Carry-in Warranty,4.812 Ratings & 0 Reviews,"₹49,990₹79,99037% off",Save extra with combo offers,37% off
113,https://www.flipkart.com/msi-modern-15-intel-core-i3-12th-gen-1215u-16-gb-512-gb-ssd-windows-11-home-b12mo-612in-thin-light-laptop/p/itm60c14709fdf3b?pid=COMGYSFGT7MCYFJX&lid=LSTCOMGYSFGT7MCYFJXIDLSMH&marketplace=FLIPKART&q=laptop&store=6bo%2Fb5g&srno=s_9_195&otracker=search&otracker1=search&fm=Search&iid=42bb7f52-4e48-42ba-a21a-5f5014df4eb7.COMGYSFGT7MCYFJX.SEARCH&ppt=sp&ppn=sp&ssid=pfzeeas6680000001728058160239&qH=312f91285e048e09,MSI Modern 15 Intel Core i3 12th Gen 1215U - (16 GB/512 GB SSD/Windows 11 Home) Modern 15 B12MO-612IN ...,Intel Core i3 Processor (12th Gen)16 GB DDR4 RAMWindows 11 Operating System512 GB SSD39.62 cm (15.6 Inch) Display1 Year Onsite Warranty,4.3975 Ratings & 103 Reviews,"₹31,990₹48,99034% off",Top Discount of the Sale,34% off
114,https://www.flipkart.com/hp-intel-core-i3-12th-gen-1215u-8-gb-512-gb-ssd-windows-11-home-15s-fy5006tu-thin-light-laptop/p/itm518009fc70403?pid=COMGTJG9KRXAYFMV&lid=LSTCOMGTJG9KRXAYFMVXRIN2K&marketplace=FLIPKART&q=laptop&store=6bo%2Fb5g&srno=s_9_196&otracker=search&otracker1=search&fm=Search&iid=42bb7f52-4e48-42ba-a21a-5f5014df4eb7.COMGTJG9KRXAYFMV.SEARCH&ppt=sp&ppn=sp&ssid=pfzeeas6680000001728058160239&qH=312f91285e048e09,HP Intel Core i3 12th Gen 1215U - (8 GB/512 GB SSD/Windows 11 Home) 15s-fy5006TU Thin and Light Laptop,Intel Core i3 Processor (12th Gen)8 GB DDR4 RAMWindows 11 Operating System512 GB SSD39.62 cm (15.6 Inch) Display1 Year Onsite Warranty,4.1391 Ratings & 17 Reviews,"₹35,490₹49,69128% off",Save extra with combo offers,28% off
115,https://www.flipkart.com/apple-macbook-air-m2-8-gb-512-gb-ssd-mac-os-monterey-mly23hn-a/p/itm36fcfeeb2e684?pid=COMGFB2GQPT52CK3&lid=LSTCOMGFB2GQPT52CK3KFHYZZ&marketplace=FLIPKART&q=laptop&store=6bo%2Fb5g&srno=s_9_197&otracker=search&otracker1=search&fm=Search&iid=42bb7f52-4e48-42ba-a21a-5f5014df4eb7.COMGFB2GQPT52CK3.SEARCH&ppt=sp&ppn=sp&ssid=pfzeeas6680000001728058160239&qH=312f91285e048e09,Apple MacBook AIR Apple M2 - (8 GB/512 GB SSD/Mac OS Monterey) MLY23HN/A,"Apple M2 Processor8 GB Unified Memory RAMMac OS Operating System512 GB SSD34.54 cm (13.6 Inch) DisplayBuilt-in Apps: iMovie, Siri, GarageBand, Pages, Numbers, Photos, Keynote, Safari, Mail, FaceTime, Messages, Maps, Stocks, Home, Voice Memos, Notes, Calendar, Contacts, Reminders, Photo Booth, Preview, Books, App Store, Time Machine, TV, Music, Podcasts, Find My, QuickTime Player1 Year Limited Warranty","4.710,407 Ratings & 627 Reviews","₹96,990₹1,19,90019% off",Top Discount of the Sale,19% off
116,https://www.flipkart.com/lenovo-ideapad-3-intel-core-i3-12th-gen-1215u-16-gb-512-gb-ssd-windows-11-home-14iau7-thin-light-laptop/p/itm6f32e928cf1c7?pid=COMHFYZ3GXFZKYNN&lid=LSTCOMHFYZ3GXFZKYNNGHX9ZY&marketplace=FLIPKART&q=laptop&store=6bo%2Fb5g&srno=s_9_198&otracker=search&otracker1=search&fm=Search&iid=42bb7f52-4e48-42ba-a21a-5f5014df4eb7.COMHFYZ3GXFZKYNN.SEARCH&ppt=sp&ppn=sp&ssid=pfzeeas6680000001728058160239&qH=312f91285e048e09,Lenovo IdeaPad 3 Intel Core i3 12th Gen 1215U - (16 GB/512 GB SSD/Windows 11 Home) 14IAU7 Thin and Lig...,Intel Core i3 Processor (12th Gen)16 GB DDR4 RAMWindows 11 Operating System512 GB SSD35.56 cm (14 Inch) Display1Yr Warranty and 1 Yr Accidental Damage Protection,4.378 Ratings & 4 Reviews,"₹36,990₹57,79035% off",Top Discount of the Sale,35% off
117,https://www.flipkart.com/msi-modern-15-intel-core-i3-12th-gen-1215u-8-gb-512-gb-ssd-windows-11-home-b12mo-613in-thin-light-laptop/p/itm3771e0f0f78de?pid=COMGYSFGG56EDB6H&lid=LSTCOMGYSFGG56EDB6HGPMU7V&marketplace=FLIPKART&q=laptop&store=6bo%2Fb5g&srno=s_9_199&otracker=search&otracker1=search&fm=Search&iid=42bb7f52-4e48-42ba-a21a-5f5014df4eb7.COMGYSFGG56EDB6H.SEARCH&ppt=sp&ppn=sp&ssid=pfzeeas6680000001728058160239&qH=312f91285e048e09,MSI Modern 15 Intel Core i3 12th Gen 1215U - (8 GB/512 GB SSD/Windows 11 Home) Modern 15 B12MO-613IN T...,Intel Core i3 Processor (12th Gen)8 GB DDR4 RAMWindows 11 Operating System512 GB SSD39.62 cm (15.6 Inch) Display1 Year Onsite Warranty,4.3975 Ratings & 103 Reviews,"₹28,990₹45,99036% off",Top Discount of the Sale,36% off
118,https://www.flipkart.com/dell-inspiron-15-backlit-keyboard-intel-core-i3-12th-gen-1215u-8-gb-512-gb-ssd-windows-11-home-3520-thin-light-laptop/p/itme0c372afb1812?pid=COMGUN78P6XGZRTU&lid=LSTCOMGUN78P6XGZRTUD2K2NW&marketplace=FLIPKART&q=laptop&store=6bo%2Fb5g&srno=s_9_200&otracker=search&otracker1=search&fm=Search&iid=42bb7f52-4e48-42ba-a21a-5f5014df4eb7.COMGUN78P6XGZRTU.SEARCH&ppt=sp&ppn=sp&ssid=pfzeeas6680000001728058160239&qH=312f91285e048e09,"DELL Inspiron 15 with Backlit Keyboard, Intel Core i3 12th Gen 1215U - (8 GB/512 GB SSD/Windows 11 Hom...",Intel Core i3 Processor (12th Gen)8 GB DDR4 RAM64 bit Windows 11 Operating System512 GB SSD39.62 cm (15.6 Inch) DisplayMicrosoft Office Home & Student 20211 Year Onsite Hardware Service,4.157 Ratings & 8 Reviews,"₹36,990₹51,53528% off",Save extra with combo offers,28% off
119,https://www.flipkart.com/acer-predator-neo-intel-core-i7-13th-gen-13700hx-16-gb-1-tb-ssd-windows-11-home-8-gb-graphics-nvidia-geforce-rtx-4060-phn16-71-78r1-gaming-laptop/p/itm4b88b4f52aeb6?pid=COMGZS9GHNQCJC26&lid=LSTCOMGZS9GHNQCJC26SU45LT&marketplace=FLIPKART&q=laptop&store=6bo%2Fb5g&srno=s_9_201&otracker=search&otracker1=search&fm=Search&iid=42bb7f52-4e48-42ba-a21a-5f5014df4eb7.COMGZS9GHNQCJC26.SEARCH&ppt=sp&ppn=sp&ssid=pfzeeas6680000001728058160239&qH=312f91285e048e09,Acer Predator Neo Intel Core i7 13th Gen 13700HX - (16 GB/1 TB SSD/Windows 11 Home/8 GB Graphics/NVIDI...,Intel Core i7 Processor (13th Gen)16 GB DDR5 RAMWindows 11 Operating System1 TB SSD40.64 cm (16 Inch) Display1 Year International Travelers Warranty (ITW),4.5153 Ratings & 12 Reviews,"₹1,19,990₹1,59,99925% off",Save extra with combo offers,25% off
120,https://www.flipkart.com/msi-sword-16-hx-intel-core-i7-13th-gen-13700hx-16-gb-1-tb-ssd-windows-11-home-8-gb-graphics-nvidia-geforce-rtx-4060-144-hz-b13vfkg-653in-gaming-laptop/p/itm012717b994fc5?pid=COMH2Z7QKYQTCUZF&lid=LSTCOMH2Z7QKYQTCUZFMSBIMI&marketplace=FLIPKART&q=laptop&store=6bo%2Fb5g&srno=s_9_202&otracker=search&otracker1=search&fm=Search&iid=42bb7f52-4e48-42ba-a21a-5f5014df4eb7.COMH2Z7QKYQTCUZF.SEARCH&ppt=sp&ppn=sp&ssid=pfzeeas6680000001728058160239&qH=312f91285e048e09,MSI Sword 16 HX Intel Core i7 13th Gen 13700HX - (16 GB/1 TB SSD/Windows 11 Home/8 GB Graphics/NVIDIA ...,Intel Core i7 Processor (13th Gen)16 GB DDR5 RAMWindows 11 Operating System1 TB SSD40.64 cm (16 Inch) Display2 Year Onsite Warranty,511 Ratings & 2 Reviews,"₹99,999₹1,28,99022% off",Top Discount of the Sale,22% off
121,https://www.flipkart.com/acer-aspire-3-backlit-amd-ryzen-7-octa-core-7730u-16-gb-1-tb-ssd-windows-11-home-a325-42-thin-light-laptop/p/itm2885fc401935e?pid=COMH397X5HZZ7GFT&lid=LSTCOMH397X5HZZ7GFTGSNYFH&marketplace=FLIPKART&q=laptop&store=6bo%2Fb5g&srno=s_9_204&otracker=search&otracker1=search&fm=Search&iid=42bb7f52-4e48-42ba-a21a-5f5014df4eb7.COMH397X5HZZ7GFT.SEARCH&ppt=sp&ppn=sp&ssid=pfzeeas6680000001728058160239&qH=312f91285e048e09,Acer Aspire 3 Backlit AMD Ryzen 7 Octa Core 7730U - (16 GB/1 TB SSD/Windows 11 Home) A325-42 Thin and ...,AMD Ryzen 7 Octa Core Processor16 GB DDR4 RAMWindows 11 Operating System1 TB SSD39.62 cm (15.6 Inch) Display1 Year Carry-in Warranty,428 Ratings & 3 Reviews,"₹41,990₹79,99047% off",Top Discount of the Sale,47% off
122,https://www.flipkart.com/hp-intel-core-i5-12th-gen-1235u-16-gb-512-gb-ssd-windows-11-home-15s-fq5330tu-15-fd0111tu-thin-light-laptop/p/itm5b5f94f7b044c?pid=COMGXNZGJV3MEMWM&lid=LSTCOMGXNZGJV3MEMWMMNYA0K&marketplace=FLIPKART&q=laptop&store=6bo%2Fb5g&srno=s_1_23&otracker=search&otracker1=search&iid=6c4eeaba-4e99-4351-9aaf-ba6f4a8b5030.COMGXNZGJV3MEMWM.SEARCH&ssid=ufarnn4yrk0000001728058141729&qH=312f91285e048e09,HP Intel Core i5 12th Gen 1235U - (16 GB/512 GB SSD/Windows 11 Home) 15s-fq5330TU|15-fd0111TU Thin and...,Intel Core i5 Processor (12th Gen)16 GB DDR4 RAMWindows 11 Operating System512 GB SSD39.62 cm (15.6 inch) Display1 Year Onsite warranty,"4.23,379 Ratings & 180 Reviews","₹49,999₹62,52620% off",Save extra with combo offers,20% off
123,https://www.flipkart.com/lenovo-loq-intel-core-i5-12th-gen-12450hx-12-gb-512-gb-ssd-windows-11-home-4-graphics-nvidia-geforce-rtx-2050-15iax9d1-gaming-laptop/p/itm4a19730d181b4?pid=COMHY9Z86BTST9AG&lid=LSTCOMHY9Z86BTST9AGRWZEC9&marketplace=FLIPKART&q=laptop&store=6bo%2Fb5g&srno=s_9_205&otracker=search&otracker1=search&fm=Search&iid=42bb7f52-4e48-42ba-a21a-5f5014df4eb7.COMHY9Z86BTST9AG.SEARCH&ppt=sp&ppn=sp&ssid=pfzeeas6680000001728058160239&qH=312f91285e048e09,Lenovo LOQ Intel Core i5 12th Gen 12450HX - (12 GB/512 GB SSD/Windows 11 Home/4 GB Graphics/NVIDIA GeF...,Intel Core i5 Processor (12th Gen)12 GB DDR5 RAMWindows 11 Operating System512 GB SSD39.62 cm (15.6 inch) DisplayOffice Home & Student 20211Yr Warranty and 1 Yr Accidental Damage Protection,4.3132 Ratings & 9 Reviews,"₹59,190₹82,69028% off",Top Discount of the Sale,28% off
124,https://www.flipkart.com/lenovo-ideapad-slim-3-intel-core-i5-12th-gen-12450h-8-gb-512-gb-ssd-windows-11-home-15iah8-thin-light-laptop/p/itm858fd1c034dac?pid=COMH44PGGQEJWKVN&lid=LSTCOMH44PGGQEJWKVNEHM4E2&marketplace=FLIPKART&q=laptop&store=6bo%2Fb5g&srno=s_9_206&otracker=search&otracker1=search&fm=Search&iid=42bb7f52-4e48-42ba-a21a-5f5014df4eb7.COMH44PGGQEJWKVN.SEARCH&ppt=sp&ppn=sp&ssid=pfzeeas6680000001728058160239&qH=312f91285e048e09,Lenovo IdeaPad Slim 3 Intel Core i5 12th Gen 12450H - (8 GB/512 GB SSD/Windows 11 Home) 15IAH8 Thin an...,Intel Core i5 Processor (12th Gen)8 GB LPDDR5 RAMWindows 11 Operating System512 GB SSD39.62 cm (15.6 Inch) Display1 Year Carry-in Warranty,4.522 Ratings & 0 Reviews,"₹47,690₹68,79030% off",Top Discount of the Sale,30% off
125,https://www.flipkart.com/asus-tuf-gaming-a15-amd-ryzen-7-octa-core-7435hs-8-gb-512-gb-ssd-windows-11-home-4-graphics-nvidia-geforce-rtx-2050-fa566nfr-hn260w-laptop/p/itm2a919c4c5047a?pid=COMHFT2NBDET7GJX&lid=LSTCOMHFT2NBDET7GJXKL60AC&marketplace=FLIPKART&q=laptop&store=6bo%2Fb5g&srno=s_9_207&otracker=search&otracker1=search&fm=Search&iid=42bb7f52-4e48-42ba-a21a-5f5014df4eb7.COMHFT2NBDET7GJX.SEARCH&ppt=sp&ppn=sp&ssid=pfzeeas6680000001728058160239&qH=312f91285e048e09,ASUS TUF Gaming A15 AMD Ryzen 7 Octa Core 7435HS - (8 GB/512 GB SSD/Windows 11 Home/4 GB Graphics/NVID...,AMD Ryzen 7 Octa Core Processor8 GB DDR5 RAMWindows 11 Home Operating System512 GB SSD39.62 cm (15.6 inch) Display1 Year Carry-in Warranty,4.1177 Ratings & 11 Reviews,"₹51,990₹70,99026% off",Top Discount of the Sale,26% off
126,https://www.flipkart.com/lenovo-ideapad-flex-5-amd-ryzen-hexa-core-7530u-16-gb-512-gb-ssd-windows-11-home-14abr8-2-1-laptop/p/itm53fa0d9c1fdd7?pid=COMGRU9Z2UHKHSWQ&lid=LSTCOMGRU9Z2UHKHSWQZU2FSG&marketplace=FLIPKART&q=laptop&store=6bo%2Fb5g&srno=s_9_208&otracker=search&otracker1=search&fm=Search&iid=42bb7f52-4e48-42ba-a21a-5f5014df4eb7.COMGRU9Z2UHKHSWQ.SEARCH&ppt=sp&ppn=sp&ssid=pfzeeas6680000001728058160239&qH=312f91285e048e09,Lenovo IdeaPad Flex 5 AMD Ryzen 5 Hexa Core 7530U - (16 GB/512 GB SSD/Windows 11 Home) 14ABR8 2 in 1 L...,AMD Ryzen 5 Hexa Core Processor16 GB LPDDR4X RAMWindows 11 Operating System512 GB SSD35.56 cm (14 Inch) Touchscreen DisplayMicrosoft Office Home & Student 20211Yr Warranty + 1 Yr Premium Care and 1 Yr Accidental Damage Protection,4.271 Ratings & 7 Reviews,"₹60,690₹93,19034% off",Save extra with combo offers,34% off
127,https://www.flipkart.com/hp-laptop-intel-core-i3-13th-gen-1315u-8-gb-512-gb-ssd-windows-11-home-15-fd0186tu-thin-light/p/itm4fc6159aa1303?pid=COMHY9G672HKDZHB&lid=LSTCOMHY9G672HKDZHB92AOD1&marketplace=FLIPKART&q=laptop&store=6bo%2Fb5g&srno=s_9_209&otracker=search&otracker1=search&fm=Search&iid=42bb7f52-4e48-42ba-a21a-5f5014df4eb7.COMHY9G672HKDZHB.SEARCH&ppt=sp&ppn=sp&ssid=pfzeeas6680000001728058160239&qH=312f91285e048e09,HP Laptop Intel Core i3 13th Gen 1315U - (8 GB/512 GB SSD/Windows 11 Home) 15-fd0186TU Thin and Light ...,Intel Core i3 Processor (13th Gen)8 GB DDR4 RAMWindows 11 Operating System512 GB SSD39.62 cm (15.6 Inch) Display1 Year Onsite Warranty,4.2320 Ratings & 20 Reviews,"₹39,999₹50,84321% off",Top Discount of the Sale,21% off
128,https://www.flipkart.com/asus-expertbook-b14-intel-core-i3-12th-gen-1215u-8-gb-512-gb-ssd-windows-11-home-b1402cba-nk1494ws-thin-light-laptop/p/itm69c4c6b6f5103?pid=COMGZF9EYUYC52BH&lid=LSTCOMGZF9EYUYC52BHIWCC5H&marketplace=FLIPKART&q=laptop&store=6bo%2Fb5g&srno=s_9_210&otracker=search&otracker1=search&fm=Search&iid=42bb7f52-4e48-42ba-a21a-5f5014df4eb7.COMGZF9EYUYC52BH.SEARCH&ppt=sp&ppn=sp&ssid=pfzeeas6680000001728058160239&qH=312f91285e048e09,ASUS ExpertBook B14 Intel Core i3 12th Gen 1215U - (8 GB/512 GB SSD/Windows 11 Home) B1402CBA-NK1494WS...,Intel Core i3 Processor (12th Gen)8 GB DDR4 RAMWindows 11 Operating System512 GB SSD35.56 cm (14 Inch) Display1 Year Onsite Warranty,4.289 Ratings & 9 Reviews,"₹32,990₹50,99035% off",Top Discount of the Sale,35% off
129,https://www.flipkart.com/hp-pavilion-intel-core-i5-12th-gen-1235u-16-gb-512-gb-ssd-windows-11-home-14-dv2014tu-thin-light-laptop/p/itmb4b81cd1f873f?pid=COMGEG3ZNYZDAYVJ&lid=LSTCOMGEG3ZNYZDAYVJNYHV3Q&marketplace=FLIPKART&q=laptop&store=6bo%2Fb5g&srno=s_9_211&otracker=search&otracker1=search&fm=Search&iid=42bb7f52-4e48-42ba-a21a-5f5014df4eb7.COMGEG3ZNYZDAYVJ.SEARCH&ppt=sp&ppn=sp&ssid=pfzeeas6680000001728058160239&qH=312f91285e048e09,HP Pavilion Intel Core i5 12th Gen 1235U - (16 GB/512 GB SSD/Windows 11 Home) 14-dv2014TU Thin and Lig...,"Intel Core i5 Processor (12th Gen)16 GB DDR4 RAM64 bit Windows 11 Operating System512 GB SSD35.56 cm (14 inch) DisplayMicrosoft Office Home & Student 2021, HP Documentation, HP BIOS recovery, HP Smart1 Year Onsite Warranty","4.31,699 Ratings & 130 Reviews","₹59,990₹73,68818% off",Top Discount of the Sale,18% off
130,https://www.flipkart.com/acer-nitro-v-amd-ryzen-7-octa-core-7735hs-16-gb-512-gb-ssd-windows-11-home-6-graphics-nvidia-geforce-rtx-3050-anv15-41-gaming-laptop/p/itm1ca0ecf7963bd?pid=COMGZN7Z8V7AGTAD&lid=LSTCOMGZN7Z8V7AGTADFE4NXV&marketplace=FLIPKART&q=laptop&store=6bo%2Fb5g&srno=s_9_212&otracker=search&otracker1=search&fm=Search&iid=42bb7f52-4e48-42ba-a21a-5f5014df4eb7.COMGZN7Z8V7AGTAD.SEARCH&ppt=sp&ppn=sp&ssid=pfzeeas6680000001728058160239&qH=312f91285e048e09,Acer Nitro V AMD Ryzen 7 Octa Core 7735HS - (16 GB/512 GB SSD/Windows 11 Home/6 GB Graphics/NVIDIA GeF...,AMD Ryzen 7 Octa Core Processor16 GB DDR5 RAMWindows 11 Operating System512 GB SSD39.62 cm (15.6 Inch) Display1 Year International Travelers Warranty (ITW),4.624 Ratings & 3 Reviews,"₹67,990₹89,99924% off",Top Discount of the Sale,24% off
131,https://www.flipkart.com/acer-swift-go-14-oled-evo-intel-core-i7-13th-gen-13700h-16-gb-1-tb-ssd-windows-11-home-sfg14-71-70bg-thin-light-laptop/p/itma3d69bbbac84c?pid=COMHFTFYMQW7WYWE&lid=LSTCOMHFTFYMQW7WYWESRNAOV&marketplace=FLIPKART&q=laptop&store=6bo%2Fb5g&srno=s_9_213&otracker=search&otracker1=search&fm=Search&iid=42bb7f52-4e48-42ba-a21a-5f5014df4eb7.COMHFTFYMQW7WYWE.SEARCH&ppt=sp&ppn=sp&ssid=pfzeeas6680000001728058160239&qH=312f91285e048e09,Acer Swift Go 14 OLED EVO Intel Core i7 13th Gen 13700H - (16 GB/1 TB SSD/Windows 11 Home) SFG14-71-70...,Intel Core i7 Processor (13th Gen)16 GB LPDDR5 RAM64 bit Windows 11 Home Operating System1 TB SSD35.56 cm (14 inch) Display1 Year Warranty,4.4394 Ratings & 31 Reviews,"₹71,990₹1,10,99935% off",Save extra with combo offers,35% off
132,https://www.flipkart.com/acer-aspire-lite-intel-core-i3-12th-gen-1215u-16-gb-512-gb-ssd-windows-11-home-al15-52-thin-light-laptop/p/itmccdd729059930?pid=COMGWKF2QYG6XNCZ&lid=LSTCOMGWKF2QYG6XNCZDXBEPI&marketplace=FLIPKART&q=laptop&store=6bo%2Fb5g&srno=s_9_214&otracker=search&otracker1=search&fm=Search&iid=42bb7f52-4e48-42ba-a21a-5f5014df4eb7.COMGWKF2QYG6XNCZ.SEARCH&ppt=sp&ppn=sp&ssid=pfzeeas6680000001728058160239&qH=312f91285e048e09,Acer Aspire Lite Intel Core i3 12th Gen 1215U - (16 GB/512 GB SSD/Windows 11 Home) AL15-52 Thin and Li...,Intel Core i3 Processor (12th Gen)16 GB DDR4 RAMWindows 11 Operating System512 GB SSD39.62 cm (15.6 Inch) Display1 Year Onsite Warranty,4338 Ratings & 22 Reviews,"₹33,990₹59,99043% off",Save extra with combo offers,43% off
133,https://www.flipkart.com/samsung-galaxy-book4-intel-core-i5-13th-gen-1335u-16-gb-512-gb-ssd-windows-11-home-np750xgj-kg2in-np750xgj-lg2in-thin-light-laptop/p/itm820dc496ef160?pid=COMGZUYDGFJGHZR4&lid=LSTCOMGZUYDGFJGHZR4JPVIN2&marketplace=FLIPKART&q=laptop&store=6bo%2Fb5g&srno=s_1_24&otracker=search&otracker1=search&iid=6c4eeaba-4e99-4351-9aaf-ba6f4a8b5030.COMGZUYDGFJGHZR4.SEARCH&ssid=ufarnn4yrk0000001728058141729&qH=312f91285e048e09,SAMSUNG Galaxy Book4 Intel Core i5 13th Gen 1335U - (16 GB/512 GB SSD/Windows 11 Home) NP750XGJ-KG2IN ...,Intel Core i5 Processor (13th Gen)16 GB LPDDR4X RAMWindows 11 Operating System512 GB SSD39.62 cm (15.6 Inch) Display1 Year Manufacturer Warranty for Laptop and 6 Months for In-Box Accessories,"4.51,577 Ratings & 127 Reviews","₹60,990₹82,78926% off",Save extra with combo offers,26% off
134,https://www.flipkart.com/hp-victus-amd-ryzen-5-hexa-core-5600h-8-gb-512-gb-ssd-windows-11-home-4-graphics-amd-radeon-rx-6500m-15-fb0108ax-gaming-laptop/p/itmb91ad6452b1c7?pid=COMGRNGYYEX6Q6BZ&lid=LSTCOMGRNGYYEX6Q6BZBR9ATU&marketplace=FLIPKART&q=laptop&store=6bo%2Fb5g&srno=s_9_215&otracker=search&otracker1=search&fm=Search&iid=42bb7f52-4e48-42ba-a21a-5f5014df4eb7.COMGRNGYYEX6Q6BZ.SEARCH&ppt=sp&ppn=sp&ssid=pfzeeas6680000001728058160239&qH=312f91285e048e09,HP Victus AMD Ryzen 5 Hexa Core 5600H - (8 GB/512 GB SSD/Windows 11 Home/4 GB Graphics/AMD Radeon RX 6...,AMD Ryzen 5 Hexa Core Processor8 GB DDR4 RAMWindows 11 Operating System512 GB SSD39.62 cm (15.6 Inch) Display1 Year Onsite Warranty,"4.21,425 Ratings & 125 Reviews","₹49,990₹69,08227% off",Save extra with combo offers,27% off
135,https://www.flipkart.com/dell-intel-core-i3-13th-gen-1305u-8-gb-512-gb-ssd-windows-11-home-vostro-3530-thin-light-laptop/p/itm79bd3633b64b4?pid=COMGZ8NDUXGPXTVZ&lid=LSTCOMGZ8NDUXGPXTVZ65WVRB&marketplace=FLIPKART&q=laptop&store=6bo%2Fb5g&srno=s_9_216&otracker=search&otracker1=search&fm=Search&iid=42bb7f52-4e48-42ba-a21a-5f5014df4eb7.COMGZ8NDUXGPXTVZ.SEARCH&ppt=sp&ppn=sp&ssid=pfzeeas6680000001728058160239&qH=312f91285e048e09,DELL Intel Core i3 13th Gen 1305U - (8 GB/512 GB SSD/Windows 11 Home) Vostro 3530 Thin and Light Lapto...,Intel Core i3 Processor (13th Gen)8 GB DDR4 RAMWindows 11 Operating System512 GB SSD39.62 cm (15.6 Inch) Display1 Year Onsite warranty,4.232 Ratings & 2 Reviews,"₹37,990₹53,65829% off",Save extra with combo offers,29% off
136,https://www.flipkart.com/infinix-x3-slim-intel-core-i3-12th-gen-1215u-8-gb-512-gb-ssd-windows-11-home-xl422-thin-light-laptop/p/itm4e3f6081b45c4?pid=COMGRSWXHJQWMUHG&lid=LSTCOMGRSWXHJQWMUHG3TJLCB&marketplace=FLIPKART&q=laptop&store=6bo%2Fb5g&srno=s_10_217&otracker=search&otracker1=search&fm=Search&iid=c1e8ccf0-6a17-4726-80c7-3bb0fc1c07ab.COMGRSWXHJQWMUHG.SEARCH&ppt=sp&ppn=sp&ssid=umkolz7c8w0000001728058163153&qH=312f91285e048e09,Infinix X3 Slim Intel Intel Core i3 12th Gen 1215U - (8 GB/512 GB SSD/Windows 11 Home) XL422 Thin and ...,Intel Core i3 Processor (12th Gen)8 GB LPDDR4X RAMWindows 11 Operating System512 GB SSD35.56 cm (14 Inch) Display1 Year Onsite Warranty,"4.11,510 Ratings & 199 Reviews","₹25,990₹54,99052% off",Lowest price in the year,52% off
137,https://www.flipkart.com/asus-vivobook-go-15-backlit-keyboard-12th-gen-intel-core-i3-n305-8-gb-512-gb-ssd-windows-11-home-e1504ga-nj321ws-thin-light-laptop/p/itm283c8ed983ac3?pid=COMGZDQJZXFNV7QD&lid=LSTCOMGZDQJZXFNV7QDVWRAW8&marketplace=FLIPKART&q=laptop&store=6bo%2Fb5g&srno=s_10_218&otracker=search&otracker1=search&fm=Search&iid=c1e8ccf0-6a17-4726-80c7-3bb0fc1c07ab.COMGZDQJZXFNV7QD.SEARCH&ppt=sp&ppn=sp&ssid=umkolz7c8w0000001728058163153&qH=312f91285e048e09,"ASUS Vivobook Go 15, with Backlit Keyboard, 12th Gen Intel Core i3 N305 - (8 GB/512 GB SSD/Windows 11 ...",Intel Core i3 Processor8 GB DDR4 RAMWindows 11 Operating System512 GB SSD39.62 cm (15.6 Inch) Display1 Year Onsite Warranty,4.382 Ratings & 9 Reviews,"₹30,990₹50,99039% off",Save extra with combo offers,39% off
138,https://www.flipkart.com/asus-vivobook-15x-intel-core-i5-13th-gen-1315u-16-gb-512-gb-ssd-windows-11-home-k3504vab-nj541ws-thin-light-laptop/p/itma18c452f2836c?pid=COMGZDQJJCAUMFMR&lid=LSTCOMGZDQJJCAUMFMRI5BSP0&marketplace=FLIPKART&q=laptop&store=6bo%2Fb5g&srno=s_10_219&otracker=search&otracker1=search&fm=Search&iid=c1e8ccf0-6a17-4726-80c7-3bb0fc1c07ab.COMGZDQJJCAUMFMR.SEARCH&ppt=sp&ppn=sp&ssid=umkolz7c8w0000001728058163153&qH=312f91285e048e09,ASUS Vivobook 15X Intel Core i5 13th Gen 1315U - (16 GB/512 GB SSD/Windows 11 Home) K3504VAB-NJ541WS T...,Intel Core i5 Processor (13th Gen)16 GB DDR4 RAMWindows 11 Operating System512 GB SSD39.62 cm (15.6 Inch) Display1 Year Onsite Warranty,4.2113 Ratings & 9 Reviews,"₹52,990₹80,99034% off",Top Discount of the Sale,34% off
139,https://www.flipkart.com/lenovo-ideapad-amd-ryzen-5-hexa-core-5500u-16-gb-512-gb-ssd-windows-11-home-14alc7-thin-light-laptop/p/itm8bf40127312aa?pid=COMHY9Z8CBGGSZH5&lid=LSTCOMHY9Z8CBGGSZH5M5MGQK&marketplace=FLIPKART&q=laptop&store=6bo%2Fb5g&srno=s_10_220&otracker=search&otracker1=search&fm=Search&iid=c1e8ccf0-6a17-4726-80c7-3bb0fc1c07ab.COMHY9Z8CBGGSZH5.SEARCH&ppt=sp&ppn=sp&ssid=umkolz7c8w0000001728058163153&qH=312f91285e048e09,Lenovo IdeaPad AMD Ryzen 5 Hexa Core 5500U - (16 GB/512 GB SSD/Windows 11 Home) 14ALC7 Thin and Light ...,AMD Ryzen 5 Hexa Core Processor16 GB DDR4 RAMWindows 11 Operating System512 GB SSD35.56 cm (14 inch) Touchscreen DisplayOffice Home & Student 20211 Year Carry-in Warranty,4.410 Ratings & 0 Reviews,"₹55,190₹83,89034% off",Lowest price since launch,34% off
140,https://www.flipkart.com/infinix-y4-max-series-intel-core-i3-13th-gen-1315u-8-gb-512-gb-ssd-windows-11-home-yl613-thin-light-laptop/p/itmf0f9170b3ca9f?pid=COMGWWBRUZRUKWHY&lid=LSTCOMGWWBRUZRUKWHYERAJFT&marketplace=FLIPKART&q=laptop&store=6bo%2Fb5g&srno=s_10_221&otracker=search&otracker1=search&fm=Search&iid=c1e8ccf0-6a17-4726-80c7-3bb0fc1c07ab.COMGWWBRUZRUKWHY.SEARCH&ppt=sp&ppn=sp&ssid=umkolz7c8w0000001728058163153&qH=312f91285e048e09,Infinix Y4 Max Series Intel Core i3 13th Gen 1315U - (8 GB/512 GB SSD/Windows 11 Home) YL613 Thin and ...,Intel Core i3 Processor (13th Gen)8 GB LPDDR4X RAMWindows 11 Operating System512 GB SSD40.64 cm (16 inch) DisplayNA1 Year Onsite Warranty,4.2271 Ratings & 38 Reviews,"₹29,990₹54,99045% off",Top Discount of the Sale,45% off
141,https://www.flipkart.com/zebronics-pro-series-z-intel-core-i5-12th-gen-1235u-8-gb-512-gb-ssd-windows-11-home-zeb-nbc-4s-thin-light-laptop/p/itmf4967e076a331?pid=COMGSZ8N2NFC8CGS&lid=LSTCOMGSZ8N2NFC8CGSARQDQB&marketplace=FLIPKART&q=laptop&store=6bo%2Fb5g&srno=s_10_222&otracker=search&otracker1=search&fm=Search&iid=c1e8ccf0-6a17-4726-80c7-3bb0fc1c07ab.COMGSZ8N2NFC8CGS.SEARCH&ppt=sp&ppn=sp&ssid=umkolz7c8w0000001728058163153&qH=312f91285e048e09,ZEBRONICS Pro Series Z Intel Core i5 12th Gen 1235U - (8 GB/512 GB SSD/Windows 11 Home) ZEB-NBC 4S Thi...,Intel Core i5 Processor (12th Gen)8 GB DDR4 RAMWindows 11 Operating System512 GB SSD39.62 cm (15.6 inch) Display1 Year Carry-in Warranty,3.9646 Ratings & 92 Reviews,"₹29,990₹60,99950% off",Save extra with combo offers,50% off
142,https://www.flipkart.com/dell-3540-intel-core-i3-12th-gen-8-gb-512-gb-ssd-ubuntu-latitude-laptop/p/itm7f265faf0871e?pid=COMHFMSGDYGUZMJH&lid=LSTCOMHFMSGDYGUZMJHBX8OPZ&marketplace=FLIPKART&q=laptop&store=6bo%2Fb5g&srno=s_10_223&otracker=search&otracker1=search&fm=Search&iid=c1e8ccf0-6a17-4726-80c7-3bb0fc1c07ab.COMHFMSGDYGUZMJH.SEARCH&ppt=sp&ppn=sp&ssid=umkolz7c8w0000001728058163153&qH=312f91285e048e09,DELL 3540 Intel Core i3 12th Gen - (8 GB/512 GB SSD/Ubuntu) Latitude 3540 Laptop,Intel Core i3 Processor (12th Gen)8 GB DDR4 RAMLinux/Ubuntu Operating System512 GB SSD39.62 cm (15.6 inch) Display1 Year,4.324 Ratings & 3 Reviews,"₹30,990₹48,89036% off",Lowest price since launch,36% off
143,https://www.flipkart.com/msi-katana-17-intel-core-i7-13th-gen-13620h-16-gb-512-gb-ssd-windows-11-home-6-graphics-nvidia-geforce-rtx-3050-144-hz-b13udxk-255in-gaming-laptop/p/itm0fcd6b60bf584?pid=COMGMGSJHDXWEC2G&lid=LSTCOMGMGSJHDXWEC2G6CGMCI&marketplace=FLIPKART&q=laptop&store=6bo%2Fb5g&srno=s_10_224&otracker=search&otracker1=search&fm=Search&iid=c1e8ccf0-6a17-4726-80c7-3bb0fc1c07ab.COMGMGSJHDXWEC2G.SEARCH&ppt=sp&ppn=sp&ssid=umkolz7c8w0000001728058163153&qH=312f91285e048e09,MSI Katana 17 Intel Core i7 13th Gen 13620H - (16 GB/512 GB SSD/Windows 11 Home/6 GB Graphics/NVIDIA G...,Intel Core i7 Processor (13th Gen)16 GB DDR5 RAMWindows 11 Operating System512 GB SSD43.94 cm (17.3 Inch) Display2 Year Carry-in Warranty,4.553 Ratings & 11 Reviews,"₹74,990₹1,23,99039% off",Top Discount of the Sale,39% off
144,https://www.flipkart.com/lenovo-loq-amd-ryzen-5-quad-core-7235hs-24-gb-512-gb-ssd-windows-11-home-6-graphics-nvidia-geforce-rtx-3050-15arp9-gaming-laptop/p/itmd3fbbdced2d6b?pid=COMHFYZ3FDVNVJU7&lid=LSTCOMHFYZ3FDVNVJU7JU0TVS&marketplace=FLIPKART&q=laptop&store=6bo%2Fb5g&srno=s_10_225&otracker=search&otracker1=search&fm=Search&iid=c1e8ccf0-6a17-4726-80c7-3bb0fc1c07ab.COMHFYZ3FDVNVJU7.SEARCH&ppt=sp&ppn=sp&ssid=umkolz7c8w0000001728058163153&qH=312f91285e048e09,Lenovo LOQ AMD Ryzen 5 Quad Core 7235HS - (24 GB/512 GB SSD/Windows 11 Home/6 GB Graphics/NVIDIA GeFor...,AMD Ryzen 5 Quad Core Processor24 GB DDR5 RAMWindows 11 Operating System512 GB SSD39.62 cm (15.6 Inch) Display1Yr Warranty and 1 Yr Accidental Damage Protection,4.4170 Ratings & 11 Reviews,"₹65,690₹82,69020% off",Save extra with combo offers,20% off
145,https://www.flipkart.com/hp-omen-intel-core-i7-13th-gen-13620h-16-gb-1-tb-ssd-windows-11-home-6-gb-graphics-nvidia-geforce-rtx-4050-16-wd0011tx-gaming-laptop/p/itm0213ec9106c1c?pid=COMHYBKGJTHGEA8Y&lid=LSTCOMHYBKGJTHGEA8YXQBLQH&marketplace=FLIPKART&q=laptop&store=6bo%2Fb5g&srno=s_10_226&otracker=search&otracker1=search&fm=Search&iid=c1e8ccf0-6a17-4726-80c7-3bb0fc1c07ab.COMHYBKGJTHGEA8Y.SEARCH&ppt=sp&ppn=sp&ssid=umkolz7c8w0000001728058163153&qH=312f91285e048e09,HP Omen Intel Core i7 13th Gen 13620H - (16 GB/1 TB SSD/Windows 11 Home/6 GB Graphics/NVIDIA GeForce R...,Intel Core i7 Processor (13th Gen)16 GB DDR5 RAM64 bit Windows 11 Operating System1 TB SSD40.89 cm (16.1 inch) Display1 Year Onsite Warranty,4.212 Ratings & 1 Reviews,"₹1,10,990₹1,39,38920% off",Top Discount of the Sale,20% off
146,https://www.flipkart.com/msi-modern-15-intel-core-i5-12th-gen-1235u-8-gb-512-gb-ssd-windows-11-home-b12mo-818in-thin-light-laptop/p/itm26e42608dd524?pid=COMGYSFGFM3JTHZG&lid=LSTCOMGYSFGFM3JTHZGFJZCCG&marketplace=FLIPKART&q=laptop&store=6bo%2Fb5g&srno=s_10_227&otracker=search&otracker1=search&fm=Search&iid=c1e8ccf0-6a17-4726-80c7-3bb0fc1c07ab.COMGYSFGFM3JTHZG.SEARCH&ppt=sp&ppn=sp&ssid=umkolz7c8w0000001728058163153&qH=312f91285e048e09,MSI Modern 15 Intel Core i5 12th Gen 1235U - (8 GB/512 GB SSD/Windows 11 Home) Modern 15 B12MO-818IN T...,Intel Core i5 Processor (12th Gen)8 GB DDR4 RAMWindows 11 Operating System512 GB SSD39.62 cm (15.6 Inch) Display1 Year Onsite Warranty,"4.31,209 Ratings & 133 Reviews","₹35,990₹54,99034% off",Top Discount of the Sale,34% off
147,https://www.flipkart.com/asus-tuf-gaming-f15-90whrs-battery-intel-core-i7-13th-gen-13620h-16-gb-512-gb-ssd-windows-11-home-8-graphics-nvidia-geforce-rtx-4060-140-w-fx507vv-lp287w-laptop/p/itm17b6d12643f32?pid=COMGZW3FSJHF2SEU&lid=LSTCOMGZW3FSJHF2SEU8EDSM4&marketplace=FLIPKART&q=laptop&store=6bo%2Fb5g&srno=s_10_228&otracker=search&otracker1=search&fm=Search&iid=c1e8ccf0-6a17-4726-80c7-3bb0fc1c07ab.COMGZW3FSJHF2SEU.SEARCH&ppt=sp&ppn=sp&ssid=umkolz7c8w0000001728058163153&qH=312f91285e048e09,"ASUS TUF Gaming F15, 90WHrs Battery Intel Core i7 13th Gen 13620H - (16 GB/512 GB SSD/Windows 11 Home/...",Intel Core i7 Processor (13th Gen)16 GB DDR5 RAMWindows 11 Operating System512 GB SSD39.62 cm (15.6 Inch) Display1 Year Onsite warranty,3.727 Ratings & 0 Reviews,"₹99,999₹1,31,99024% off",Top Discount of the Sale,24% off
148,https://www.flipkart.com/asus-intel-pentium-gold-7505-8-gb-256-gb-ssd-windows-11-home-x1500ea-ej111ws-laptop/p/itm3b092675d3c35?pid=COMGYSGNT6TXRKBH&lid=LSTCOMGYSGNT6TXRKBHXIUBQS&marketplace=FLIPKART&q=laptop&store=6bo%2Fb5g&srno=s_10_229&otracker=search&otracker1=search&fm=Search&iid=c1e8ccf0-6a17-4726-80c7-3bb0fc1c07ab.COMGYSGNT6TXRKBH.SEARCH&ppt=sp&ppn=sp&ssid=umkolz7c8w0000001728058163153&qH=312f91285e048e09,ASUS Intel Pentium Gold 7505 - (8 GB/256 GB SSD/Windows 11 Home) X1500EA-EJ111WS Laptop,Intel Pentium Gold Processor8 GB DDR4 RAMWindows 11 Operating System256 GB SSD39.62 cm (15.6 Inch) Display1 Year Onsite Warranty,3.98 Ratings & 0 Reviews,"₹22,990₹39,99042% off",Save extra with combo offers,42% off
149,https://www.flipkart.com/asus-vivobook-s-14-intel-evo-h-series-core-i5-12th-gen-12500h-16-gb-512-gb-ssd-windows-11-home-s3402za-ly542ws-thin-light-laptop/p/itmfee55947a37e1?pid=COMGNY4VRQEC4XHH&lid=LSTCOMGNY4VRQEC4XHHDXXYGU&marketplace=FLIPKART&q=laptop&store=6bo%2Fb5g&srno=s_10_230&otracker=search&otracker1=search&fm=Search&iid=c1e8ccf0-6a17-4726-80c7-3bb0fc1c07ab.COMGNY4VRQEC4XHH.SEARCH&ppt=sp&ppn=sp&ssid=umkolz7c8w0000001728058163153&qH=312f91285e048e09,ASUS Vivobook S 14 Intel EVO H-Series Intel Core i5 12th Gen 12500H - (16 GB/512 GB SSD/Windows 11 Hom...,Intel Core i5 Processor (12th Gen)16 GB DDR4 RAMWindows 11 Operating System512 GB SSD35.56 cm (14 inch) Display1 Year Onsite Warranty,"4.32,087 Ratings & 204 Reviews","₹56,990₹86,99034% off",Save extra with combo offers,34% off
150,https://www.flipkart.com/acer-aspire-lite-amd-ryzen-7-octa-core-5700u-16-gb-512-gb-ssd-windows-11-home-al15-41-thin-light-laptop/p/itm11dc275307ef4?pid=COMHY74JVWWHKWKA&lid=LSTCOMHY74JVWWHKWKAO8L4DP&marketplace=FLIPKART&q=laptop&store=6bo%2Fb5g&srno=s_10_231&otracker=search&otracker1=search&fm=Search&iid=c1e8ccf0-6a17-4726-80c7-3bb0fc1c07ab.COMHY74JVWWHKWKA.SEARCH&ppt=sp&ppn=sp&ssid=umkolz7c8w0000001728058163153&qH=312f91285e048e09,Acer Aspire Lite AMD Ryzen 7 Octa Core 5700U - (16 GB/512 GB SSD/Windows 11 Home) AL15-41 Thin and Lig...,AMD Ryzen 7 Octa Core Processor16 GB DDR4 RAM64 bit Windows 11 Operating System512 GB SSD39.62 cm (15.6 Inch) Display1 Year Onsite Warranty,463 Ratings & 3 Reviews,"₹37,990₹69,99045% off",Lowest price since launch,45% off
151,https://www.flipkart.com/hp-touch-chromebook-mediatek-mt8183-4-gb-32-gb-emmc-storage-chrome-os-11mk-g9-laptop/p/itm5596e70481c88?pid=COMGZFFXQ9GEXPVR&lid=LSTCOMGZFFXQ9GEXPVROW2YVM&marketplace=FLIPKART&q=laptop&store=6bo%2Fb5g&srno=s_10_232&otracker=search&otracker1=search&fm=Search&iid=c1e8ccf0-6a17-4726-80c7-3bb0fc1c07ab.COMGZFFXQ9GEXPVR.SEARCH&ppt=sp&ppn=sp&ssid=umkolz7c8w0000001728058163153&qH=312f91285e048e09,HP Touch Chromebook MediaTek MT8183 - (4 GB/32 GB EMMC Storage/Chrome OS) 11MK G9 Chromebook Laptop,MediaTek MT8183 Processor4 GB LPDDR4X RAMChrome Operating System29.46 cm (11.6 Inch) Touchscreen Display1 Year Carry-in Warranty,3.3136 Ratings & 8 Reviews,"₹10,990₹37,24170% off",Top Discount of the Sale,70% off
152,https://www.flipkart.com/acer-chromebook-plus-intel-core-i3-n305-8-gb-256-gb-ssd-chrome-os-cb514-4h-39t7-laptop/p/itm5542cc6900ec1?pid=COMHFC9KE39WGHMA&lid=LSTCOMHFC9KE39WGHMAVMYY2Y&marketplace=FLIPKART&q=laptop&store=6bo%2Fb5g&srno=s_10_233&otracker=search&otracker1=search&fm=Search&iid=c1e8ccf0-6a17-4726-80c7-3bb0fc1c07ab.COMHFC9KE39WGHMA.SEARCH&ppt=sp&ppn=sp&ssid=umkolz7c8w0000001728058163153&qH=312f91285e048e09,Acer Chromebook Plus Intel Core i3 N305 - (8 GB/256 GB SSD/Chrome OS) CB514-4H-39T7 Chromebook Laptop,Intel Core i3 Processor8 GB LPDDR5 RAMChrome Operating System256 GB SSD35.56 cm (14 Inch) Display1 Year Carry-in Warranty,3.665 Ratings & 6 Reviews,"₹21,990₹49,99956% off",Save extra with combo offers,56% off
153,https://www.flipkart.com/asus-vivobook-15-intel-core-i3-12th-gen-1215u-8-gb-512-gb-ssd-windows-11-home-x1502za-ej322ws-thin-light-laptop/p/itm54273cfe6723b?pid=COMGMGXFZUFYHPJG&lid=LSTCOMGMGXFZUFYHPJGNBYU4W&marketplace=FLIPKART&q=laptop&store=6bo%2Fb5g&srno=s_10_234&otracker=search&otracker1=search&fm=Search&iid=c1e8ccf0-6a17-4726-80c7-3bb0fc1c07ab.COMGMGXFZUFYHPJG.SEARCH&ppt=sp&ppn=sp&ssid=umkolz7c8w0000001728058163153&qH=312f91285e048e09,ASUS Vivobook 15 Intel Core i3 12th Gen 1215U - (8 GB/512 GB SSD/Windows 11 Home) X1502ZA-EJ322WS Thin...,Intel Core i3 Processor (12th Gen)8 GB DDR4 RAMWindows 11 Operating System512 GB SSD39.62 cm (15.6 Inch) Display1 Year Onsite Warranty,4.3573 Ratings & 70 Reviews,"₹30,990₹54,99043% off",Lowest price since launch,43% off
154,https://www.flipkart.com/asus-vivobook-go-14-intel-core-i3-12th-gen-n305-8-gb-512-gb-ssd-windows-11-home-e1404ga-nk321ws-thin-light-laptop/p/itm2192eb32ba889?pid=COMGZDQJYPAZZQNK&lid=LSTCOMGZDQJYPAZZQNK5EUTYX&marketplace=FLIPKART&q=laptop&store=6bo%2Fb5g&srno=s_10_235&otracker=search&otracker1=search&fm=Search&iid=c1e8ccf0-6a17-4726-80c7-3bb0fc1c07ab.COMGZDQJYPAZZQNK.SEARCH&ppt=sp&ppn=sp&ssid=umkolz7c8w0000001728058163153&qH=312f91285e048e09,ASUS Vivobook Go 14 Intel Intel Core i3 12th Gen N305 - (8 GB/512 GB SSD/Windows 11 Home) E1404GA-NK32...,Intel Core i3 Processor (12th Gen)8 GB DDR4 RAMWindows 11 Operating System512 GB SSD35.56 cm (14 Inch) Display1 Year Onsite Warranty,4.2470 Ratings & 40 Reviews,"₹30,990₹50,99039% off",Lowest price in the year,39% off
155,https://www.flipkart.com/dell-inspiron-15-3520-backlit-keyboard-intel-core-i5-12th-gen-16-gb-512-gb-ssd-windows-11-home-laptop/p/itm0c93229d052fe?pid=COMGTEGW6HF5GJGQ&lid=LSTCOMGTEGW6HF5GJGQKTQQCM&marketplace=FLIPKART&q=laptop&store=6bo%2Fb5g&srno=s_10_236&otracker=search&otracker1=search&fm=Search&iid=c1e8ccf0-6a17-4726-80c7-3bb0fc1c07ab.COMGTEGW6HF5GJGQ.SEARCH&ppt=sp&ppn=sp&ssid=umkolz7c8w0000001728058163153&qH=312f91285e048e09,"DELL Inspiron 15 3520 with Backlit Keyboard, Intel Core i5 12th Gen Core i5 - (16 GB/512 GB SSD/Window...","Intel Core i5 Processor (12th Gen)16 GB DDR4 RAM64 bit Windows 11 Operating System512 GB SSD39.62 cm (15.6 inch) DisplayOffice Home & Student 2021, Microsoft Windows, 15 Months Macafee Antivirus1 Year Onsite Warranty",4.1363 Ratings & 24 Reviews,"₹50,890₹78,90035% off",Save extra with combo offers,35% off
156,https://www.flipkart.com/acer-aspire-3-backlit-intel-core-i3-12th-gen-1215u-8-gb-256-gb-ssd-windows-11-home-a324-51-thin-light-laptop/p/itm407fa0b72e747?pid=COMHY24RHBHJDKPN&lid=LSTCOMHY24RHBHJDKPN96K9XT&marketplace=FLIPKART&q=laptop&store=6bo%2Fb5g&srno=s_10_237&otracker=search&otracker1=search&fm=Search&iid=c1e8ccf0-6a17-4726-80c7-3bb0fc1c07ab.COMHY24RHBHJDKPN.SEARCH&ppt=sp&ppn=sp&ssid=umkolz7c8w0000001728058163153&qH=312f91285e048e09,Acer Aspire 3 Backlit Intel Core i3 12th Gen 1215U - (8 GB/256 GB SSD/Windows 11 Home) A324-51 Thin an...,Intel Core i3 Processor (12th Gen)8 GB DDR4 RAM64 bit Windows 11 Operating System256 GB SSD35.56 cm (14 Inch) Display1 Year Domestic Warranty,4.343 Ratings & 1 Reviews,"₹24,999₹42,00040% off",Top Discount of the Sale,40% off
157,https://www.flipkart.com/asus-vivobook-go-15-oled-amd-ryzen-5-quad-core-7520u-8-gb-512-gb-ssd-windows-11-home-e1504fa-lk523ws-thin-light-laptop/p/itmd4b9706035cd1?pid=COMGMGXFTYZZUJYW&lid=LSTCOMGMGXFTYZZUJYWWP4BBQ&marketplace=FLIPKART&q=laptop&store=6bo%2Fb5g&srno=s_10_238&otracker=search&otracker1=search&fm=Search&iid=c1e8ccf0-6a17-4726-80c7-3bb0fc1c07ab.COMGMGXFTYZZUJYW.SEARCH&ppt=sp&ppn=sp&ssid=umkolz7c8w0000001728058163153&qH=312f91285e048e09,ASUS Vivobook Go 15 OLED AMD Ryzen 5 Quad Core 7520U - (8 GB/512 GB SSD/Windows 11 Home) E1504FA-LK523...,AMD Ryzen 5 Quad Core Processor8 GB LPDDR5 RAMWindows 11 Operating System512 GB SSD39.62 cm (15.6 Inch) Display1 Year Onsite Warranty,"4.41,874 Ratings & 159 Reviews","₹42,990₹74,99042% off",Top Discount of the Sale,42% off
158,https://www.flipkart.com/dell-vostro-3420-intel-core-i3-12th-gen-8-gb-512-gb-ssd-windows-11-home-d552327win9s-laptop/p/itm18b4d2b50527a?pid=COMGN6FGCQ4QKV2D&lid=LSTCOMGN6FGCQ4QKV2D3EHN06&marketplace=FLIPKART&q=laptop&store=6bo%2Fb5g&srno=s_10_239&otracker=search&otracker1=search&fm=Search&iid=c1e8ccf0-6a17-4726-80c7-3bb0fc1c07ab.COMGN6FGCQ4QKV2D.SEARCH&ppt=sp&ppn=sp&ssid=umkolz7c8w0000001728058163153&qH=312f91285e048e09,DELL Vostro 3420 Intel Core i3 12th Gen - (8 GB/512 GB SSD/Windows 11 Home) D552327WIN9S Laptop,Intel Core i3 Processor (12th Gen)8 GB DDR4 RAMWindows 11 Operating System512 GB SSD35.56 cm (14 inch) Display1 Year Onsite Service,4.439 Ratings & 2 Reviews,"₹33,330₹63,88947% off",Save extra with combo offers,47% off
159,https://www.flipkart.com/acer-predator-neo-intel-core-i5-13th-gen-13500hx-16-gb-512-gb-ssd-windows-11-home-6-graphics-nvidia-geforce-rtx-4050-phn16-71-59xw-phn16-71-553k-phn-16-71-gaming-laptop/p/itm4295aa0d4297e?pid=COMGZS9G8GX9YSRH&lid=LSTCOMGZS9G8GX9YSRHMOZNKD&marketplace=FLIPKART&q=laptop&store=6bo%2Fb5g&srno=s_10_240&otracker=search&otracker1=search&fm=Search&iid=c1e8ccf0-6a17-4726-80c7-3bb0fc1c07ab.COMGZS9G8GX9YSRH.SEARCH&ppt=sp&ppn=sp&ssid=umkolz7c8w0000001728058163153&qH=312f91285e048e09,Acer Predator Neo Intel Core i5 13th Gen 13500HX - (16 GB/512 GB SSD/Windows 11 Home/6 GB Graphics/NVI...,Intel Core i5 Processor (13th Gen)16 GB DDR5 RAMWindows 11 Operating System512 GB SSD40.64 cm (16 Inch) Display1 Year International Travelers Warranty (ITW),4.4649 Ratings & 64 Reviews,"₹92,990₹1,29,99928% off",Save extra with combo offers,28% off
160,https://www.flipkart.com/hp-amd-ryzen-5-hexa-core-5500u-8-gb-512-gb-ssd-windows-11-home-15s-eq2144au-thin-light-laptop/p/itmd57b41ed8750a?pid=COMGBH9JDPVGD8BH&lid=LSTCOMGBH9JDPVGD8BHIZPQIL&marketplace=FLIPKART&q=laptop&store=6bo%2Fb5g&srno=s_2_25&otracker=search&otracker1=search&fm=Search&iid=fe63acbf-65d0-4624-ac5e-4a6ac9ee7a51.COMGBH9JDPVGD8BH.SEARCH&ppt=sp&ppn=sp&ssid=63rd5siu6o0000001728058144520&qH=312f91285e048e09,HP AMD Ryzen 5 Hexa Core 5500U - (8 GB/512 GB SSD/Windows 11 Home) 15s- eq2144au Thin and Light Laptop,"AMD Ryzen 5 Hexa Core Processor8 GB DDR4 RAM64 bit Windows 11 Operating System512 GB SSD39.62 cm (15.6 inch) DisplayMicrosoft Office Home 2019 & Office 365, HP Documentation, HP SSRM, HP Smart1 Year Onsite Warranty","4.27,485 Ratings & 572 Reviews","₹34,990₹54,55235% off",Lowest price in the year,35% off
161,https://www.flipkart.com/hp-victus-gaming-amd-ryzen-5-hexa-core-5600h-8-gb-512-gb-ssd-windows-11-home-4-graphics-amd-radeon-rx-6500m-60-hz-15-fb0147ax-laptop/p/itm236b5aaa84afc?pid=COMGQRD7QZU6HTA8&lid=LSTCOMGQRD7QZU6HTA8ME1ZFZ&marketplace=FLIPKART&q=laptop&store=6bo%2Fb5g&srno=s_11_241&otracker=search&otracker1=search&fm=Search&iid=381da23e-150a-41c9-9076-404b9e739060.COMGQRD7QZU6HTA8.SEARCH&ppt=sp&ppn=sp&ssid=s1bs8gqpts0000001728058165386&qH=312f91285e048e09,HP Victus gaming AMD Ryzen 5 Hexa Core 5600H - (8 GB/512 GB SSD/Windows 11 Home/4 GB Graphics/AMD Rade...,AMD Ryzen 5 Hexa Core Processor8 GB DDR4 RAMWindows 11 Operating System512 GB SSD39.62 cm (15.6 inch) Display1 Year Onsite Warranty,"4.21,425 Ratings & 125 Reviews","₹48,990₹63,62823% off",Save extra with combo offers,23% off
162,https://www.flipkart.com/lenovo-v15-amd-ryzen-7-octa-core-7730u-16-gb-512-gb-ssd-windows-11-home-g4-business-laptop/p/itm6d6cfd664548d?pid=COMGZXHQZQPQ2R8D&lid=LSTCOMGZXHQZQPQ2R8DUQDQIP&marketplace=FLIPKART&q=laptop&store=6bo%2Fb5g&srno=s_11_242&otracker=search&otracker1=search&fm=Search&iid=381da23e-150a-41c9-9076-404b9e739060.COMGZXHQZQPQ2R8D.SEARCH&ppt=sp&ppn=sp&ssid=s1bs8gqpts0000001728058165386&qH=312f91285e048e09,Lenovo V15 AMD Ryzen 7 Octa Core 7730U - (16 GB/512 GB SSD/Windows 11 Home) v15 G4 Business Laptop,AMD Ryzen 7 Octa Core Processor16 GB DDR4 RAM64 bit Windows 11 Home Operating System512 GB SSD39.62 cm (15.6 inch) DisplayWindows 111 Year,491 Ratings & 17 Reviews,"₹38,999₹50,00022% off",Save extra with combo offers,22% off
163,https://www.flipkart.com/gigabyte-g-series-intel-core-i7-12th-gen-12650h-16-gb-512-gb-ssd-windows-11-home-8-graphics-nvidia-geforce-rtx-4060-g6-kf-g3in853sh-gaming-laptop/p/itm2fff4b9f4dd40?pid=COMH4B6CHSW8EHET&lid=LSTCOMH4B6CHSW8EHETPDGIWT&marketplace=FLIPKART&q=laptop&store=6bo%2Fb5g&srno=s_11_243&otracker=search&otracker1=search&fm=Search&iid=381da23e-150a-41c9-9076-404b9e739060.COMH4B6CHSW8EHET.SEARCH&ppt=sp&ppn=sp&ssid=s1bs8gqpts0000001728058165386&qH=312f91285e048e09,GIGABYTE G Series Intel Core i7 12th Gen 12650H - (16 GB/512 GB SSD/Windows 11 Home/8 GB Graphics/NVID...,Intel Core i7 Processor (12th Gen)16 GB DDR5 RAMWindows 11 Operating System512 GB SSD40.64 cm (16 inch) Display2 Year Carry-in Warranty,4.54 Ratings & 0 Reviews,"₹72,990₹1,60,16054% off",Top Discount of the Sale,54% off
164,https://www.flipkart.com/acer-predator-neo-intel-core-i5-13th-gen-13500hx-16-gb-512-gb-ssd-windows-11-home-6-graphics-nvidia-geforce-rtx-4050-phn16-71-59xw-phn16-71-553k-phn-16-71-gaming-laptop/p/itm4295aa0d4297e?pid=COMGZS9G8GX9YSRH&lid=LSTCOMGZS9G8GX9YSRHMOZNKD&marketplace=FLIPKART&q=laptop&store=6bo%2Fb5g&srno=s_11_244&otracker=search&otracker1=search&fm=Search&iid=381da23e-150a-41c9-9076-404b9e739060.COMGZS9G8GX9YSRH.SEARCH&ppt=sp&ppn=sp&ssid=s1bs8gqpts0000001728058165386&qH=312f91285e048e09,Acer Predator Neo Intel Core i5 13th Gen 13500HX - (16 GB/512 GB SSD/Windows 11 Home/6 GB Graphics/NVI...,Intel Core i5 Processor (13th Gen)16 GB DDR5 RAMWindows 11 Operating System512 GB SSD40.64 cm (16 Inch) Display1 Year International Travelers Warranty (ITW),4.4649 Ratings & 64 Reviews,"₹92,990₹1,29,99928% off",Save extra with combo offers,28% off
165,https://www.flipkart.com/lenovo-v15-series-amd-athlon-dual-core-7120u-8-gb-512-gb-ssd-windows-11-home-thin-light-laptop/p/itm575eadcc5ae49?pid=COMGWB8REKMC9SGQ&lid=LSTCOMGWB8REKMC9SGQTN9ZQJ&marketplace=FLIPKART&q=laptop&store=6bo%2Fb5g&srno=s_11_245&otracker=search&otracker1=search&fm=Search&iid=381da23e-150a-41c9-9076-404b9e739060.COMGWB8REKMC9SGQ.SEARCH&ppt=sp&ppn=sp&ssid=s1bs8gqpts0000001728058165386&qH=312f91285e048e09,Lenovo V15 Series AMD Athlon Dual Core 7120U - (8 GB/512 GB SSD/Windows 11 Home) V15 Thin and Light La...,AMD Athlon Dual Core Processor8 GB DDR5 RAMWindows 11 Operating System512 GB SSD39.62 cm (15.6 Inch) Display1 Year Onsite Warranty,4.2652 Ratings & 45 Reviews,"₹24,990₹38,00034% off",Save extra with combo offers,34% off
166,https://www.flipkart.com/asus-vivobook-15-intel-core-i5-12th-gen-1235u-16-gb-512-gb-ssd-windows-11-home-x1502za-ej545ws-thin-light-laptop/p/itm2b6308ea1ee21?pid=COMGR5QEDDTGGUBX&lid=LSTCOMGR5QEDDTGGUBXOVXZAO&marketplace=FLIPKART&q=laptop&store=6bo%2Fb5g&srno=s_11_246&otracker=search&otracker1=search&fm=Search&iid=381da23e-150a-41c9-9076-404b9e739060.COMGR5QEDDTGGUBX.SEARCH&ppt=sp&ppn=sp&ssid=s1bs8gqpts0000001728058165386&qH=312f91285e048e09,ASUS Vivobook 15 Intel Core i5 12th Gen 1235U - (16 GB/512 GB SSD/Windows 11 Home) X1502ZA-EJ545WS Thi...,Intel Core i5 Processor (12th Gen)16 GB DDR4 RAMWindows 11 Operating System512 GB SSD39.62 cm (15.6 Inch) Display1 Year Onsite Warranty,"4.23,055 Ratings & 157 Reviews","₹45,990₹74,99038% off",Lowest price in the year,38% off
167,https://www.flipkart.com/asus-tuf-gaming-f15-ai-powered-intel-core-i5-11th-gen-11260h-16-gb-512-gb-ssd-windows-11-home-4-graphics-nvidia-geforce-rtx-2050-70-tgp-fx506hf-hn076w-laptop/p/itm9fecadb1da44e?pid=COMGS2AJW4JAADNU&lid=LSTCOMGS2AJW4JAADNUOQ0UOB&marketplace=FLIPKART&q=laptop&store=6bo%2Fb5g&srno=s_11_247&otracker=search&otracker1=search&fm=Search&iid=381da23e-150a-41c9-9076-404b9e739060.COMGS2AJW4JAADNU.SEARCH&ppt=sp&ppn=sp&ssid=s1bs8gqpts0000001728058165386&qH=312f91285e048e09,ASUS TUF Gaming F15 - AI Powered Gaming Intel Core i5 11th Gen 11260H - (16 GB/512 GB SSD/Windows 11 H...,Intel Core i5 Processor (11th Gen)16 GB DDR4 RAMWindows 11 Operating System512 GB SSD39.62 cm (15.6 Inch) Display1 Year Carry-in Warranty,"4.35,887 Ratings & 487 Reviews","₹50,990₹80,99037% off",Top Discount of the Sale,37% off
168,https://www.flipkart.com/acer-nitro-v-amd-ryzen-7-octa-core-7735hs-16-gb-512-gb-ssd-windows-11-home-6-graphics-nvidia-geforce-rtx-4050-anv15-41-gaming-laptop/p/itmcbfe4867d0ca7?pid=COMGZN7Z7FZFAEZF&lid=LSTCOMGZN7Z7FZFAEZF3UFJ1O&marketplace=FLIPKART&q=laptop&store=6bo%2Fb5g&srno=s_11_248&otracker=search&otracker1=search&fm=Search&iid=381da23e-150a-41c9-9076-404b9e739060.COMGZN7Z7FZFAEZF.SEARCH&ppt=sp&ppn=sp&ssid=s1bs8gqpts0000001728058165386&qH=312f91285e048e09,Acer Nitro V AMD Ryzen 7 Octa Core 7735HS - (16 GB/512 GB SSD/Windows 11 Home/6 GB Graphics/NVIDIA GeF...,AMD Ryzen 7 Octa Core Processor16 GB DDR5 RAMWindows 11 Operating System512 GB SSD39.62 cm (15.6 Inch) Display1 Year International Travelers Warranty (ITW),431 Ratings & 2 Reviews,"₹74,990₹1,01,99926% off",Top Discount of the Sale,26% off
169,https://www.flipkart.com/hp-14s-intel-core-i3-12th-gen-1215u-8-gb-512-gb-ssd-windows-11-home-dy5008tu-thin-light-laptop/p/itm9643034ac6cf7?pid=COMGZ7FRHVADKQ5V&lid=LSTCOMGZ7FRHVADKQ5VOYKUHS&marketplace=FLIPKART&q=laptop&store=6bo%2Fb5g&srno=s_11_249&otracker=search&otracker1=search&fm=Search&iid=381da23e-150a-41c9-9076-404b9e739060.COMGZ7FRHVADKQ5V.SEARCH&ppt=sp&ppn=sp&ssid=s1bs8gqpts0000001728058165386&qH=312f91285e048e09,HP 14s Intel Core i3 12th Gen 1215U - (8 GB/512 GB SSD/Windows 11 Home) 14s - dy5008TU Thin and Light ...,Intel Core i3 Processor (12th Gen)8 GB DDR4 RAM64 bit Windows 11 Operating System512 GB SSD35.56 cm (14 Inch) Display1 Year Onsite Warranty,3.732 Ratings & 1 Reviews,"₹36,500₹49,50926% off",Lowest price since launch,26% off
170,https://www.flipkart.com/hp-pavilion-14-intel-core-i5-12th-gen-1235u-16-gb-512-gb-ssd-windows-11-home-14-dv2041tu-laptop/p/itm5b68c71d614ff?pid=COMGZHNMQFWGTVDX&lid=LSTCOMGZHNMQFWGTVDXI0XIK4&marketplace=FLIPKART&q=laptop&store=6bo%2Fb5g&srno=s_11_250&otracker=search&otracker1=search&fm=Search&iid=381da23e-150a-41c9-9076-404b9e739060.COMGZHNMQFWGTVDX.SEARCH&ppt=sp&ppn=sp&ssid=s1bs8gqpts0000001728058165386&qH=312f91285e048e09,HP Pavilion 14 Intel Core i5 12th Gen 1235U - (16 GB/512 GB SSD/Windows 11 Home) Pavilion 14-DV2041TU ...,Intel Core i5 Processor (12th Gen)16 GB DDR4 RAM64 bit Windows 11 Operating System512 GB SSD35.56 cm (14 inch) DisplayOffice Home and Student 20211 Year Warranty,4106 Ratings & 10 Reviews,"₹62,990₹75,41416% off",Save extra with combo offers,16% off
171,https://www.flipkart.com/hp-15s-fq5007tu-intel-core-i3-12th-gen-1215u-8-gb-512-gb-ssd-windows-11-home-15s-fq5327tu-thin-light-laptop/p/itma87756b2a5f6a?pid=COMGYHP5MCEYZHSV&lid=LSTCOMGYHP5MCEYZHSVTVJRS5&marketplace=FLIPKART&q=laptop&store=6bo%2Fb5g&srno=s_2_26&otracker=search&otracker1=search&fm=Search&iid=fe63acbf-65d0-4624-ac5e-4a6ac9ee7a51.COMGYHP5MCEYZHSV.SEARCH&ppt=sp&ppn=sp&ssid=63rd5siu6o0000001728058144520&qH=312f91285e048e09,HP (15s-fq5007TU) Intel Core i3 12th Gen 1215U - (8 GB/512 GB SSD/Windows 11 Home) 15s-fq5327TU Thin a...,Intel Core i3 Processor (12th Gen)8 GB DDR4 RAM64 bit Windows 11 Operating System512 GB SSD100.58 cm (39.6 cm) DisplayMicrosoft Office Home & Student 20211 Year Onsite Warranty,"4.25,536 Ratings & 476 Reviews","₹35,990₹51,13429% off",Save extra with combo offers,29% off
172,https://www.flipkart.com/lenovo-ideapad-slim-5-wuxga-oled-ai-pc-intel-core-ultra-125h-16-gb-1-tb-ssd-windows-11-home-14imh9-laptop/p/itm089031723a8df?pid=COMGXAU9B7GGGZH4&lid=LSTCOMGXAU9B7GGGZH4QBWTKF&marketplace=FLIPKART&q=laptop&store=6bo%2Fb5g&srno=s_11_251&otracker=search&otracker1=search&fm=Search&iid=381da23e-150a-41c9-9076-404b9e739060.COMGXAU9B7GGGZH4.SEARCH&ppt=sp&ppn=sp&ssid=s1bs8gqpts0000001728058165386&qH=312f91285e048e09,Lenovo IdeaPad Slim 5 WUXGA OLED AI PC Intel Core Ultra 5 125H - (16 GB/1 TB SSD/Windows 11 Home) 14IM...,Intel Core Ultra 5 Processor16 GB LPDDR5X RAMWindows 11 Operating System1 TB SSD35.56 cm (14 Inch) Display1Yr Warranty + 1 Yr Premium Care and 1 Yr Accidental Damage Protection,4.1170 Ratings & 19 Reviews,"₹76,990₹1,01,09023% off",Top Discount of the Sale,23% off
173,https://www.flipkart.com/lenovo-ideapad-slim-5-wuxga-ips-ai-pc-intel-core-ultra-125h-16-gb-512-gb-ssd-windows-11-home-14imh9-thin-light-laptop/p/itm05b18e8ca334f?pid=COMHYXV9PVH3CHZY&lid=LSTCOMHYXV9PVH3CHZYNLNSHT&marketplace=FLIPKART&q=laptop&store=6bo%2Fb5g&srno=s_11_252&otracker=search&otracker1=search&fm=Search&iid=381da23e-150a-41c9-9076-404b9e739060.COMHYXV9PVH3CHZY.SEARCH&ppt=sp&ppn=sp&ssid=s1bs8gqpts0000001728058165386&qH=312f91285e048e09,Lenovo IdeaPad Slim 5 WUXGA IPS AI PC Intel Core Ultra 5 125H - (16 GB/512 GB SSD/Windows 11 Home) 14I...,Intel Core Ultra 5 Processor16 GB LPDDR5X RAMWindows 11 Operating System512 GB SSD35.56 cm (14 inch) Display1Yr Warranty + 1 Yr Premium Care and 1 Yr Accidental Damage Protection,4.3170 Ratings & 21 Reviews,"₹72,990₹1,03,79029% off",Save extra with combo offers,29% off
174,https://www.flipkart.com/asus-vivobook-14x-creator-intel-h-series-core-i5-13th-gen-13500h-16-gb-512-gb-ssd-windows-11-home-4-graphics-nvidia-geforce-rtx-2050-60-hz-50-tgp-k3405vf-ly542ws-gaming-laptop/p/itm9f71e18c5d47f?pid=COMGZMKFSM3F65NY&lid=LSTCOMGZMKFSM3F65NYSUOBOO&marketplace=FLIPKART&q=laptop&store=6bo%2Fb5g&srno=s_11_253&otracker=search&otracker1=search&fm=Search&iid=381da23e-150a-41c9-9076-404b9e739060.COMGZMKFSM3F65NY.SEARCH&ppt=sp&ppn=sp&ssid=s1bs8gqpts0000001728058165386&qH=312f91285e048e09,"ASUS Vivobook 14X For Creator, Intel H-Series Intel Core i5 13th Gen 13500H - (16 GB/512 GB SSD/Window...",Intel Core i5 Processor (13th Gen)16 GB DDR4 RAMWindows 11 Operating System512 GB SSD35.56 cm (14 Inch) Display1 Year Onsite Warranty,4.513 Ratings & 0 Reviews,"₹63,990₹98,99035% off",Save extra with combo offers,35% off
175,https://www.flipkart.com/asus-chromebook-intel-celeron-dual-core-n4500-4-gb-64-gb-emmc-storage-chrome-os-cx1400cka-nk0453-laptop/p/itm3cc0cadd59faf?pid=COMGSHM3RGXQ6ZVX&lid=LSTCOMGSHM3RGXQ6ZVXSNIVW4&marketplace=FLIPKART&q=laptop&store=6bo%2Fb5g&srno=s_11_254&otracker=search&otracker1=search&fm=Search&iid=381da23e-150a-41c9-9076-404b9e739060.COMGSHM3RGXQ6ZVX.SEARCH&ppt=sp&ppn=sp&ssid=s1bs8gqpts0000001728058165386&qH=312f91285e048e09,ASUS Chromebook Intel Celeron Dual Core N4500 - (4 GB/64 GB EMMC Storage/Chrome OS) CX1400CKA-NK0453 C...,Intel Celeron Dual Core Processor4 GB LPDDR4X RAMChrome Operating System35.56 cm (14 Inch) Display1 Year Onsite Warranty,"3.71,842 Ratings & 163 Reviews","₹12,990₹32,99060% off",Save extra with combo offers,60% off
176,https://www.flipkart.com/acer-aspire-3-amd-ryzen-quad-core-7330u-8-gb-512-gb-ssd-windows-11-home-a325-42-thin-light-laptop/p/itmdaf15e01a1d1a?pid=COMH397X2KJ8XCHR&lid=LSTCOMH397X2KJ8XCHRBDEAS1&marketplace=FLIPKART&q=laptop&store=6bo%2Fb5g&srno=s_11_255&otracker=search&otracker1=search&fm=Search&iid=381da23e-150a-41c9-9076-404b9e739060.COMH397X2KJ8XCHR.SEARCH&ppt=sp&ppn=sp&ssid=s1bs8gqpts0000001728058165386&qH=312f91285e048e09,Acer Aspire 3 AMD Ryzen 3 Quad Core 7330U - (8 GB/512 GB SSD/Windows 11 Home) A325-42 Thin and Light L...,AMD Ryzen 3 Quad Core Processor8 GB DDR4 RAMWindows 11 Operating System512 GB SSD39.62 cm (15.6 Inch) Display1 Year Carry-in Warranty,4.79 Ratings & 0 Reviews,"₹26,990₹44,99040% off",Top Discount of the Sale,40% off
177,https://www.flipkart.com/hp-240-g9-intel-core-i3-12th-gen-1215-8-gb-512-gb-ssd-windows-11-home-laptop/p/itmfa44cf2cc0e98?pid=COMGWAAGAPAVH3JF&lid=LSTCOMGWAAGAPAVH3JFT16HER&marketplace=FLIPKART&q=laptop&store=6bo%2Fb5g&srno=s_11_256&otracker=search&otracker1=search&fm=Search&iid=381da23e-150a-41c9-9076-404b9e739060.COMGWAAGAPAVH3JF.SEARCH&ppt=sp&ppn=sp&ssid=s1bs8gqpts0000001728058165386&qH=312f91285e048e09,HP 240 G9 Intel Core i3 12th Gen 1215 - (8 GB/512 GB SSD/Windows 11 Home) 240 G9 Laptop,Intel Core i3 Processor (12th Gen)8 GB DDR4 RAM64 bit Windows 11 Operating System512 GB SSD35.56 cm (14 inch) DisplayMS OFFICE1 year Onsite Warrenty,3.8126 Ratings & 6 Reviews,"₹33,900₹58,00041% off",Save extra with combo offers,41% off
178,https://www.flipkart.com/hp-255-g9-silver-amd-ryzen-5-hexa-core-ryzen5-5625u-8-gb-512-gb-ssd-windows-11-home-business-laptop/p/itm5b18e11d2ef0b?pid=COMGZR8Y4QG3FNJV&lid=LSTCOMGZR8Y4QG3FNJVGXE8IR&marketplace=FLIPKART&q=laptop&store=6bo%2Fb5g&srno=s_11_257&otracker=search&otracker1=search&fm=Search&iid=381da23e-150a-41c9-9076-404b9e739060.COMGZR8Y4QG3FNJV.SEARCH&ppt=sp&ppn=sp&ssid=s1bs8gqpts0000001728058165386&qH=312f91285e048e09,HP 255 G9 Silver AMD Ryzen 5 Hexa Core AMD Ryzen5-5625U - (8 GB/512 GB SSD/Windows 11 Home) 255 G9 Bus...,AMD Ryzen 5 Hexa Core Processor8 GB DDR4 RAM32 bit Windows 11 Operating System512 GB SSD39.62 cm (15.6 inch) DisplayWindows1 Year Onsite Warranty,4.245 Ratings & 2 Reviews,"₹31,999₹52,25138% off",Save extra with combo offers,38% off
179,https://www.flipkart.com/hp-255-g8-silver-amd-ryzen-5-hexa-core-5500u-8-gb-256-gb-ssd-windows-11-home-business-laptop/p/itmbd0ffa4ad7e1f?pid=COMGSBV525WTGEGP&lid=LSTCOMGSBV525WTGEGPKQWIA0&marketplace=FLIPKART&q=laptop&store=6bo%2Fb5g&srno=s_11_258&otracker=search&otracker1=search&fm=Search&iid=381da23e-150a-41c9-9076-404b9e739060.COMGSBV525WTGEGP.SEARCH&ppt=sp&ppn=sp&ssid=s1bs8gqpts0000001728058165386&qH=312f91285e048e09,HP 255 G8 Silver AMD Ryzen 5 Hexa Core AMD Ryzen 5 5500U - (8 GB/256 GB SSD/Windows 11 Home) 255 Busin...,AMD Ryzen 5 Hexa Core Processor8 GB DDR4 RAM32 bit Windows 11 Operating System256 GB SSD39.62 cm (15.6 inch) DisplayWindows1 year Domestic warranty,4.358 Ratings & 7 Reviews,"₹29,990₹44,77133% off",Save extra with combo offers,33% off
180,https://www.flipkart.com/infinix-y3-max-series-intel-core-i3-12th-gen-1215u-8-gb-256-gb-ssd-windows-11-home-yl613-thin-light-laptop/p/itm0d3ada4211d32?pid=COMH34U3MZTBMZYE&lid=LSTCOMH34U3MZTBMZYEKROQ8A&marketplace=FLIPKART&q=laptop&store=6bo%2Fb5g&srno=s_11_259&otracker=search&otracker1=search&fm=Search&iid=381da23e-150a-41c9-9076-404b9e739060.COMH34U3MZTBMZYE.SEARCH&ppt=sp&ppn=sp&ssid=s1bs8gqpts0000001728058165386&qH=312f91285e048e09,Infinix Y3 Max Series Intel Core i3 12th Gen 1215U - (8 GB/256 GB SSD/Windows 11 Home) YL613 Thin and ...,Intel Core i3 Processor (12th Gen)8 GB LPDDR4X RAMWindows 11 Operating System256 GB SSD40.64 cm (16 Inch) Display1 Year Onsite Warranty,3.45 Ratings & 1 Reviews,"₹23,990₹44,99046% off",Top Discount of the Sale,46% off
181,https://www.flipkart.com/msi-thin-a15-amd-ryzen-5-hexa-core-7535hs-16-gb-512-gb-ssd-windows-11-home-4-graphics-nvidia-geforce-rtx-2050-144-hz-b7ucx-068in-gaming-laptop/p/itmd6ef7f8cf3768?pid=COMGXMSXZTA8NKTP&lid=LSTCOMGXMSXZTA8NKTPBP1VB6&marketplace=FLIPKART&q=laptop&store=6bo%2Fb5g&srno=s_11_260&otracker=search&otracker1=search&fm=Search&iid=381da23e-150a-41c9-9076-404b9e739060.COMGXMSXZTA8NKTP.SEARCH&ppt=sp&ppn=sp&ssid=s1bs8gqpts0000001728058165386&qH=312f91285e048e09,MSI Thin A15 AMD Ryzen 5 Hexa Core 7535HS - (16 GB/512 GB SSD/Windows 11 Home/4 GB Graphics/NVIDIA GeF...,AMD Ryzen 5 Hexa Core Processor16 GB DDR5 RAMWindows 11 Operating System512 GB SSD39.62 cm (15.6 Inch) Display2 Year Onsite Warranty,4.350 Ratings & 6 Reviews,"₹47,990₹72,99034% off",Top Discount of the Sale,34% off
182,https://www.flipkart.com/asus-vivobook-15-intel-core-i3-12th-gen-1215u-16-gb-512-gb-ssd-windows-11-home-x1504za-nj341ws-thin-light-laptop/p/itm5184c4a666a93?pid=COMH3BKW4YSBUZ5G&lid=LSTCOMH3BKW4YSBUZ5GXTAO6N&marketplace=FLIPKART&q=laptop&store=6bo%2Fb5g&srno=s_2_27&otracker=search&otracker1=search&fm=Search&iid=fe63acbf-65d0-4624-ac5e-4a6ac9ee7a51.COMH3BKW4YSBUZ5G.SEARCH&ppt=sp&ppn=sp&ssid=63rd5siu6o0000001728058144520&qH=312f91285e048e09,ASUS Vivobook 15 Intel Core i3 12th Gen 1215U - (16 GB/512 GB SSD/Windows 11 Home) X1504ZA-NJ341WS Thi...,Intel Core i3 Processor (12th Gen)16 GB DDR4 RAMWindows 11 Home Operating System512 GB SSD39.62 cm (15.6 Inch) Display1 Year Onsite Warranty,"4.35,429 Ratings & 418 Reviews","₹33,990₹54,99038% off",Top Discount of the Sale,38% off
183,https://www.flipkart.com/lenovo-v-series-intel-core-i5-12th-gen-1235u-8-gb-512-gb-ssd-windows-11-home-v15-thin-light-laptop/p/itm5306d92775ab2?pid=COMGT2XHWEEVKU4T&lid=LSTCOMGT2XHWEEVKU4TJMLC82&marketplace=FLIPKART&q=laptop&store=6bo%2Fb5g&srno=s_11_261&otracker=search&otracker1=search&fm=Search&iid=381da23e-150a-41c9-9076-404b9e739060.COMGT2XHWEEVKU4T.SEARCH&ppt=sp&ppn=sp&ssid=s1bs8gqpts0000001728058165386&qH=312f91285e048e09,Lenovo V SERIES Intel Core i5 12th Gen 1235U - (8 GB/512 GB SSD/Windows 11 Home) V15 Thin and Light La...,Intel Core i5 Processor (12th Gen)8 GB DDR4 RAMWindows 11 Operating System512 GB SSD40.64 cm (16 inch) Display1 Year Onsite Warranty,4.154 Ratings & 3 Reviews,"₹40,990₹99,99959% off",Save extra with combo offers,59% off
184,https://www.flipkart.com/lenovo-loq-intel-core-i7-13th-gen-13650hx-24-gb-512-gb-ssd-windows-11-home-8-graphics-nvidia-geforce-rtx-4060-15irx9-gaming-laptop/p/itm894b64c03c360?pid=COMHYXV9QNDKU8KM&lid=LSTCOMHYXV9QNDKU8KMCXUULT&marketplace=FLIPKART&q=laptop&store=6bo%2Fb5g&srno=s_11_262&otracker=search&otracker1=search&fm=Search&iid=381da23e-150a-41c9-9076-404b9e739060.COMHYXV9QNDKU8KM.SEARCH&ppt=sp&ppn=sp&ssid=s1bs8gqpts0000001728058165386&qH=312f91285e048e09,Lenovo LOQ Intel Core i7 13th Gen 13650HX - (24 GB/512 GB SSD/Windows 11 Home/8 GB Graphics/NVIDIA GeF...,Intel Core i7 Processor (13th Gen)24 GB DDR5 RAMWindows 11 Operating System512 GB SSD39.62 cm (15.6 inch) Display1 Year Carry-in Warranty,4.138 Ratings & 3 Reviews,"₹1,06,190₹1,39,29023% off",Save extra with combo offers,23% off
185,https://www.flipkart.com/hp-g8-intel-core-i3-11th-gen-12-16-gb-512-gb-ssd-windows-11-pro-250g8-business-laptop/p/itmf8dced187ae27?pid=COMGX4AQMZY3ZZP5&lid=LSTCOMGX4AQMZY3ZZP5SZM6UH&marketplace=FLIPKART&q=laptop&store=6bo%2Fb5g&srno=s_11_263&otracker=search&otracker1=search&fm=Search&iid=381da23e-150a-41c9-9076-404b9e739060.COMGX4AQMZY3ZZP5.SEARCH&ppt=sp&ppn=sp&ssid=s1bs8gqpts0000001728058165386&qH=312f91285e048e09,HP G8 Intel Core i3 11th Gen 12 gen - (16 GB/512 GB SSD/Windows 11 Pro) 250G8 Business Laptop,Intel Core i3 Processor (11th Gen)16 GB DDR4 RAM64 bit Windows 11 Operating System512 GB SSD39.62 cm (15.6 inch) DisplayMS OFFICE1 year Onsite Warrenty,3.547 Ratings & 1 Reviews,"₹35,749₹74,00051% off",Save extra with combo offers,51% off
186,https://www.flipkart.com/infinix-y4-max-series-intel-core-i5-13th-gen-1335u-16-gb-512-gb-ssd-windows-11-home-yl613-thin-light-laptop/p/itmd28733993c713?pid=COMGWWBRSAFMWR3W&lid=LSTCOMGWWBRSAFMWR3WJIBRUX&marketplace=FLIPKART&q=laptop&store=6bo%2Fb5g&srno=s_11_264&otracker=search&otracker1=search&fm=Search&iid=381da23e-150a-41c9-9076-404b9e739060.COMGWWBRSAFMWR3W.SEARCH&ppt=sp&ppn=sp&ssid=s1bs8gqpts0000001728058165386&qH=312f91285e048e09,Infinix Y4 Max Series Intel Core i5 13th Gen 1335U - (16 GB/512 GB SSD/Windows 11 Home) YL613 Thin and...,Intel Core i5 Processor (13th Gen)16 GB LPDDR4X RAMWindows 11 Operating System512 GB SSD40.64 cm (16 inch) DisplayNA1 Year Onsite Warranty,4.2243 Ratings & 43 Reviews,"₹38,990₹64,99040% off",Top Discount of the Sale,40% off
187,https://www.flipkart.com/lenovo-v15-intel-core-i3-12th-gen-1215u-8-gb-512-gb-ssd-windows-11-home-g3-iap-thin-light-laptop/p/itmf6172499e1c65?pid=COMGZ3SPQHTUNRKG&lid=LSTCOMGZ3SPQHTUNRKG42RG3Q&marketplace=FLIPKART&q=laptop&store=6bo%2Fb5g&srno=s_12_265&otracker=search&otracker1=search&fm=Search&iid=8d689a99-a909-4acd-a563-9b45b991014f.COMGZ3SPQHTUNRKG.SEARCH&ppt=sp&ppn=sp&ssid=hkedksvbtc0000001728058167072&qH=312f91285e048e09,Lenovo V15 Intel Core i3 12th Gen 1215U - (8 GB/512 GB SSD/Windows 11 Home) V15 G3 IAP Thin and Light ...,Intel Core i3 Processor (12th Gen)8 GB DDR4 RAMWindows 11 Operating System512 GB SSD39.62 cm (15.6 Inch) Display1 Year Onsite Warranty,4.1389 Ratings & 20 Reviews,"₹29,990₹58,85349% off",Bank Offer,49% off
188,https://www.flipkart.com/asus-tuf-gaming-f17-ai-powered-intel-core-i5-11th-gen-11400h-8-gb-512-gb-ssd-windows-11-home-4-graphics-nvidia-geforce-rtx-2050-144-hz-70-tgp-fx706hf-hx018w-laptop/p/itmf652967212437?pid=COMGZKHQVMNZXEAH&lid=LSTCOMGZKHQVMNZXEAHYLRJ6N&marketplace=FLIPKART&q=laptop&store=6bo%2Fb5g&srno=s_12_266&otracker=search&otracker1=search&fm=Search&iid=8d689a99-a909-4acd-a563-9b45b991014f.COMGZKHQVMNZXEAH.SEARCH&ppt=sp&ppn=sp&ssid=hkedksvbtc0000001728058167072&qH=312f91285e048e09,ASUS TUF Gaming F17 - AI Powered Gaming Intel Core i5 11th Gen 11400H - (8 GB/512 GB SSD/Windows 11 Ho...,Intel Core i5 Processor (11th Gen)8 GB DDR4 RAMWindows 11 Operating System512 GB SSD43.94 cm (17.3 Inch) Display1 Year Onsite Warranty,4.3851 Ratings & 96 Reviews,"₹48,990₹77,99037% off",Top Discount of the Sale,37% off
189,https://www.flipkart.com/hp-omen-intel-core-i7-14th-gen-14650hx-16-gb-1-tb-ssd-windows-11-home-8-gb-graphics-nvidia-geforce-rtx-4060-16-wf1096tx-gaming-laptop/p/itm98841df0cbbc6?pid=COMHFCEENHGMPUDC&lid=LSTCOMHFCEENHGMPUDCKYD9VS&marketplace=FLIPKART&q=laptop&store=6bo%2Fb5g&srno=s_12_267&otracker=search&otracker1=search&fm=Search&iid=8d689a99-a909-4acd-a563-9b45b991014f.COMHFCEENHGMPUDC.SEARCH&ppt=sp&ppn=sp&ssid=hkedksvbtc0000001728058167072&qH=312f91285e048e09,HP OMEN Intel Core i7 14th Gen 14650HX - (16 GB/1 TB SSD/Windows 11 Home/8 GB Graphics/NVIDIA GeForce ...,Intel Core i7 Processor (14th Gen)16 GB DDR5 RAMWindows 11 Operating System1 TB SSD40.89 cm (16.1 inch) Display1 Year Onsite Warranty,4.325 Ratings & 0 Reviews,"₹1,24,990₹1,57,94520% off",Top Discount of the Sale,20% off
190,https://www.flipkart.com/hp-15s-amd-ryzen-5-quad-core-7520u-8-gb-512-gb-ssd-windows-11-home-15-fc0028au-thin-light-laptop/p/itme3568fa69de98?pid=COMGZ7FRS3ZG6TYB&lid=LSTCOMGZ7FRS3ZG6TYBBMBEYS&marketplace=FLIPKART&q=laptop&store=6bo%2Fb5g&srno=s_12_268&otracker=search&otracker1=search&fm=Search&iid=8d689a99-a909-4acd-a563-9b45b991014f.COMGZ7FRS3ZG6TYB.SEARCH&ppt=sp&ppn=sp&ssid=hkedksvbtc0000001728058167072&qH=312f91285e048e09,HP 15s AMD Ryzen 5 Quad Core 7520U - (8 GB/512 GB SSD/Windows 11 Home) 15-fc0028AU Thin and Light Lapt...,AMD Ryzen 5 Quad Core Processor8 GB DDR4 RAM64 bit Windows 11 Operating System512 GB SSD39.62 cm (15.6 inch) Display1 Year Onsite Warranty,4.287 Ratings & 7 Reviews,"₹38,949₹55,69130% off",Save extra with combo offers,30% off
191,https://www.flipkart.com/msi-thin-a15-amd-ryzen-5-hexa-core-7535hs-16-gb-512-gb-ssd-windows-11-home-4-graphics-nvidia-geforce-rtx-3050-144-hz-b7uc-067in-gaming-laptop/p/itmd0a7e3bdc896c?pid=COMGXMSXNZSJERHE&lid=LSTCOMGXMSXNZSJERHELUC5TJ&marketplace=FLIPKART&q=laptop&store=6bo%2Fb5g&srno=s_12_269&otracker=search&otracker1=search&fm=Search&iid=8d689a99-a909-4acd-a563-9b45b991014f.COMGXMSXNZSJERHE.SEARCH&ppt=sp&ppn=sp&ssid=hkedksvbtc0000001728058167072&qH=312f91285e048e09,MSI Thin A15 AMD Ryzen 5 Hexa Core 7535HS - (16 GB/512 GB SSD/Windows 11 Home/4 GB Graphics/NVIDIA GeF...,AMD Ryzen 5 Hexa Core Processor16 GB DDR5 RAMWindows 11 Operating System512 GB SSD39.62 cm (15.6 Inch) Display2 Year Onsite Warranty,4.310 Ratings & 0 Reviews,"₹52,990₹78,99032% off",Top Discount of the Sale,32% off
192,https://www.flipkart.com/hp-victus-ai-powered-amd-ryzen-7-octa-core-7840hs-16-gb-512-gb-ssd-windows-11-home-6-graphics-nvidia-geforce-rtx-3050-16-s0095ax-gaming-laptop/p/itm64ae9ddc2dec6?pid=COMGS2XZGZHEJEZG&lid=LSTCOMGS2XZGZHEJEZGXWFBYW&marketplace=FLIPKART&q=laptop&store=6bo%2Fb5g&srno=s_12_270&otracker=search&otracker1=search&fm=Search&iid=8d689a99-a909-4acd-a563-9b45b991014f.COMGS2XZGZHEJEZG.SEARCH&ppt=sp&ppn=sp&ssid=hkedksvbtc0000001728058167072&qH=312f91285e048e09,HP Victus AI Powered AMD Ryzen 7 Octa Core 7840HS - (16 GB/512 GB SSD/Windows 11 Home/6 GB Graphics/NV...,AMD Ryzen 7 Octa Core Processor16 GB DDR5 RAM64 bit Windows 11 Operating System512 GB SSD40.89 cm (16.1 Inch) DisplayMicrosoft Office 2021 t1 Year Onsite Warranty,4.4282 Ratings & 20 Reviews,"₹79,999₹96,13616% off",Save extra with combo offers,16% off
193,https://www.flipkart.com/dell-intel-core-i5-12th-gen-1235u-8-gb-512-gb-ssd-windows-11-home-new-inspiron-15-laptop-thin-light/p/itmc80681bb62ed8?pid=COMGJ75HAXTTTV58&lid=LSTCOMGJ75HAXTTTV58DKOUI3&marketplace=FLIPKART&q=laptop&store=6bo%2Fb5g&srno=s_12_271&otracker=search&otracker1=search&fm=Search&iid=8d689a99-a909-4acd-a563-9b45b991014f.COMGJ75HAXTTTV58.SEARCH&ppt=sp&ppn=sp&ssid=hkedksvbtc0000001728058167072&qH=312f91285e048e09,DELL Intel Core i5 12th Gen 1235U - (8 GB/512 GB SSD/Windows 11 Home) New Inspiron 15 Laptop Thin and ...,"Processor: Intel i5-1235U (Base- 3.30 GHz & Turbo up to 4.40 GHz) 10 CoresRAM & Storage: 8GB DDR4 & 512GB SSDGraphics & Keyboard: Integrated & Standard KeyboardDisplay: 15.6"" FHD WVA AG 120Hz 250 nits Narrow BorderIntel Core i5 Processor (12th Gen)8 GB DDR4 RAM64 bit Windows 11 Operating System512 GB SSD38.0 cm (14.96 inch) Display1 Year Onsite Hardware Service",4602 Ratings & 42 Reviews,"₹45,149₹62,62627% off",Save extra with combo offers,27% off
194,https://www.flipkart.com/infinix-gt-book-intel-core-i9-13th-gen-13900h-32-gb-1-tb-ssd-windows-11-home-8-gb-graphics-nvidia-geforce-rtx-4060-90-w-gl613-accessories-box-gaming-laptop/p/itm087656891b2a4?pid=COMHYS44C89EAWCR&lid=LSTCOMHYS44C89EAWCRROVHFR&marketplace=FLIPKART&q=laptop&store=6bo%2Fb5g&srno=s_12_272&otracker=search&otracker1=search&fm=Search&iid=8d689a99-a909-4acd-a563-9b45b991014f.COMHYS44C89EAWCR.SEARCH&ppt=sp&ppn=sp&ssid=hkedksvbtc0000001728058167072&qH=312f91285e048e09,Infinix GT Book Intel Core i9 13th Gen 13900H - (32 GB/1 TB SSD/Windows 11 Home/8 GB Graphics/NVIDIA G...,Intel Core i9 Processor (13th Gen)32 GB LPDDR5X RAMWindows 11 Operating System1 TB SSD40.64 cm (16 inch) DisplayControl Center1 Year Domestic Onsite Warranty On Laptop and 6 Months On Adapter,4.569 Ratings & 8 Reviews,"₹1,09,990₹1,49,99026% off",Save extra with combo offers,26% off
195,https://www.flipkart.com/infinix-y4-max-series-intel-core-i3-13th-gen-1315u-16-gb-512-gb-ssd-windows-11-home-yl613-thin-light-laptop/p/itmac98b9d6dc1d1?pid=COMGWWDHZZPZTGBF&lid=LSTCOMGWWDHZZPZTGBFDOBBF3&marketplace=FLIPKART&q=laptop&store=6bo%2Fb5g&srno=s_12_273&otracker=search&otracker1=search&fm=Search&iid=8d689a99-a909-4acd-a563-9b45b991014f.COMGWWDHZZPZTGBF.SEARCH&ppt=sp&ppn=sp&ssid=hkedksvbtc0000001728058167072&qH=312f91285e048e09,Infinix Y4 Max Series Intel Core i3 13th Gen 1315U - (16 GB/512 GB SSD/Windows 11 Home) YL613 Thin and...,Intel Core i3 Processor (13th Gen)16 GB LPDDR4X RAMWindows 11 Operating System512 GB SSD40.64 cm (16 inch) DisplayNA1 Year Onsite Warranty,4.4112 Ratings & 23 Reviews,"₹32,990₹59,99045% off",Top Discount of the Sale,45% off
196,https://www.flipkart.com/acer-aspire-7-intel-core-i5-13th-gen-13420h-8-gb-512-gb-ssd-windows-11-home-4-graphics-nvidia-geforce-rtx-2050-a715-79g-gaming-laptop/p/itmad408797502e0?pid=COMH3G96CZNHARJZ&lid=LSTCOMH3G96CZNHARJZXFO1SF&marketplace=FLIPKART&q=laptop&store=6bo%2Fb5g&srno=s_12_274&otracker=search&otracker1=search&fm=Search&iid=8d689a99-a909-4acd-a563-9b45b991014f.COMH3G96CZNHARJZ.SEARCH&ppt=sp&ppn=sp&ssid=hkedksvbtc0000001728058167072&qH=312f91285e048e09,Acer Aspire 7 Intel Core i5 13th Gen 13420H - (8 GB/512 GB SSD/Windows 11 Home/4 GB Graphics/NVIDIA Ge...,Intel Core i5 Processor (13th Gen)8 GB DDR4 RAMWindows 11 Operating System512 GB SSD39.62 cm (15.6 Inch) Display1 Year Onsite Warranty,4.5150 Ratings & 3 Reviews,"₹47,990₹79,99940% off",Top Discount of the Sale,40% off
197,https://www.flipkart.com/dell-inspiron-15-backlit-keyboard-intel-core-i3-12th-gen-1215u-8-gb-512-gb-ssd-windows-11-home-3520-thin-light-laptop/p/itmf45e39468014d?pid=COMGUFF7VY7FGWYG&lid=LSTCOMGUFF7VY7FGWYGNRCJSB&marketplace=FLIPKART&q=laptop&store=6bo%2Fb5g&srno=s_12_275&otracker=search&otracker1=search&fm=Search&iid=8d689a99-a909-4acd-a563-9b45b991014f.COMGUFF7VY7FGWYG.SEARCH&ppt=sp&ppn=sp&ssid=hkedksvbtc0000001728058167072&qH=312f91285e048e09,"DELL Inspiron 15 with Backlit Keyboard, Intel Core i3 12th Gen 1215U - (8 GB/512 GB SSD/Windows 11 Hom...",Intel Core i3 Processor (12th Gen)8 GB DDR4 RAM64 bit Windows 11 Operating System512 GB SSD39.62 cm (15.6 Inch) DisplayMicrosoft Office Home & Student 20211 Year Onsite Hardware Service,4.1155 Ratings & 12 Reviews,"₹34,990₹50,52030% off",Lowest price since launch,30% off
198,https://www.flipkart.com/acer-nitro-v-intel-core-i5-13th-gen-13420h-16-gb-512-gb-ssd-windows-11-home-6-graphics-nvidia-geforce-rtx-4050-anv15-51-55b9-gaming-laptop/p/itm967689ee35379?pid=COMGWKF2XXHRGYRE&lid=LSTCOMGWKF2XXHRGYRETFCW2Y&marketplace=FLIPKART&q=laptop&store=6bo%2Fb5g&srno=s_12_276&otracker=search&otracker1=search&fm=Search&iid=8d689a99-a909-4acd-a563-9b45b991014f.COMGWKF2XXHRGYRE.SEARCH&ppt=sp&ppn=sp&ssid=hkedksvbtc0000001728058167072&qH=312f91285e048e09,Acer Nitro V Intel Core i5 13th Gen 13420H - (16 GB/512 GB SSD/Windows 11 Home/6 GB Graphics/NVIDIA Ge...,Intel Core i5 Processor (13th Gen)16 GB DDR5 RAMWindows 11 Operating System512 GB SSD39.62 cm (15.6 Inch) Display1 Year International Travelers Warranty (ITW),4.3172 Ratings & 15 Reviews,"₹74,990₹1,03,99927% off",Top Discount of the Sale,27% off
199,https://www.flipkart.com/acer-travelmate-p2-intel-core-i7-11th-gen-1165g7-16-gb-512-gb-ssd-windows-11-home-tmp214-53-thin-light-laptop/p/itmbf3cfadd715a8?pid=COMGTAFM3SWNSDKU&lid=LSTCOMGTAFM3SWNSDKUHYQOMV&marketplace=FLIPKART&q=laptop&store=6bo%2Fb5g&srno=s_12_277&otracker=search&otracker1=search&fm=Search&iid=8d689a99-a909-4acd-a563-9b45b991014f.COMGTAFM3SWNSDKU.SEARCH&ppt=sp&ppn=sp&ssid=hkedksvbtc0000001728058167072&qH=312f91285e048e09,Acer TravelMate P2 Intel Core i7 11th Gen 1165G7 - (16 GB/512 GB SSD/Windows 11 Home) TMP214-53 Thin a...,Intel Core i7 Processor (11th Gen)16 GB DDR4 RAMWindows 11 Operating System512 GB SSD35.56 cm (14 inch) Display1 Year Onsite Warranty,3.7226 Ratings & 38 Reviews,"₹39,990₹79,99050% off",Lowest price in the year,50% off
200,https://www.flipkart.com/asus-vivobook-15-intel-core-i5-12th-gen-1235u-8-gb-512-gb-ssd-windows-11-home-x1504za-nj521ws-thin-light-laptop/p/itmfee59c6fc485f?pid=COMGQKNYK3S4BZAK&lid=LSTCOMGQKNYK3S4BZAKBHFVYS&marketplace=FLIPKART&q=laptop&store=6bo%2Fb5g&srno=s_12_278&otracker=search&otracker1=search&fm=Search&iid=8d689a99-a909-4acd-a563-9b45b991014f.COMGQKNYK3S4BZAK.SEARCH&ppt=sp&ppn=sp&ssid=hkedksvbtc0000001728058167072&qH=312f91285e048e09,ASUS Vivobook 15 Intel Core i5 12th Gen 1235U - (8 GB/512 GB SSD/Windows 11 Home) X1504ZA-NJ521WS Thin...,Intel Core i5 Processor (12th Gen)8 GB DDR4 RAMWindows 11 Operating System512 GB SSD39.62 cm (15.6 Inch) Display1 Year Onsite Warranty,4.148 Ratings & 4 Reviews,"₹39,890₹69,99043% off",Save extra with combo offers,43% off
201,https://www.flipkart.com/acer-aspire-3-intel-core-i3-12th-gen-1215u-8-gb-512-gb-ssd-windows-11-home-a324-51-thin-light-laptop/p/itm7452347fa2428?pid=COMHY24RJH2YXVPG&lid=LSTCOMHY24RJH2YXVPGTVAAXW&marketplace=FLIPKART&q=laptop&store=6bo%2Fb5g&srno=s_1_4&otracker=search&otracker1=search&iid=6c4eeaba-4e99-4351-9aaf-ba6f4a8b5030.COMHY24RJH2YXVPG.SEARCH&ssid=ufarnn4yrk0000001728058141729&qH=312f91285e048e09,Acer Aspire 3 Intel Core i3 12th Gen 1215U - (8 GB/512 GB SSD/Windows 11 Home) A324-51 Thin and Light ...,Intel Core i3 Processor (12th Gen)8 GB DDR4 RAM64 bit Windows 11 Operating System512 GB SSD35.56 cm (14 Inch) Display1 Year Domestic Warranty,4.2993 Ratings & 73 Reviews,"₹24,999₹43,00041% off",Top Discount of the Sale,41% off
202,https://www.flipkart.com/asus-vivobook-15-intel-core-i5-12th-gen-1235u-16-gb-512-gb-ssd-windows-11-home-x1504za-nj549ws-thin-light-laptop/p/itma5d3e52e600b7?pid=COMHYG8ZPYAZAFTY&lid=LSTCOMHYG8ZPYAZAFTYUFI8OO&marketplace=FLIPKART&q=laptop&store=6bo%2Fb5g&srno=s_2_29&otracker=search&otracker1=search&fm=Search&iid=fe63acbf-65d0-4624-ac5e-4a6ac9ee7a51.COMHYG8ZPYAZAFTY.SEARCH&ppt=sp&ppn=sp&ssid=63rd5siu6o0000001728058144520&qH=312f91285e048e09,ASUS Vivobook 15 Intel Core i5 12th Gen 1235U - (16 GB/512 GB SSD/Windows 11 Home) X1504ZA-NJ549WS Thi...,Intel Core i5 Processor (12th Gen)16 GB DDR4 RAMWindows 11 Operating System512 GB SSD39.62 cm (15.6 Inch) Display1 Year Onsite Warranty,"4.23,055 Ratings & 157 Reviews","₹45,990₹66,99031% off",Save extra with combo offers,31% off
203,https://www.flipkart.com/msi-thin-15-intel-core-i7-12th-gen-12650h-16-gb-1-tb-ssd-windows-11-home-4-gb-graphics-nvidia-geforce-rtx-3050-144-hz-b12uc-1690in-gaming-laptop/p/itm873d48b959f9b?pid=COMGYSFGVXJB3JJP&lid=LSTCOMGYSFGVXJB3JJPDLK7NS&marketplace=FLIPKART&q=laptop&store=6bo%2Fb5g&srno=s_12_279&otracker=search&otracker1=search&fm=Search&iid=8d689a99-a909-4acd-a563-9b45b991014f.COMGYSFGVXJB3JJP.SEARCH&ppt=sp&ppn=sp&ssid=hkedksvbtc0000001728058167072&qH=312f91285e048e09,MSI Thin 15 Intel Core i7 12th Gen 12650H - (16 GB/1 TB SSD/Windows 11 Home/4 GB Graphics/NVIDIA GeFor...,Intel Core i7 Processor (12th Gen)16 GB DDR4 RAMWindows 11 Operating System1 TB SSD39.62 cm (15.6 Inch) Display2 Year Onsite Warranty,4.416 Ratings & 0 Reviews,"₹67,990₹89,99024% off",Top Discount of the Sale,24% off
204,https://www.flipkart.com/acer-aspire-3-intel-celeron-dual-core-n4500-8-gb-512-gb-ssd-windows-11-home-a325-45-thin-light-laptop/p/itm9ca67a1a3ea22?pid=COMH2TPS6RRFKDMH&lid=LSTCOMH2TPS6RRFKDMHYAVKRS&marketplace=FLIPKART&q=laptop&store=6bo%2Fb5g&srno=s_12_280&otracker=search&otracker1=search&fm=Search&iid=8d689a99-a909-4acd-a563-9b45b991014f.COMH2TPS6RRFKDMH.SEARCH&ppt=sp&ppn=sp&ssid=hkedksvbtc0000001728058167072&qH=312f91285e048e09,Acer Aspire 3 Intel Celeron Dual Core N4500 - (8 GB/512 GB SSD/Windows 11 Home) A325-45 Thin and Light...,Intel Celeron Dual Core Processor8 GB LPDDR4X RAMWindows 11 Operating System512 GB SSD39.62 cm (15.6 Inch) Display1 Year Onsite Warranty,3.9526 Ratings & 36 Reviews,"₹22,990₹29,99023% off",Save extra with combo offers,23% off
205,https://www.flipkart.com/acer-swift-go-14-amd-ryzen-7-octa-core-7730u-16-gb-1-tb-ssd-windows-11-home-sfg14-41-thin-light-laptop/p/itm8afd5eeca7e3b?pid=COMH3GFNEFQMQJHV&lid=LSTCOMH3GFNEFQMQJHVV7GSRK&marketplace=FLIPKART&q=laptop&store=6bo%2Fb5g&srno=s_12_281&otracker=search&otracker1=search&fm=Search&iid=8d689a99-a909-4acd-a563-9b45b991014f.COMH3GFNEFQMQJHV.SEARCH&ppt=sp&ppn=sp&ssid=hkedksvbtc0000001728058167072&qH=312f91285e048e09,Acer Swift Go 14 AMD Ryzen 7 Octa Core 7730U - (16 GB/1 TB SSD/Windows 11 Home) SFG14-41 Thin and Ligh...,AMD Ryzen 7 Octa Core Processor16 GB LPDDR4X RAMWindows 11 Operating System1 TB SSD35.56 cm (14 Inch) Display1 Year Carry-in Warranty,4.461 Ratings & 4 Reviews,"₹49,990₹84,99941% off",Top Discount of the Sale,41% off
206,https://www.flipkart.com/lenovo-ideapad-3-intel-core-i3-12th-gen-1215u-8-gb-512-gb-ssd-windows-11-home-14iau7-thin-light-laptop/p/itmce279d207b8b6?pid=COMH44PG8GPKSHBC&lid=LSTCOMH44PG8GPKSHBCHKNO90&marketplace=FLIPKART&q=laptop&store=6bo%2Fb5g&srno=s_12_282&otracker=search&otracker1=search&fm=Search&iid=8d689a99-a909-4acd-a563-9b45b991014f.COMH44PG8GPKSHBC.SEARCH&ppt=sp&ppn=sp&ssid=hkedksvbtc0000001728058167072&qH=312f91285e048e09,Lenovo IdeaPad 3 Intel Core i3 12th Gen 1215U - (8 GB/512 GB SSD/Windows 11 Home) 14IAU7 Thin and Ligh...,Intel Core i3 Processor (12th Gen)8 GB DDR4 RAMWindows 11 Operating System512 GB SSD35.56 cm (14 Inch) Display1 Year Carry-in Warranty,"4.21,372 Ratings & 80 Reviews","₹33,990₹55,19038% off",Top Discount of the Sale,38% off
207,https://www.flipkart.com/acer-travelmate-intel-core-i5-11th-gen-1135g7-16-gb-512-gb-ssd-windows-11-home-tmp214-53-thin-light-laptop/p/itm84fa0bb2fa923?pid=COMGU2D9J8QDJRVG&lid=LSTCOMGU2D9J8QDJRVGTPD4QA&marketplace=FLIPKART&q=laptop&store=6bo%2Fb5g&srno=s_12_283&otracker=search&otracker1=search&fm=Search&iid=8d689a99-a909-4acd-a563-9b45b991014f.COMGU2D9J8QDJRVG.SEARCH&ppt=sp&ppn=sp&ssid=hkedksvbtc0000001728058167072&qH=312f91285e048e09,Acer Travelmate Intel Core i5 11th Gen 1135G7 - (16 GB/512 GB SSD/Windows 11 Home) TMP214-53 Thin and ...,Intel Core i5 Processor (11th Gen)16 GB DDR4 RAMWindows 11 Operating System512 GB SSD35.56 cm (14 inch) Display1 Year Onsite Warranty,3.964 Ratings & 7 Reviews,"₹36,990₹72,35648% off",Save extra with combo offers,48% off
208,https://www.flipkart.com/lenovo-chromebook-mediatek-kompanio-520-4-gb-128-gb-emmc-storage-chrome-os-14m868-laptop/p/itm4dc67999fe3de?pid=COMGSYYSHRSUEGMG&lid=LSTCOMGSYYSHRSUEGMGMSGKUY&marketplace=FLIPKART&q=laptop&store=6bo%2Fb5g&srno=s_12_285&otracker=search&otracker1=search&fm=Search&iid=8d689a99-a909-4acd-a563-9b45b991014f.COMGSYYSHRSUEGMG.SEARCH&ppt=sp&ppn=sp&ssid=hkedksvbtc0000001728058167072&qH=312f91285e048e09,Lenovo Chromebook MediaTek Kompanio 520 - (4 GB/128 GB EMMC Storage/Chrome OS) 14M868 Chromebook Lapto...,MediaTek Kompanio 520 Processor4 GB LPDDR4X RAMChrome Operating System35.56 cm (14 Inch) Display1 Year Carry-in Warranty,3.7258 Ratings & 14 Reviews,"₹12,990₹28,69054% off",Top Discount of the Sale,54% off
209,https://www.flipkart.com/msi-modern-15-intel-core-i5-13th-gen-1335u-16-gb-512-gb-ssd-windows-11-home-b13m-289in-thin-light-laptop/p/itmfb52107481417?pid=COMGMV6VBZFZEH5Y&lid=LSTCOMGMV6VBZFZEH5YZHYJUG&marketplace=FLIPKART&q=laptop&store=6bo%2Fb5g&srno=s_12_286&otracker=search&otracker1=search&fm=Search&iid=8d689a99-a909-4acd-a563-9b45b991014f.COMGMV6VBZFZEH5Y.SEARCH&ppt=sp&ppn=sp&ssid=hkedksvbtc0000001728058167072&qH=312f91285e048e09,MSI Modern 15 Intel Core i5 13th Gen 1335U - (16 GB/512 GB SSD/Windows 11 Home) Modern 15 B13M-289IN T...,Intel Core i5 Processor (13th Gen)16 GB DDR4 RAMWindows 11 Operating System512 GB SSD39.62 cm (15.6 Inch) Display1 Year Onsite Warranty,4.2120 Ratings & 19 Reviews,"₹44,990₹77,99042% off",Top Discount of the Sale,42% off
210,https://www.flipkart.com/dell-intel-core-i5-13th-gen-16-gb-1-tb-ssd-windows-11-home-6-gb-graphics-nvidia-geforce-rtx-3050-g15-5530-gaming-laptop/p/itme3ae9f2792f1a?pid=COMH3GYMBFZ7QJU7&lid=LSTCOMH3GYMBFZ7QJU7AOAMRD&marketplace=FLIPKART&q=laptop&store=6bo%2Fb5g&srno=s_12_287&otracker=search&otracker1=search&fm=Search&iid=8d689a99-a909-4acd-a563-9b45b991014f.COMH3GYMBFZ7QJU7.SEARCH&ppt=sp&ppn=sp&ssid=hkedksvbtc0000001728058167072&qH=312f91285e048e09,DELL Intel Core i5 13th Gen - (16 GB/1 TB SSD/Windows 11 Home/6 GB Graphics/NVIDIA GeForce RTX 3050) G...,Intel Core i5 Processor (13th Gen)16 GB DDR5 RAMWindows 11 Operating System1 TB SSD39.62 cm (15.6 inch) Display1 Year Manufacturer Warranty,4.122 Ratings & 0 Reviews,"₹75,890₹1,06,33128% off",Bank Offer,28% off
211,https://www.flipkart.com/msi-thin-15-intel-core-i7-12th-gen-12650h-16-gb-1-tb-ssd-windows-11-home-4-gb-graphics-nvidia-geforce-rtx-2050-144-hz-b12ucx-1693in-gaming-laptop/p/itma7591f687acd9?pid=COMGZW37ZX66DBHF&lid=LSTCOMGZW37ZX66DBHFGOYMTM&marketplace=FLIPKART&q=laptop&store=6bo%2Fb5g&srno=s_12_288&otracker=search&otracker1=search&fm=Search&iid=8d689a99-a909-4acd-a563-9b45b991014f.COMGZW37ZX66DBHF.SEARCH&ppt=sp&ppn=sp&ssid=hkedksvbtc0000001728058167072&qH=312f91285e048e09,MSI Thin 15 Intel Core i7 12th Gen 12650H - (16 GB/1 TB SSD/Windows 11 Home/4 GB Graphics/NVIDIA GeFor...,Intel Core i7 Processor (12th Gen)16 GB DDR4 RAMWindows 11 Operating System1 TB SSD39.62 cm (15.6 Inch) Display2 Year Onsite Warranty,412 Ratings & 1 Reviews,"₹54,990₹83,99034% off",Lowest price since launch,34% off
212,https://www.flipkart.com/infinix-zerobook-13-intel-core-i9-13th-gen-13900h-32-gb-1-tb-ssd-windows-11-home-zl513-thin-light-laptop/p/itm53866eeb21b65?pid=COMGRFPGYCKFSGZG&lid=LSTCOMGRFPGYCKFSGZGMBU4DX&marketplace=FLIPKART&q=laptop&store=6bo%2Fb5g&srno=s_2_30&otracker=search&otracker1=search&fm=Search&iid=fe63acbf-65d0-4624-ac5e-4a6ac9ee7a51.COMGRFPGYCKFSGZG.SEARCH&ppt=sp&ppn=sp&ssid=63rd5siu6o0000001728058144520&qH=312f91285e048e09,Infinix ZEROBOOK 13 Intel Intel Core i9 13th Gen 13900H - (32 GB/1 TB SSD/Windows 11 Home) ZL513 Thin ...,Intel Core i9 Processor (13th Gen)32 GB LPDDR5X RAMWindows 11 Operating System1 TB SSD39.62 cm (15.6 inch) Display1 Year Onsite Warranty,4926 Ratings & 142 Reviews,"₹64,990₹1,49,90056% off",Save extra with combo offers,56% off
213,https://www.flipkart.com/lenovo-ideapad-flex-5-intel-core-i7-13th-gen-1355u-16-gb-512-gb-ssd-windows-11-home-14iru8-2-1-laptop/p/itm0f70cd3206d27?pid=COMGRU9ZRTYBGZ6F&lid=LSTCOMGRU9ZRTYBGZ6FMMAQXL&marketplace=FLIPKART&q=laptop&store=6bo%2Fb5g&srno=s_13_289&otracker=search&otracker1=search&fm=Search&iid=5b598b3a-c9ac-4898-955c-9b36bdda43d6.COMGRU9ZRTYBGZ6F.SEARCH&ppt=sp&ppn=sp&ssid=4ovt5hd0fk0000001728058169514&qH=312f91285e048e09,Lenovo IdeaPad Flex 5 Intel Core i7 13th Gen 1355U - (16 GB/512 GB SSD/Windows 11 Home) 14IRU8 2 in 1 ...,Intel Core i7 Processor (13th Gen)16 GB LPDDR4X RAMWindows 11 Operating System512 GB SSD35.56 cm (14 Inch) Touchscreen DisplayMicrosoft Office Home & Student 20211 Year Carry-in Warranty,4.627 Ratings & 1 Reviews,"₹82,890₹1,21,69031% off",Save extra with combo offers,31% off
214,https://www.flipkart.com/infinix-y3-max-series-intel-core-i3-12th-gen-1215u-16-gb-512-gb-ssd-windows-11-home-yl613-thin-light-laptop/p/itmcf5ecc45fd074?pid=COMH34U3S8MRPGXU&lid=LSTCOMH34U3S8MRPGXUSLNK0U&marketplace=FLIPKART&q=laptop&store=6bo%2Fb5g&srno=s_13_290&otracker=search&otracker1=search&fm=Search&iid=5b598b3a-c9ac-4898-955c-9b36bdda43d6.COMH34U3S8MRPGXU.SEARCH&ppt=sp&ppn=sp&ssid=4ovt5hd0fk0000001728058169514&qH=312f91285e048e09,Infinix Y3 Max Series Intel Core i3 12th Gen 1215U - (16 GB/512 GB SSD/Windows 11 Home) YL613 Thin and...,Intel Core i3 Processor (12th Gen)16 GB LPDDR4X RAMWindows 11 Operating System512 GB SSD40.64 cm (16 Inch) Display1 Year Onsite Warranty,3.39 Ratings & 2 Reviews,"₹27,990₹59,99053% off",Top Discount of the Sale,53% off
215,https://www.flipkart.com/hp-pavilion-aero-amd-ryzen-5-hexa-core-7535u-16-gb-512-gb-ssd-windows-11-home-13-be2056au-thin-light-laptop/p/itm1d02741b7e06e?pid=COMGNGEBJTGS365F&lid=LSTCOMGNGEBJTGS365F2VJD9O&marketplace=FLIPKART&q=laptop&store=6bo%2Fb5g&srno=s_13_291&otracker=search&otracker1=search&fm=Search&iid=5b598b3a-c9ac-4898-955c-9b36bdda43d6.COMGNGEBJTGS365F.SEARCH&ppt=sp&ppn=sp&ssid=4ovt5hd0fk0000001728058169514&qH=312f91285e048e09,HP Pavilion Aero AMD Ryzen 5 Hexa Core 7535U - (16 GB/512 GB SSD/Windows 11 Home) 13-BE2056AU Thin and...,AMD Ryzen 5 Hexa Core Processor16 GB LPDDR5 RAMWindows 11 Operating System512 GB SSD33.78 cm (13.3 Inch) Display1 Year Onsite Warranty,4.3280 Ratings & 33 Reviews,"₹69,990₹80,31412% off",Save extra with combo offers,12% off
216,https://www.flipkart.com/asus-vivobook-15-backlit-keyboard-intel-core-i5-13th-gen-1335u-8-gb-512-gb-ssd-windows-11-home-x1504va-nj521ws-thin-light-laptop/p/itmbdf448415bf3b?pid=COMGZDQJ8RVSQZE8&lid=LSTCOMGZDQJ8RVSQZE8G3WDIQ&marketplace=FLIPKART&q=laptop&store=6bo%2Fb5g&srno=s_13_292&otracker=search&otracker1=search&fm=Search&iid=5b598b3a-c9ac-4898-955c-9b36bdda43d6.COMGZDQJ8RVSQZE8.SEARCH&ppt=sp&ppn=sp&ssid=4ovt5hd0fk0000001728058169514&qH=312f91285e048e09,"ASUS Vivobook 15, with Backlit Keyboard, Intel Core i5 13th Gen 1335U - (8 GB/512 GB SSD/Windows 11 Ho...",Intel Core i5 Processor (13th Gen)8 GB DDR4 RAMWindows 11 Operating System512 GB SSD39.62 cm (15.6 Inch) Display1 Year Onsite Warranty,57 Ratings & 0 Reviews,"₹47,990₹74,99036% off","Upto ₹28,000 Off on Exchange",36% off
217,https://www.flipkart.com/hp-245-g9-silver-amd-ryzen-5-hexa-core-5625u-8-gb-512-gb-ssd-windows-11-home-laptop/p/itm6e18751dd2c35?pid=COMH39AT4QUGQPFT&lid=LSTCOMH39AT4QUGQPFTZFO2BG&marketplace=FLIPKART&q=laptop&store=6bo%2Fb5g&srno=s_13_293&otracker=search&otracker1=search&fm=Search&iid=5b598b3a-c9ac-4898-955c-9b36bdda43d6.COMH39AT4QUGQPFT.SEARCH&ppt=sp&ppn=sp&ssid=4ovt5hd0fk0000001728058169514&qH=312f91285e048e09,HP 245 G9 Silver AMD Ryzen 5 Hexa Core 5625U - (8 GB/512 GB SSD/Windows 11 Home) 245 G9 Laptop,AMD Ryzen 5 Hexa Core Processor8 GB DDR4 RAM64 bit Windows 11 Operating System512 GB SSD35.81 cm (14.1 inch) DisplayWindows 111 year onsite warranty,4.73 Ratings & 1 Reviews,"₹30,999₹39,99022% off",Save extra with combo offers,22% off
218,https://www.flipkart.com/lenovo-legion-5-intel-core-i7-13th-gen-13650hx-24-gb-512-gb-ssd-windows-11-home-8-graphics-nvidia-geforce-rtx-4060-15irx9-gaming-laptop/p/itm591a1e64b6eb5?pid=COMH44PGRKK8XHWF&lid=LSTCOMH44PGRKK8XHWFRUZTCO&marketplace=FLIPKART&q=laptop&store=6bo%2Fb5g&srno=s_13_294&otracker=search&otracker1=search&fm=Search&iid=5b598b3a-c9ac-4898-955c-9b36bdda43d6.COMH44PGRKK8XHWF.SEARCH&ppt=sp&ppn=sp&ssid=4ovt5hd0fk0000001728058169514&qH=312f91285e048e09,Lenovo Legion 5 Intel Core i7 13th Gen 13650HX - (24 GB/512 GB SSD/Windows 11 Home/8 GB Graphics/NVIDI...,Intel Core i7 Processor (13th Gen)24 GB DDR5 RAMWindows 11 Operating System512 GB SSD39.62 cm (15.6 Inch) Display1 Year Carry-in Warranty,4.635 Ratings & 5 Reviews,"₹1,15,990₹1,74,89033% off",Top Discount of the Sale,33% off
219,https://www.flipkart.com/lenovo-intel-core-i5-13th-gen-1355u-16-gb-512-gb-ssd-windows-11-home-thinkbook-16-g6-irl-5-thin-light-laptop/p/itm47fe85bf028f3?pid=COMGZGWU5PTFWPCM&lid=LSTCOMGZGWU5PTFWPCM3INKC7&marketplace=FLIPKART&q=laptop&store=6bo%2Fb5g&srno=s_13_295&otracker=search&otracker1=search&fm=Search&iid=5b598b3a-c9ac-4898-955c-9b36bdda43d6.COMGZGWU5PTFWPCM.SEARCH&ppt=sp&ppn=sp&ssid=4ovt5hd0fk0000001728058169514&qH=312f91285e048e09,Lenovo Intel Core i5 13th Gen 1355U - (16 GB/512 GB SSD/Windows 11 Home) THINKBOOK 16 G6 IRL 5 Thin an...,Intel Core i5 Processor (13th Gen)16 GB DDR5 RAMWindows 11 Operating System512 GB SSD40.64 cm (16 Inch) Display1 Year Onsite warranty,4.132 Ratings & 3 Reviews,"₹56,990₹97,20041% off",Save extra with combo offers,41% off
220,https://www.flipkart.com/lenovo-legion-slim-5-ai-powered-amd-ryzen-7-octa-core-7840hs-16-gb-512-gb-ssd-windows-11-home-6-graphics-nvidia-geforce-rtx-4050-16aph8-gaming-laptop/p/itm244a900efce6a?pid=COMGSVFE3SQMGPVZ&lid=LSTCOMGSVFE3SQMGPVZALGWRR&marketplace=FLIPKART&q=laptop&store=6bo%2Fb5g&srno=s_13_296&otracker=search&otracker1=search&fm=Search&iid=5b598b3a-c9ac-4898-955c-9b36bdda43d6.COMGSVFE3SQMGPVZ.SEARCH&ppt=sp&ppn=sp&ssid=4ovt5hd0fk0000001728058169514&qH=312f91285e048e09,Lenovo Legion Slim 5 AI Powered AMD Ryzen 7 Octa Core 7840HS - (16 GB/512 GB SSD/Windows 11 Home/6 GB ...,AMD Ryzen 7 Octa Core Processor16 GB DDR5 RAMWindows 11 Operating System512 GB SSD40.64 cm (16 inch) Display1Yr Warranty + 1 Yr Legion Ultimate Support and 1 Yr Accidental Damage Protection,4.141 Ratings & 4 Reviews,"₹1,00,190₹1,53,89034% off",Save extra with combo offers,34% off
221,https://www.flipkart.com/msi-thin-15-intel-core-i5-12th-gen-12450h-16-gb-512-gb-ssd-windows-11-home-4-graphics-nvidia-geforce-rtx-2050-144-hz-b12ucx-1695in-gaming-laptop/p/itm41b49435a187d?pid=COMGYSFG4WHPVAVZ&lid=LSTCOMGYSFG4WHPVAVZ6L3G5Q&marketplace=FLIPKART&q=laptop&store=6bo%2Fb5g&srno=s_2_31&otracker=search&otracker1=search&fm=Search&iid=fe63acbf-65d0-4624-ac5e-4a6ac9ee7a51.COMGYSFG4WHPVAVZ.SEARCH&ppt=sp&ppn=sp&ssid=63rd5siu6o0000001728058144520&qH=312f91285e048e09,MSI Thin 15 Intel Core i5 12th Gen 12450H - (16 GB/512 GB SSD/Windows 11 Home/4 GB Graphics/NVIDIA GeF...,Intel Core i5 Processor (12th Gen)16 GB DDR4 RAMWindows 11 Operating System512 GB SSD39.62 cm (15.6 Inch) Display2 Year Onsite Warranty,4.3542 Ratings & 50 Reviews,"₹45,990₹70,99035% off",Top Discount of the Sale,35% off
222,https://www.flipkart.com/hp-pavilion-intel-core-ultra-5-125u-16-gb-1-tb-ssd-windows-11-home-16-af0056tu-thin-light-laptop/p/itmb12a25b64f62b?pid=COMH4KYWQJYGZF2Z&lid=LSTCOMH4KYWQJYGZF2ZSWFIBP&marketplace=FLIPKART&q=laptop&store=6bo%2Fb5g&srno=s_13_297&otracker=search&otracker1=search&fm=Search&iid=5b598b3a-c9ac-4898-955c-9b36bdda43d6.COMH4KYWQJYGZF2Z.SEARCH&ppt=sp&ppn=sp&ssid=4ovt5hd0fk0000001728058169514&qH=312f91285e048e09,HP Pavilion Intel Core Ultra 5 125U - (16 GB/1 TB SSD/Windows 11 Home) 16-af0056TU Thin and Light Lapt...,Intel Core Ultra 5 Processor16 GB LPDDR5 RAMWindows 11 Operating System1 TB SSD40.64 cm (16 inch) Display1 Year Onsite Warranty,4.517 Ratings & 1 Reviews,"₹72,999₹92,08320% off",Top Discount of the Sale,20% off
223,https://www.flipkart.com/acer-one-14-amd-ryzen-3-dual-core-3250u-8-gb-512-gb-ssd-windows-11-home-z2-493-thin-light-laptop/p/itm283f44123aab0?pid=COMGTR89NPGW2NX3&lid=LSTCOMGTR89NPGW2NX33CQOGX&marketplace=FLIPKART&q=laptop&store=6bo%2Fb5g&srno=s_13_298&otracker=search&otracker1=search&fm=Search&iid=5b598b3a-c9ac-4898-955c-9b36bdda43d6.COMGTR89NPGW2NX3.SEARCH&ppt=sp&ppn=sp&ssid=4ovt5hd0fk0000001728058169514&qH=312f91285e048e09,Acer One 14 AMD Ryzen 3 Dual Core 3250U - (8 GB/512 GB SSD/Windows 11 Home) Z2-493 Thin and Light Lapt...,AMD Ryzen 3 Dual Core Processor8 GB DDR4 RAMWindows 11 Operating System512 GB SSD35.56 cm (14 inch) Display1 Year Onsite Warranty,4555 Ratings & 59 Reviews,"₹24,690₹39,99938% off",Save extra with combo offers,38% off
224,https://www.flipkart.com/asus-vivobook-go-14-intel-celeron-dual-core-n4500-8-gb-256-gb-ssd-windows-11-home-e410ka-ek013w-thin-light-laptop/p/itmae536e3b5063e?pid=COMGSV58NSJBF6JK&lid=LSTCOMGSV58NSJBF6JK1ZIFNO&marketplace=FLIPKART&q=laptop&store=6bo%2Fb5g&srno=s_13_299&otracker=search&otracker1=search&fm=Search&iid=5b598b3a-c9ac-4898-955c-9b36bdda43d6.COMGSV58NSJBF6JK.SEARCH&ppt=sp&ppn=sp&ssid=4ovt5hd0fk0000001728058169514&qH=312f91285e048e09,ASUS Vivobook Go 14 Intel Celeron Dual Core N4500 - (8 GB/256 GB SSD/Windows 11 Home) E410KA-EK013W Th...,Intel Celeron Dual Core Processor8 GB DDR4 RAMWindows 11 Operating System256 GB SSD35.56 cm (14 inch) Display1 Year Onsite Warranty,4973 Ratings & 58 Reviews,"₹23,100₹36,99037% off",Save extra with combo offers,37% off
225,https://www.flipkart.com/hp-g8-series-intel-core-i5-11th-gen-intel-core-i5-1135g-8-gb-512-gb-ssd-windows-11-home-240-business-laptop/p/itm33d4cc5f63e12?pid=COMGMU7XEJNDNFNV&lid=LSTCOMGMU7XEJNDNFNV5O5W9R&marketplace=FLIPKART&q=laptop&store=6bo%2Fb5g&srno=s_13_300&otracker=search&otracker1=search&fm=Search&iid=5b598b3a-c9ac-4898-955c-9b36bdda43d6.COMGMU7XEJNDNFNV.SEARCH&ppt=sp&ppn=sp&ssid=4ovt5hd0fk0000001728058169514&qH=312f91285e048e09,HP G8 Series Intel Core i5 11th Gen Intel® Core™ i5-1135G - (8 GB/512 GB SSD/Windows 11 Home) 240 G8 B...,Intel Core i5 Processor (11th Gen)8 GB DDR4 RAM64 bit Windows 11 Operating System512 GB SSD35.56 cm (14 inch) DisplayNA1 Year Onsite  Domestic Warranty,3.989 Ratings & 4 Reviews,"₹36,999₹64,94743% off",Top Discount of the Sale,43% off
226,https://www.flipkart.com/dell-amd-ryzen-5-hexa-core-5500u-8-gb-512-gb-ssd-windows-11-home-vostro-3525-laptop/p/itm7fef3d69de76e?pid=COMGTQXETKD2UQHR&lid=LSTCOMGTQXETKD2UQHROJEGQH&marketplace=FLIPKART&q=laptop&store=6bo%2Fb5g&srno=s_13_301&otracker=search&otracker1=search&fm=Search&iid=5b598b3a-c9ac-4898-955c-9b36bdda43d6.COMGTQXETKD2UQHR.SEARCH&ppt=sp&ppn=sp&ssid=4ovt5hd0fk0000001728058169514&qH=312f91285e048e09,DELL AMD Ryzen 5 Hexa Core 5500U - (8 GB/512 GB SSD/Windows 11 Home) Vostro 3525 Laptop,AMD Ryzen 5 Hexa Core Processor8 GB DDR4 RAMWindows 11 Operating System512 GB SSD39.62 cm (15.6 Inch) Display1 Year Onsite Hardware Service,449 Ratings & 6 Reviews,"₹34,990₹49,47729% off",Lowest price since launch,29% off
227,https://www.flipkart.com/msi-crosshair-16-hx-intel-core-i7-14th-gen-14700hx-32-gb-1-tb-ssd-windows-11-home-8-gb-graphics-nvidia-geforce-rtx-4070-240-hz-d14vgkg-205in-gaming-laptop/p/itmb985a281dcc19?pid=COMGYSGNQMEUBZEC&lid=LSTCOMGYSGNQMEUBZEC4J2TIZ&marketplace=FLIPKART&q=laptop&store=6bo%2Fb5g&srno=s_13_302&otracker=search&otracker1=search&fm=Search&iid=5b598b3a-c9ac-4898-955c-9b36bdda43d6.COMGYSGNQMEUBZEC.SEARCH&ppt=sp&ppn=sp&ssid=4ovt5hd0fk0000001728058169514&qH=312f91285e048e09,MSI Crosshair 16 HX Intel Core i7 14th Gen 14700HX - (32 GB/1 TB SSD/Windows 11 Home/8 GB Graphics/NVI...,Intel Core i7 Processor (14th Gen)32 GB DDR5 RAMWindows 11 Operating System1 TB SSD40.64 cm (16 Inch) Display2 Year Onsite Warranty,4.617 Ratings & 2 Reviews,"₹1,49,990₹1,93,99022% off",Save extra with combo offers,22% off
228,https://www.flipkart.com/acer-aspire-lite-amd-ryzen-3-quad-core-5300u-8-gb-256-gb-ssd-windows-11-home-al15-41-thin-light-laptop/p/itmdbc29b882b76c?pid=COMH2TPSVSGUVKY4&lid=LSTCOMH2TPSVSGUVKY4MJENVA&marketplace=FLIPKART&q=laptop&store=6bo%2Fb5g&srno=s_13_303&otracker=search&otracker1=search&fm=Search&iid=5b598b3a-c9ac-4898-955c-9b36bdda43d6.COMH2TPSVSGUVKY4.SEARCH&ppt=sp&ppn=sp&ssid=4ovt5hd0fk0000001728058169514&qH=312f91285e048e09,Acer Aspire Lite AMD Ryzen 3 Quad Core 5300U - (8 GB/256 GB SSD/Windows 11 Home) AL15-41 Thin and Ligh...,AMD Ryzen 3 Quad Core Processor8 GB DDR4 RAMWindows 11 Operating System256 GB SSD39.62 cm (15.6 Inch) Display1 Year Carry-in Warranty,4.212 Ratings & 0 Reviews,"₹25,990₹44,99042% off",Save extra with combo offers,42% off
229,https://www.flipkart.com/hp-intel-core-i5-13th-gen-1334u-16-gb-512-gb-ssd-windows-11-home-15-fd0315tu-thin-light-laptop/p/itm01c07721bb10b?pid=COMH2FFGSTXTR8ZB&lid=LSTCOMH2FFGSTXTR8ZBNMPF3U&marketplace=FLIPKART&q=laptop&store=6bo%2Fb5g&srno=s_13_304&otracker=search&otracker1=search&fm=Search&iid=5b598b3a-c9ac-4898-955c-9b36bdda43d6.COMH2FFGSTXTR8ZB.SEARCH&ppt=sp&ppn=sp&ssid=4ovt5hd0fk0000001728058169514&qH=312f91285e048e09,HP Intel Core i5 13th Gen 1334U - (16 GB/512 GB SSD/Windows 11 Home) 15-fd0315TU Thin and Light Laptop,Intel Core i5 Processor (13th Gen)16 GB DDR4 RAMWindows 11 Operating System512 GB SSD39.62 cm (15.6 Inch) Display1 Year Onsite Warranty,3.37 Ratings & 0 Reviews,"₹53,999₹71,77324% off",Top Discount of the Sale,24% off
230,https://www.flipkart.com/acer-aspire-3-intel-core-i5-12th-gen-1235u-8-gb-512-gb-ssd-windows-11-home-a315-59-50cp-thin-light-laptop/p/itmb8e9fbe22f575?pid=COMGHR2J6FPYX8CB&lid=LSTCOMGHR2J6FPYX8CB4RLF2N&marketplace=FLIPKART&q=laptop&store=6bo%2Fb5g&srno=s_13_305&otracker=search&otracker1=search&fm=Search&iid=5b598b3a-c9ac-4898-955c-9b36bdda43d6.COMGHR2J6FPYX8CB.SEARCH&ppt=sp&ppn=sp&ssid=4ovt5hd0fk0000001728058169514&qH=312f91285e048e09,Acer Aspire 3 Intel Core i5 12th Gen 1235U - (8 GB/512 GB SSD/Windows 11 Home) A315-59-50CP Thin and L...,Intel Core i5 Processor (12th Gen)8 GB DDR4 RAM64 bit Windows 11 Operating System512 GB SSD39.62 cm (15.6 inch) Display1 Year International Travelers Warranty (ITW),4770 Ratings & 59 Reviews,"₹39,990₹59,99033% off",Bank Offer,33% off
231,https://www.flipkart.com/dell-intel-core-i3-13th-gen-8-gb-512-gb-ssd-windows-11-home-3530-thin-light-laptop/p/itme37811760d94c?pid=COMGQN94CKCN3EYH&lid=LSTCOMGQN94CKCN3EYHI6XXHR&marketplace=FLIPKART&q=laptop&store=6bo%2Fb5g&srno=s_13_306&otracker=search&otracker1=search&fm=Search&iid=5b598b3a-c9ac-4898-955c-9b36bdda43d6.COMGQN94CKCN3EYH.SEARCH&ppt=sp&ppn=sp&ssid=4ovt5hd0fk0000001728058169514&qH=312f91285e048e09,DELL Intel Core i3 13th Gen - (8 GB/512 GB SSD/Windows 11 Home) 3530 Thin and Light Laptop,Intel Core i3 Processor (13th Gen)8 GB DDR4 RAMWindows 11 Operating System512 GB SSD39.62 cm (15.6 inch) Display1 year domestic warranty,4.242 Ratings & 7 Reviews,"₹36,990₹51,75928% off",Lowest price since launch,28% off
232,https://www.flipkart.com/hp-victus-intel-core-i5-12th-gen-16-gb-512-gb-ssd-windows-11-home-4-graphics-nvidia-geforce-rtx-2050-15-fa1351tx-gaming-laptop/p/itm9ad6649afe111?pid=COMHY8KVNMU2S5QQ&lid=LSTCOMHY8KVNMU2S5QQSFQYGS&marketplace=FLIPKART&q=laptop&store=6bo%2Fb5g&srno=s_2_32&otracker=search&otracker1=search&fm=Search&iid=fe63acbf-65d0-4624-ac5e-4a6ac9ee7a51.COMHY8KVNMU2S5QQ.SEARCH&ppt=sp&ppn=sp&ssid=63rd5siu6o0000001728058144520&qH=312f91285e048e09,HP Victus Intel Core i5 12th Gen - (16 GB/512 GB SSD/Windows 11 Home/4 GB Graphics/NVIDIA GeForce RTX ...,Intel Core i5 Processor (12th Gen)16 GB DDR4 RAMWindows 11 Operating System512 GB SSD39.62 cm (15.6 inch) Display1 Year Onsite Warranty,"4.41,271 Ratings & 59 Reviews","₹55,990₹76,35426% off",Top Discount of the Sale,26% off
233,https://www.flipkart.com/apple-macbook-air-m2-8-gb-512-gb-ssd-mac-os-monterey-mly03hn-a/p/itm63afd154c22ff?pid=COMGFB2GTM7MMJYN&lid=LSTCOMGFB2GTM7MMJYNIHQHMG&marketplace=FLIPKART&q=laptop&store=6bo%2Fb5g&srno=s_13_307&otracker=search&otracker1=search&fm=Search&iid=5b598b3a-c9ac-4898-955c-9b36bdda43d6.COMGFB2GTM7MMJYN.SEARCH&ppt=sp&ppn=sp&ssid=4ovt5hd0fk0000001728058169514&qH=312f91285e048e09,Apple MacBook AIR Apple M2 - (8 GB/512 GB SSD/Mac OS Monterey) MLY03HN/A,"Apple M2 Processor8 GB Unified Memory RAMMac OS Operating System512 GB SSD34.54 cm (13.6 Inch) DisplayBuilt-in Apps: iMovie, Siri, GarageBand, Pages, Numbers, Photos, Keynote, Safari, Mail, FaceTime, Messages, Maps, Stocks, Home, Voice Memos, Notes, Calendar, Contacts, Reminders, Photo Booth, Preview, Books, App Store, Time Machine, TV, Music, Podcasts, Find My, QuickTime Player1 Year Limited Warra­nty","4.710,407 Ratings & 627 Reviews","₹96,990₹1,19,90019% off",Lowest price in the year,19% off
234,https://www.flipkart.com/acer-alg-intel-core-i5-12th-gen-12450h-16-gb-512-gb-ssd-windows-11-home-6-graphics-nvidia-geforce-rtx-3050-al15g-52-gaming-laptop/p/itm3d796e664c648?pid=COMH2TPSHDMYYGYA&lid=LSTCOMH2TPSHDMYYGYAVCIG8J&marketplace=FLIPKART&q=laptop&store=6bo%2Fb5g&srno=s_13_308&otracker=search&otracker1=search&fm=Search&iid=5b598b3a-c9ac-4898-955c-9b36bdda43d6.COMH2TPSHDMYYGYA.SEARCH&ppt=sp&ppn=sp&ssid=4ovt5hd0fk0000001728058169514&qH=312f91285e048e09,Acer ALG Intel Core i5 12th Gen 12450H - (16 GB/512 GB SSD/Windows 11 Home/6 GB Graphics/NVIDIA GeForc...,Intel Core i5 Processor (12th Gen)16 GB DDR4 RAMWindows 11 Operating System512 GB SSD39.62 cm (15.6 Inch) Display1 Year Onsite Warranty,4.212 Ratings & 1 Reviews,"₹62,990₹79,99021% off",Bank Offer,21% off
235,https://www.flipkart.com/asus-tuf-gaming-a15-amd-ryzen-7-octa-core-7435hs-16-gb-512-gb-ssd-windows-11-home-6-graphics-nvidia-geforce-rtx-4050-fa507nur-lp082w-laptop/p/itmc6ca6f861b082?pid=COMH2XBQSRKDXZMC&lid=LSTCOMH2XBQSRKDXZMCIHNGPM&marketplace=FLIPKART&q=laptop&store=6bo%2Fb5g&srno=s_13_309&otracker=search&otracker1=search&fm=Search&iid=5b598b3a-c9ac-4898-955c-9b36bdda43d6.COMH2XBQSRKDXZMC.SEARCH&ppt=sp&ppn=sp&ssid=4ovt5hd0fk0000001728058169514&qH=312f91285e048e09,ASUS TUF Gaming A15 AMD Ryzen 7 Octa Core 7435HS - (16 GB/512 GB SSD/Windows 11 Home/6 GB Graphics/NVI...,AMD Ryzen 7 Octa Core Processor16 GB DDR5 RAMWindows 11 Operating System512 GB SSD39.62 cm (15.6 Inch) Display1 Year Onsite Warranty,53 Ratings & 0 Reviews,"₹79,999₹1,07,99025% off",Top Discount of the Sale,25% off
236,https://www.flipkart.com/dell-intel-core-i5-13th-gen-1334u-16-gb-512-gb-ssd-windows-11-home-vostro-3530-thin-light-laptop/p/itm004d57924c22f?pid=COMHF2JYNVUNJ4NM&lid=LSTCOMHF2JYNVUNJ4NMNZQKAL&marketplace=FLIPKART&q=laptop&store=6bo%2Fb5g&srno=s_13_311&otracker=search&otracker1=search&fm=Search&iid=5b598b3a-c9ac-4898-955c-9b36bdda43d6.COMHF2JYNVUNJ4NM.SEARCH&ppt=sp&ppn=sp&ssid=4ovt5hd0fk0000001728058169514&qH=312f91285e048e09,DELL Intel Core i5 13th Gen 1334U - (16 GB/512 GB SSD/Windows 11 Home) Vostro 3530 Thin and Light Lapt...,Intel Core i5 Processor (13th Gen)16 GB DDR4 RAMWindows 11 Operating System512 GB SSD39.62 cm (15.6 Inch) Display1 Year Onsite Hardware Service,3.511 Ratings & 0 Reviews,"₹54,990₹70,76122% off",Bank Offer,22% off
237,https://www.flipkart.com/apple-macbook-air-m2-8-gb-512-gb-ssd-mac-os-monterey-mlxx3hn-a/p/itmc71e4371af436?pid=COMGFB2GNWNN9DN8&lid=LSTCOMGFB2GNWNN9DN8OLT676&marketplace=FLIPKART&q=laptop&store=6bo%2Fb5g&srno=s_13_312&otracker=search&otracker1=search&fm=Search&iid=5b598b3a-c9ac-4898-955c-9b36bdda43d6.COMGFB2GNWNN9DN8.SEARCH&ppt=sp&ppn=sp&ssid=4ovt5hd0fk0000001728058169514&qH=312f91285e048e09,Apple MacBook AIR Apple M2 - (8 GB/512 GB SSD/Mac OS Monterey) MLXX3HN/A,"Apple M2 Processor8 GB Unified Memory RAMMac OS Operating System512 GB SSD34.54 cm (13.6 Inch) DisplayBuilt-in Apps: iMovie, Siri, GarageBand, Pages, Numbers, Photos, Keynote, Safari, Mail, FaceTime, Messages, Maps, Stocks, Home, Voice Memos, Notes, Calendar, Contacts, Reminders, Photo Booth, Preview, Books, App Store, Time Machine, TV, Music, Podcasts, Find My, QuickTime Player1 Year Limited Warra­nty","4.710,407 Ratings & 627 Reviews","₹96,990₹1,19,90019% off",Lowest price in the year,19% off
238,https://www.flipkart.com/msi-modern-14-intel-core-i3-12th-gen-1215u-8-gb-512-gb-ssd-windows-11-home-c12m-445in-c12mo-1022in-thin-light-laptop/p/itmb89b094346d15?pid=COMGMV6VQPNPGCBW&lid=LSTCOMGMV6VQPNPGCBWBS1ZKN&marketplace=FLIPKART&q=laptop&store=6bo%2Fb5g&srno=s_14_313&otracker=search&otracker1=search&fm=Search&iid=05a41361-7cf6-445a-98e9-1126b313f2eb.COMGMV6VQPNPGCBW.SEARCH&ppt=sp&ppn=sp&ssid=u30cx24hy80000001728058172219&qH=312f91285e048e09,MSI Modern 14 Intel Core i3 12th Gen 1215U - (8 GB/512 GB SSD/Windows 11 Home) Modern 14 C12M-445IN / ...,Intel Core i3 Processor (12th Gen)8 GB DDR4 RAMWindows 11 Operating System512 GB SSD35.56 cm (14 Inch) Display1 Year Onsite Warranty,4.3975 Ratings & 103 Reviews,"₹28,990₹44,99035% off",Top Discount of the Sale,35% off
239,https://www.flipkart.com/hp-245g9-silver-amd-ryzen-3-dual-core-3rd-gen-3250u-8-gb-512-gb-ssd-windows-11-home-245-g8-business-laptop/p/itm52c7979532118?pid=COMGHKTNCWKGCSB6&lid=LSTCOMGHKTNCWKGCSB6JW2ZXP&marketplace=FLIPKART&q=laptop&store=6bo%2Fb5g&srno=s_14_314&otracker=search&otracker1=search&fm=Search&iid=05a41361-7cf6-445a-98e9-1126b313f2eb.COMGHKTNCWKGCSB6.SEARCH&ppt=sp&ppn=sp&ssid=u30cx24hy80000001728058172219&qH=312f91285e048e09,HP 245G9 Silver AMD Ryzen 3 Dual Core 3rd Gen AMD Ryzen 3 3250U - (8 GB/512 GB SSD/Windows 11 Home) 24...,AMD Ryzen 3 Dual Core Processor (3rd Gen)8 GB DDR4 RAMWindows 11 Operating System512 GB SSD35.56 cm (14 inch) DisplayNA1 Year Onsite Warranty,4.177 Ratings & 6 Reviews,"₹26,790₹40,52833% off",Save extra with combo offers,33% off
240,https://www.flipkart.com/dell-inspiron-3520-intel-core-i5-12th-gen-1235u-8-gb-512-gb-ssd-windows-11-home-0in352010031rinb1m-thin-light-laptop/p/itmc5a5a5b7c13f6?pid=COMGKAVGSFBZFMHP&lid=LSTCOMGKAVGSFBZFMHPS0YTLY&marketplace=FLIPKART&q=laptop&store=6bo%2Fb5g&srno=s_2_33&otracker=search&otracker1=search&fm=Search&iid=fe63acbf-65d0-4624-ac5e-4a6ac9ee7a51.COMGKAVGSFBZFMHP.SEARCH&ppt=sp&ppn=sp&ssid=63rd5siu6o0000001728058144520&qH=312f91285e048e09,DELL Inspiron 3520 Intel Core i5 12th Gen 1235U - (8 GB/512 GB SSD/Windows 11 Home) 0IN352010031RINB1M...,Intel Core i5 Processor (12th Gen)8 GB DDR4 RAMWindows 11 Operating System512 GB SSD39.62 cm (15.6 Inch) Display1 Year Onsite Warranty,4.2728 Ratings & 40 Reviews,"₹42,780₹62,50731% off",Save extra with combo offers,31% off
241,https://www.flipkart.com/hp-envy-x360-intel-core-i5-13th-gen-1335u-16-gb-512-gb-ssd-windows-11-home-15-fe0028tu-laptop/p/itm31dac27f786c9?pid=COMGQTFCQDKP8YNJ&lid=LSTCOMGQTFCQDKP8YNJVC7ASP&marketplace=FLIPKART&q=laptop&store=6bo%2Fb5g&srno=s_14_315&otracker=search&otracker1=search&fm=Search&iid=05a41361-7cf6-445a-98e9-1126b313f2eb.COMGQTFCQDKP8YNJ.SEARCH&ppt=sp&ppn=sp&ssid=u30cx24hy80000001728058172219&qH=312f91285e048e09,HP Envy x360 Intel Core i5 13th Gen 1335U - (16 GB/512 GB SSD/Windows 11 Home) 15-fe0028TU Laptop,Intel Core i5 Processor (13th Gen)16 GB LPDDR5 RAMWindows 11 Operating System512 GB SSD39.62 cm (15.6 inch) Touchscreen Display1 Year Onsite Warranty,4.719 Ratings & 5 Reviews,"₹82,990₹1,10,24524% off",Save extra with combo offers,24% off
242,https://www.flipkart.com/hp-intel-core-i5-12th-gen-1235u-8-gb-512-gb-ssd-windows-11-home-15s-fy5007tu-thin-light-laptop/p/itma831720ef30c2?pid=COMGTJG9CYTFZHZ2&lid=LSTCOMGTJG9CYTFZHZ2IJBGKS&marketplace=FLIPKART&q=laptop&store=6bo%2Fb5g&srno=s_14_316&otracker=search&otracker1=search&fm=Search&iid=05a41361-7cf6-445a-98e9-1126b313f2eb.COMGTJG9CYTFZHZ2.SEARCH&ppt=sp&ppn=sp&ssid=u30cx24hy80000001728058172219&qH=312f91285e048e09,HP Intel Core i5 12th Gen 1235U - (8 GB/512 GB SSD/Windows 11 Home) 15s-fy5007TU Thin and Light Laptop,Intel Core i5 Processor (12th Gen)8 GB DDR4 RAMWindows 11 Operating System512 GB SSD39.62 cm (15.6 Inch) Display1 Year Onsite Warranty,4.3113 Ratings & 8 Reviews,"₹46,900₹67,26430% off",Save extra with combo offers,30% off
243,https://www.flipkart.com/asus-zenbook-14-oled-amd-ryzen-5-hexa-core-7530u-16-gb-1-tb-ssd-windows-11-home-um3402ya-km551ws-thin-light-laptop/p/itm9688833472f37?pid=COMGMGXFFMTNJZ7X&lid=LSTCOMGMGXFFMTNJZ7XOG65JR&marketplace=FLIPKART&q=laptop&store=6bo%2Fb5g&srno=s_14_317&otracker=search&otracker1=search&fm=Search&iid=05a41361-7cf6-445a-98e9-1126b313f2eb.COMGMGXFFMTNJZ7X.SEARCH&ppt=sp&ppn=sp&ssid=u30cx24hy80000001728058172219&qH=312f91285e048e09,ASUS Zenbook 14 OLED AMD Ryzen 5 Hexa Core 7530U - (16 GB/1 TB SSD/Windows 11 Home) UM3402YA-KM551WS T...,AMD Ryzen 5 Hexa Core Processor16 GB LPDDR4X RAMWindows 11 Operating System1 TB SSD35.56 cm (14 Inch) Display1 Year Onsite Warranty,4.343 Ratings & 3 Reviews,"₹71,990₹1,16,99038% off",Top Discount of the Sale,38% off
244,https://www.flipkart.com/lenovo-ideapad-gaming-backlit-amd-ryzen-5-hexa-core-7535hs-16-gb-512-gb-ssd-windows-11-home-6-graphics-nvidia-geforce-rtx-3050-15arh7-laptop/p/itm8dbece92f3410?pid=COMGUA6HVYGJZ9XM&lid=LSTCOMGUA6HVYGJZ9XMVDMAEP&marketplace=FLIPKART&q=laptop&store=6bo%2Fb5g&srno=s_14_318&otracker=search&otracker1=search&fm=Search&iid=05a41361-7cf6-445a-98e9-1126b313f2eb.COMGUA6HVYGJZ9XM.SEARCH&ppt=sp&ppn=sp&ssid=u30cx24hy80000001728058172219&qH=312f91285e048e09,Lenovo IdeaPad Gaming Backlit AMD Ryzen 5 Hexa Core 7535HS - (16 GB/512 GB SSD/Windows 11 Home/6 GB Gr...,AMD Ryzen 5 Hexa Core Processor16 GB DDR5 RAMWindows 11 Operating System512 GB SSD39.62 cm (15.6 Inch) Display1 Year Onsite warranty,4.2189 Ratings & 17 Reviews,"₹62,990₹99,59036% off",Save extra with combo offers,36% off
245,https://www.flipkart.com/asus-rog-strix-g16-90whr-battery-intel-hx-series-core-i7-13th-gen-13650hx-16-gb-1-tb-ssd-windows-11-home-6-gb-graphics-nvidia-geforce-rtx-4050-165-hz-140-tgp-g614ju-n3200ws-gaming-laptop/p/itm6038aa9de8acc?pid=COMGPFPCQW8GCUF7&lid=LSTCOMGPFPCQW8GCUF7RTTPFX&marketplace=FLIPKART&q=laptop&store=6bo%2Fb5g&srno=s_14_319&otracker=search&otracker1=search&fm=Search&iid=05a41361-7cf6-445a-98e9-1126b313f2eb.COMGPFPCQW8GCUF7.SEARCH&ppt=sp&ppn=sp&ssid=u30cx24hy80000001728058172219&qH=312f91285e048e09,ASUS ROG Strix G16 with 90WHr Battery Intel HX-Series Intel Core i7 13th Gen 13650HX - (16 GB/1 TB SSD...,Intel Core i7 Processor (13th Gen)16 GB DDR5 RAMWindows 11 Operating System1 TB SSD40.64 cm (16 Inch) Display1 Year Onsite Warranty,4.329 Ratings & 4 Reviews,"₹1,19,990₹1,43,99016% off",Top Discount of the Sale,16% off
246,https://www.flipkart.com/lenovo-ideapad-slim-5-amd-ryzen-hexa-core-7530u-16-gb-512-gb-ssd-windows-11-home-14abr8-thin-light-laptop/p/itme5b24e89bbfb1?pid=COMGRU9ZEBFCDBJZ&lid=LSTCOMGRU9ZEBFCDBJZDU7PMB&marketplace=FLIPKART&q=laptop&store=6bo%2Fb5g&srno=s_14_320&otracker=search&otracker1=search&fm=Search&iid=05a41361-7cf6-445a-98e9-1126b313f2eb.COMGRU9ZEBFCDBJZ.SEARCH&ppt=sp&ppn=sp&ssid=u30cx24hy80000001728058172219&qH=312f91285e048e09,Lenovo IdeaPad Slim 5 AMD Ryzen 5 Hexa Core 7530U - (16 GB/512 GB SSD/Windows 11 Home) 14ABR8 Thin and...,AMD Ryzen 5 Hexa Core Processor16 GB DDR4 RAMWindows 11 Operating System512 GB SSD35.56 cm (14 Inch) DisplayMicrosoft Office Home & Student 20211Yr Warranty + 1 Yr Premium Care and 1 Yr Accidental Damage Protection,4.181 Ratings & 11 Reviews,"₹53,390₹86,19038% off",Save extra with combo offers,38% off
247,https://www.flipkart.com/lenovo-ideapad-flex-5-amd-ryzen-7-octa-core-5700u-16-gb-512-gb-ssd-windows-11-home-14alc7-2-1-laptop/p/itm2f1a3e5894b64?pid=COMGHA9RHGKVKFZD&lid=LSTCOMGHA9RHGKVKFZDCGHLA6&marketplace=FLIPKART&q=laptop&store=6bo%2Fb5g&srno=s_14_321&otracker=search&otracker1=search&fm=Search&iid=05a41361-7cf6-445a-98e9-1126b313f2eb.COMGHA9RHGKVKFZD.SEARCH&ppt=sp&ppn=sp&ssid=u30cx24hy80000001728058172219&qH=312f91285e048e09,Lenovo IdeaPad Flex 5 AMD Ryzen 7 Octa Core 5700U - (16 GB/512 GB SSD/Windows 11 Home) 14ALC7 2 in 1 L...,AMD Ryzen 7 Octa Core Processor16 GB LPDDR4X RAM64 bit Windows 11 Operating System512 GB SSD90.32 cm (35.56 cm) Touchscreen Display1Yr Warranty + 1 Yr Premium Care and 1 Yr Accidental Damage Protection,4.151 Ratings & 3 Reviews,"₹65,690₹89,49026% off",Save extra with combo offers,26% off
248,https://www.flipkart.com/hp-255-g9-amd-ryzen-3-dual-core-r3-3250-8-gb-512-gb-ssd-windows-11-home-g8-business-laptop/p/itm9015dcea94ace?pid=COMGNFU7MHGWNHHA&lid=LSTCOMGNFU7MHGWNHHAOLIHEI&marketplace=FLIPKART&q=laptop&store=6bo%2Fb5g&srno=s_14_322&otracker=search&otracker1=search&fm=Search&iid=05a41361-7cf6-445a-98e9-1126b313f2eb.COMGNFU7MHGWNHHA.SEARCH&ppt=sp&ppn=sp&ssid=u30cx24hy80000001728058172219&qH=312f91285e048e09,HP 255 G9 AMD Ryzen 3 Dual Core R3 3250 - (8 GB/512 GB SSD/Windows 11 Home) 255 G8 Business Laptop,AMD Ryzen 3 Dual Core Processor8 GB DDR4 RAMWindows 11 Operating System512 GB SSD39.62 cm (15.6 Inch) Display1 Year Onsite warranty by OEM,4.1577 Ratings & 35 Reviews,"₹25,999₹39,99935% off",Save extra with combo offers,35% off
249,https://www.flipkart.com/hp-intel-celeron-dual-core-n4500-8-gb-512-gb-ssd-windows-11-home-15s-fq3066tu-thin-light-laptop/p/itm973a47e6377c8?pid=COMGSB2RFTGDGBTF&lid=LSTCOMGSB2RFTGDGBTFLJBDIC&marketplace=FLIPKART&q=laptop&store=6bo%2Fb5g&srno=s_14_323&otracker=search&otracker1=search&fm=Search&iid=05a41361-7cf6-445a-98e9-1126b313f2eb.COMGSB2RFTGDGBTF.SEARCH&ppt=sp&ppn=sp&ssid=u30cx24hy80000001728058172219&qH=312f91285e048e09,HP Intel Celeron Dual Core N4500 - (8 GB/512 GB SSD/Windows 11 Home) 15s- fq3066TU Thin and Light Lapt...,Intel Celeron Dual Core Processor8 GB DDR4 RAMWindows 11 Operating System512 GB SSD39.62 cm (15.6 inch) Display1 Year Onsite Warranty,3.8912 Ratings & 68 Reviews,"₹25,444₹31,96420% off",Lowest price since launch,20% off
250,https://www.flipkart.com/msi-thin-15-intel-core-i7-12th-gen-12650h-16-gb-512-gb-ssd-windows-11-home-4-graphics-nvidia-geforce-rtx-3050-144-hz-b12uc-1691in-gaming-laptop/p/itm9b2f06ce30338?pid=COMGYSFGNKMVV4VU&lid=LSTCOMGYSFGNKMVV4VUWSXIIT&marketplace=FLIPKART&q=laptop&store=6bo%2Fb5g&srno=s_14_324&otracker=search&otracker1=search&fm=Search&iid=05a41361-7cf6-445a-98e9-1126b313f2eb.COMGYSFGNKMVV4VU.SEARCH&ppt=sp&ppn=sp&ssid=u30cx24hy80000001728058172219&qH=312f91285e048e09,MSI Thin 15 Intel Core i7 12th Gen 12650H - (16 GB/512 GB SSD/Windows 11 Home/4 GB Graphics/NVIDIA GeF...,Intel Core i7 Processor (12th Gen)16 GB DDR4 RAMWindows 11 Operating System512 GB SSD39.62 cm (15.6 Inch) Display2 Year Onsite Warranty,4.416 Ratings & 0 Reviews,"₹61,990₹86,99028% off",Lowest price since launch,28% off
251,https://www.flipkart.com/acer-aspire-3-intel-core-i3-12th-gen-n305-8-gb-512-gb-ssd-windows-11-home-a324-31-thin-light-laptop/p/itm6f54ff09a088a?pid=COMH2EBZQVCFKU7T&lid=LSTCOMH2EBZQVCFKU7TS5QJRR&marketplace=FLIPKART&q=laptop&store=6bo%2Fb5g&srno=s_2_34&otracker=search&otracker1=search&fm=Search&iid=fe63acbf-65d0-4624-ac5e-4a6ac9ee7a51.COMH2EBZQVCFKU7T.SEARCH&ppt=sp&ppn=sp&ssid=63rd5siu6o0000001728058144520&qH=312f91285e048e09,Acer Aspire 3 Intel Core i3 12th Gen N305 - (8 GB/512 GB SSD/Windows 11 Home) A324-31 Thin and Light L...,Intel Core i3 Processor (12th Gen)8 GB DDR4 RAMWindows 11 Operating System512 GB SSD35.56 cm (14 Inch) Display1 Year Carry-in Warranty,4.359 Ratings & 2 Reviews,"₹23,990₹39,99940% off",Top Discount of the Sale,40% off
252,https://www.flipkart.com/lenovo-loq-intel-core-i5-12th-gen-12450hx-8-gb-512-gb-ssd-windows-11-home-4-graphics-intel-integrated-arc-a530m-15iax9i-gaming-laptop/p/itmd02a24d4ac3d1?pid=COMHYXV9SPFNACJK&lid=LSTCOMHYXV9SPFNACJKPGMIRN&marketplace=FLIPKART&q=laptop&store=6bo%2Fb5g&srno=s_14_325&otracker=search&otracker1=search&fm=Search&iid=05a41361-7cf6-445a-98e9-1126b313f2eb.COMHYXV9SPFNACJK.SEARCH&ppt=sp&ppn=sp&ssid=u30cx24hy80000001728058172219&qH=312f91285e048e09,Lenovo LOQ Intel Core i5 12th Gen 12450HX - (8 GB/512 GB SSD/Windows 11 Home/4 GB Graphics/Intel Integ...,Intel Core i5 Processor (12th Gen)8 GB DDR5 RAMWindows 11 Operating System512 GB SSD39.62 cm (15.6 inch) Display1 Year Carry-in Warranty,4.25 Ratings & 0 Reviews,"₹50,190₹79,99037% off",Top Discount of the Sale,37% off
253,https://www.flipkart.com/lenovo-ideapad-slim-3-intel-core-i7-12th-gen-1255u-16-gb-512-gb-ssd-windows-11-home-15iau7-thin-light-laptop/p/itm48a95943aef04?pid=COMGVQ2YZYNBBHVJ&lid=LSTCOMGVQ2YZYNBBHVJYDGGVO&marketplace=FLIPKART&q=laptop&store=6bo%2Fb5g&srno=s_14_326&otracker=search&otracker1=search&fm=Search&iid=05a41361-7cf6-445a-98e9-1126b313f2eb.COMGVQ2YZYNBBHVJ.SEARCH&ppt=sp&ppn=sp&ssid=u30cx24hy80000001728058172219&qH=312f91285e048e09,Lenovo IdeaPad Slim 3 Intel Core i7 12th Gen 1255U - (16 GB/512 GB SSD/Windows 11 Home) 15IAU7 Thin an...,Intel Core i7 Processor (12th Gen)16 GB DDR4 RAMWindows 11 Operating System512 GB SSD39.62 cm (15.6 Inch) Display1Yr Warranty and 1 Yr Accidental Damage Protection,4.196 Ratings & 7 Reviews,"₹57,190₹81,99030% off",Top Discount of the Sale,30% off
254,https://www.flipkart.com/msi-modern-14-intel-core-i5-12th-gen-1235u-16-gb-512-gb-ssd-windows-11-home-c12mo-1212in-business-laptop/p/itm2806dd060d6fd?pid=COMHYWTJE2BSGGJV&lid=LSTCOMHYWTJE2BSGGJV95JWUA&marketplace=FLIPKART&q=laptop&store=6bo%2Fb5g&srno=s_14_327&otracker=search&otracker1=search&fm=Search&iid=05a41361-7cf6-445a-98e9-1126b313f2eb.COMHYWTJE2BSGGJV.SEARCH&ppt=sp&ppn=sp&ssid=u30cx24hy80000001728058172219&qH=312f91285e048e09,MSI Modern 14 Intel Core i5 12th Gen 1235U - (16 GB/512 GB SSD/Windows 11 Home) Modern 14 C12MO-1212IN...,Intel Core i5 Processor (12th Gen)16 GB DDR4 RAMWindows 11 Operating System512 GB SSD35.56 cm (14 inch) Display1 Year Onsite Warranty,4.331 Ratings & 3 Reviews,"₹39,999₹52,99024% off",Top Discount of the Sale,24% off
255,https://www.flipkart.com/hp-envy-ai-pc-intel-core-ultra-5-125u-16-gb-512-gb-ssd-windows-11-home-14-fc0078tu-thin-light-laptop/p/itma4a95464cf19e?pid=COMGYFMD6WH5KZB7&lid=LSTCOMGYFMD6WH5KZB7RWIHOG&marketplace=FLIPKART&q=laptop&store=6bo%2Fb5g&srno=s_14_328&otracker=search&otracker1=search&fm=Search&iid=05a41361-7cf6-445a-98e9-1126b313f2eb.COMGYFMD6WH5KZB7.SEARCH&ppt=sp&ppn=sp&ssid=u30cx24hy80000001728058172219&qH=312f91285e048e09,HP ENVY AI PC Intel Core Ultra 5 125U - (16 GB/512 GB SSD/Windows 11 Home) 14-fc0078TU Thin and Light ...,Intel Core Ultra 5 Processor16 GB LPDDR5 RAMWindows 11 Operating System512 GB SSD35.56 cm (14 inch) Touchscreen Display1 Year Onsite warranty,4.97 Ratings & 2 Reviews,"₹99,999₹1,17,97315% off",Top Discount of the Sale,15% off
256,https://www.flipkart.com/zebronics-pro-series-z-intel-core-i7-12th-gen-1255u-16-gb-512-gb-ssd-windows-11-home-zeb-nbc-5s-thin-light-laptop/p/itm433ab8d6c9c36?pid=COMGSZ8NYXVUZWZ8&lid=LSTCOMGSZ8NYXVUZWZ8950QCM&marketplace=FLIPKART&q=laptop&store=6bo%2Fb5g&srno=s_14_329&otracker=search&otracker1=search&fm=Search&iid=05a41361-7cf6-445a-98e9-1126b313f2eb.COMGSZ8NYXVUZWZ8.SEARCH&ppt=sp&ppn=sp&ssid=u30cx24hy80000001728058172219&qH=312f91285e048e09,ZEBRONICS Pro Series Z Intel Core i7 12th Gen 1255U - (16 GB/512 GB SSD/Windows 11 Home) ZEB-NBC 5S Th...,Intel Core i7 Processor (12th Gen)16 GB DDR4 RAMWindows 11 Operating System512 GB SSD39.62 cm (15.6 inch) Display1 Year Carry-in Warranty,3.9300 Ratings & 26 Reviews,"₹37,990₹78,99951% off",Save extra with combo offers,51% off
257,https://www.flipkart.com/lenovo-yoga-slim-6-wuxga-oled-intel-core-i7-13th-gen-13700h-16-gb-512-gb-ssd-windows-11-home-14irh8-thin-light-laptop/p/itmecdc922807519?pid=COMGSVFEDWMZEGZP&lid=LSTCOMGSVFEDWMZEGZPPADKSF&marketplace=FLIPKART&q=laptop&store=6bo%2Fb5g&srno=s_14_330&otracker=search&otracker1=search&fm=Search&iid=05a41361-7cf6-445a-98e9-1126b313f2eb.COMGSVFEDWMZEGZP.SEARCH&ppt=sp&ppn=sp&ssid=u30cx24hy80000001728058172219&qH=312f91285e048e09,Lenovo Yoga Slim 6 WUXGA OLED Intel Core i7 13th Gen 13700H - (16 GB/512 GB SSD/Windows 11 Home) 14IRH...,Intel Core i7 Processor (13th Gen)16 GB LPDDR5X RAMWindows 11 Operating System512 GB SSD89.81 cm (35.36 cm) Display1Yr Warranty + 1 Yr Premium Care and 1 Yr Accidental Damage Protection,4.414 Ratings & 1 Reviews,"₹90,190₹1,36,09033% off",Save extra with combo offers,33% off
258,https://www.flipkart.com/hp-victus-intel-core-i7-12th-gen-12650h-16-gb-512-gb-ssd-windows-11-home-4-graphics-nvidia-geforce-rtx-3050a-15-fa1382tx-gaming-laptop/p/itm79f8712e3cd89?pid=COMH2DYZGEUJ4T5S&lid=LSTCOMH2DYZGEUJ4T5SG3VKKM&marketplace=FLIPKART&q=laptop&store=6bo%2Fb5g&srno=s_14_331&otracker=search&otracker1=search&fm=Search&iid=05a41361-7cf6-445a-98e9-1126b313f2eb.COMH2DYZGEUJ4T5S.SEARCH&ppt=sp&ppn=sp&ssid=u30cx24hy80000001728058172219&qH=312f91285e048e09,HP Victus Intel Core i7 12th Gen 12650H - (16 GB/512 GB SSD/Windows 11 Home/4 GB Graphics/NVIDIA GeFor...,Intel Core i7 Processor (12th Gen)16 GB DDR4 RAMWindows 11 Operating System512 GB SSD39.62 cm (15.6 Inch) Display1 Year Onsite Warranty,4.29 Ratings & 1 Reviews,"₹79,999₹90,89811% off",Save extra with combo offers,11% off
259,https://www.flipkart.com/lenovo-ideapad-1-intel-celeron-dual-core-n4020-8-gb-512-gb-ssd-windows-11-home-14igl7-15igl7-thin-light-laptop/p/itm1d9badc184f61?pid=COMGYHP5ZGXPZHSZ&lid=LSTCOMGYHP5ZGXPZHSZ6FC6CO&marketplace=FLIPKART&q=laptop&store=6bo%2Fb5g&srno=s_14_332&otracker=search&otracker1=search&fm=Search&iid=05a41361-7cf6-445a-98e9-1126b313f2eb.COMGYHP5ZGXPZHSZ.SEARCH&ppt=sp&ppn=sp&ssid=u30cx24hy80000001728058172219&qH=312f91285e048e09,Lenovo IdeaPad 1 Intel Celeron Dual Core N4020 - (8 GB/512 GB SSD/Windows 11 Home) 14IGL7/ 15IGL7 Thin...,Intel Celeron Dual Core Processor8 GB DDR4 RAMWindows 11 Operating System512 GB SSD39.62 cm (15.6 Inch) Display1Yr Warranty and 1 Yr Accidental Damage Protection,4242 Ratings & 20 Reviews,"₹24,990₹37,69033% off",Save extra with combo offers,33% off
260,https://www.flipkart.com/acer-travelmate-p2-intel-core-i7-11th-gen-1165g7-16-gb-1-tb-ssd-windows-11-home-tmp214-53-thin-light-laptop/p/itma20d2e0521db5?pid=COMGTAFMJUQGHHKC&lid=LSTCOMGTAFMJUQGHHKCEM8F32&marketplace=FLIPKART&q=laptop&store=6bo%2Fb5g&srno=s_14_333&otracker=search&otracker1=search&fm=Search&iid=05a41361-7cf6-445a-98e9-1126b313f2eb.COMGTAFMJUQGHHKC.SEARCH&ppt=sp&ppn=sp&ssid=u30cx24hy80000001728058172219&qH=312f91285e048e09,Acer TravelMate P2 Intel Core i7 11th Gen 1165G7 - (16 GB/1 TB SSD/Windows 11 Home) TMP214-53 Thin and...,Intel Core i7 Processor (11th Gen)16 GB DDR4 RAMWindows 11 Operating System1 TB SSD35.56 cm (14 inch) Display1 Year Onsite Warranty,3.7226 Ratings & 38 Reviews,"₹42,990₹99,00056% off",Top Discount of the Sale,56% off
261,https://www.flipkart.com/acer-aspire-3-spin-14-intel-core-i3-13th-gen-n305-8-gb-512-gb-ssd-windows-11-home-a3sp14-31pt-3554-thin-light-laptop/p/itm3adc9b4b7ed0d?pid=COMGTG7YFSFDZHH9&lid=LSTCOMGTG7YFSFDZHH95EWADU&marketplace=FLIPKART&q=laptop&store=6bo%2Fb5g&srno=s_14_334&otracker=search&otracker1=search&fm=Search&iid=05a41361-7cf6-445a-98e9-1126b313f2eb.COMGTG7YFSFDZHH9.SEARCH&ppt=sp&ppn=sp&ssid=u30cx24hy80000001728058172219&qH=312f91285e048e09,Acer Aspire 3 Spin 14 Intel Core i3 13th Gen N305 - (8 GB/512 GB SSD/Windows 11 Home) A3SP14-31PT-3554...,Intel Core i3 Processor (13th Gen)8 GB LPDDR5 RAMWindows 11 Operating System512 GB SSD35.56 cm (14 inch) Touchscreen Display1 Year Onsite Warranty,4.265 Ratings & 3 Reviews,"₹41,990₹55,99925% off",Save extra with combo offers,25% off
262,https://www.flipkart.com/hp-backlit-intel-core-i5-12th-gen-1235u-8-gb-512-gb-ssd-windows-11-home-15s-fy5002tu-thin-light-laptop/p/itm9046eaf5a4af9?pid=COMGZNSBS7Z959EW&lid=LSTCOMGZNSBS7Z959EWGCQAVA&marketplace=FLIPKART&q=laptop&store=6bo%2Fb5g&srno=s_2_35&otracker=search&otracker1=search&fm=Search&iid=fe63acbf-65d0-4624-ac5e-4a6ac9ee7a51.COMGZNSBS7Z959EW.SEARCH&ppt=sp&ppn=sp&ssid=63rd5siu6o0000001728058144520&qH=312f91285e048e09,HP Backlit Intel Core i5 12th Gen 1235U - (8 GB/512 GB SSD/Windows 11 Home) 15s-fy5002TU Thin and Ligh...,Intel Core i5 Processor (12th Gen)8 GB DDR4 RAM64 bit Windows 11 Operating System512 GB SSD39.62 cm (15.6 Inch) Display1 Year Onsite Warranty,"4.23,379 Ratings & 180 Reviews","₹44,990₹70,06435% off",Lowest price since launch,35% off
263,https://www.flipkart.com/lenovo-loq-amd-ryzen-7-octa-core-7435hs-24-gb-512-gb-ssd-windows-11-home-6-graphics-nvidia-geforce-rtx-4050-15arp9-gaming-laptop/p/itme3c655ce4e3c8?pid=COMHFYZ36W8ZGS8Z&lid=LSTCOMHFYZ36W8ZGS8ZJCDA8W&marketplace=FLIPKART&q=laptop&store=6bo%2Fb5g&srno=s_14_335&otracker=search&otracker1=search&fm=Search&iid=05a41361-7cf6-445a-98e9-1126b313f2eb.COMHFYZ36W8ZGS8Z.SEARCH&ppt=sp&ppn=sp&ssid=u30cx24hy80000001728058172219&qH=312f91285e048e09,Lenovo LOQ AMD Ryzen 7 Octa Core 7435HS - (24 GB/512 GB SSD/Windows 11 Home/6 GB Graphics/NVIDIA GeFor...,AMD Ryzen 7 Octa Core Processor24 GB DDR5 RAMWindows 11 Operating System512 GB SSD39.62 cm (15.6 Inch) Display1Yr Warranty and 1 Yr Accidental Damage Protection,4.4429 Ratings & 33 Reviews,"₹85,490₹1,20,00028% off",Lowest price since launch,28% off
264,https://www.flipkart.com/asus-vivobook-go-15-oled-amd-ryzen-5-quad-core-7520u-16-gb-512-gb-ssd-windows-11-home-e1504fa-lk541ws-thin-light-laptop/p/itm4297a9be166be?pid=COMGMGXFGZKJJGUN&lid=LSTCOMGMGXFGZKJJGUNJIXXG6&marketplace=FLIPKART&q=laptop&store=6bo%2Fb5g&srno=s_14_336&otracker=search&otracker1=search&fm=Search&iid=05a41361-7cf6-445a-98e9-1126b313f2eb.COMGMGXFGZKJJGUN.SEARCH&ppt=sp&ppn=sp&ssid=u30cx24hy80000001728058172219&qH=312f91285e048e09,ASUS Vivobook Go 15 OLED AMD Ryzen 5 Quad Core 7520U - (16 GB/512 GB SSD/Windows 11 Home) E1504FA-LK54...,AMD Ryzen 5 Quad Core Processor16 GB LPDDR5 RAMWindows 11 Operating System512 GB SSD39.62 cm (15.6 Inch) Display1 Year Onsite Warranty,4.3147 Ratings & 11 Reviews,"₹46,990₹74,99037% off",Bank Offer,37% off
265,https://www.flipkart.com/asus-expertbook-b15-intel-core-i3-12th-gen-1215u-8-gb-512-gb-ssd-windows-11-home-b1502cba-nj1090ws-thin-light-laptop/p/itmd0f1534bae463?pid=COMGZF9ERKTDG79G&lid=LSTCOMGZF9ERKTDG79GIHZSZI&marketplace=FLIPKART&q=laptop&store=6bo%2Fb5g&srno=s_15_337&otracker=search&otracker1=search&fm=Search&iid=33e5e0b2-570c-473e-828c-24a8d28ba024.COMGZF9ERKTDG79G.SEARCH&ppt=sp&ppn=sp&ssid=mhe61rqmf40000001728058174884&qH=312f91285e048e09,ASUS ExpertBook B15 Intel Core i3 12th Gen 1215U - (8 GB/512 GB SSD/Windows 11 Home) B1502CBA-NJ1090WS...,Intel Core i3 Processor (12th Gen)8 GB DDR4 RAMWindows 11 Operating System512 GB SSD39.62 cm (15.6 Inch) Display1 Year Onsite Warranty,4.289 Ratings & 9 Reviews,"₹32,990₹50,99035% off",Top Discount of the Sale,35% off
266,https://www.flipkart.com/msi-katana-a15-ai-amd-ryzen-7-octa-core-8845hs-16-gb-512-gb-ssd-windows-11-home-6-graphics-nvidia-geforce-rtx-4050-144-hz-b8ve-418in-gaming-laptop/p/itm5b862f8114c18?pid=COMGXMSXXJHW9RFJ&lid=LSTCOMGXMSXXJHW9RFJZMD4HY&marketplace=FLIPKART&q=laptop&store=6bo%2Fb5g&srno=s_15_339&otracker=search&otracker1=search&fm=Search&iid=33e5e0b2-570c-473e-828c-24a8d28ba024.COMGXMSXXJHW9RFJ.SEARCH&ppt=sp&ppn=sp&ssid=mhe61rqmf40000001728058174884&qH=312f91285e048e09,MSI Katana A15 AI AMD Ryzen 7 Octa Core 8845HS - (16 GB/512 GB SSD/Windows 11 Home/6 GB Graphics/NVIDI...,AMD Ryzen 7 Octa Core Processor16 GB DDR5 RAMWindows 11 Operating System512 GB SSD39.62 cm (15.6 Inch) Display2 Year Onsite Warranty,4.29 Ratings & 1 Reviews,"₹84,990₹1,17,99027% off",Top Discount of the Sale,27% off
267,https://www.flipkart.com/asus-vivobook-go-14-amd-ryzen-5-quad-core-7520u-16-gb-512-gb-ssd-windows-11-home-e1404fa-nk541ws-thin-light-laptop/p/itm3d3e136ca5dfe?pid=COMGYSFGJYAGCUHF&lid=LSTCOMGYSFGJYAGCUHFZYWVEX&marketplace=FLIPKART&q=laptop&store=6bo%2Fb5g&srno=s_15_340&otracker=search&otracker1=search&fm=Search&iid=33e5e0b2-570c-473e-828c-24a8d28ba024.COMGYSFGJYAGCUHF.SEARCH&ppt=sp&ppn=sp&ssid=mhe61rqmf40000001728058174884&qH=312f91285e048e09,ASUS Vivobook Go 14 AMD Ryzen 5 Quad Core 7520U - (16 GB/512 GB SSD/Windows 11 Home) E1404FA-NK541WS T...,AMD Ryzen 5 Quad Core Processor16 GB LPDDR5 RAMWindows 11 Operating System512 GB SSD35.56 cm (14 Inch) Display1 Year Onsite warranty,"4.21,635 Ratings & 103 Reviews","₹38,990₹70,99045% off",Save extra with combo offers,45% off
268,https://www.flipkart.com/hp-pavilion-ai-pc-intel-core-ultra-5-125u-16-gb-512-gb-ssd-windows-11-home-16-af0015tu-thin-light-laptop/p/itmdb0b867255e2b?pid=COMHF2JYCESBQYRT&lid=LSTCOMHF2JYCESBQYRTCEJFYN&marketplace=FLIPKART&q=laptop&store=6bo%2Fb5g&srno=s_15_342&otracker=search&otracker1=search&fm=Search&iid=33e5e0b2-570c-473e-828c-24a8d28ba024.COMHF2JYCESBQYRT.SEARCH&ppt=sp&ppn=sp&ssid=mhe61rqmf40000001728058174884&qH=312f91285e048e09,HP Pavilion AI PC Intel Core Ultra 5 125U - (16 GB/512 GB SSD/Windows 11 Home) 16-af0015TU Thin and Li...,Intel Core Ultra 5 Processor16 GB LPDDR5 RAMWindows 11 Operating System512 GB SSD40.64 cm (16 Inch) Display1 Year Carry-in Warranty,4.517 Ratings & 1 Reviews,"₹72,990₹89,35618% off",Top Discount of the Sale,18% off
269,https://www.flipkart.com/asus-x1504za-intel-core-i3-12th-gen-i3-1215u-8-gb-512-gb-ssd-windows-11-home-x1504za-nj322ws-thin-light-laptop/p/itmda564b198c5ad?pid=COMGT2RFWFYDGZJQ&lid=LSTCOMGT2RFWFYDGZJQQR5ZOQ&marketplace=FLIPKART&q=laptop&store=6bo%2Fb5g&srno=s_2_36&otracker=search&otracker1=search&fm=Search&iid=fe63acbf-65d0-4624-ac5e-4a6ac9ee7a51.COMGT2RFWFYDGZJQ.SEARCH&ppt=sp&ppn=sp&ssid=63rd5siu6o0000001728058144520&qH=312f91285e048e09,ASUS X1504ZA Intel Core i3 12th Gen 12th Gen Intel Core i3-1215U - (8 GB/512 GB SSD/Windows 11 Home) X...,Intel Core i3 Processor (12th Gen)8 GB DDR4 RAM64 bit Windows 11 Operating System512 GB SSD39.62 cm (15.6 inch) DisplayMS OFFICE1 YEAR INTERNATIONAL,4.3573 Ratings & 70 Reviews,"₹30,790₹54,99044% off",Save extra with combo offers,44% off
270,https://www.flipkart.com/acer-aspire-lite-amd-ryzen-5-hexa-core-5625u-8-gb-512-gb-ssd-windows-11-home-al15-41-thin-light-laptop/p/itm7eeb149458163?pid=COMGXPH6XJE9ZKGZ&lid=LSTCOMGXPH6XJE9ZKGZBBWL3G&marketplace=FLIPKART&q=laptop&store=6bo%2Fb5g&srno=s_15_343&otracker=search&otracker1=search&fm=Search&iid=33e5e0b2-570c-473e-828c-24a8d28ba024.COMGXPH6XJE9ZKGZ.SEARCH&ppt=sp&ppn=sp&ssid=mhe61rqmf40000001728058174884&qH=312f91285e048e09,Acer Aspire Lite AMD Ryzen 5 Hexa Core 5625U - (8 GB/512 GB SSD/Windows 11 Home) AL15-41 Thin and Ligh...,AMD Ryzen 5 Hexa Core Processor8 GB DDR4 RAMWindows 11 Operating System512 GB SSD39.62 cm (15.6 inch) Display1 Year Carry-in Warranty,4377 Ratings & 35 Reviews,"₹31,990₹60,08146% off",Bank Offer,46% off
271,https://www.flipkart.com/hp-255-g9-amd-ryzen-3-dual-core-3250-8-gb-512-gb-ssd-windows-11-home-g8-notebook/p/itm087b6d1981ee8?pid=COMGFBK9A3Z2QD9H&lid=LSTCOMGFBK9A3Z2QD9HIAVQFL&marketplace=FLIPKART&q=laptop&store=6bo%2Fb5g&srno=s_15_344&otracker=search&otracker1=search&fm=Search&iid=33e5e0b2-570c-473e-828c-24a8d28ba024.COMGFBK9A3Z2QD9H.SEARCH&ppt=sp&ppn=sp&ssid=mhe61rqmf40000001728058174884&qH=312f91285e048e09,HP 255 G9 AMD Ryzen 3 Dual Core 3250 - (8 GB/512 GB SSD/Windows 11 Home) 255 G8 Notebook,AMD Ryzen 3 Dual Core Processor8 GB DDR4 RAM64 bit Windows 11 Operating System512 GB SSD39.62 cm (15.6 inch) DisplayWindows 111 Year,4.1453 Ratings & 31 Reviews,"₹25,999₹44,91142% off",Save extra with combo offers,42% off
272,https://www.flipkart.com/asus-tuf-gaming-f15-90whrs-battery-intel-core-i7-13th-gen-13620h-16-gb-512-gb-ssd-windows-11-home-6-graphics-nvidia-geforce-rtx-4050-140-w-fx507vu-lp210w-laptop/p/itm20b5b96a4fe61?pid=COMGZW3F3EU6K8Z8&lid=LSTCOMGZW3F3EU6K8Z8OGEGPF&marketplace=FLIPKART&q=laptop&store=6bo%2Fb5g&srno=s_15_345&otracker=search&otracker1=search&fm=Search&iid=33e5e0b2-570c-473e-828c-24a8d28ba024.COMGZW3F3EU6K8Z8.SEARCH&ppt=sp&ppn=sp&ssid=mhe61rqmf40000001728058174884&qH=312f91285e048e09,"ASUS TUF Gaming F15, 90WHrs Battery Intel Core i7 13th Gen 13620H - (16 GB/512 GB SSD/Windows 11 Home/...",Intel Core i7 Processor (13th Gen)16 GB DDR5 RAMWindows 11 Operating System512 GB SSD39.62 cm (15.6 Inch) Display1 Year Onsite warranty,4.616 Ratings & 2 Reviews,"₹94,990₹1,21,99022% off",Top Discount of the Sale,22% off
273,https://www.flipkart.com/lenovo-ideapad-slim-1-intel-celeron-dual-core-n4020-8-gb-256-gb-ssd-windows-11-home-14igl7-thin-light-laptop/p/itm07581d719f410?pid=COMGDMXVJJB2HGMY&lid=LSTCOMGDMXVJJB2HGMYPG5AOZ&marketplace=FLIPKART&q=laptop&store=6bo%2Fb5g&srno=s_15_346&otracker=search&otracker1=search&fm=Search&iid=33e5e0b2-570c-473e-828c-24a8d28ba024.COMGDMXVJJB2HGMY.SEARCH&ppt=sp&ppn=sp&ssid=mhe61rqmf40000001728058174884&qH=312f91285e048e09,Lenovo IdeaPad Slim 1 Intel Celeron Dual Core N4020 - (8 GB/256 GB SSD/Windows 11 Home) 14IGL7 Thin an...,Intel Celeron Dual Core Processor8 GB DDR4 RAM64 bit Windows 11 Operating System256 GB SSD35.56 cm (14 Inch) Display1 Years Warranty,"4.12,651 Ratings & 234 Reviews","₹25,790₹40,49036% off",Save extra with combo offers,36% off
274,https://www.flipkart.com/hp-14-intel-core-i5-10th-gen-10210u-8-gb-512-gb-ssd-windows-10-home-14-ck2018tu-thin-light-laptop/p/itmd402bd7a16929?pid=COMFVD2WVZWBNKZA&lid=LSTCOMFVD2WVZWBNKZABYRW7T&marketplace=FLIPKART&q=laptop&store=6bo%2Fb5g&srno=s_15_347&otracker=search&otracker1=search&fm=Search&iid=33e5e0b2-570c-473e-828c-24a8d28ba024.COMFVD2WVZWBNKZA.SEARCH&ppt=sp&ppn=sp&ssid=mhe61rqmf40000001728058174884&qH=312f91285e048e09,HP 14 Intel Core i5 10th Gen 10210U - (8 GB/512 GB SSD/Windows 10 Home) 14-ck2018TU Thin and Light Lap...,"Intel Core i5 Processor (10th Gen)8 GB DDR4 RAM64 bit Windows 10 Operating System512 GB SSD35.56 cm (14 inch) DisplayHP Documentation, HP SSRM, HP Smart, HP Support Assistant, Microsoft Office Home and Student 20191 Year Onsite Warranty","4.32,652 Ratings & 255 Reviews","₹48,693₹50,0982% off",Save extra with combo offers,2% off
275,https://www.flipkart.com/msi-modern-14-intel-core-i5-13th-gen-1335u-16-gb-512-gb-ssd-windows-11-home-c13m-436in-thin-light-laptop/p/itm6a233b3be5970?pid=COMGMV6VPESBDVTU&lid=LSTCOMGMV6VPESBDVTUEFJTYB&marketplace=FLIPKART&q=laptop&store=6bo%2Fb5g&srno=s_15_348&otracker=search&otracker1=search&fm=Search&iid=33e5e0b2-570c-473e-828c-24a8d28ba024.COMGMV6VPESBDVTU.SEARCH&ppt=sp&ppn=sp&ssid=mhe61rqmf40000001728058174884&qH=312f91285e048e09,MSI Modern 14 Intel Core i5 13th Gen 1335U - (16 GB/512 GB SSD/Windows 11 Home) Modern 14 C13M-436IN T...,Intel Core i5 Processor (13th Gen)16 GB DDR4 RAMWindows 11 Operating System512 GB SSD35.56 cm (14 Inch) Display1 Year Carry-in Warranty,4.2120 Ratings & 19 Reviews,"₹43,990₹73,99040% off",Top Discount of the Sale,40% off
276,https://www.flipkart.com/infinix-x3-slim-intel-core-i7-12th-gen-1255u-16-gb-512-gb-ssd-windows-11-home-xl422-thin-light-laptop/p/itm8b52da4d2a5a9?pid=COMGRSWXNS9BKMHH&lid=LSTCOMGRSWXNS9BKMHH9SNAHF&marketplace=FLIPKART&q=laptop&store=6bo%2Fb5g&srno=s_15_349&otracker=search&otracker1=search&fm=Search&iid=33e5e0b2-570c-473e-828c-24a8d28ba024.COMGRSWXNS9BKMHH.SEARCH&ppt=sp&ppn=sp&ssid=mhe61rqmf40000001728058174884&qH=312f91285e048e09,Infinix X3 Slim Intel Intel Core i7 12th Gen 1255U - (16 GB/512 GB SSD/Windows 11 Home) XL422 Thin and...,Intel Core i7 Processor (12th Gen)16 GB LPDDR4X RAMWindows 11 Operating System512 GB SSD35.56 cm (14 Inch) Display1 Year Onsite Warranty,4.3131 Ratings & 14 Reviews,"₹42,990₹69,99038% off",Top Discount of the Sale,38% off
277,https://www.flipkart.com/infinix-y1-plus-neo-intel-celeron-quad-core-11th-gen-n5100-4-gb-128-gb-ssd-windows-11-home-xl30-thin-light-laptop/p/itm0b2fc88ba43f7?pid=COMGQHVMCRBHSZVC&lid=LSTCOMGQHVMCRBHSZVCYD2J5V&marketplace=FLIPKART&q=laptop&store=6bo%2Fb5g&srno=s_15_350&otracker=search&otracker1=search&fm=Search&iid=33e5e0b2-570c-473e-828c-24a8d28ba024.COMGQHVMCRBHSZVC.SEARCH&ppt=sp&ppn=sp&ssid=mhe61rqmf40000001728058174884&qH=312f91285e048e09,Infinix Y1 Plus Neo Intel Celeron Quad Core 11th Gen N5100 - (4 GB/128 GB SSD/Windows 11 Home) XL30 Th...,Intel Celeron Quad Core Processor (11th Gen)4 GB LPDDR4X RAMWindows 11 Operating System128 GB SSD39.62 cm (15.6 Inch) Display1 Year Onsite Warranty,"41,674 Ratings & 218 Reviews","₹17,990₹29,99040% off",Save extra with combo offers,40% off
278,https://www.flipkart.com/dell-inspiron-15-backlit-keyboard-intel-core-i5-13th-gen-1334u-8-gb-512-gb-ssd-windows-11-home-3530-thin-light-laptop/p/itmb5933486dc33c?pid=COMHYGBZZNWXZXZE&lid=LSTCOMHYGBZZNWXZXZE7ILD4A&marketplace=FLIPKART&q=laptop&store=6bo%2Fb5g&srno=s_15_351&otracker=search&otracker1=search&fm=Search&iid=33e5e0b2-570c-473e-828c-24a8d28ba024.COMHYGBZZNWXZXZE.SEARCH&ppt=sp&ppn=sp&ssid=mhe61rqmf40000001728058174884&qH=312f91285e048e09,"DELL Inspiron 15 with Backlit Keyboard, Intel Core i5 13th Gen 1334U - (8 GB/512 GB SSD/Windows 11 Hom...",Intel Core i5 Processor (13th Gen)8 GB DDR4 RAM64 bit Windows 11 Operating System512 GB SSD39.62 cm (15.6 inch) Display1 Year Onsite Hardware Service,4.1260 Ratings & 9 Reviews,"₹52,490₹66,47221% off",Bank Offer,21% off
279,https://www.flipkart.com/hp-intel-core-i3-12th-gen-1215u-8-gb-512-gb-ssd-windows-11-home-14s-dq5138tu-thin-light-laptop/p/itm2276133b91310?pid=COMGYCPJ6VHRGYT2&lid=LSTCOMGYCPJ6VHRGYT2OTMBUE&marketplace=FLIPKART&q=laptop&store=6bo%2Fb5g&srno=s_15_352&otracker=search&otracker1=search&fm=Search&iid=33e5e0b2-570c-473e-828c-24a8d28ba024.COMGYCPJ6VHRGYT2.SEARCH&ppt=sp&ppn=sp&ssid=mhe61rqmf40000001728058174884&qH=312f91285e048e09,HP Intel Core i3 12th Gen 1215U - (8 GB/512 GB SSD/Windows 11 Home) 14s-dq5138tu Thin and Light Laptop,Intel Core i3 Processor (12th Gen)8 GB DDR4 RAMWindows 11 Operating System512 GB SSD100.58 cm (39.6 cm) Display1 Year Onsite warranty,"4.25,536 Ratings & 476 Reviews","₹36,999₹51,13427% off",Save extra with combo offers,27% off
280,https://www.flipkart.com/asus-chromebook-intel-celeron-dual-core-n4500-4-gb-64-gb-emmc-storage-chrome-os-cx1500cka-nj0393-laptop/p/itmc1d20ec9ce589?pid=COMGSHM3XESWZ6AT&lid=LSTCOMGSHM3XESWZ6ATJ6OWAW&marketplace=FLIPKART&q=laptop&store=6bo%2Fb5g&srno=s_2_37&otracker=search&otracker1=search&fm=Search&iid=fe63acbf-65d0-4624-ac5e-4a6ac9ee7a51.COMGSHM3XESWZ6AT.SEARCH&ppt=sp&ppn=sp&ssid=63rd5siu6o0000001728058144520&qH=312f91285e048e09,ASUS Chromebook Intel Celeron Dual Core N4500 - (4 GB/64 GB EMMC Storage/Chrome OS) CX1500CKA-NJ0393 C...,Intel Celeron Dual Core Processor4 GB LPDDR4X RAMChrome Operating System39.62 cm (15.6 Inch) Display1 Year Onsite Warranty,"3.71,213 Ratings & 110 Reviews","₹12,490₹32,99062% off",Save extra with combo offers,62% off
281,https://www.flipkart.com/msi-modern-14-intel-core-i7-12th-gen-1255u-16-gb-512-gb-ssd-windows-11-home-c12m-671in-c12mo-1019in-thin-light-laptop/p/itm85617574e27de?pid=COMGPXFYGNH5MJZW&lid=LSTCOMGPXFYGNH5MJZWEV9H9T&marketplace=FLIPKART&q=laptop&store=6bo%2Fb5g&srno=s_15_353&otracker=search&otracker1=search&fm=Search&iid=33e5e0b2-570c-473e-828c-24a8d28ba024.COMGPXFYGNH5MJZW.SEARCH&ppt=sp&ppn=sp&ssid=mhe61rqmf40000001728058174884&qH=312f91285e048e09,MSI Modern 14 Intel Core i7 12th Gen 1255U - (16 GB/512 GB SSD/Windows 11 Home) Modern 14 C12M-671IN /...,Intel Core i7 Processor (12th Gen)16 GB DDR4 RAMWindows 11 Operating System512 GB SSD35.56 cm (14 Inch) Display1 Year Onsite Warranty,4.2108 Ratings & 17 Reviews,"₹47,990₹64,99026% off",Top Discount of the Sale,26% off
282,https://www.flipkart.com/acer-aspire-lite-intel-core-i5-12th-gen-1235u-16-gb-512-gb-ssd-windows-11-home-al15-52-thin-light-laptop/p/itm238770f1999c5?pid=COMGX8GMZJRP6QRK&lid=LSTCOMGX8GMZJRP6QRK1IIVFH&marketplace=FLIPKART&q=laptop&store=6bo%2Fb5g&srno=s_15_354&otracker=search&otracker1=search&fm=Search&iid=33e5e0b2-570c-473e-828c-24a8d28ba024.COMGX8GMZJRP6QRK.SEARCH&ppt=sp&ppn=sp&ssid=mhe61rqmf40000001728058174884&qH=312f91285e048e09,Acer Aspire Lite Intel Core i5 12th Gen 1235U - (16 GB/512 GB SSD/Windows 11 Home) AL15-52 Thin and Li...,Intel Core i5 Processor (12th Gen)16 GB DDR4 RAMWindows 11 Operating System512 GB SSD39.62 cm (15.6 Inch) Display1 Year Carry-in Warranty,3.684 Ratings & 4 Reviews,"₹41,990₹59,99030% off",Save extra with combo offers,30% off
283,https://www.flipkart.com/acer-alg-intel-core-i5-12th-gen-12450h-16-gb-512-gb-ssd-windows-11-home-4-graphics-nvidia-geforce-rtx-2050-al15g-52-gaming-laptop/p/itm3c665511e6ad3?pid=COMH2TPSA8VD24VJ&lid=LSTCOMH2TPSA8VD24VJCQKRHK&marketplace=FLIPKART&q=laptop&store=6bo%2Fb5g&srno=s_15_356&otracker=search&otracker1=search&fm=Search&iid=33e5e0b2-570c-473e-828c-24a8d28ba024.COMH2TPSA8VD24VJ.SEARCH&ppt=sp&ppn=sp&ssid=mhe61rqmf40000001728058174884&qH=312f91285e048e09,Acer ALG Intel Core i5 12th Gen 12450H - (16 GB/512 GB SSD/Windows 11 Home/4 GB Graphics/NVIDIA GeForc...,Intel Core i5 Processor (12th Gen)16 GB DDR4 RAMWindows 11 Operating System512 GB SSD39.62 cm (15.6 Inch) Display1 Year Onsite Warranty,4.612 Ratings & 1 Reviews,"₹51,990₹79,99035% off",Save extra with combo offers,35% off
284,https://www.flipkart.com/colorful-p15-series-intel-core-i5-12th-gen-12450h-16-gb-512-gb-ssd-windows-11-home-6-graphics-nvidia-geforce-rtx-4050-23-he55d16512a-b-sa-gaming-laptop/p/itm0f5e925a1ab9d?pid=COMGYEYDKJNA92QH&lid=LSTCOMGYEYDKJNA92QH9PTBDJ&marketplace=FLIPKART&q=laptop&store=6bo%2Fb5g&srno=s_15_357&otracker=search&otracker1=search&fm=Search&iid=33e5e0b2-570c-473e-828c-24a8d28ba024.COMGYEYDKJNA92QH.SEARCH&ppt=sp&ppn=sp&ssid=mhe61rqmf40000001728058174884&qH=312f91285e048e09,Colorful P15 Series Intel Core i5 12th Gen 12450H - (16 GB/512 GB SSD/Windows 11 Home/6 GB Graphics/NV...,Intel Core i5 Processor (12th Gen)16 GB DDR5 RAM64 bit Windows 11 Operating System512 GB SSD39.62 cm (15.6 Inch) Display2 Year Carry-in Warranty,4.180 Ratings & 16 Reviews,"₹57,990₹99,99942% off",Top Discount of the Sale,42% off
285,https://www.flipkart.com/infinix-y4-max-series-intel-core-i3-13th-gen-1315u-8-gb-512-gb-ssd-windows-11-home-yl613-thin-light-laptop/p/itm3cea8d640359c?pid=COMGWWBRTRFGHM7G&lid=LSTCOMGWWBRTRFGHM7GVTSUHF&marketplace=FLIPKART&q=laptop&store=6bo%2Fb5g&srno=s_15_358&otracker=search&otracker1=search&fm=Search&iid=33e5e0b2-570c-473e-828c-24a8d28ba024.COMGWWBRTRFGHM7G.SEARCH&ppt=sp&ppn=sp&ssid=mhe61rqmf40000001728058174884&qH=312f91285e048e09,Infinix Y4 Max Series Intel Core i3 13th Gen 1315U - (8 GB/512 GB SSD/Windows 11 Home) YL613 Thin and ...,Intel Core i3 Processor (13th Gen)8 GB LPDDR4X RAMWindows 11 Operating System512 GB SSD40.64 cm (16 inch) DisplayNA1 Year Onsite Warranty,4.4112 Ratings & 23 Reviews,"₹29,990₹54,99045% off",Top Discount of the Sale,45% off
286,https://www.flipkart.com/msi-modern-14-h-intel-core-i5-13th-gen-13420h-16-gb-512-gb-ssd-windows-11-home-d13mg-073in-thin-light-laptop/p/itma3487f87490c9?pid=COMGXMY58FZSXHQW&lid=LSTCOMGXMY58FZSXHQWTPNSPG&marketplace=FLIPKART&q=laptop&store=6bo%2Fb5g&srno=s_15_359&otracker=search&otracker1=search&fm=Search&iid=33e5e0b2-570c-473e-828c-24a8d28ba024.COMGXMY58FZSXHQW.SEARCH&ppt=sp&ppn=sp&ssid=mhe61rqmf40000001728058174884&qH=312f91285e048e09,MSI Modern 14 H Intel Core i5 13th Gen 13420H - (16 GB/512 GB SSD/Windows 11 Home) Modern 14 H D13MG-0...,Intel Core i5 Processor (13th Gen)16 GB DDR4 RAMWindows 11 Operating System512 GB SSD35.56 cm (14 inch) Display1 Year Carry-in Warranty,4.56 Ratings & 1 Reviews,"₹48,990₹68,99028% off",Top Discount of the Sale,28% off
287,https://www.flipkart.com/asus-vivobook-s-15-oled-intel-evo-h-series-core-i9-13th-gen-13900h-16-gb-1-tb-ssd-windows-11-home-s5504va-ma953ws-thin-light-laptop/p/itm1c8d4b809fe5f?pid=COMGZDQJADMQCDGK&lid=LSTCOMGZDQJADMQCDGKAPLRVX&marketplace=FLIPKART&q=laptop&store=6bo%2Fb5g&srno=s_15_360&otracker=search&otracker1=search&fm=Search&iid=33e5e0b2-570c-473e-828c-24a8d28ba024.COMGZDQJADMQCDGK.SEARCH&ppt=sp&ppn=sp&ssid=mhe61rqmf40000001728058174884&qH=312f91285e048e09,ASUS Vivobook S 15 OLED Intel EVO H-Series Intel Core i9 13th Gen 13900H - (16 GB/1 TB SSD/Windows 11 ...,Intel Core i9 Processor (13th Gen)16 GB LPDDR5 RAMWindows 11 Operating System1 TB SSD39.62 cm (15.6 Inch) Display1 Year Onsite Warranty,4.225 Ratings & 6 Reviews,"₹96,990₹1,34,99028% off",Save extra with combo offers,28% off
288,https://www.flipkart.com/samsung-galaxy-book4-intel-core-i7-13th-gen-1355u-16-gb-512-gb-ssd-windows-11-home-np750xgj-kg3in-np750xgj-lg3in-thin-light-laptop/p/itm4d1191082404c?pid=COMGZUYDYPUZAAXD&lid=LSTCOMGZUYDYPUZAAXDBMAOEF&marketplace=FLIPKART&q=laptop&store=6bo%2Fb5g&srno=s_2_38&otracker=search&otracker1=search&fm=Search&iid=fe63acbf-65d0-4624-ac5e-4a6ac9ee7a51.COMGZUYDYPUZAAXD.SEARCH&ppt=sp&ppn=sp&ssid=63rd5siu6o0000001728058144520&qH=312f91285e048e09,SAMSUNG Galaxy Book4 Intel Core i7 13th Gen 1355U - (16 GB/512 GB SSD/Windows 11 Home) NP750XGJ-KG3IN ...,Intel Core i7 Processor (13th Gen)16 GB LPDDR4X RAMWindows 11 Operating System512 GB SSD39.62 cm (15.6 Inch) Display1 Year Manufacturer Warranty for Laptop and 6 Months for In-Box Accessories,4.4423 Ratings & 21 Reviews,"₹69,990₹89,68921% off",Top Discount of the Sale,21% off
289,https://www.flipkart.com/asus-vivobook-s-15-oled-intel-evo-h-series-core-i9-13th-gen-13900h-16-gb-1-tb-ssd-windows-11-home-s5504va-ma953ws-thin-light-laptop/p/itm1c8d4b809fe5f?pid=COMGZDQJADMQCDGK&lid=LSTCOMGZDQJADMQCDGKAPLRVX&marketplace=FLIPKART&q=laptop&store=6bo%2Fb5g&srno=s_16_361&otracker=search&otracker1=search&fm=Search&iid=7af05244-7f1b-4a18-b843-9ba24d68846a.COMGZDQJADMQCDGK.SEARCH&ppt=sp&ppn=sp&ssid=svrnxwkw0w0000001728058178118&qH=312f91285e048e09,ASUS Vivobook S 15 OLED Intel EVO H-Series Intel Core i9 13th Gen 13900H - (16 GB/1 TB SSD/Windows 11 ...,Intel Core i9 Processor (13th Gen)16 GB LPDDR5 RAMWindows 11 Operating System1 TB SSD39.62 cm (15.6 Inch) Display1 Year Onsite Warranty,4.225 Ratings & 6 Reviews,"₹96,990₹1,34,99028% off",Save extra with combo offers,28% off
290,https://www.flipkart.com/infinix-y4-max-series-intel-core-i3-13th-gen-1315u-8-gb-512-gb-ssd-windows-11-home-yl613-thin-light-laptop/p/itm3cea8d640359c?pid=COMGWWBRTRFGHM7G&lid=LSTCOMGWWBRTRFGHM7GVTSUHF&marketplace=FLIPKART&q=laptop&store=6bo%2Fb5g&srno=s_16_362&otracker=search&otracker1=search&fm=Search&iid=7af05244-7f1b-4a18-b843-9ba24d68846a.COMGWWBRTRFGHM7G.SEARCH&ppt=sp&ppn=sp&ssid=svrnxwkw0w0000001728058178118&qH=312f91285e048e09,Infinix Y4 Max Series Intel Core i3 13th Gen 1315U - (8 GB/512 GB SSD/Windows 11 Home) YL613 Thin and ...,Intel Core i3 Processor (13th Gen)8 GB LPDDR4X RAMWindows 11 Operating System512 GB SSD40.64 cm (16 inch) DisplayNA1 Year Onsite Warranty,4.4112 Ratings & 23 Reviews,"₹29,990₹54,99045% off",Top Discount of the Sale,45% off
291,https://www.flipkart.com/chuwi-intel-celeron-dual-core-11th-gen-n4020-8-gb-256-gb-ssd-windows-11-home-herobook-plus-laptop/p/itm9002f3d92e61f?pid=COMGYAM9KS83NEPS&lid=LSTCOMGYAM9KS83NEPSPOX0OT&marketplace=FLIPKART&q=laptop&store=6bo%2Fb5g&srno=s_16_363&otracker=search&otracker1=search&fm=Search&iid=7af05244-7f1b-4a18-b843-9ba24d68846a.COMGYAM9KS83NEPS.SEARCH&ppt=sp&ppn=sp&ssid=svrnxwkw0w0000001728058178118&qH=312f91285e048e09,CHUWI Intel Celeron Dual Core 11th Gen N4020 - (8 GB/256 GB SSD/Windows 11 Home) HeroBook Plus Laptop,Intel Celeron Dual Core Processor (11th Gen)8 GB DDR4 RAM64 bit Windows 11 Operating System256 GB SSD39.62 cm (15.6 Inch) Display1 Year Onsite Warranty,3.7794 Ratings & 91 Reviews,"₹18,990₹39,99052% off",Save extra with combo offers,52% off
292,https://www.flipkart.com/lenovo-ideapad-slim-3-amd-ryzen-7-octa-core-5700u-16-gb-512-gb-ssd-windows-11-home-15alc6-thin-light-laptop/p/itm79cd6c84ebdb4?pid=COMGQRD7EGPUUGGH&lid=LSTCOMGQRD7EGPUUGGHL1L521&marketplace=FLIPKART&q=laptop&store=6bo%2Fb5g&srno=s_16_364&otracker=search&otracker1=search&fm=Search&iid=7af05244-7f1b-4a18-b843-9ba24d68846a.COMGQRD7EGPUUGGH.SEARCH&ppt=sp&ppn=sp&ssid=svrnxwkw0w0000001728058178118&qH=312f91285e048e09,Lenovo IdeaPad Slim 3 AMD Ryzen 7 Octa Core 5700U - (16 GB/512 GB SSD/Windows 11 Home) 15ALC6 Thin and...,AMD Ryzen 7 Octa Core Processor16 GB DDR4 RAMWindows 11 Operating System512 GB SSD39.62 cm (15.6 Inch) Display1Yr Warranty and 1 Yr Accidental Damage Protection,4.2587 Ratings & 52 Reviews,"₹43,190₹76,39043% off",Top Discount of the Sale,43% off
293,https://www.flipkart.com/asus-vivobook-go-14-amd-ryzen-5-quad-core-7520u-8-gb-512-gb-ssd-windows-11-home-e1404fa-nk523ws-thin-light-laptop/p/itm0bf0b9a030962?pid=COMGQKNYHTDDZNVF&lid=LSTCOMGQKNYHTDDZNVFGYVTAI&marketplace=FLIPKART&q=laptop&store=6bo%2Fb5g&srno=s_16_365&otracker=search&otracker1=search&fm=Search&iid=7af05244-7f1b-4a18-b843-9ba24d68846a.COMGQKNYHTDDZNVF.SEARCH&ppt=sp&ppn=sp&ssid=svrnxwkw0w0000001728058178118&qH=312f91285e048e09,ASUS Vivobook Go 14 AMD Ryzen 5 Quad Core 7520U - (8 GB/512 GB SSD/Windows 11 Home) E1404FA-NK523WS Th...,AMD Ryzen 5 Quad Core Processor8 GB LPDDR5 RAMWindows 11 Operating System512 GB SSD35.56 cm (14 Inch) Display1 Year Onsite Warranty,4.241 Ratings & 4 Reviews,"₹35,990₹62,99042% off",Lowest price since launch,42% off
294,https://www.flipkart.com/asus-vivobook-s-15-oled-intel-evo-h-series-core-i5-13th-gen-13500h-16-gb-512-gb-ssd-windows-11-home-s5504va-ma541ws-thin-light-laptop/p/itm8486d594ff56b?pid=COMHYWSWHTGX8BWG&lid=LSTCOMHYWSWHTGX8BWGUIGHE6&marketplace=FLIPKART&q=laptop&store=6bo%2Fb5g&srno=s_16_366&otracker=search&otracker1=search&fm=Search&iid=7af05244-7f1b-4a18-b843-9ba24d68846a.COMHYWSWHTGX8BWG.SEARCH&ppt=sp&ppn=sp&ssid=svrnxwkw0w0000001728058178118&qH=312f91285e048e09,ASUS Vivobook S 15 OLED Intel EVO H-Series Intel Core i5 13th Gen 13500H - (16 GB/512 GB SSD/Windows 1...,Intel Core i5 Processor (13th Gen)16 GB LPDDR5 RAMWindows 11 Operating System512 GB SSD39.62 cm (15.6 inch) Display1 Year Onsite Warranty,4.122 Ratings & 1 Reviews,"₹70,990₹1,06,99033% off",Top Discount of the Sale,33% off
295,https://www.flipkart.com/zebronics-pro-series-z-intel-core-i3-12th-gen-1215u-8-gb-512-gb-ssd-windows-11-home-zeb-nbc-3s-thin-light-laptop/p/itm13738bb20d1f1?pid=COMGSZ8NE3WQEEDP&lid=LSTCOMGSZ8NE3WQEEDPTBNAJI&marketplace=FLIPKART&q=laptop&store=6bo%2Fb5g&srno=s_16_367&otracker=search&otracker1=search&fm=Search&iid=7af05244-7f1b-4a18-b843-9ba24d68846a.COMGSZ8NE3WQEEDP.SEARCH&ppt=sp&ppn=sp&ssid=svrnxwkw0w0000001728058178118&qH=312f91285e048e09,ZEBRONICS Pro Series Z Intel Core i3 12th Gen 1215U - (8 GB/512 GB SSD/Windows 11 Home) ZEB-NBC 3S Thi...,Intel Core i3 Processor (12th Gen)8 GB DDR4 RAMWindows 11 Operating System512 GB SSD39.62 cm (15.6 inch) Display1 Year Carry-in Warranty,3.9321 Ratings & 34 Reviews,"₹24,990₹50,99950% off",Save extra with combo offers,50% off
296,https://www.flipkart.com/lenovo-ideapad-slim-3-intel-core-i5-12th-gen-12450h-16-gb-512-gb-ssd-windows-11-home-15iah8-thin-light-laptop/p/itm1768c2dde70c2?pid=COMGX2XUHXRRPTG9&lid=LSTCOMGX2XUHXRRPTG9VI2YTO&marketplace=FLIPKART&q=laptop&store=6bo%2Fb5g&srno=s_16_368&otracker=search&otracker1=search&fm=Search&iid=7af05244-7f1b-4a18-b843-9ba24d68846a.COMGX2XUHXRRPTG9.SEARCH&ppt=sp&ppn=sp&ssid=svrnxwkw0w0000001728058178118&qH=312f91285e048e09,Lenovo IdeaPad Slim 3 Intel Core i5 12th Gen 12450H - (16 GB/512 GB SSD/Windows 11 Home) 15IAH8 Thin a...,Intel Core i5 Processor (12th Gen)16 GB LPDDR5 RAMWindows 11 Operating System512 GB SSD39.62 cm (15.6 Inch) Display1 Year Onsite warranty,417 Ratings & 2 Reviews,"₹50,490₹75,49033% off",Save extra with combo offers,33% off
297,https://www.flipkart.com/asus-vivobook-15-intel-core-i3-12th-gen-1215u-16-gb-512-gb-ssd-windows-11-home-x1502za-ej993ws-thin-light-laptop/p/itmf8b65b51db349?pid=COMGS7M3HHJQYVKB&lid=LSTCOMGS7M3HHJQYVKBRTO2VL&marketplace=FLIPKART&q=laptop&store=6bo%2Fb5g&srno=s_16_369&otracker=search&otracker1=search&fm=Search&iid=7af05244-7f1b-4a18-b843-9ba24d68846a.COMGS7M3HHJQYVKB.SEARCH&ppt=sp&ppn=sp&ssid=svrnxwkw0w0000001728058178118&qH=312f91285e048e09,ASUS Vivobook 15 Intel Core i3 12th Gen 1215U - (16 GB/512 GB SSD/Windows 11 Home) X1502ZA-EJ993WS Thi...,Intel Core i3 Processor (12th Gen)16 GB DDR4 RAMWindows 11 Operating System512 GB SSD39.62 cm (15.6 Inch) Display1 Year Onsite Warranty,"4.35,429 Ratings & 418 Reviews","₹33,990₹58,99042% off",Top Discount of the Sale,42% off
298,https://www.flipkart.com/zebronics-pro-series-z-intel-core-i7-12th-gen-1255u-16-gb-1-tb-ssd-windows-11-home-zeb-nbc-5s-thin-light-laptop/p/itm5684eb9eb32ea?pid=COMGSZ8N82QVMCM7&lid=LSTCOMGSZ8N82QVMCM7KKFXDQ&marketplace=FLIPKART&q=laptop&store=6bo%2Fb5g&srno=s_16_370&otracker=search&otracker1=search&fm=Search&iid=7af05244-7f1b-4a18-b843-9ba24d68846a.COMGSZ8N82QVMCM7.SEARCH&ppt=sp&ppn=sp&ssid=svrnxwkw0w0000001728058178118&qH=312f91285e048e09,ZEBRONICS Pro Series Z Intel Core i7 12th Gen 1255U - (16 GB/1 TB SSD/Windows 11 Home) ZEB-NBC 5S Thin...,Intel Core i7 Processor (12th Gen)16 GB DDR4 RAMWindows 11 Operating System1 TB SSD39.62 cm (15.6 inch) Display1 Year Carry-in Warranty,3.9300 Ratings & 26 Reviews,"₹41,990₹78,99946% off",Top Discount of the Sale,46% off
299,https://www.flipkart.com/asus-vivobook-15-backlit-keyboard-intel-core-i3-12th-gen-8-gb-512-gb-ssd-windows-11-home-x1504za-nj321ws-thin-light-laptop/p/itmbe5bbf6a5168b?pid=COMGT2ZXC24MFNFA&lid=LSTCOMGT2ZXC24MFNFAH8MFND&marketplace=FLIPKART&q=laptop&store=6bo%2Fb5g&srno=s_1_5&otracker=search&otracker1=search&iid=6c4eeaba-4e99-4351-9aaf-ba6f4a8b5030.COMGT2ZXC24MFNFA.SEARCH&ssid=ufarnn4yrk0000001728058141729&qH=312f91285e048e09,"ASUS Vivobook 15, with Backlit Keyboard, Intel Core i3 12th Gen - (8 GB/512 GB SSD/Windows 11 Home) X1...",Intel Core i3 Processor (12th Gen)8 GB DDR4 RAMWindows 11 Operating System512 GB SSD39.62 cm (15.6 Inch) Display1-year warranty,"4.35,429 Ratings & 418 Reviews","₹30,990₹54,99043% off",Save extra with combo offers,43% off
300,https://www.flipkart.com/asus-vivobook-go-14-amd-ryzen-3-quad-core-7320u-8-gb-512-gb-ssd-windows-11-home-e1404fa-nk321ws-thin-light-laptop/p/itm37ab22cfcf18d?pid=COMH2TPS4KQNJXWH&lid=LSTCOMH2TPS4KQNJXWHAQRRG7&marketplace=FLIPKART&q=laptop&store=6bo%2Fb5g&srno=s_2_39&otracker=search&otracker1=search&fm=Search&iid=fe63acbf-65d0-4624-ac5e-4a6ac9ee7a51.COMH2TPS4KQNJXWH.SEARCH&ppt=sp&ppn=sp&ssid=63rd5siu6o0000001728058144520&qH=312f91285e048e09,ASUS Vivobook Go 14 AMD Ryzen 3 Quad Core 7320U - (8 GB/512 GB SSD/Windows 11 Home) E1404FA-NK321WS Th...,AMD Ryzen 3 Quad Core Processor8 GB LPDDR5 RAMWindows 11 Operating System512 GB SSD35.56 cm (14 Inch) Display1 Year Onsite Warranty,"4.24,688 Ratings & 478 Reviews","₹29,990₹50,99041% off",Top Discount of the Sale,41% off
301,https://www.flipkart.com/lenovo-thinkbook-15-g5-amd-ryzen-5-hexa-core-7530u-8-gb-512-gb-ssd-windows-11-home-think-book-abp-2-thin-light-laptop/p/itmf047a477465cc?pid=COMGYKABQD8J2CJ4&lid=LSTCOMGYKABQD8J2CJ4ZZ9FM0&marketplace=FLIPKART&q=laptop&store=6bo%2Fb5g&srno=s_16_371&otracker=search&otracker1=search&fm=Search&iid=7af05244-7f1b-4a18-b843-9ba24d68846a.COMGYKABQD8J2CJ4.SEARCH&ppt=sp&ppn=sp&ssid=svrnxwkw0w0000001728058178118&qH=312f91285e048e09,Lenovo ThinkBook 15 G5 AMD Ryzen 5 Hexa Core 7530U - (8 GB/512 GB SSD/Windows 11 Home) Think Book 15 G...,AMD Ryzen 5 Hexa Core Processor8 GB DDR4 RAM64 bit Windows 11 Operating System512 GB SSD39.62 cm (15.6 Inch) Display1 Year Onsite Warranty,4.2145 Ratings & 11 Reviews,"₹37,990₹72,00047% off",Save extra with combo offers,47% off
302,https://www.flipkart.com/msi-thin-a15-amd-ryzen-7-octa-core-7735hs-16-gb-1-tb-ssd-windows-11-home-6-gb-graphics-nvidia-geforce-rtx-4050-144-hz-b7ve-065in-gaming-laptop/p/itm61400c2ed6802?pid=COMGXMSXGVH2QZHZ&lid=LSTCOMGXMSXGVH2QZHZD09IHK&marketplace=FLIPKART&q=laptop&store=6bo%2Fb5g&srno=s_16_372&otracker=search&otracker1=search&fm=Search&iid=7af05244-7f1b-4a18-b843-9ba24d68846a.COMGXMSXGVH2QZHZ.SEARCH&ppt=sp&ppn=sp&ssid=svrnxwkw0w0000001728058178118&qH=312f91285e048e09,MSI Thin A15 AMD Ryzen 7 Octa Core 7735HS - (16 GB/1 TB SSD/Windows 11 Home/6 GB Graphics/NVIDIA GeFor...,AMD Ryzen 7 Octa Core Processor16 GB DDR5 RAMWindows 11 Operating System1 TB SSD39.62 cm (15.6 Inch) Display2 Year Onsite Warranty,4.77 Ratings & 3 Reviews,"₹77,990₹1,03,99025% off",Top Discount of the Sale,25% off
303,https://www.flipkart.com/lenovo-ideapad-3-intel-core-i3-12th-gen-1215u-8-gb-512-gb-ssd-windows-11-home-14iau7-thin-light-laptop/p/itm995400ebd2c26?pid=COMH26TMFRYKCE4B&lid=LSTCOMH26TMFRYKCE4BGZG5RK&marketplace=FLIPKART&q=laptop&store=6bo%2Fb5g&srno=s_16_373&otracker=search&otracker1=search&fm=Search&iid=7af05244-7f1b-4a18-b843-9ba24d68846a.COMH26TMFRYKCE4B.SEARCH&ppt=sp&ppn=sp&ssid=svrnxwkw0w0000001728058178118&qH=312f91285e048e09,Lenovo IdeaPad 3 Intel Core i3 12th Gen 1215U - (8 GB/512 GB SSD/Windows 11 Home) 14IAU7 Thin and Ligh...,Intel Core i3 Processor (12th Gen)8 GB DDR4 RAMWindows 11 Operating System512 GB SSD35.56 cm (14 Inch) Display1 Year Carry-in Warranty,4.374 Ratings & 4 Reviews,"₹33,990₹55,19038% off",Save extra with combo offers,38% off
304,https://www.flipkart.com/asus-rog-strix-g16-intel-core-i5-13th-gen-13450hx-16-gb-1-tb-ssd-windows-11-home-6-gb-graphics-nvidia-geforce-rtx-3050-g614jj-n3088ws-gaming-laptop/p/itm8c3acca540452?pid=COMGSGKJTTVXHAJC&lid=LSTCOMGSGKJTTVXHAJCR9C1SC&marketplace=FLIPKART&q=laptop&store=6bo%2Fb5g&srno=s_16_374&otracker=search&otracker1=search&fm=Search&iid=7af05244-7f1b-4a18-b843-9ba24d68846a.COMGSGKJTTVXHAJC.SEARCH&ppt=sp&ppn=sp&ssid=svrnxwkw0w0000001728058178118&qH=312f91285e048e09,ASUS ROG Strix G16 Intel Core i5 13th Gen 13450HX - (16 GB/1 TB SSD/Windows 11 Home/6 GB Graphics/NVID...,Intel Core i5 Processor (13th Gen)16 GB DDR5 RAMWindows 11 Operating System1 TB SSD40.64 cm (16 Inch) Display1 Year Onsite Warranty,4.2187 Ratings & 16 Reviews,"₹97,990₹1,25,99022% off",Save extra with combo offers,22% off
305,https://www.flipkart.com/apple-macbook-air-m3-8-gb-256-gb-ssd-macos-sonoma-mrxv3hn-a/p/itm5c4be2e024c52?pid=COMGYP5GQYWH6WWS&lid=LSTCOMGYP5GQYWH6WWSQ9NBIL&marketplace=FLIPKART&q=laptop&store=6bo%2Fb5g&srno=s_16_375&otracker=search&otracker1=search&fm=Search&iid=7af05244-7f1b-4a18-b843-9ba24d68846a.COMGYP5GQYWH6WWS.SEARCH&ppt=sp&ppn=sp&ssid=svrnxwkw0w0000001728058178118&qH=312f91285e048e09,Apple MacBook Air Apple M3 - (8 GB/256 GB SSD/macOS Sonoma) MRXV3HN/A,"Apple M3 Processor8 GB Unified Memory RAMMac OS Operating System256 GB SSD33.02 cm (13 Inch) DisplayBuilt-in Apps: App Store, Books, Calendar, Contacts, FaceTime, Find My, Freeform, GarageBand, Home, iMovie, Keynote, Mail, Maps, Messages, Music, Notes, Numbers, Pages, Photo Booth, Photos, Podcasts, Preview, QuickTime Player, Reminders, Safari, Shortcuts, Siri, Stocks, Time Machine, TV, Voice Memos1 Year Onsite Warranty",4.7374 Ratings & 23 Reviews,"₹1,05,490₹1,14,9008% off",Save extra with combo offers,8% off
306,https://www.flipkart.com/asus-vivobook-intel-core-i5-13th-gen-13500h-16-gb-512-gb-ssd-windows-11-home-x1605va-mb547ws-thin-light-laptop/p/itme3fd3111ca40c?pid=COMH2WT8RHHGMZCG&lid=LSTCOMH2WT8RHHGMZCGDFAO87&marketplace=FLIPKART&q=laptop&store=6bo%2Fb5g&srno=s_16_376&otracker=search&otracker1=search&fm=Search&iid=7af05244-7f1b-4a18-b843-9ba24d68846a.COMH2WT8RHHGMZCG.SEARCH&ppt=sp&ppn=sp&ssid=svrnxwkw0w0000001728058178118&qH=312f91285e048e09,ASUS Vivobook Intel Core i5 13th Gen 13500H - (16 GB/512 GB SSD/Windows 11 Home) X1605VA-MB547WS Thin ...,Intel Core i5 Processor (13th Gen)16 GB DDR4 RAMWindows 11 Operating System512 GB SSD40.64 cm (16 inch) DisplayMicrosoft Office Home & Student 20211 Year Onsite Warranty,4.4112 Ratings & 9 Reviews,"₹59,990₹78,99024% off",Bank Offer,24% off
307,https://www.flipkart.com/hp-laptop-intel-core-i5-12th-gen-1235u-8-gb-512-gb-ssd-windows-11-home-15s-fq5329tu-thin-light/p/itm7d7024d1947e9?pid=COMGYZVFY8MFJ8QA&lid=LSTCOMGYZVFY8MFJ8QAL8JKZN&marketplace=FLIPKART&q=laptop&store=6bo%2Fb5g&srno=s_16_377&otracker=search&otracker1=search&fm=Search&iid=7af05244-7f1b-4a18-b843-9ba24d68846a.COMGYZVFY8MFJ8QA.SEARCH&ppt=sp&ppn=sp&ssid=svrnxwkw0w0000001728058178118&qH=312f91285e048e09,HP Laptop Intel Core i5 12th Gen 1235U - (8 GB/512 GB SSD/Windows 11 Home) 15s-fq5329TU Thin and Light...,Intel Core i5 Processor (12th Gen)8 GB DDR4 RAM64 bit Windows 11 Operating System512 GB SSD39.62 cm (15.6 inch) Display1 Year Onsite Warranty,4.1109 Ratings & 4 Reviews,"₹47,990₹62,96323% off",Top Discount of the Sale,23% off
308,https://www.flipkart.com/infinix-y4-max-series-intel-core-i7-13th-gen-1355u-16-gb-512-gb-ssd-windows-11-home-yl613-thin-light-laptop/p/itm3cea8d640359c?pid=COMGWWBRQKGZDSUX&lid=LSTCOMGWWBRQKGZDSUXTQREMO&marketplace=FLIPKART&q=laptop&store=6bo%2Fb5g&srno=s_16_378&otracker=search&otracker1=search&fm=Search&iid=7af05244-7f1b-4a18-b843-9ba24d68846a.COMGWWBRQKGZDSUX.SEARCH&ppt=sp&ppn=sp&ssid=svrnxwkw0w0000001728058178118&qH=312f91285e048e09,Infinix Y4 Max Series Intel Core i7 13th Gen 1355U - (16 GB/512 GB SSD/Windows 11 Home) YL613 Thin and...,Intel Core i7 Processor (13th Gen)16 GB LPDDR4X RAMWindows 11 Operating System512 GB SSD40.64 cm (16 inch) DisplayNA1 Year Onsite Warranty,4.436 Ratings & 0 Reviews,"₹47,990₹79,99040% off",Top Discount of the Sale,40% off
309,https://www.flipkart.com/dell-inspiron-5430-intel-core-i5-13th-gen-8-gb-512-gb-ssd-windows-11-home-in5430yxvw9m01ors1-laptop/p/itm6efbb8570caef?pid=COMGQRCGGJD2TYXH&lid=LSTCOMGQRCGGJD2TYXH9DG0KN&marketplace=FLIPKART&q=laptop&store=6bo%2Fb5g&srno=s_16_379&otracker=search&otracker1=search&fm=Search&iid=7af05244-7f1b-4a18-b843-9ba24d68846a.COMGQRCGGJD2TYXH.SEARCH&ppt=sp&ppn=sp&ssid=svrnxwkw0w0000001728058178118&qH=312f91285e048e09,DELL Inspiron 5430 Intel Core i5 13th Gen - (8 GB/512 GB SSD/Windows 11 Home) IN5430YXVW9M01ORS1 Lapto...,Intel Core i5 Processor (13th Gen)8 GB LPDDR5 RAMWindows 11 Operating System512 GB SSD35.56 cm (14 inch) Display1-year manufacturing warranty,410 Ratings & 1 Reviews,"₹55,890₹84,41633% off",Lowest price since launch,33% off
310,https://www.flipkart.com/hp-245g9-amd-ryzen-3-dual-core-3250u-8-gb-512-gb-ssd-windows-11-home-245-g8-business-laptop/p/itmf0a680c05d471?pid=COMGHNBG4KF5UYJH&lid=LSTCOMGHNBG4KF5UYJHYXYNO0&marketplace=FLIPKART&q=laptop&store=6bo%2Fb5g&srno=s_16_380&otracker=search&otracker1=search&fm=Search&iid=7af05244-7f1b-4a18-b843-9ba24d68846a.COMGHNBG4KF5UYJH.SEARCH&ppt=sp&ppn=sp&ssid=svrnxwkw0w0000001728058178118&qH=312f91285e048e09,HP 245G9 AMD Ryzen 3 Dual Core AMD Ryzen 3 3250U - (8 GB/512 GB SSD/Windows 11 Home) 245 G8 Business L...,AMD Ryzen 3 Dual Core Processor8 GB DDR4 RAMWindows 11 Operating System512 GB SSD35.56 cm (14 inch) DisplayNA1 Year Onsite Warranty,4.1579 Ratings & 28 Reviews,"₹27,790₹40,53231% off",Save extra with combo offers,31% off
311,https://www.flipkart.com/acer-aspire-3-intel-celeron-dual-core-n4500-8-gb-256-gb-ssd-windows-11-home-a324-45-thin-light-laptop/p/itm058a60377360b?pid=COMHFZYZHA5YJHS3&lid=LSTCOMHFZYZHA5YJHS30OEKLM&marketplace=FLIPKART&q=laptop&store=6bo%2Fb5g&srno=s_2_40&otracker=search&otracker1=search&fm=Search&iid=fe63acbf-65d0-4624-ac5e-4a6ac9ee7a51.COMHFZYZHA5YJHS3.SEARCH&ppt=sp&ppn=sp&ssid=63rd5siu6o0000001728058144520&qH=312f91285e048e09,Acer Aspire 3 Intel Celeron Dual Core N4500 - (8 GB/256 GB SSD/Windows 11 Home) A324-45 Thin and Light...,Intel Celeron Dual Core Processor8 GB LPDDR4X RAMWindows 11 Operating System256 GB SSD35.56 cm (14 Inch) Display1 Year Carry-in Warranty,4176 Ratings & 12 Reviews,"₹18,990₹29,99936% off",Top Discount of the Sale,36% off
312,https://www.flipkart.com/asus-vivobook-15-backlit-keyboard-intel-core-i5-12th-gen-1235u-16-gb-512-gb-ssd-windows-11-home-x1504za-nj541ws-thin-light-laptop/p/itm6d22b13604ef6?pid=COMGYSFGGGHDK27Q&lid=LSTCOMGYSFGGGHDK27QWBODEB&marketplace=FLIPKART&q=laptop&store=6bo%2Fb5g&srno=s_16_381&otracker=search&otracker1=search&fm=Search&iid=7af05244-7f1b-4a18-b843-9ba24d68846a.COMGYSFGGGHDK27Q.SEARCH&ppt=sp&ppn=sp&ssid=svrnxwkw0w0000001728058178118&qH=312f91285e048e09,"ASUS Vivobook 15, with Backlit Keyboard, Intel Core i5 12th Gen 1235U - (16 GB/512 GB SSD/Windows 11 H...",Intel Core i5 Processor (12th Gen)16 GB DDR4 RAMWindows 11 Operating System512 GB SSD39.62 cm (15.6 Inch) Display1 Year Onsite warranty,4.519 Ratings & 3 Reviews,"₹45,990₹74,99038% off",Save extra with combo offers,38% off
313,https://www.flipkart.com/acer-aspire-5-15-intel-core-i3-13th-gen-1305u-8-gb-512-gb-ssd-windows-11-home-a515-58m-thin-light-laptop/p/itm5f6f76dd96a76?pid=COMGXMY52EEXCJMN&lid=LSTCOMGXMY52EEXCJMNKMIGZI&marketplace=FLIPKART&q=laptop&store=6bo%2Fb5g&srno=s_16_382&otracker=search&otracker1=search&fm=Search&iid=7af05244-7f1b-4a18-b843-9ba24d68846a.COMGXMY52EEXCJMN.SEARCH&ppt=sp&ppn=sp&ssid=svrnxwkw0w0000001728058178118&qH=312f91285e048e09,Acer Aspire 5 15 Intel Core i3 13th Gen 1305U - (8 GB/512 GB SSD/Windows 11 Home) A515-58M Thin and Li...,Intel Core i3 Processor (13th Gen)8 GB LPDDR5 RAMWindows 11 Operating System512 GB SSD39.62 cm (15.6 inch) Display1 Year International Travelers Warranty (ITW),3.611 Ratings & 1 Reviews,"₹38,990₹50,99023% off",Save extra with combo offers,23% off
314,https://www.flipkart.com/hp-255-g9-841w6pa-amd-ryzen-3-dual-core-8-gb-512-gb-ssd-dos-6e3z0pa-laptop/p/itm4beacda3f5a12?pid=COMGRDEXFPKNER34&lid=LSTCOMGRDEXFPKNER346OYYKV&marketplace=FLIPKART&q=laptop&store=6bo%2Fb5g&srno=s_16_383&otracker=search&otracker1=search&fm=Search&iid=7af05244-7f1b-4a18-b843-9ba24d68846a.COMGRDEXFPKNER34.SEARCH&ppt=sp&ppn=sp&ssid=svrnxwkw0w0000001728058178118&qH=312f91285e048e09,HP 255 G9 841W6pa AMD Ryzen 3 Dual Core - (8 GB/512 GB SSD/DOS) 6E3Z0PA Laptop,AMD Ryzen 3 Dual Core Processor8 GB DDR4 RAMDOS Operating System512 GB SSD39.62 cm (15.6 inch) Display1 Year Domestic Warrenty,3.8319 Ratings & 20 Reviews,"₹24,999₹35,20828% off",Save extra with combo offers,28% off
315,https://www.flipkart.com/dell-intel-core-i5-12th-gen-1235u-16-gb-512-gb-ssd-windows-11-home-inspiron-3520-thin-light-laptop/p/itmea0bf08806ad0?pid=COMGWFY5FAPTFVVQ&lid=LSTCOMGWFY5FAPTFVVQA34QJN&marketplace=FLIPKART&q=laptop&store=6bo%2Fb5g&srno=s_16_384&otracker=search&otracker1=search&fm=Search&iid=7af05244-7f1b-4a18-b843-9ba24d68846a.COMGWFY5FAPTFVVQ.SEARCH&ppt=sp&ppn=sp&ssid=svrnxwkw0w0000001728058178118&qH=312f91285e048e09,DELL Intel Core i5 12th Gen 1235U - (16 GB/512 GB SSD/Windows 11 Home) Inspiron 3520 Thin and Light La...,Intel Core i5 Processor (12th Gen)16 GB DDR4 RAMWindows 11 Operating System512 GB SSD39.62 cm (15.6 Inch) Display1 Year Onsite Hardware Service,3.944 Ratings & 5 Reviews,"₹50,890₹64,89021% off",Save extra with combo offers,21% off
316,https://www.flipkart.com/asus-vivobook-go-15-amd-ryzen-3-quad-core-7320u-8-gb-512-gb-ssd-windows-11-home-e1504fa-nj321ws-thin-light-laptop/p/itmf2da9c7085e1b?pid=COMGNRNUUGYRB96A&lid=LSTCOMGNRNUUGYRB96ALHMXAV&marketplace=FLIPKART&q=laptop&store=6bo%2Fb5g&srno=s_17_385&otracker=search&otracker1=search&fm=Search&iid=d0b47c31-f990-4a8d-90b4-4fb846eb89ba.COMGNRNUUGYRB96A.SEARCH&ppt=sp&ppn=sp&ssid=o4foyk0n680000001728058180216&qH=312f91285e048e09,ASUS Vivobook Go 15 AMD Ryzen 3 Quad Core 7320U - (8 GB/512 GB SSD/Windows 11 Home) E1504FA-NJ321WS Th...,AMD Ryzen 3 Quad Core Processor8 GB LPDDR5 RAMWindows 11 Operating System512 GB SSD39.62 cm (15.6 Inch) Display1 Year Onsite Warranty,"4.24,688 Ratings & 478 Reviews","₹32,990₹50,99035% off",Save extra with combo offers,35% off
317,https://www.flipkart.com/hp-15s-intel-core-i3-12th-gen-1215u-8-gb-512-gb-ssd-windows-11-home-15s-fq5007tu-thin-light-laptop/p/itm99a4f2e2fa284?pid=COMGKW2NSU4SPZSG&lid=LSTCOMGKW2NSU4SPZSGEOIPKZ&marketplace=FLIPKART&q=laptop&store=6bo%2Fb5g&srno=s_17_386&otracker=search&otracker1=search&fm=Search&iid=d0b47c31-f990-4a8d-90b4-4fb846eb89ba.COMGKW2NSU4SPZSG.SEARCH&ppt=sp&ppn=sp&ssid=o4foyk0n680000001728058180216&qH=312f91285e048e09,HP 15s Intel Core i3 12th Gen 1215U - (8 GB/512 GB SSD/Windows 11 Home) 15s-fq5007TU Thin and Light La...,Intel Core i3 Processor (12th Gen)8 GB DDR4 RAM64 bit Windows 11 Operating System512 GB SSD100.58 cm (39.6 cm) DisplayMicrosoft Office Home & Student 20211 Year Onsite Warranty,"4.25,536 Ratings & 476 Reviews","₹35,990₹56,26036% off",Save extra with combo offers,36% off
318,https://www.flipkart.com/dell-amd-ryzen-5-dual-core-7520u-8-gb-512-gb-ssd-windows-11-home-inspiron-3535-thin-light-laptop/p/itm064ba398e5167?pid=COMGTQXEZ4QHRZGP&lid=LSTCOMGTQXEZ4QHRZGP5HSIOL&marketplace=FLIPKART&q=laptop&store=6bo%2Fb5g&srno=s_17_387&otracker=search&otracker1=search&fm=Search&iid=d0b47c31-f990-4a8d-90b4-4fb846eb89ba.COMGTQXEZ4QHRZGP.SEARCH&ppt=sp&ppn=sp&ssid=o4foyk0n680000001728058180216&qH=312f91285e048e09,DELL AMD Ryzen 5 Dual Core 7520U - (8 GB/512 GB SSD/Windows 11 Home) Inspiron 3535 Thin and Light Lapt...,AMD Ryzen 5 Dual Core Processor8 GB DDR4 RAMWindows 11 Operating System512 GB SSD39.62 cm (15.6 Inch) Display1 Year Onsite Hardware Service,4.97 Ratings & 1 Reviews,"₹37,290₹49,39524% off",Top Discount of the Sale,24% off
319,https://www.flipkart.com/acer-one14-backlit-intel-core-i5-11th-gen-1155g7-8-gb-512-gb-ssd-windows-11-home-z8-415-thin-light-laptop/p/itm181d273e828be?pid=COMGQEBMFRQBCX4H&lid=LSTCOMGQEBMFRQBCX4HL1QEFG&marketplace=FLIPKART&q=laptop&store=6bo%2Fb5g&srno=s_17_388&otracker=search&otracker1=search&fm=Search&iid=d0b47c31-f990-4a8d-90b4-4fb846eb89ba.COMGQEBMFRQBCX4H.SEARCH&ppt=sp&ppn=sp&ssid=o4foyk0n680000001728058180216&qH=312f91285e048e09,Acer One14 Backlit Intel Core i5 11th Gen 1155G7 - (8 GB/512 GB SSD/Windows 11 Home) Z8-415 Thin and L...,Intel Core i5 Processor (11th Gen)8 GB DDR4 RAMWindows 11 Operating System512 GB SSD35.56 cm (14 Inch) Display1 Year Onsite Warranty,2.936 Ratings & 5 Reviews,"₹29,990₹52,99943% off",Top Discount of the Sale,43% off
320,https://www.flipkart.com/lenovo-ideapad-slim-3-intel-core-i5-12th-gen-12450h-8-gb-512-gb-ssd-windows-11-home-14iah8-thin-light-laptop/p/itm726ac134d0530?pid=COMHFYZ3GZVH37GY&lid=LSTCOMHFYZ3GZVH37GYBMASJU&marketplace=FLIPKART&q=laptop&store=6bo%2Fb5g&srno=s_2_41&otracker=search&otracker1=search&fm=Search&iid=fe63acbf-65d0-4624-ac5e-4a6ac9ee7a51.COMHFYZ3GZVH37GY.SEARCH&ppt=sp&ppn=sp&ssid=63rd5siu6o0000001728058144520&qH=312f91285e048e09,Lenovo IdeaPad Slim 3 Intel Core i5 12th Gen 12450H - (8 GB/512 GB SSD/Windows 11 Home) 14IAH8 Thin an...,Intel Core i5 Processor (12th Gen)8 GB LPDDR5 RAMWindows 11 Operating System512 GB SSD35.56 cm (14 Inch) Display1Yr Warranty and 1 Yr Accidental Damage Protection,4.1545 Ratings & 19 Reviews,"₹46,190₹66,09030% off",Top Discount of the Sale,30% off
321,https://www.flipkart.com/hp-250-g8-intel-core-i3-11th-gen-8-gb-512-gb-ssd-dos-notebook/p/itmaa84950d53dab?pid=COMGGY7XWMEH7PRG&lid=LSTCOMGGY7XWMEH7PRGFQ4I82&marketplace=FLIPKART&q=laptop&store=6bo%2Fb5g&srno=s_17_389&otracker=search&otracker1=search&fm=Search&iid=d0b47c31-f990-4a8d-90b4-4fb846eb89ba.COMGGY7XWMEH7PRG.SEARCH&ppt=sp&ppn=sp&ssid=o4foyk0n680000001728058180216&qH=312f91285e048e09,HP 250 G8 Intel Core i3 11th Gen - (8 GB/512 GB SSD/DOS) 250 G8 Notebook,Intel Core i3 Processor (11th Gen)8 GB DDR4 RAMDOS Operating System512 GB SSD39.62 cm (15.6 inch) Display1 Year,3.8248 Ratings & 27 Reviews,"₹30,299₹46,99935% off",Lowest price since launch,35% off
322,https://www.flipkart.com/asus-amd-ryzen-7-octa-core-7435hs-16-gb-512-gb-ssd-windows-11-home-4-graphics-nvidia-geforce-rtx-3050-fa506ncr-hn075ws-gaming-laptop/p/itm7f51c1cf8aba3?pid=COMH274VNBPYPU3T&lid=LSTCOMH274VNBPYPU3TZXDRBW&marketplace=FLIPKART&q=laptop&store=6bo%2Fb5g&srno=s_17_390&otracker=search&otracker1=search&fm=Search&iid=d0b47c31-f990-4a8d-90b4-4fb846eb89ba.COMH274VNBPYPU3T.SEARCH&ppt=sp&ppn=sp&ssid=o4foyk0n680000001728058180216&qH=312f91285e048e09,ASUS AMD Ryzen 7 Octa Core 7435HS - (16 GB/512 GB SSD/Windows 11 Home/4 GB Graphics/NVIDIA GeForce RTX...,AMD Ryzen 7 Octa Core Processor16 GB DDR5 RAMWindows 11 Operating System512 GB SSD39.62 cm (15.6 Inch) Touchscreen Display1 Year Onsite Warranty,"4.51,539 Ratings & 199 Reviews","₹62,990₹91,99031% off",Top Discount of the Sale,31% off
323,https://www.flipkart.com/asus-intel-core-i7-12th-gen-12700h-16-gb-512-gb-ssd-windows-11-home-x1605zac-mb742ws-laptop/p/itmf1d631f2db825?pid=COMHYYZNX5YFZVPJ&lid=LSTCOMHYYZNX5YFZVPJUPFKK7&marketplace=FLIPKART&q=laptop&store=6bo%2Fb5g&srno=s_17_391&otracker=search&otracker1=search&fm=Search&iid=d0b47c31-f990-4a8d-90b4-4fb846eb89ba.COMHYYZNX5YFZVPJ.SEARCH&ppt=sp&ppn=sp&ssid=o4foyk0n680000001728058180216&qH=312f91285e048e09,ASUS Intel Core i7 12th Gen 12700H - (16 GB/512 GB SSD/Windows 11 Home) X1605ZAC-MB742WS Laptop,Intel Core i7 Processor (12th Gen)16 GB DDR4 RAMWindows 11 Operating System512 GB SSD40.64 cm (16 Inch) DisplayOffice Home & Student 20211 Year Onsite Warranty,4.411 Ratings & 0 Reviews,"₹60,990₹85,99029% off",Lowest price since launch,29% off
324,https://www.flipkart.com/lenovo-loq-amd-ryzen-5-quad-core-7235hs-12-gb-512-gb-ssd-windows-11-home-6-graphics-nvidia-geforce-rtx-3050-15arp9-gaming-laptop/p/itmaf4fe8e98d2e9?pid=COMHFYZ3DGBDSGGY&lid=LSTCOMHFYZ3DGBDSGGY9EBU08&marketplace=FLIPKART&q=laptop&store=6bo%2Fb5g&srno=s_17_392&otracker=search&otracker1=search&fm=Search&iid=d0b47c31-f990-4a8d-90b4-4fb846eb89ba.COMHFYZ3DGBDSGGY.SEARCH&ppt=sp&ppn=sp&ssid=o4foyk0n680000001728058180216&qH=312f91285e048e09,Lenovo LOQ AMD Ryzen 5 Quad Core 7235HS - (12 GB/512 GB SSD/Windows 11 Home/6 GB Graphics/NVIDIA GeFor...,AMD Ryzen 5 Quad Core Processor12 GB DDR5 RAMWindows 11 Operating System512 GB SSD39.62 cm (15.6 Inch) Display1Yr Warranty and 1 Yr Accidental Damage Protection,4.4170 Ratings & 11 Reviews,"₹62,690₹87,99028% off","Upto ₹28,000 Off on Exchange",28% off
325,https://www.flipkart.com/thomson-intel-celeron-dual-core-n4020-4-gb-128-gb-ssd-windows-11-home-in-n15v2c-thin-light-laptop/p/itm877c9982f92bc?pid=COMHY9GHJSBGUGNW&lid=LSTCOMHY9GHJSBGUGNWAANV1K&marketplace=FLIPKART&q=laptop&store=6bo%2Fb5g&srno=s_17_393&otracker=search&otracker1=search&fm=Search&iid=d0b47c31-f990-4a8d-90b4-4fb846eb89ba.COMHY9GHJSBGUGNW.SEARCH&ppt=sp&ppn=sp&ssid=o4foyk0n680000001728058180216&qH=312f91285e048e09,Thomson Intel Celeron Dual Core N4020 - (4 GB/128 GB SSD/Windows 11 Home) IN-N15V2C Thin and Light Lap...,Intel Celeron Dual Core Processor4 GB LPDDR4 RAM64 bit Windows 11 Operating System128 GB SSD39.62 cm (15.6 inch) Display1 Year Onsite Warranty,3.111 Ratings & 4 Reviews,"₹16,990₹25,99034% off",Save extra with combo offers,34% off
326,https://www.flipkart.com/infinix-y3-max-series-intel-core-i3-12th-gen-1215u-16-gb-512-gb-ssd-windows-11-home-yl613-thin-light-laptop/p/itm6267fa4f35865?pid=COMH34U3GVC86EYT&lid=LSTCOMH34U3GVC86EYTYKPM55&marketplace=FLIPKART&q=laptop&store=6bo%2Fb5g&srno=s_17_394&otracker=search&otracker1=search&fm=Search&iid=d0b47c31-f990-4a8d-90b4-4fb846eb89ba.COMH34U3GVC86EYT.SEARCH&ppt=sp&ppn=sp&ssid=o4foyk0n680000001728058180216&qH=312f91285e048e09,Infinix Y3 Max Series Intel Core i3 12th Gen 1215U - (16 GB/512 GB SSD/Windows 11 Home) YL613 Thin and...,Intel Core i3 Processor (12th Gen)16 GB LPDDR4X RAMWindows 11 Operating System512 GB SSD40.64 cm (16 Inch) Display1 Year Onsite Warranty,3.67 Ratings & 2 Reviews,"₹27,990₹59,99053% off",Top Discount of the Sale,53% off
327,https://www.flipkart.com/hp-amd-ryzen-7-octa-core-5700u-16-gb-512-gb-ssd-windows-11-home-14s-fy1005au-thin-light-laptop/p/itm85aa5e3547575?pid=COMGG3S9SZMBSGBY&lid=LSTCOMGG3S9SZMBSGBYMF5RIT&marketplace=FLIPKART&q=laptop&store=6bo%2Fb5g&srno=s_17_395&otracker=search&otracker1=search&fm=Search&iid=d0b47c31-f990-4a8d-90b4-4fb846eb89ba.COMGG3S9SZMBSGBY.SEARCH&ppt=sp&ppn=sp&ssid=o4foyk0n680000001728058180216&qH=312f91285e048e09,HP AMD Ryzen 7 Octa Core 5700U - (16 GB/512 GB SSD/Windows 11 Home) 14s-fy1005AU Thin and Light Laptop,AMD Ryzen 7 Octa Core Processor16 GB DDR4 RAM64 bit Windows 11 Operating System512 GB SSD35.56 cm (14 Inch) Display1 Year Onsite Warranty,4.2704 Ratings & 50 Reviews,"₹60,990₹75,19118% off",Save extra with combo offers,18% off
328,https://www.flipkart.com/apple-macbook-air-m2-8-gb-256-gb-ssd-macos-ventura-mqkw3hn-a/p/itm3fc4c0939339a?pid=COMGQA2VNERMJMDD&lid=LSTCOMGQA2VNERMJMDDOYHWFF&marketplace=FLIPKART&q=laptop&store=6bo%2Fb5g&srno=s_17_396&otracker=search&otracker1=search&fm=Search&iid=d0b47c31-f990-4a8d-90b4-4fb846eb89ba.COMGQA2VNERMJMDD.SEARCH&ppt=sp&ppn=sp&ssid=o4foyk0n680000001728058180216&qH=312f91285e048e09,Apple Macbook Air Apple M2 - (8 GB/256 GB SSD/macOS Ventura) MQKW3HN/A,"Apple M2 Processor8 GB Unified Memory RAMMac OS Operating System256 GB SSD38.86 cm (15.3 Inch) DisplayBuilt-in Apps: App Store, Books, Calendar, Contacts, FaceTime, Find My, Freeform, GarageBand, Home, iMovie, Keynote, Mail, Maps, Messages, Music, Notes, Numbers, Pages, Photo Booth, Photos, Podcasts, Preview, QuickTime Player, Reminders, Safari, Shortcuts, Siri, Stocks, Time Machine, TV, Voice Memos1 Year Limited Warranty",4.7385 Ratings & 39 Reviews,"₹1,09,990₹1,24,90011% off",Save extra with combo offers,11% off
329,https://www.flipkart.com/dell-inspiron-5430-intel-core-i5-13th-gen-16-gb-1-tb-ssd-windows-11-home-in5430jnh1p001ors1-thin-light-laptop/p/itmbe0cbfcd7ae7c?pid=COMGS7Q97SVKWGJJ&lid=LSTCOMGS7Q97SVKWGJJEHC2E5&marketplace=FLIPKART&q=laptop&store=6bo%2Fb5g&srno=s_17_397&otracker=search&otracker1=search&fm=Search&iid=d0b47c31-f990-4a8d-90b4-4fb846eb89ba.COMGS7Q97SVKWGJJ.SEARCH&ppt=sp&ppn=sp&ssid=o4foyk0n680000001728058180216&qH=312f91285e048e09,DELL Inspiron 5430 Intel Core i5 13th Gen - (16 GB/1 TB SSD/Windows 11 Home) IN5430JNH1P001ORS1 Thin a...,"Intel Core i5 Processor (13th Gen)16 GB LPDDR5 RAM64 bit Windows 11 Operating System1 TB SSD35.56 cm (14 inch) DisplayWindows 11, Microsoft Office1-year warranty",3.8112 Ratings & 13 Reviews,"₹69,490₹1,09,80036% off",Save extra with combo offers,36% off
330,https://www.flipkart.com/acer-aspire-lite-intel-core-i3-12th-gen-1215u-8-gb-512-gb-ssd-windows-11-home-al15-52-thin-light-laptop/p/itm2f1be04e21a00?pid=COMGX7PJJJZ9CHET&lid=LSTCOMGX7PJJJZ9CHETDHYPG7&marketplace=FLIPKART&q=laptop&store=6bo%2Fb5g&srno=s_2_42&otracker=search&otracker1=search&fm=Search&iid=fe63acbf-65d0-4624-ac5e-4a6ac9ee7a51.COMGX7PJJJZ9CHET.SEARCH&ppt=sp&ppn=sp&ssid=63rd5siu6o0000001728058144520&qH=312f91285e048e09,Acer Aspire Lite Intel Core i3 12th Gen 1215U - (8 GB/512 GB SSD/Windows 11 Home) AL15-52 Thin and Lig...,Intel Core i3 Processor (12th Gen)8 GB DDR4 RAM64 bit Windows 11 Home Operating System512 GB SSD39.62 cm (15.6 inch) Display1 year,4338 Ratings & 22 Reviews,"₹29,990₹52,99043% off",Save extra with combo offers,43% off
331,https://www.flipkart.com/lenovo-ip-duet-3-chrome-qualcomm-snapdragon-7c-gen-2-8-gb-128-gb-emmc-storage-chrome-os-11q727-chromebook-laptop/p/itmdad4102d1b26b?pid=COMHFYZ3UHJRSBR4&lid=LSTCOMHFYZ3UHJRSBR4UGVLDX&marketplace=FLIPKART&q=laptop&store=6bo%2Fb5g&srno=s_17_399&otracker=search&otracker1=search&fm=Search&iid=d0b47c31-f990-4a8d-90b4-4fb846eb89ba.COMHFYZ3UHJRSBR4.SEARCH&ppt=sp&ppn=sp&ssid=o4foyk0n680000001728058180216&qH=312f91285e048e09,Lenovo IP Duet 3 Chrome Qualcomm Snapdragon 7c Gen 2 - (8 GB/128 GB EMMC Storage/Chrome OS) 11Q727 Chr...,Qualcomm Snapdragon 7c Gen 2 Processor8 GB LPDDR4X RAMChrome Operating System27.81 cm (10.95 Inch) Touchscreen Display1 Year Carry-in Warranty,54 Ratings & 1 Reviews,"₹25,990₹43,29039% off",Top Discount of the Sale,39% off
332,https://www.flipkart.com/asus-intel-core-i5-12th-gen-16-gb-512-gb-ssd-windows-11-home-x1504za-nj541ws-laptop/p/itm6d22b13604ef6?pid=COMGT2QPZXZSBDVF&lid=LSTCOMGT2QPZXZSBDVFA0SRYX&marketplace=FLIPKART&q=laptop&store=6bo%2Fb5g&srno=s_17_400&otracker=search&otracker1=search&fm=Search&iid=d0b47c31-f990-4a8d-90b4-4fb846eb89ba.COMGT2QPZXZSBDVF.SEARCH&ppt=sp&ppn=sp&ssid=o4foyk0n680000001728058180216&qH=312f91285e048e09,ASUS Intel Core i5 12th Gen - (16 GB/512 GB SSD/Windows 11 Home) X1504ZA-NJ541WS Laptop,Intel Core i5 Processor (12th Gen)16 GB DDR4 RAMWindows 11 Operating System512 GB SSD39.62 cm (15.6 inch) Display1-year warranty,46 Ratings & 1 Reviews,"₹53,990₹74,99028% off",Bank Offer,28% off
333,https://www.flipkart.com/hp-14s-intel-core-i3-11th-gen-1115g4-8-gb-512-gb-ssd-windows-11-home-dy2508tu-thin-light-laptop/p/itm42a82790cf5ec?pid=COMGGTT4VFWG3FFM&lid=LSTCOMGGTT4VFWG3FFMZM3HW1&marketplace=FLIPKART&q=laptop&store=6bo%2Fb5g&srno=s_17_401&otracker=search&otracker1=search&fm=Search&iid=d0b47c31-f990-4a8d-90b4-4fb846eb89ba.COMGGTT4VFWG3FFM.SEARCH&ppt=sp&ppn=sp&ssid=o4foyk0n680000001728058180216&qH=312f91285e048e09,HP 14s Intel Core i3 11th Gen 1115G4 - (8 GB/512 GB SSD/Windows 11 Home) 14s - dy2508TU Thin and Light...,Intel Core i3 Processor (11th Gen)8 GB DDR4 RAM64 bit Windows 11 Operating System512 GB SSD35.56 cm (14 inch) DisplayMicrosoft Office Home & Student 20211 Year Onsite Warranty,"4.312,631 Ratings & 944 Reviews","₹43,990₹49,50911% off",Save extra with combo offers,11% off
334,https://www.flipkart.com/infinix-gt-book-intel-core-i5-13th-gen-13420h-16-gb-512-gb-ssd-windows-11-home-6-graphics-nvidia-geforce-rtx-4050-90-w-gl613-accessories-box-gaming-laptop/p/itmaacd041e80820?pid=COMHYS44JZZMNFJX&lid=LSTCOMHYS44JZZMNFJX6WMDMC&marketplace=FLIPKART&q=laptop&store=6bo%2Fb5g&srno=s_17_402&otracker=search&otracker1=search&fm=Search&iid=d0b47c31-f990-4a8d-90b4-4fb846eb89ba.COMHYS44JZZMNFJX.SEARCH&ppt=sp&ppn=sp&ssid=o4foyk0n680000001728058180216&qH=312f91285e048e09,Infinix GT Book Intel Core i5 13th Gen 13420H - (16 GB/512 GB SSD/Windows 11 Home/6 GB Graphics/NVIDIA...,Intel Core i5 Processor (13th Gen)16 GB LPDDR5X RAMWindows 11 Operating System512 GB SSD40.64 cm (16 inch) DisplayControl Center1 Year Domestic Onsite Warranty On Laptop and 6 Months On Adapter,4.244 Ratings & 5 Reviews,"₹69,990₹1,29,99046% off",Top Discount of the Sale,46% off
335,https://www.flipkart.com/msi-thin-15-intel-core-i7-12th-gen-12650h-16-gb-512-gb-ssd-windows-11-home-4-graphics-nvidia-geforce-rtx-2050-144-hz-b12ucx-1694in-gaming-laptop/p/itm42d065d21be4d?pid=COMGYSFG4TFPZGTV&lid=LSTCOMGYSFG4TFPZGTVRBBCRW&marketplace=FLIPKART&q=laptop&store=6bo%2Fb5g&srno=s_17_405&otracker=search&otracker1=search&fm=Search&iid=d0b47c31-f990-4a8d-90b4-4fb846eb89ba.COMGYSFG4TFPZGTV.SEARCH&ppt=sp&ppn=sp&ssid=o4foyk0n680000001728058180216&qH=312f91285e048e09,MSI Thin 15 Intel Core i7 12th Gen 12650H - (16 GB/512 GB SSD/Windows 11 Home/4 GB Graphics/NVIDIA GeF...,Intel Core i7 Processor (12th Gen)16 GB DDR4 RAMWindows 11 Operating System512 GB SSD39.62 cm (15.6 Inch) Display2 Year Onsite Warranty,412 Ratings & 1 Reviews,"₹58,990₹80,99027% off",Top Discount of the Sale,27% off
336,https://www.flipkart.com/dell-intel-core-i3-12th-gen-1215u-8-gb-512-gb-ssd-16-emmc-storage-windows-11-home-vostro-3420-thin-light-laptop/p/itmd2863d4133d9e?pid=COMGP8QVFEDKUKCG&lid=LSTCOMGP8QVFEDKUKCG7BULOO&marketplace=FLIPKART&q=laptop&store=6bo%2Fb5g&srno=s_17_406&otracker=search&otracker1=search&fm=Search&iid=d0b47c31-f990-4a8d-90b4-4fb846eb89ba.COMGP8QVFEDKUKCG.SEARCH&ppt=sp&ppn=sp&ssid=o4foyk0n680000001728058180216&qH=312f91285e048e09,DELL Intel Core i3 12th Gen 1215U - (8 GB/512 GB SSD/16 GB EMMC Storage/Windows 11 Home) Vostro 3420 T...,Intel Core i3 Processor (12th Gen)8 GB DDR4 RAMWindows 11 Operating System512 GB SSD35.0 cm (13.78 inch) Display1 Year Onsite Warranty,4116 Ratings & 12 Reviews,"₹33,990₹63,29546% off",Save extra with combo offers,46% off
337,https://www.flipkart.com/asus-tuf-gaming-f15-90whr-battery-intel-core-i7-12th-gen-12700h-16-gb-1-tb-ssd-windows-11-home-4-gb-graphics-nvidia-geforce-rtx-3050-144-hz-95-w-fx577zc-hn192ws-laptop/p/itmf0fbfc79e4f61?pid=COMH3BGBEZJUMEXM&lid=LSTCOMH3BGBEZJUMEXMPY2LJ7&marketplace=FLIPKART&q=laptop&store=6bo%2Fb5g&srno=s_17_407&otracker=search&otracker1=search&fm=Search&iid=d0b47c31-f990-4a8d-90b4-4fb846eb89ba.COMH3BGBEZJUMEXM.SEARCH&ppt=sp&ppn=sp&ssid=o4foyk0n680000001728058180216&qH=312f91285e048e09,ASUS TUF Gaming F15 with 90Whr Battery Intel Core i7 12th Gen 12700H - (16 GB/1 TB SSD/Windows 11 Home...,"Intel Core i7 Processor (12th Gen)16 GB DDR4 RAMWindows 11 Operating System1 TB SSD39.62 cm (15.6 Inch) DisplayMicrosoft Office Home & Student 2021, Xbox Game Pass Ultimate_3 months1 Year Onsite Warranty",4.84 Ratings & 0 Reviews,"₹82,990₹1,19,99030% off",Top Discount of the Sale,30% off
338,https://www.flipkart.com/msi-thin-15-intel-core-i5-13th-gen-13420h-16-gb-512-gb-ssd-windows-11-home-4-graphics-nvidia-geforce-rtx-2050-144-hz-b13ucx-1807in-gaming-laptop/p/itme0fe6e73a1db5?pid=COMGYSFG4NX9DZRV&lid=LSTCOMGYSFG4NX9DZRVHN3BZZ&marketplace=FLIPKART&q=laptop&store=6bo%2Fb5g&srno=s_17_408&otracker=search&otracker1=search&fm=Search&iid=d0b47c31-f990-4a8d-90b4-4fb846eb89ba.COMGYSFG4NX9DZRV.SEARCH&ppt=sp&ppn=sp&ssid=o4foyk0n680000001728058180216&qH=312f91285e048e09,MSI Thin 15 Intel Core i5 13th Gen 13420H - (16 GB/512 GB SSD/Windows 11 Home/4 GB Graphics/NVIDIA GeF...,Intel Core i5 Processor (13th Gen)16 GB DDR4 RAMWindows 11 Operating System512 GB SSD39.62 cm (15.6 Inch) Display2 Year Onsite Warranty,4.77 Ratings & 1 Reviews,"₹54,990₹76,99028% off",Save extra with combo offers,28% off
339,https://www.flipkart.com/lenovo-ideapad-3-intel-core-i3-12th-gen-1215u-8-gb-512-gb-ssd-windows-11-home-15iau7-thin-light-laptop/p/itmdb68106255980?pid=COMH44PGNWF6MZYC&lid=LSTCOMH44PGNWF6MZYCI1WIIO&marketplace=FLIPKART&q=laptop&store=6bo%2Fb5g&srno=s_2_43&otracker=search&otracker1=search&fm=Search&iid=fe63acbf-65d0-4624-ac5e-4a6ac9ee7a51.COMH44PGNWF6MZYC.SEARCH&ppt=sp&ppn=sp&ssid=63rd5siu6o0000001728058144520&qH=312f91285e048e09,Lenovo IdeaPad 3 Intel Core i3 12th Gen 1215U - (8 GB/512 GB SSD/Windows 11 Home) 15IAU7 Thin and Ligh...,Intel Core i3 Processor (12th Gen)8 GB DDR4 RAMWindows 11 Operating System512 GB SSD39.62 cm (15.6 Inch) Display1 Year Carry-in Warranty,4.374 Ratings & 4 Reviews,"₹32,490₹49,19033% off",Top Discount of the Sale,33% off
340,https://www.flipkart.com/ultimus-pro-intel-celeron-dual-core-n4020c-4-gb-128-gb-emmc-storage-windows-11-home-nu14u5inc43bn-sg-thin-light-laptop/p/itme950115652bb0?pid=COMGZ6NHD4BDGPQR&lid=LSTCOMGZ6NHD4BDGPQRBD42HH&marketplace=FLIPKART&q=laptop&store=6bo%2Fb5g&srno=s_18_409&otracker=search&otracker1=search&fm=Search&iid=1f1e56a2-9c70-41e0-a9d6-df2e37eec90d.COMGZ6NHD4BDGPQR.SEARCH&ppt=sp&ppn=sp&ssid=ypy95u5x5s0000001728058182923&qH=312f91285e048e09,Ultimus PRO Intel Celeron Dual Core N4020C - (4 GB/128 GB EMMC Storage/Windows 11 Home) NU14U5INC43BN-...,Intel Celeron Dual Core Processor4 GB DDR4 RAM64 bit Windows 11 Operating System35.56 cm (14 Inch) DisplayPre loaded windows APP1 Year Onsite warranty,3.5170 Ratings & 26 Reviews,"₹11,990₹24,99052% off",Top Discount of the Sale,52% off
341,https://www.flipkart.com/hp-intel-core-i5-12th-gen-1235u-16-gb-512-gb-ssd-windows-11-home-15s-fr5011tu-thin-light-laptop/p/itmb222f6dd55b38?pid=COMGWM8FZTM7ZPGR&lid=LSTCOMGWM8FZTM7ZPGRCYWZA7&marketplace=FLIPKART&q=laptop&store=6bo%2Fb5g&srno=s_18_411&otracker=search&otracker1=search&fm=Search&iid=1f1e56a2-9c70-41e0-a9d6-df2e37eec90d.COMGWM8FZTM7ZPGR.SEARCH&ppt=sp&ppn=sp&ssid=ypy95u5x5s0000001728058182923&qH=312f91285e048e09,HP Intel Core i5 12th Gen 1235U - (16 GB/512 GB SSD/Windows 11 Home) 15s- fr5011TU Thin and Light Lapt...,Intel Core i5 Processor (12th Gen)16 GB DDR4 RAM64 bit Windows 11 Operating System512 GB SSD39.62 cm (15.6 inch) DisplayMicrosoft Office Home & Student 20211 Year Onsite Warranty,4.199 Ratings & 5 Reviews,"₹51,990₹71,64127% off",Save extra with combo offers,27% off
342,https://www.flipkart.com/asus-vivobook-15-intel-core-i3-11th-gen-1115g4-8-gb-256-gb-ssd-windows-11-home-x515ea-ej312w-thin-light-laptop/p/itm7aa1836156b37?pid=COMG9WH98ZNYXWYH&lid=LSTCOMG9WH98ZNYXWYHARCWA8&marketplace=FLIPKART&q=laptop&store=6bo%2Fb5g&srno=s_18_412&otracker=search&otracker1=search&fm=Search&iid=1f1e56a2-9c70-41e0-a9d6-df2e37eec90d.COMG9WH98ZNYXWYH.SEARCH&ppt=sp&ppn=sp&ssid=ypy95u5x5s0000001728058182923&qH=312f91285e048e09,ASUS Vivobook 15 Intel Core i3 11th Gen 1115G4 - (8 GB/256 GB SSD/Windows 11 Home) X515EA-EJ312W Thin ...,Intel Core i3 Processor (11th Gen)8 GB DDR4 RAM64 bit Windows 11 Operating System256 GB SSD39.62 cm (15.6 Inch) DisplayNot Applicable1 Year Onsite Warranty,"4.33,329 Ratings & 330 Reviews","₹28,990₹44,99035% off",Save extra with combo offers,35% off
343,https://www.flipkart.com/hp-15s-intel-core-i3-13th-gen-1315u-8-gb-512-gb-ssd-windows-11-home-15-fd0006tu-thin-light-laptop/p/itm5978c19db874e?pid=COMGZNSBZUBEHR9B&lid=LSTCOMGZNSBZUBEHR9BTBJI0V&marketplace=FLIPKART&q=laptop&store=6bo%2Fb5g&srno=s_18_413&otracker=search&otracker1=search&fm=Search&iid=1f1e56a2-9c70-41e0-a9d6-df2e37eec90d.COMGZNSBZUBEHR9B.SEARCH&ppt=sp&ppn=sp&ssid=ypy95u5x5s0000001728058182923&qH=312f91285e048e09,HP 15s Intel Core i3 13th Gen 1315U - (8 GB/512 GB SSD/Windows 11 Home) 15-fd0006TU Thin and Light Lap...,Intel Core i3 Processor (13th Gen)8 GB DDR4 RAM64 bit Windows 11 Operating System512 GB SSD39.62 cm (15.6 Inch) Display1 Year Onsite Warranty,4160 Ratings & 16 Reviews,"₹45,990₹54,49915% off",Save extra with combo offers,15% off
344,https://www.flipkart.com/colorful-p15-intel-core-i7-13th-gen-13620h-16-gb-512-gb-ssd-windows-11-home-8-graphics-nvidia-geforce-rtx-4060-23-hj76b16512e-b-sa-gaming-laptop/p/itm539c6f24a89a5?pid=COMGYEYDXMK8QZMJ&lid=LSTCOMGYEYDXMK8QZMJYLNUFT&marketplace=FLIPKART&q=laptop&store=6bo%2Fb5g&srno=s_18_414&otracker=search&otracker1=search&fm=Search&iid=1f1e56a2-9c70-41e0-a9d6-df2e37eec90d.COMGYEYDXMK8QZMJ.SEARCH&ppt=sp&ppn=sp&ssid=ypy95u5x5s0000001728058182923&qH=312f91285e048e09,Colorful P15 Intel Core i7 13th Gen 13620H - (16 GB/512 GB SSD/Windows 11 Home/8 GB Graphics/NVIDIA Ge...,Intel Core i7 Processor (13th Gen)16 GB DDR5 RAM64 bit Windows 11 Operating System512 GB SSD39.62 cm (15.6 Inch) Display2 Years Domestic Warranty and 1 Year Battery Domestic Warranty,4.517 Ratings & 4 Reviews,"₹81,990₹1,39,99941% off",Top Discount of the Sale,41% off
345,https://www.flipkart.com/asus-tuf-gaming-a15-90whr-battery-amd-ryzen-7-octa-core-7735hs-16-gb-512-gb-ssd-windows-11-home-6-graphics-nvidia-geforce-rtx-4050-144-hz-140-tgp-fa577nu-lp082w-laptop/p/itm645a18a9de60f?pid=COMGPFPCTS9SK94A&lid=LSTCOMGPFPCTS9SK94AUL5DCS&marketplace=FLIPKART&q=laptop&store=6bo%2Fb5g&srno=s_18_415&otracker=search&otracker1=search&fm=Search&iid=1f1e56a2-9c70-41e0-a9d6-df2e37eec90d.COMGPFPCTS9SK94A.SEARCH&ppt=sp&ppn=sp&ssid=ypy95u5x5s0000001728058182923&qH=312f91285e048e09,ASUS TUF Gaming A15 with 90WHr Battery AMD Ryzen 7 Octa Core 7735HS - (16 GB/512 GB SSD/Windows 11 Hom...,AMD Ryzen 7 Octa Core Processor16 GB DDR5 RAMWindows 11 Operating System512 GB SSD39.62 cm (15.6 Inch) Display1 Year Onsite Warranty,4.175 Ratings & 10 Reviews,"₹89,990₹1,19,99025% off",Save extra with combo offers,25% off
346,https://www.flipkart.com/lenovo-ideapad-slim-1-amd-ryzen-3-quad-core-7320u-8-gb-512-gb-ssd-windows-11-home-15amn7-thin-light-laptop/p/itm3ee2f5da49d46?pid=COMGNY3BTHRQ8MJG&lid=LSTCOMGNY3BTHRQ8MJG2YIZH3&marketplace=FLIPKART&q=laptop&store=6bo%2Fb5g&srno=s_18_416&otracker=search&otracker1=search&fm=Search&iid=1f1e56a2-9c70-41e0-a9d6-df2e37eec90d.COMGNY3BTHRQ8MJG.SEARCH&ppt=sp&ppn=sp&ssid=ypy95u5x5s0000001728058182923&qH=312f91285e048e09,Lenovo IdeaPad Slim 1 AMD Ryzen 3 Quad Core 7320U - (8 GB/512 GB SSD/Windows 11 Home) 15AMN7 Thin and ...,AMD Ryzen 3 Quad Core Processor8 GB LPDDR5 RAMWindows 11 Operating System512 GB SSD39.62 cm (15.6 inch) Display1Yr Warranty and 1 Yr Accidental Damage Protection,4301 Ratings & 16 Reviews,"₹32,190₹52,89039% off",Top Discount of the Sale,39% off
347,https://www.flipkart.com/acer-aspire-lite-amd-ryzen-3-quad-core-5300u-8-gb-512-gb-ssd-windows-11-home-al15-41-thin-light-laptop/p/itmde3ce5fc19d79?pid=COMH2TPSM9V7V38F&lid=LSTCOMH2TPSM9V7V38F5SNKCO&marketplace=FLIPKART&q=laptop&store=6bo%2Fb5g&srno=s_2_44&otracker=search&otracker1=search&fm=Search&iid=fe63acbf-65d0-4624-ac5e-4a6ac9ee7a51.COMH2TPSM9V7V38F.SEARCH&ppt=sp&ppn=sp&ssid=63rd5siu6o0000001728058144520&qH=312f91285e048e09,Acer Aspire Lite AMD Ryzen 3 Quad Core 5300U - (8 GB/512 GB SSD/Windows 11 Home) AL15-41 Thin and Ligh...,AMD Ryzen 3 Quad Core Processor8 GB DDR4 RAMWindows 11 Operating System512 GB SSD39.62 cm (15.6 Inch) Display1 Year Carry-in Warranty,448 Ratings & 5 Reviews,"₹26,990₹44,99040% off",Save extra with combo offers,40% off
348,https://www.flipkart.com/asus-amd-ryzen-5-quad-core-8-gb-512-gb-ssd-windows-11-home-e1404fa-nk522ws-thin-light-laptop/p/itmeb745cd6f6289?pid=COMGZ2Y4SGZZBCFJ&lid=LSTCOMGZ2Y4SGZZBCFJDXC7VC&marketplace=FLIPKART&q=laptop&store=6bo%2Fb5g&srno=s_18_417&otracker=search&otracker1=search&fm=Search&iid=1f1e56a2-9c70-41e0-a9d6-df2e37eec90d.COMGZ2Y4SGZZBCFJ.SEARCH&ppt=sp&ppn=sp&ssid=ypy95u5x5s0000001728058182923&qH=312f91285e048e09,ASUS AMD Ryzen 5 Quad Core - (8 GB/512 GB SSD/Windows 11 Home) E1404FA-NK522WS Thin and Light Laptop,AMD Ryzen 5 Quad Core Processor8 GB LPDDR5 RAMWindows 11 Operating System512 GB SSD35.56 cm (14 inch) Display1 Year International Warranty,4.241 Ratings & 4 Reviews,"₹35,990₹62,99042% off",Lowest price since launch,42% off
349,https://www.flipkart.com/hp-envy13-x360-bf0121tu-intel-core-i5-12th-gen-1230u-16-gb-16-optane-512-ssd-windows-11-home-13-bf0121tu-2-1-laptop/p/itm7c472a05300e5?pid=COMGH47NWT4HZFYP&lid=LSTCOMGH47NWT4HZFYPJT5O1U&marketplace=FLIPKART&q=laptop&store=6bo%2Fb5g&srno=s_18_419&otracker=search&otracker1=search&fm=Search&iid=1f1e56a2-9c70-41e0-a9d6-df2e37eec90d.COMGH47NWT4HZFYP.SEARCH&ppt=sp&ppn=sp&ssid=ypy95u5x5s0000001728058182923&qH=312f91285e048e09,HP Envy13 x360 bf0121tu Intel Core i5 12th Gen I5 1230U - (16 GB + 16 GB Optane/512 GB SSD/Windows 11 ...,Intel Core i5 Processor (12th Gen)16 GB LPDDR4X RAM64 bit Windows 11 Operating System512 GB SSD85.8 cm (33.78 inch) Touchscreen DisplayW11 + MS OFFICE1 Year Onsite Warranty,4.3194 Ratings & 25 Reviews,"₹86,490₹93,5277% off",Save extra with combo offers,7% off
350,https://www.flipkart.com/lenovo-yoga-6-amd-ryzen-7-octa-core-7730u-16-gb-1-tb-ssd-windows-11-home-13abr8-2-1-laptop/p/itm0a5d2a15938e8?pid=COMGSVFES2XSYQYY&lid=LSTCOMGSVFES2XSYQYYYK27H0&marketplace=FLIPKART&q=laptop&store=6bo%2Fb5g&srno=s_18_420&otracker=search&otracker1=search&fm=Search&iid=1f1e56a2-9c70-41e0-a9d6-df2e37eec90d.COMGSVFES2XSYQYY.SEARCH&ppt=sp&ppn=sp&ssid=ypy95u5x5s0000001728058182923&qH=312f91285e048e09,Lenovo Yoga 6 AMD Ryzen 7 Octa Core 7730U - (16 GB/1 TB SSD/Windows 11 Home) 13ABR8 2 in 1 Laptop,AMD Ryzen 7 Octa Core Processor16 GB LPDDR4X RAMWindows 11 Operating System1 TB SSD33.78 cm (13.3 inch) Touchscreen Display1Yr Warranty + 1 Yr Premium Care and 1 Yr Accidental Damage Protection,4.161 Ratings & 5 Reviews,"₹80,190₹1,21,69034% off",Save extra with combo offers,34% off
351,https://www.flipkart.com/acer-predator-helios-neo-16-intel-core-i7-14th-gen-14700hx-16-gb-1-tb-ssd-windows-11-home-6-gb-graphics-nvidia-geforce-rtx-4050-phn16-72-77gz-gaming-laptop/p/itm4e69416e1cdbf?pid=COMGZKFB3ZTQGRT4&lid=LSTCOMGZKFB3ZTQGRT4YMVGPV&marketplace=FLIPKART&q=laptop&store=6bo%2Fb5g&srno=s_18_421&otracker=search&otracker1=search&fm=Search&iid=1f1e56a2-9c70-41e0-a9d6-df2e37eec90d.COMGZKFB3ZTQGRT4.SEARCH&ppt=sp&ppn=sp&ssid=ypy95u5x5s0000001728058182923&qH=312f91285e048e09,Acer Predator Helios Neo 16 Intel Core i7 14th Gen 14700HX - (16 GB/1 TB SSD/Windows 11 Home/6 GB Grap...,Intel Core i7 Processor (14th Gen)16 GB DDR5 RAMWindows 11 Operating System1 TB SSD40.64 cm (16 Inch) Display1 Year Carry-in Warranty,410 Ratings & 0 Reviews,"₹1,19,990₹1,42,99916% off",Top Discount of the Sale,16% off
352,https://www.flipkart.com/lenovo-ideapad-slim-5-wuxga-ips-intel-core-i5-12th-gen-12450h-16-gb-512-gb-ssd-windows-11-home-16iah8-thin-light-laptop/p/itm41005b9d6973a?pid=COMGSC4EZAPZHGTY&lid=LSTCOMGSC4EZAPZHGTYGR6SGO&marketplace=FLIPKART&q=laptop&store=6bo%2Fb5g&srno=s_18_422&otracker=search&otracker1=search&fm=Search&iid=1f1e56a2-9c70-41e0-a9d6-df2e37eec90d.COMGSC4EZAPZHGTY.SEARCH&ppt=sp&ppn=sp&ssid=ypy95u5x5s0000001728058182923&qH=312f91285e048e09,Lenovo IdeaPad Slim 5 WUXGA IPS Intel Core i5 12th Gen 12450H - (16 GB/512 GB SSD/Windows 11 Home) 16I...,Intel Core i5 Processor (12th Gen)16 GB LPDDR5 RAMWindows 11 Operating System512 GB SSD40.64 cm (16 Inch) Display1Yr Warranty + 1 Yr Premium Care and 1 Yr Accidental Damage Protection,4.3186 Ratings & 18 Reviews,"₹58,690₹84,29030% off",Save extra with combo offers,30% off
353,https://www.flipkart.com/hp-amd-ryzen-5-hexa-core-5500u-8-gb-512-gb-ssd-windows-11-home-15s-eq2223au-thin-light-laptop/p/itmefcc6dfb06c44?pid=COMGZ7FRUHRF8AA3&lid=LSTCOMGZ7FRUHRF8AA34IHP7D&marketplace=FLIPKART&q=laptop&store=6bo%2Fb5g&srno=s_18_423&otracker=search&otracker1=search&fm=Search&iid=1f1e56a2-9c70-41e0-a9d6-df2e37eec90d.COMGZ7FRUHRF8AA3.SEARCH&ppt=sp&ppn=sp&ssid=ypy95u5x5s0000001728058182923&qH=312f91285e048e09,HP AMD Ryzen 5 Hexa Core 5500U - (8 GB/512 GB SSD/Windows 11 Home) 15s- eq2223AU Thin and Light Laptop,AMD Ryzen 5 Hexa Core Processor8 GB DDR4 RAM64 bit Windows 11 Operating System512 GB SSD39.62 cm (15.6 inch) Display1 Year Onsite Warranty,4.3993 Ratings & 62 Reviews,"₹40,980₹51,59020% off",Save extra with combo offers,20% off
354,https://www.flipkart.com/asus-vivobook-15-intel-core-i3-11th-gen-1115g4-16-gb-512-gb-ssd-windows-11-home-x515ea-ej342ws-thin-light-laptop/p/itm657040ef2c126?pid=COMGZ3MYJ2Z22ZAS&lid=LSTCOMGZ3MYJ2Z22ZASDWO5SA&marketplace=FLIPKART&q=laptop&store=6bo%2Fb5g&srno=s_18_424&otracker=search&otracker1=search&fm=Search&iid=1f1e56a2-9c70-41e0-a9d6-df2e37eec90d.COMGZ3MYJ2Z22ZAS.SEARCH&ppt=sp&ppn=sp&ssid=ypy95u5x5s0000001728058182923&qH=312f91285e048e09,ASUS Vivobook 15 Intel Core i3 11th Gen 1115G4 - (16 GB/512 GB SSD/Windows 11 Home) X515EA-EJ342WS Thi...,Intel Core i3 Processor (11th Gen)16 GB DDR4 RAMWindows 11 Operating System512 GB SSD39.62 cm (15.6 Inch) Display1 Year Onsite Warranty,"4.38,842 Ratings & 761 Reviews","₹35,990₹49,99028% off",Lowest price since launch,28% off
355,https://www.flipkart.com/lenovo-ideapad-3-intel-core-i3-12th-gen-1215u-8-gb-512-gb-ssd-windows-11-home-14iau7-thin-light-laptop/p/itmdfa8fc0e85938?pid=COMHFYZ3VJ36ZTJZ&lid=LSTCOMHFYZ3VJ36ZTJZGRHDNQ&marketplace=FLIPKART&q=laptop&store=6bo%2Fb5g&srno=s_18_425&otracker=search&otracker1=search&fm=Search&iid=1f1e56a2-9c70-41e0-a9d6-df2e37eec90d.COMHFYZ3VJ36ZTJZ.SEARCH&ppt=sp&ppn=sp&ssid=ypy95u5x5s0000001728058182923&qH=312f91285e048e09,Lenovo IdeaPad 3 Intel Core i3 12th Gen 1215U - (8 GB/512 GB SSD/Windows 11 Home) 14IAU7 Thin and Ligh...,Intel Core i3 Processor (12th Gen)8 GB DDR4 RAMWindows 11 Operating System512 GB SSD35.56 cm (14 Inch) Display1Yr Warranty and 1 Yr Accidental Damage Protection,4.242 Ratings & 0 Reviews,"₹34,990₹55,19036% off",Top Discount of the Sale,36% off
356,https://www.flipkart.com/infinix-gt-book-intel-core-i5-12th-gen-12450h-16-gb-512-gb-ssd-windows-11-home-6-graphics-nvidia-geforce-rtx-3050-80-w-gl613-accessories-box-gaming-laptop/p/itm1c4b76e496cb4?pid=COMHYS44ZW25HYYQ&lid=LSTCOMHYS44ZW25HYYQOSRO41&marketplace=FLIPKART&q=laptop&store=6bo%2Fb5g&srno=s_18_426&otracker=search&otracker1=search&fm=Search&iid=1f1e56a2-9c70-41e0-a9d6-df2e37eec90d.COMHYS44ZW25HYYQ.SEARCH&ppt=sp&ppn=sp&ssid=ypy95u5x5s0000001728058182923&qH=312f91285e048e09,Infinix GT Book Intel Core i5 12th Gen 12450H - (16 GB/512 GB SSD/Windows 11 Home/6 GB Graphics/NVIDIA...,Intel Core i5 Processor (12th Gen)16 GB LPDDR5 RAMWindows 11 Operating System512 GB SSD40.64 cm (16 inch) DisplayControl Center1 Year Domestic Onsite Warranty On Laptop and 6 Months On Adapter,4.2141 Ratings & 15 Reviews,"₹57,990₹99,99042% off",Top Discount of the Sale,42% off
357,https://www.flipkart.com/asus-tuf-gaming-f17-ai-powered-intel-core-i5-11th-gen-11400h-16-gb-512-gb-ssd-windows-11-home-4-graphics-nvidia-geforce-rtx-2050-70-w-fx706hf-ny040w-laptop/p/itm5b135cad5c8a9?pid=COMHY74JXH3KZRWM&lid=LSTCOMHY74JXH3KZRWMLLMJRL&marketplace=FLIPKART&q=laptop&store=6bo%2Fb5g&srno=s_2_45&otracker=search&otracker1=search&fm=Search&iid=fe63acbf-65d0-4624-ac5e-4a6ac9ee7a51.COMHY74JXH3KZRWM.SEARCH&ppt=sp&ppn=sp&ssid=63rd5siu6o0000001728058144520&qH=312f91285e048e09,ASUS TUF Gaming F17 - AI Powered Gaming Intel Core i5 11th Gen 11400H - (16 GB/512 GB SSD/Windows 11 H...,Intel Core i5 Processor (11th Gen)16 GB DDR4 RAMWindows 11 Operating System512 GB SSD43.94 cm (17.3 Inch) Display1 Year Onsite Warranty,"4.35,887 Ratings & 487 Reviews","₹50,990₹85,99040% off",Save extra with combo offers,40% off
358,https://www.flipkart.com/colorful-evol-p15-intel-core-i7-13th-gen-13620h-16-gb-512-gb-ssd-windows-11-home-8-graphics-nvidia-geforce-rtx-4060-a10204900072-gaming-laptop/p/itm455aa5089322c?pid=COMHFBHQZJCXJYA7&lid=LSTCOMHFBHQZJCXJYA75BV0GM&marketplace=FLIPKART&q=laptop&store=6bo%2Fb5g&srno=s_18_427&otracker=search&otracker1=search&fm=Search&iid=1f1e56a2-9c70-41e0-a9d6-df2e37eec90d.COMHFBHQZJCXJYA7.SEARCH&ppt=sp&ppn=sp&ssid=ypy95u5x5s0000001728058182923&qH=312f91285e048e09,Colorful Evol P15 Intel Core i7 13th Gen 13620H - (16 GB/512 GB SSD/Windows 11 Home/8 GB Graphics/NVID...,Intel Core i7 Processor (13th Gen)16 GB DDR5 RAMWindows 11 Operating System512 GB SSD39.62 cm (15.6 Inch) Display2 Year Carry-in Warranty,4.517 Ratings & 4 Reviews,"₹81,990₹1,39,99941% off",Top Discount of the Sale,41% off
359,https://www.flipkart.com/asus-intel-core-i5-13th-gen-1335u-16-gb-512-gb-ssd-windows-11-home-k3504vab-nj541ws-laptop/p/itma18c452f2836c?pid=COMGZWQQCEJMHVKE&lid=LSTCOMGZWQQCEJMHVKEPI7ORW&marketplace=FLIPKART&q=laptop&store=6bo%2Fb5g&srno=s_18_428&otracker=search&otracker1=search&fm=Search&iid=1f1e56a2-9c70-41e0-a9d6-df2e37eec90d.COMGZWQQCEJMHVKE.SEARCH&ppt=sp&ppn=sp&ssid=ypy95u5x5s0000001728058182923&qH=312f91285e048e09,ASUS Intel Core i5 13th Gen 1335U - (16 GB/512 GB SSD/Windows 11 Home) K3504VAB-NJ541WS Laptop,Intel Core i5 Processor (13th Gen)16 GB DDR4 RAMWindows 11 Operating System512 GB SSD39.62 cm (15.6 inch) Display1 Year Manufacturer Warranty,3.77 Ratings & 1 Reviews,"₹54,676₹99,50045% off",Save extra with combo offers,45% off
360,https://www.flipkart.com/dell-intel-core-i5-13th-gen-1334u-8-gb-512-gb-ssd-windows-11-home-vostro-3530-thin-light-laptop/p/itm79cd6c99191e5?pid=COMHF2JYJXYG7J5T&lid=LSTCOMHF2JYJXYG7J5TKX7GPP&marketplace=FLIPKART&q=laptop&store=6bo%2Fb5g&srno=s_18_429&otracker=search&otracker1=search&fm=Search&iid=1f1e56a2-9c70-41e0-a9d6-df2e37eec90d.COMHF2JYJXYG7J5T.SEARCH&ppt=sp&ppn=sp&ssid=ypy95u5x5s0000001728058182923&qH=312f91285e048e09,DELL Intel Core i5 13th Gen 1334U - (8 GB/512 GB SSD/Windows 11 Home) Vostro 3530 Thin and Light Lapto...,Intel Core i5 Processor (13th Gen)8 GB DDR4 RAMWindows 11 Operating System512 GB SSD39.62 cm (15.6 Inch) Display1 Year Onsite Hardware Service,3.915 Ratings & 1 Reviews,"₹48,990₹63,98823% off",Bank Offer,23% off
361,https://www.flipkart.com/chuwi-intel-celeron-dual-core-10th-gen-n4020-4-gb-128-gb-ssd-windows-11-home-herobook-air-laptop/p/itmc48d96e4f2fce?pid=COMGQHR5CHKG6GWF&lid=LSTCOMGQHR5CHKG6GWFNSQQBE&marketplace=FLIPKART&q=laptop&store=6bo%2Fb5g&srno=s_18_430&otracker=search&otracker1=search&fm=Search&iid=1f1e56a2-9c70-41e0-a9d6-df2e37eec90d.COMGQHR5CHKG6GWF.SEARCH&ppt=sp&ppn=sp&ssid=ypy95u5x5s0000001728058182923&qH=312f91285e048e09,CHUWI Intel Celeron Dual Core 10th Gen N4020 - (4 GB/128 GB SSD/Windows 11 Home) HeroBook Air Laptop,"Fan-less Design
(Low Power Consumption)4x faster than eMMCM.2 port for easy DIY upgradesLPDDR4 4GB RAMIntel 9th generation UHD GraphicsSupport 4K/60 Frames HDIntel Celeron Dual Core Processor (10th Gen)4 GB LPDDR4 RAM64 bit Windows 11 Operating System128 GB SSD29.46 cm (11.6 inch) DisplayOperating System Software1 Year Onsite Warranty",3.6218 Ratings & 20 Reviews,"₹13,990₹34,99060% off",Save extra with combo offers,60% off
362,https://www.flipkart.com/lenovo-v14-g3-82tsa01kih-intel-core-i3-12th-gen-1213u-8-gb-512-gb-ssd-dos-laptop/p/itm00af23126ed78?pid=COMGPZCZHPBEHYEY&lid=LSTCOMGPZCZHPBEHYEYUKJSSY&marketplace=FLIPKART&q=laptop&store=6bo%2Fb5g&srno=s_18_431&otracker=search&otracker1=search&fm=Search&iid=1f1e56a2-9c70-41e0-a9d6-df2e37eec90d.COMGPZCZHPBEHYEY.SEARCH&ppt=sp&ppn=sp&ssid=ypy95u5x5s0000001728058182923&qH=312f91285e048e09,Lenovo V14 G3 (82TSA01KIH) Intel Core i3 12th Gen 1213U - (8 GB/512 GB SSD/DOS) V14 Laptop,Intel Core i3 Processor (12th Gen)8 GB DDR4 RAMDOS Operating System512 GB SSD35.56 cm (14 inch) Display1 YEAR FROM BRAND,3.876 Ratings & 8 Reviews,"₹29,490₹45,99935% off",Top Discount of the Sale,35% off
363,https://www.flipkart.com/acer-aspire-3-backlit-intel-core-i3-12th-gen-1215u-8-gb-512-gb-ssd-windows-11-home-a324-51-thin-light-laptop/p/itmd2d604bcca151?pid=COMHY24RRTCSUGMG&lid=LSTCOMHY24RRTCSUGMGXDAVTT&marketplace=FLIPKART&q=laptop&store=6bo%2Fb5g&srno=s_18_432&otracker=search&otracker1=search&fm=Search&iid=1f1e56a2-9c70-41e0-a9d6-df2e37eec90d.COMHY24RRTCSUGMG.SEARCH&ppt=sp&ppn=sp&ssid=ypy95u5x5s0000001728058182923&qH=312f91285e048e09,Acer Aspire 3 Backlit Intel Core i3 12th Gen 1215U - (8 GB/512 GB SSD/Windows 11 Home) A324-51 Thin an...,Intel Core i3 Processor (12th Gen)8 GB DDR4 RAM64 bit Windows 11 Operating System512 GB SSD35.56 cm (14 Inch) Display1 Year Domestic Warranty,4.2153 Ratings & 16 Reviews,"₹25,990₹44,00040% off",Top Discount of the Sale,40% off
364,https://www.flipkart.com/lenovo-ideapad-3-chrome-intel-celeron-dual-core-n4500-8-gb-chrome-os-15ijl6-chromebook-laptop/p/itm1ab0b3d5d513c?pid=COMH23FAEHT3AWVG&lid=LSTCOMH23FAEHT3AWVGDFKITX&marketplace=FLIPKART&q=laptop&store=6bo%2Fb5g&srno=s_19_433&otracker=search&otracker1=search&fm=Search&iid=6e8b0ffa-e9ed-48d2-ae35-03eafc916fe4.COMH23FAEHT3AWVG.SEARCH&ppt=sp&ppn=sp&ssid=qpzpnz2v340000001728058185351&qH=312f91285e048e09,Lenovo IdeaPad 3 Chrome Intel Celeron Dual Core N4500 - (8 GB/Chrome OS) 15IJL6 Chromebook Laptop,Intel Celeron Dual Core Processor8 GB LPDDR4X RAMChrome Operating System39.62 cm (15.6 Inch) Display1 Year Carry-in Warranty,3.73 Ratings & 0 Reviews,"₹17,990₹31,49042% off",Top Discount of the Sale,42% off
365,https://www.flipkart.com/lenovo-legion-5-intel-core-i7-14th-gen-14650hx-16-gb-1-tb-ssd-windows-11-home-6-gb-graphics-nvidia-geforce-rtx-4050-16irx9-gaming-laptop/p/itm52d4580057187?pid=COMGYSFGEY7CBGND&lid=LSTCOMGYSFGEY7CBGNDB2LXGZ&marketplace=FLIPKART&q=laptop&store=6bo%2Fb5g&srno=s_19_434&otracker=search&otracker1=search&fm=Search&iid=6e8b0ffa-e9ed-48d2-ae35-03eafc916fe4.COMGYSFGEY7CBGND.SEARCH&ppt=sp&ppn=sp&ssid=qpzpnz2v340000001728058185351&qH=312f91285e048e09,Lenovo Legion 5 Intel Core i7 14th Gen 14650HX - (16 GB/1 TB SSD/Windows 11 Home/6 GB Graphics/NVIDIA ...,Intel Core i7 Processor (14th Gen)16 GB DDR5 RAMWindows 11 Operating System1 TB SSD40.64 cm (16 Inch) DisplayOffice Home & Student 20211Yr Warranty + 1 Yr Legion Ultimate Support and 1 Yr Accidental Damage Protection,4.79 Ratings & 2 Reviews,"₹1,29,690₹1,79,79027% off",Save extra with combo offers,27% off
366,https://www.flipkart.com/lenovo-ideapad-slim-1-amd-ryzen-5-quad-core-7520u-8-gb-512-gb-ssd-windows-11-home-15amn7-thin-light-laptop/p/itm0ddb6eb3b6bef?pid=COMHYUNJGKSJGPGN&lid=LSTCOMHYUNJGKSJGPGNGZTGGT&marketplace=FLIPKART&q=laptop&store=6bo%2Fb5g&srno=s_2_46&otracker=search&otracker1=search&fm=Search&iid=fe63acbf-65d0-4624-ac5e-4a6ac9ee7a51.COMHYUNJGKSJGPGN.SEARCH&ppt=sp&ppn=sp&ssid=63rd5siu6o0000001728058144520&qH=312f91285e048e09,Lenovo IdeaPad Slim 1 AMD Ryzen 5 Quad Core 7520U - (8 GB/512 GB SSD/Windows 11 Home) 15AMN7 Thin and ...,AMD Ryzen 5 Quad Core Processor8 GB LPDDR5 RAMWindows 11 Operating System512 GB SSD39.62 cm (15.6 inch) DisplayMicrosoft Office Home & Student 20211 Year Carry-in Warranty,4.2328 Ratings & 31 Reviews,"₹33,990₹65,69048% off",Lowest price since launch,48% off
367,https://www.flipkart.com/hp-15s-intel-core-i5-12th-gen-1235u-16-gb-512-gb-ssd-windows-11-home-15s-fq5112tu-thin-light-laptop/p/itmafa17a199da31?pid=COMGG63HWNMXZKDF&lid=LSTCOMGG63HWNMXZKDFXSKRQF&marketplace=FLIPKART&q=laptop&store=6bo%2Fb5g&srno=s_19_435&otracker=search&otracker1=search&fm=Search&iid=6e8b0ffa-e9ed-48d2-ae35-03eafc916fe4.COMGG63HWNMXZKDF.SEARCH&ppt=sp&ppn=sp&ssid=qpzpnz2v340000001728058185351&qH=312f91285e048e09,HP 15s Intel Core i5 12th Gen 1235U - (16 GB/512 GB SSD/Windows 11 Home) 15s-fq5112TU Thin and Light L...,Intel Core i5 Processor (12th Gen)16 GB DDR4 RAM64 bit Windows 11 Operating System512 GB SSD39.62 cm (15.6 inch) Display1 Year Onsite Warranty,4.1440 Ratings & 36 Reviews,"₹50,990₹73,40030% off",Save extra with combo offers,30% off
368,https://www.flipkart.com/acer-aspire-3-intel-core-i3-8th-gen-8130u-4-gb-1-tb-hdd-windows-11-home-a315-53-317g-a315-53-31ek-thin-light-laptop/p/itm34f008a02206e?pid=COMFBZZNTRRSKPBH&lid=LSTCOMFBZZNTRRSKPBHKIS7SJ&marketplace=FLIPKART&q=laptop&store=6bo%2Fb5g&srno=s_19_436&otracker=search&otracker1=search&fm=Search&iid=6e8b0ffa-e9ed-48d2-ae35-03eafc916fe4.COMFBZZNTRRSKPBH.SEARCH&ppt=sp&ppn=sp&ssid=qpzpnz2v340000001728058185351&qH=312f91285e048e09,"Acer Aspire 3 Intel Core i3 8th Gen 8130U - (4 GB/1 TB HDD/Windows 11 Home) A315-53-317G, A315-53-31EK...","Intel Core i3 Processor (8th Gen)4 GB DDR4 RAM64 bit Windows 11 Operating System1 TB HDD39.62 cm (15.6 inch) DisplayAcer Care Center, Acer Configuration Manager, Acer Quick Access1 Year International Travelers Warranty (ITW)",3.775 Ratings & 7 Reviews,"₹21,990₹44,99951% off",Lowest price since launch,51% off
369,https://www.flipkart.com/acer-one-14-intel-core-i3-11th-gen-1115g4-16-gb-512-gb-ssd-windows-11-home-z8-415-thin-light-laptop/p/itm337c29416c894?pid=COMH3YT9NFGNF5JZ&lid=LSTCOMH3YT9NFGNF5JZFJ1BRM&marketplace=FLIPKART&q=laptop&store=6bo%2Fb5g&srno=s_19_437&otracker=search&otracker1=search&fm=Search&iid=6e8b0ffa-e9ed-48d2-ae35-03eafc916fe4.COMH3YT9NFGNF5JZ.SEARCH&ppt=sp&ppn=sp&ssid=qpzpnz2v340000001728058185351&qH=312f91285e048e09,Acer One 14 Intel Core i3 11th Gen 1115G4 - (16 GB/512 GB SSD/Windows 11 Home) Z8-415 Thin and Light L...,Intel Core i3 Processor (11th Gen)16 GB DDR4 RAMWindows 11 Operating System512 GB SSD35.56 cm (14 Inch) Display1 Year Carry-in Warranty,"4.29,943 Ratings & 755 Reviews","₹27,990₹48,99942% off",Bank Offer,42% off
370,https://www.flipkart.com/hp-250-g9-intel-core-i3-12th-gen-1215u-8-gb-512-gb-ssd-windows-11-home-business-laptop/p/itmaeab3e70c465d?pid=COMGWYWD7GTFGFQH&lid=LSTCOMGWYWD7GTFGFQHS3OQW1&marketplace=FLIPKART&q=laptop&store=6bo%2Fb5g&srno=s_19_438&otracker=search&otracker1=search&fm=Search&iid=6e8b0ffa-e9ed-48d2-ae35-03eafc916fe4.COMGWYWD7GTFGFQH.SEARCH&ppt=sp&ppn=sp&ssid=qpzpnz2v340000001728058185351&qH=312f91285e048e09,HP 250 G9 Intel Core i3 12th Gen Intel Core i3 1215U - (8 GB/512 GB SSD/Windows 11 Home) 250 G9 Busine...,Intel Core i3 Processor (12th Gen)8 GB DDR4 RAM64 bit Windows 11 Operating System512 GB SSD39.62 cm (15.6 inch) DisplayWindows1 year Domestic warranty,4.2521 Ratings & 22 Reviews,"₹33,900₹47,55428% off",Save extra with combo offers,28% off
371,https://www.flipkart.com/asus-vivobook-s-15-oled-powered-intel-evo-h-series-ai-pc-core-ultra-5-125h-16-gb-1-tb-ssd-windows-11-home-s5506ma-ma552ws-thin-light-laptop/p/itmd459f255adcc2?pid=COMHYYZNPTQFQXZY&lid=LSTCOMHYYZNPTQFQXZYCCXKZC&marketplace=FLIPKART&q=laptop&store=6bo%2Fb5g&srno=s_19_439&otracker=search&otracker1=search&fm=Search&iid=6e8b0ffa-e9ed-48d2-ae35-03eafc916fe4.COMHYYZNPTQFQXZY.SEARCH&ppt=sp&ppn=sp&ssid=qpzpnz2v340000001728058185351&qH=312f91285e048e09,"ASUS Vivobook S 15 OLED Powered, Intel EVO H Series, AI PC Intel Core Ultra 5 125H - (16 GB/1 TB SSD/W...",Intel Core Ultra 5 Processor16 GB LPDDR5X RAMWindows 11 Operating System1 TB SSD39.62 cm (15.6 Inch) DisplayMicrosoft Office Home & Student 20211 Year Onsite Warranty,4.527 Ratings & 3 Reviews,"₹96,990₹1,06,9909% off",Save extra with combo offers,9% off
372,https://www.flipkart.com/asus-vivobook-15-intel-core-i5-12th-gen-1235u-8-gb-512-gb-ssd-windows-11-home-x1502za-ej515ws-thin-light-laptop/p/itm522edf7df6858?pid=COMGZDZSVBBZAK3Z&lid=LSTCOMGZDZSVBBZAK3ZHLXJO6&marketplace=FLIPKART&q=laptop&store=6bo%2Fb5g&srno=s_19_440&otracker=search&otracker1=search&fm=Search&iid=6e8b0ffa-e9ed-48d2-ae35-03eafc916fe4.COMGZDZSVBBZAK3Z.SEARCH&ppt=sp&ppn=sp&ssid=qpzpnz2v340000001728058185351&qH=312f91285e048e09,ASUS Vivobook 15 Intel Core i5 12th Gen 1235U - (8 GB/512 GB SSD/Windows 11 Home) X1502ZA-EJ515WS Thin...,Intel Core i5 Processor (12th Gen)8 GB DDR4 RAMWindows 11 Operating System512 GB SSD39.62 cm (15.6 Inch) Display1 Year Onsite Warranty,"4.23,055 Ratings & 157 Reviews","₹39,990₹70,99043% off",Lowest price in the year,43% off
373,https://www.flipkart.com/hp-intel-core-i3-11th-gen-8-gb-512-gb-ssd-windows-11-home-15s-fq2738tu-laptop/p/itmc4b19c2e2f791?pid=COMGZU7DESGXXRSH&lid=LSTCOMGZU7DESGXXRSHPPDF5N&marketplace=FLIPKART&q=laptop&store=6bo%2Fb5g&srno=s_19_441&otracker=search&otracker1=search&fm=Search&iid=6e8b0ffa-e9ed-48d2-ae35-03eafc916fe4.COMGZU7DESGXXRSH.SEARCH&ppt=sp&ppn=sp&ssid=qpzpnz2v340000001728058185351&qH=312f91285e048e09,HP Intel Core i3 11th Gen - (8 GB/512 GB SSD/Windows 11 Home) 15S-FQ2738TU Laptop,Intel Core i3 Processor (11th Gen)8 GB DDR4 RAMWindows 11 Operating System512 GB SSD39.62 cm (15.6 inch) Display1 Year Onsite Warranty,489 Ratings & 2 Reviews,"₹36,430₹41,66012% off",Save extra with combo offers,12% off
374,https://www.flipkart.com/asus-chromebook-intel-celeron-dual-core-n4500-8-gb-128-gb-emmc-storage-chrome-os-cx1400fka-ec0168-laptop/p/itm13932b717d1b3?pid=COMGSHM3PGMY8PG9&lid=LSTCOMGSHM3PGMY8PG9OKYAXO&marketplace=FLIPKART&q=laptop&store=6bo%2Fb5g&srno=s_19_442&otracker=search&otracker1=search&fm=Search&iid=6e8b0ffa-e9ed-48d2-ae35-03eafc916fe4.COMGSHM3PGMY8PG9.SEARCH&ppt=sp&ppn=sp&ssid=qpzpnz2v340000001728058185351&qH=312f91285e048e09,ASUS Chromebook Intel Celeron Dual Core N4500 - (8 GB/128 GB EMMC Storage/Chrome OS) CX1400FKA-EC0168 ...,Intel Celeron Dual Core Processor8 GB LPDDR4X RAMChrome Operating System35.56 cm (14 Inch) Touchscreen Display1 Year Onsite Warranty,4.389 Ratings & 9 Reviews,"₹24,990₹32,99024% off",Top Discount of the Sale,24% off
375,https://www.flipkart.com/infinix-inbook-y2-plus-intel-core-i5-11th-gen-1155g7-16-gb-512-gb-ssd-windows-11-home-xl29-thin-light-laptop/p/itmd254b417a56a6?pid=COMGVJ7HFH5ATKKG&lid=LSTCOMGVJ7HFH5ATKKG8WJAYM&marketplace=FLIPKART&q=laptop&store=6bo%2Fb5g&srno=s_19_443&otracker=search&otracker1=search&fm=Search&iid=6e8b0ffa-e9ed-48d2-ae35-03eafc916fe4.COMGVJ7HFH5ATKKG.SEARCH&ppt=sp&ppn=sp&ssid=qpzpnz2v340000001728058185351&qH=312f91285e048e09,Infinix Inbook Y2 Plus Intel Core i5 11th Gen 1155G7 - (16 GB/512 GB SSD/Windows 11 Home) XL29 Thin an...,Intel Core i5 Processor (11th Gen)16 GB LPDDR4X RAM64 bit Windows 11 Operating System512 GB SSD39.62 cm (15.6 inch) DisplayNA1 Year Onsite Warranty,4.2942 Ratings & 104 Reviews,"₹36,490₹54,99033% off",Save extra with combo offers,33% off
376,https://www.flipkart.com/thomson-neo-core-series-intel-i3-12th-gen-1215u-8-gb-512-gb-ssd-windows-11-home-in-n15i-thin-light-laptop/p/itm9cac1526e1848?pid=COMGXXF2QXYGZUH6&lid=LSTCOMGXXF2QXYGZUH6SEKKHK&marketplace=FLIPKART&q=laptop&store=6bo%2Fb5g&srno=s_19_444&otracker=search&otracker1=search&fm=Search&iid=6e8b0ffa-e9ed-48d2-ae35-03eafc916fe4.COMGXXF2QXYGZUH6.SEARCH&ppt=sp&ppn=sp&ssid=qpzpnz2v340000001728058185351&qH=312f91285e048e09,Thomson NEO Core Series Intel Core i3 12th Gen 1215U - (8 GB/512 GB SSD/Windows 11 Home) IN-N15I Thin ...,Intel Core i3 Processor (12th Gen)8 GB LPDDR4 RAMWindows 11 Operating System512 GB SSD39.62 cm (15.6 inch) Display1 Year Onsite warranty,3.910 Ratings & 1 Reviews,"₹24,999₹44,99044% off",Top Discount of the Sale,44% off
377,https://www.flipkart.com/hp-amd-athlon-dual-core-8-gb-256-gb-ssd-windows-11-home-255-laptop/p/itmf1ca83d7a968d?pid=COMGP22PUZHZT2HG&lid=LSTCOMGP22PUZHZT2HGQKT4UM&marketplace=FLIPKART&q=laptop&store=6bo%2Fb5g&srno=s_2_47&otracker=search&otracker1=search&fm=Search&iid=fe63acbf-65d0-4624-ac5e-4a6ac9ee7a51.COMGP22PUZHZT2HG.SEARCH&ppt=sp&ppn=sp&ssid=63rd5siu6o0000001728058144520&qH=312f91285e048e09,HP AMD Athlon Dual Core - (8 GB/256 GB SSD/Windows 11 Home) 255 Laptop,AMD Athlon Dual Core Processor8 GB LPDDR4 RAMWindows 11 Operating System256 GB SSD39.62 cm (15.6 inch) Display1 YEAR,4371 Ratings & 20 Reviews,"₹22,890₹50,64854% off",Save extra with combo offers,54% off
378,https://www.flipkart.com/lenovo-intel-core-i3-12th-gen-1215u-8-gb-512-gb-ssd-dos-v15-g3-iap-thin-light-laptop/p/itm8d59a87eee8c0?pid=COMGP6GT2USDYFPR&lid=LSTCOMGP6GT2USDYFPRR98BXI&marketplace=FLIPKART&q=laptop&store=6bo%2Fb5g&srno=s_19_445&otracker=search&otracker1=search&fm=Search&iid=6e8b0ffa-e9ed-48d2-ae35-03eafc916fe4.COMGP6GT2USDYFPR.SEARCH&ppt=sp&ppn=sp&ssid=qpzpnz2v340000001728058185351&qH=312f91285e048e09,Lenovo Intel Intel Core i3 12th Gen 1215U - (8 GB/512 GB SSD/DOS) V15 G3 IAP Thin and Light Laptop,Intel Core i3 Processor (12th Gen)8 GB DDR4 RAMDOS Operating System512 GB SSD39.62 cm (15.6 Inch) DisplayDOS1 Year Onsite Warranty,447 Ratings & 5 Reviews,"₹32,200₹71,40054% off",Lowest price in the year,54% off
379,https://www.flipkart.com/zebronics-pro-series-z-intel-core-i7-12th-gen-1255u-16-gb-512-gb-ssd-windows-11-home-zeb-nbc-5s-thin-light-laptop/p/itm433ab8d6c9c36?pid=COMGSZ8NZUUBUQFN&lid=LSTCOMGSZ8NZUUBUQFNXXFWXM&marketplace=FLIPKART&q=laptop&store=6bo%2Fb5g&srno=s_19_446&otracker=search&otracker1=search&fm=Search&iid=6e8b0ffa-e9ed-48d2-ae35-03eafc916fe4.COMGSZ8NZUUBUQFN.SEARCH&ppt=sp&ppn=sp&ssid=qpzpnz2v340000001728058185351&qH=312f91285e048e09,ZEBRONICS Pro Series Z Intel Core i7 12th Gen 1255U - (16 GB/512 GB SSD/Windows 11 Home) ZEB-NBC 5S Th...,Intel Core i7 Processor (12th Gen)16 GB DDR4 RAMWindows 11 Operating System512 GB SSD39.62 cm (15.6 inch) Display1 Year Carry-in Warranty,3.9300 Ratings & 26 Reviews,"₹37,990₹78,99951% off",Save extra with combo offers,51% off
380,https://www.flipkart.com/hp-laptop-intel-core-i3-n305-8-gb-512-gb-ssd-windows-11-home-15-fd0123tu-thin-light/p/itmd793360b80fc2?pid=COMHF6WAKCNSF4TM&lid=LSTCOMHF6WAKCNSF4TML32H4B&marketplace=FLIPKART&q=laptop&store=6bo%2Fb5g&srno=s_19_447&otracker=search&otracker1=search&fm=Search&iid=6e8b0ffa-e9ed-48d2-ae35-03eafc916fe4.COMHF6WAKCNSF4TM.SEARCH&ppt=sp&ppn=sp&ssid=qpzpnz2v340000001728058185351&qH=312f91285e048e09,HP Laptop Intel Core i3 N305 - (8 GB/512 GB SSD/Windows 11 Home) 15-fd0123TU Thin and Light Laptop,Intel Core i3 Processor8 GB DDR4 RAMWindows 11 Home Operating System512 GB SSD39.62 cm (15.6 inch) Display1 Year Carry-in Warranty,4.414 Ratings & 0 Reviews,"₹33,990₹39,99515% off",Top Discount of the Sale,15% off
381,https://www.flipkart.com/apple-macbook-pro-m3-18-gb-512-gb-ssd-macos-sonoma-mrx63hn-a/p/itm73810a4848279?pid=COMGUTX8ABUHZXJY&lid=LSTCOMGUTX8ABUHZXJYMBE0G8&marketplace=FLIPKART&q=laptop&store=6bo%2Fb5g&srno=s_19_448&otracker=search&otracker1=search&fm=Search&iid=6e8b0ffa-e9ed-48d2-ae35-03eafc916fe4.COMGUTX8ABUHZXJY.SEARCH&ppt=sp&ppn=sp&ssid=qpzpnz2v340000001728058185351&qH=312f91285e048e09,Apple MacBook Pro Apple M3 Pro - (18 GB/512 GB SSD/macOS Sonoma) MRX63HN/A,"Apple M3 Pro Processor18 GB Unified Memory RAMMac OS Operating System512 GB SSD35.56 cm (14 Inch) DisplayBuilt-in Apps- App Store, Books, Calendar, Contacts, FaceTime, Find My, Freeform, GarageBand, Home, iMovie, Keynote, Mail, Maps, Messages, Music, Notes, Numbers, Pages, Photo Booth, Photos, Podcasts, Preview, QuickTime Player, Reminders, Safari, Shortcuts, Siri, Stocks, Time Machine, TV, Voice Memos1 Year Limited Warranty",4.816 Ratings & 0 Reviews,"₹1,83,390₹1,99,9008% off",Save extra with combo offers,8% off
382,https://www.flipkart.com/chuwi-intel-celeron-quad-core-12th-gen-n100-8-gb-256-gb-ssd-windows-11-home-gemibook-plus-laptop/p/itm1a0b8c551a8e1?pid=COMGVGD39MWGVFXH&lid=LSTCOMGVGD39MWGVFXH7GJDZ8&marketplace=FLIPKART&q=laptop&store=6bo%2Fb5g&srno=s_19_450&otracker=search&otracker1=search&fm=Search&iid=6e8b0ffa-e9ed-48d2-ae35-03eafc916fe4.COMGVGD39MWGVFXH.SEARCH&ppt=sp&ppn=sp&ssid=qpzpnz2v340000001728058185351&qH=312f91285e048e09,CHUWI Intel Celeron Quad Core 12th Gen N100 - (8 GB/256 GB SSD/Windows 11 Home) GemiBook Plus Laptop,"Intel Celeron Quad Core Processor (12th Gen)8 GB LPDDR5 RAM64 bit Windows 11 Home Operating System256 GB SSD39.62 cm (15.6 inch) DisplayWPS Office, Operating System Software1 Year Onsite Warranty",4.1236 Ratings & 40 Reviews,"₹21,990₹44,99051% off",Save extra with combo offers,51% off
383,https://www.flipkart.com/lenovo-ideapad-slim-3-intel-core-i3-12th-gen-1215u-8-gb-256-gb-ssd-windows-11-home-15iau7-thin-light-laptop/p/itm9fcf3daf70e1b?pid=COMGSVFEHCEWXFBQ&lid=LSTCOMGSVFEHCEWXFBQHLPEDL&marketplace=FLIPKART&q=laptop&store=6bo%2Fb5g&srno=s_19_451&otracker=search&otracker1=search&fm=Search&iid=6e8b0ffa-e9ed-48d2-ae35-03eafc916fe4.COMGSVFEHCEWXFBQ.SEARCH&ppt=sp&ppn=sp&ssid=qpzpnz2v340000001728058185351&qH=312f91285e048e09,Lenovo IdeaPad Slim 3 Intel Core i3 12th Gen 1215U - (8 GB/256 GB SSD/Windows 11 Home) 15IAU7 Thin and...,Intel Core i3 Processor (12th Gen)8 GB DDR4 RAMWindows 11 Operating System256 GB SSD39.62 cm (15.6 inch) DisplayMicrosoft Office Home & Student 20211 Year Carry-in Warranty,"4.21,208 Ratings & 87 Reviews","₹34,990₹50,29030% off",Save extra with combo offers,30% off
384,https://www.flipkart.com/asus-vivobook-15-intel-core-i3-13th-gen-1315u-8-gb-512-gb-ssd-windows-11-home-x1504va-nj320ws-thin-light-laptop/p/itm14d167c5177f8?pid=COMGYSFGRDEFFPY6&lid=LSTCOMGYSFGRDEFFPY6UKGQGU&marketplace=FLIPKART&q=laptop&store=6bo%2Fb5g&srno=s_19_452&otracker=search&otracker1=search&fm=Search&iid=6e8b0ffa-e9ed-48d2-ae35-03eafc916fe4.COMGYSFGRDEFFPY6.SEARCH&ppt=sp&ppn=sp&ssid=qpzpnz2v340000001728058185351&qH=312f91285e048e09,ASUS Vivobook 15 Intel Core i3 13th Gen 1315U - (8 GB/512 GB SSD/Windows 11 Home) X1504VA-NJ320WS Thin...,Intel Core i3 Processor (13th Gen)8 GB DDR4 RAMWindows 11 Operating System512 GB SSD39.62 cm (15.6 Inch) Display1 Year Onsite warranty,3.8397 Ratings & 27 Reviews,"₹38,850₹54,99029% off",Save extra with combo offers,29% off
385,https://www.flipkart.com/dell-vostro-intel-core-i5-12th-gen-8-gb-512-gb-ssd-windows-11-home-3520-laptop/p/itmbe8e957917534?pid=COMGQWVYGXWJDRJF&lid=LSTCOMGQWVYGXWJDRJFNOZQAM&marketplace=FLIPKART&q=laptop&store=6bo%2Fb5g&srno=s_19_453&otracker=search&otracker1=search&fm=Search&iid=6e8b0ffa-e9ed-48d2-ae35-03eafc916fe4.COMGQWVYGXWJDRJF.SEARCH&ppt=sp&ppn=sp&ssid=qpzpnz2v340000001728058185351&qH=312f91285e048e09,DELL VOSTRO Intel Core i5 12th Gen - (8 GB/512 GB SSD/Windows 11 Home) 3520 Laptop,Intel Core i5 Processor (12th Gen)8 GB LPDDR4 RAMWindows 11 Operating System512 GB SSD35.56 cm (14 inch) Display36 MONTHS,428 Ratings & 2 Reviews,"₹58,990₹1,19,90050% off",Save extra with combo offers,50% off
386,https://www.flipkart.com/lenovo-v15-amd-ryzen-5-hexa-core-5500u-8-gb-512-gb-ssd-windows-11-home-g2-alc-thin-light-laptop/p/itmfe3dee6b6686a?pid=COMGZ3SPYQJDEJWQ&lid=LSTCOMGZ3SPYQJDEJWQSNKNOX&marketplace=FLIPKART&q=laptop&store=6bo%2Fb5g&srno=s_19_454&otracker=search&otracker1=search&fm=Search&iid=6e8b0ffa-e9ed-48d2-ae35-03eafc916fe4.COMGZ3SPYQJDEJWQ.SEARCH&ppt=sp&ppn=sp&ssid=qpzpnz2v340000001728058185351&qH=312f91285e048e09,Lenovo V15 AMD Ryzen 5 Hexa Core 5500U - (8 GB/512 GB SSD/Windows 11 Home) V15 G2 ALC Thin and Light L...,AMD Ryzen 5 Hexa Core Processor8 GB DDR4 RAMWindows 11 Operating System512 GB SSD39.62 cm (15.6 Inch) Display1 Year Onsite Warranty,"4.21,331 Ratings & 126 Reviews","₹34,990₹69,52549% off",Save extra with combo offers,49% off
387,https://www.flipkart.com/infinix-gt-book-intel-core-i5-12th-gen-12450h-16-gb-512-gb-ssd-windows-11-home-6-graphics-nvidia-geforce-rtx-3050-80-w-gl613-accessories-box-gaming-laptop/p/itm14fa3cc4c1adb?pid=COMHYS44DKVFUFVS&lid=LSTCOMHYS44DKVFUFVS2KZG86&marketplace=FLIPKART&q=laptop&store=6bo%2Fb5g&srno=s_2_48&otracker=search&otracker1=search&fm=Search&iid=fe63acbf-65d0-4624-ac5e-4a6ac9ee7a51.COMHYS44DKVFUFVS.SEARCH&ppt=sp&ppn=sp&ssid=63rd5siu6o0000001728058144520&qH=312f91285e048e09,Infinix GT Book Intel Core i5 12th Gen 12450H - (16 GB/512 GB SSD/Windows 11 Home/6 GB Graphics/NVIDIA...,Intel Core i5 Processor (12th Gen)16 GB LPDDR5 RAMWindows 11 Operating System512 GB SSD40.64 cm (16 inch) DisplayControl Center1 Year Domestic Onsite Warranty On Laptop and 6 Months On Adapter,4.2141 Ratings & 15 Reviews,"₹56,990₹99,99043% off",Save extra with combo offers,43% off
388,https://www.flipkart.com/hp-g9-amd-ryzen-3-dual-core-3250u-8-gb-512-gb-ssd-dos-841w6pa-thin-light-laptop/p/itmc68ebbfeea14b?pid=COMGSYYSWMSN2N2Z&lid=LSTCOMGSYYSWMSN2N2ZZSINJD&marketplace=FLIPKART&q=laptop&store=6bo%2Fb5g&srno=s_19_455&otracker=search&otracker1=search&fm=Search&iid=6e8b0ffa-e9ed-48d2-ae35-03eafc916fe4.COMGSYYSWMSN2N2Z.SEARCH&ppt=sp&ppn=sp&ssid=qpzpnz2v340000001728058185351&qH=312f91285e048e09,HP G9 AMD Ryzen 3 Dual Core 3250U - (8 GB/512 GB SSD/DOS) 841W6PA Thin and Light Laptop,AMD Ryzen 3 Dual Core Processor8 GB DDR4 RAMDOS Operating System512 GB SSD39.62 cm (15.6 Inch) Display1 Year Carry-in Warranty,3.8115 Ratings & 12 Reviews,"₹24,999₹40,04837% off",Save extra with combo offers,37% off
389,https://www.flipkart.com/lenovo-chromebook-mediatek-kompanio-520-8-gb-128-gb-emmc-storage-chrome-os-14m868-laptop/p/itmfb7cbe9798b0e?pid=COMGTR89FPA5ZWVC&lid=LSTCOMGTR89FPA5ZWVCIHRB1K&marketplace=FLIPKART&q=laptop&store=6bo%2Fb5g&spotlightTagId=TrendingId_6bo%2Fb5g&srno=s_3_49&otracker=search&otracker1=search&fm=Search&iid=d3b42656-f986-4402-bb7f-086de78bf17c.COMGTR89FPA5ZWVC.SEARCH&ppt=sp&ppn=sp&ssid=4jjv6lrfbk0000001728058146538&qH=312f91285e048e09,Lenovo Chromebook MediaTek Kompanio 520 - (8 GB/128 GB EMMC Storage/Chrome OS) 14M868 Chromebook Lapto...,MediaTek Kompanio 520 Processor8 GB LPDDR4X RAMChrome Operating System35.56 cm (14 inch) Display1 Year Carry-in Warranty,3.7258 Ratings & 14 Reviews,"₹13,990₹30,79054% off",Top Discount of the Sale,54% off
390,https://www.flipkart.com/lenovo-ideapad-slim-1-amd-ryzen-5-quad-core-7520u-8-gb-512-gb-ssd-windows-11-home-15amn7-thin-light-laptop/p/itm0ddb6eb3b6bef?pid=COMGRU9ZMYRQWDH5&lid=LSTCOMGRU9ZMYRQWDH5J6LCCS&marketplace=FLIPKART&q=laptop&store=6bo%2Fb5g&srno=s_3_50&otracker=search&otracker1=search&fm=Search&iid=d3b42656-f986-4402-bb7f-086de78bf17c.COMGRU9ZMYRQWDH5.SEARCH&ppt=sp&ppn=sp&ssid=4jjv6lrfbk0000001728058146538&qH=312f91285e048e09,Lenovo IdeaPad Slim 1 AMD Ryzen 5 Quad Core 7520U - (8 GB/512 GB SSD/Windows 11 Home) 15AMN7 Thin and ...,AMD Ryzen 5 Quad Core Processor8 GB LPDDR5 RAMWindows 11 Operating System512 GB SSD39.62 cm (15.6 inch) DisplayMicrosoft Office Home & Student 20211 Year Carry-in Warranty,4177 Ratings & 10 Reviews,"₹31,990₹65,69051% off",Top Discount of the Sale,51% off
391,https://www.flipkart.com/hp-intel-core-i3-12th-gen-1215u-16-gb-512-gb-ssd-windows-11-home-15s-fy5004tu-thin-light-laptop/p/itmbe47c02f8581c?pid=COMGQY48KGHRAF3B&lid=LSTCOMGQY48KGHRAF3BRCYCYH&marketplace=FLIPKART&q=laptop&store=6bo%2Fb5g&srno=s_3_51&otracker=search&otracker1=search&fm=Search&iid=d3b42656-f986-4402-bb7f-086de78bf17c.COMGQY48KGHRAF3B.SEARCH&ppt=sp&ppn=sp&ssid=4jjv6lrfbk0000001728058146538&qH=312f91285e048e09,HP Intel Core i3 12th Gen 1215U - (16 GB/512 GB SSD/Windows 11 Home) 15s-fy5004TU Thin and Light Lapto...,Intel Core i3 Processor (12th Gen)16 GB DDR4 RAMWindows 11 Operating System512 GB SSD100.58 cm (39.6 cm) Display1 Year Onsite Warranty,"4.34,540 Ratings & 283 Reviews","₹38,990₹52,72126% off",Save extra with combo offers,26% off
392,https://www.flipkart.com/acer-chromebook-intel-celeron-dual-core-n4500-8-gb-128-gb-emmc-storage-chrome-os-cb314-3h-c5qe-cb314-3h-c0bz-laptop/p/itm2753aded0f81c?pid=COMGSV3G3RYBAHX4&lid=LSTCOMGSV3G3RYBAHX4TYLRXR&marketplace=FLIPKART&q=laptop&store=6bo%2Fb5g&srno=s_3_52&otracker=search&otracker1=search&fm=Search&iid=d3b42656-f986-4402-bb7f-086de78bf17c.COMGSV3G3RYBAHX4.SEARCH&ppt=sp&ppn=sp&ssid=4jjv6lrfbk0000001728058146538&qH=312f91285e048e09,Acer Chromebook Intel Celeron Dual Core N4500 - (8 GB/128 GB EMMC Storage/Chrome OS) CB314-3H-C5QE/ CB...,Intel Celeron Dual Core Processor8 GB LPDDR4X RAMChrome Operating System35.56 cm (14 inch) Display1 Year Onsite Warranty,3.7849 Ratings & 48 Reviews,"₹14,990₹33,99955% off",Top Discount of the Sale,55% off
393,https://www.flipkart.com/lenovo-ideapad-1-amd-ryzen-7-octa-core-5700u-16-gb-512-gb-ssd-windows-11-home-15alc7-thin-light-laptop/p/itmfb82af2728c0d?pid=COMHYG8ZDVPTUYYB&lid=LSTCOMHYG8ZDVPTUYYBQHTHWS&marketplace=FLIPKART&q=laptop&store=6bo%2Fb5g&srno=s_3_53&otracker=search&otracker1=search&fm=Search&iid=d3b42656-f986-4402-bb7f-086de78bf17c.COMHYG8ZDVPTUYYB.SEARCH&ppt=sp&ppn=sp&ssid=4jjv6lrfbk0000001728058146538&qH=312f91285e048e09,Lenovo IdeaPad 1 AMD Ryzen 7 Octa Core 5700U - (16 GB/512 GB SSD/Windows 11 Home) 15ALC7 Thin and Ligh...,AMD Ryzen 7 Octa Core Processor16 GB DDR4 RAMWindows 11 Operating System512 GB SSD100.63 cm (39.62 cm) Display1Yr Warranty and 1 Yr Accidental Damage Protection,4.240 Ratings & 1 Reviews,"₹38,990₹71,29045% off",Lowest price since launch,45% off
394,https://www.flipkart.com/msi-modern-14-amd-ryzen-5-hexa-core-7530u-16-gb-512-gb-ssd-windows-11-home-c7m-062in-thin-light-laptop/p/itm491f6c86ff75c?pid=COMGMV6VNCJ7TTYV&lid=LSTCOMGMV6VNCJ7TTYVJYI44H&marketplace=FLIPKART&q=laptop&store=6bo%2Fb5g&srno=s_3_54&otracker=search&otracker1=search&fm=Search&iid=d3b42656-f986-4402-bb7f-086de78bf17c.COMGMV6VNCJ7TTYV.SEARCH&ppt=sp&ppn=sp&ssid=4jjv6lrfbk0000001728058146538&qH=312f91285e048e09,MSI Modern 14 AMD Ryzen 5 Hexa Core 7530U - (16 GB/512 GB SSD/Windows 11 Home) Modern 14 C7M-062IN Thi...,AMD Ryzen 5 Hexa Core Processor16 GB DDR4 RAMWindows 11 Operating System512 GB SSD35.56 cm (14 Inch) Display1 Year Onsite Warranty,"4.42,379 Ratings & 277 Reviews","₹34,990₹64,99046% off",Top Discount of the Sale,46% off
395,https://www.flipkart.com/lenovo-ideapad-1-intel-celeron-dual-core-n4020-8-gb-512-gb-ssd-windows-11-home-14igl7-thin-light-laptop/p/itm146632ae84dbc?pid=COMHFYZ3CN5WHUR8&lid=LSTCOMHFYZ3CN5WHUR8TZX65M&marketplace=FLIPKART&q=laptop&store=6bo%2Fb5g&srno=s_3_55&otracker=search&otracker1=search&fm=Search&iid=d3b42656-f986-4402-bb7f-086de78bf17c.COMHFYZ3CN5WHUR8.SEARCH&ppt=sp&ppn=sp&ssid=4jjv6lrfbk0000001728058146538&qH=312f91285e048e09,Lenovo IdeaPad 1 Intel Celeron Dual Core N4020 - (8 GB/512 GB SSD/Windows 11 Home) 14IGL7 Thin and Lig...,Intel Celeron Dual Core Processor8 GB DDR4 RAMWindows 11 Operating System512 GB SSD35.56 cm (14 Inch) Display1Yr Warranty and 1 Yr Accidental Damage Protection,4.135 Ratings & 2 Reviews,"₹23,990₹37,69036% off",Top Discount of the Sale,36% off
396,https://www.flipkart.com/asus-vivobook-15-intel-core-i3-12th-gen-1215u-16-gb-512-gb-ssd-windows-11-home-x1504za-nj342ws-thin-light-laptop/p/itm96c507d630a68?pid=COMH3BKW6EQAZAWC&lid=LSTCOMH3BKW6EQAZAWCJ4JQRL&marketplace=FLIPKART&q=laptop&store=6bo%2Fb5g&srno=s_3_56&otracker=search&otracker1=search&fm=Search&iid=d3b42656-f986-4402-bb7f-086de78bf17c.COMH3BKW6EQAZAWC.SEARCH&ppt=sp&ppn=sp&ssid=4jjv6lrfbk0000001728058146538&qH=312f91285e048e09,ASUS Vivobook 15 Intel Core i3 12th Gen 1215U - (16 GB/512 GB SSD/Windows 11 Home) X1504ZA-NJ342WS Thi...,Intel Core i3 Processor (12th Gen)16 GB DDR4 RAMWindows 11 Operating System512 GB SSD39.62 cm (15.6 Inch) Display1 Year Onsite Warranty,"4.35,429 Ratings & 418 Reviews","₹33,990₹54,99038% off",Top Discount of the Sale,38% off
397,https://www.flipkart.com/hp-15s-intel-core-i3-12th-gen-1215u-8-gb-512-gb-ssd-windows-11-home-15s-fy5003tu-thin-light-laptop/p/itmbb21e864fb30c?pid=COMGZVGHE9QU8C6M&lid=LSTCOMGZVGHE9QU8C6MHJQTO4&marketplace=FLIPKART&q=laptop&store=6bo%2Fb5g&srno=s_1_7&otracker=search&otracker1=search&iid=6c4eeaba-4e99-4351-9aaf-ba6f4a8b5030.COMGZVGHE9QU8C6M.SEARCH&ssid=ufarnn4yrk0000001728058141729&qH=312f91285e048e09,HP 15s Intel Core i3 12th Gen 1215U - (8 GB/512 GB SSD/Windows 11 Home) 15s-fy5003TU Thin and Light La...,Intel Core i3 Processor (12th Gen)8 GB DDR4 RAMWindows 11 Operating System512 GB SSD100.58 cm (39.6 cm) Display1 Year Onsite Warranty,"4.34,540 Ratings & 283 Reviews","₹34,990₹51,26631% off",Save extra with combo offers,31% off
398,https://www.flipkart.com/hp-chromebook-mediatek-mt8183-4-gb-32-gb-emmc-storage-chrome-os-11mk-g9-ee-laptop/p/itmbcfcbc0ab424f?pid=COMGZFFXXHNVC5A5&lid=LSTCOMGZFFXXHNVC5A5R113PX&marketplace=FLIPKART&q=laptop&store=6bo%2Fb5g&srno=s_3_57&otracker=search&otracker1=search&fm=Search&iid=d3b42656-f986-4402-bb7f-086de78bf17c.COMGZFFXXHNVC5A5.SEARCH&ppt=sp&ppn=sp&ssid=4jjv6lrfbk0000001728058146538&qH=312f91285e048e09,HP Chromebook MediaTek MT8183 - (4 GB/32 GB EMMC Storage/Chrome OS) 11MK G9 EE Chromebook Laptop,MediaTek MT8183 Processor4 GB LPDDR4X RAMChrome Operating System29.46 cm (11.6 Inch) Display1 Year Carry-in Warranty,"3.76,065 Ratings & 520 Reviews","₹9,990₹34,55471% off",Save extra with combo offers,71% off
399,https://www.flipkart.com/asus-tuf-gaming-a15-amd-ryzen-7-octa-core-7435hs-16-gb-512-gb-ssd-windows-11-home-4-graphics-nvidia-geforce-rtx-2050-fa566nfr-hn259w-laptop/p/itm2748ea7538c50?pid=COMHFT2NEWGYDWAV&lid=LSTCOMHFT2NEWGYDWAVPS8GCS&marketplace=FLIPKART&q=laptop&store=6bo%2Fb5g&srno=s_3_58&otracker=search&otracker1=search&fm=Search&iid=d3b42656-f986-4402-bb7f-086de78bf17c.COMHFT2NEWGYDWAV.SEARCH&ppt=sp&ppn=sp&ssid=4jjv6lrfbk0000001728058146538&qH=312f91285e048e09,ASUS TUF Gaming A15 AMD Ryzen 7 Octa Core 7435HS - (16 GB/512 GB SSD/Windows 11 Home/4 GB Graphics/NVI...,AMD Ryzen 7 Octa Core Processor16 GB DDR5 RAMWindows 11 Home Operating System512 GB SSD39.62 cm (15.6 inch) Display1 Year Carry-in Warranty,4.1177 Ratings & 11 Reviews,"₹54,990₹75,99027% off",Top Discount of the Sale,27% off
400,https://www.flipkart.com/asus-vivobook-go-15-oled-amd-ryzen-5-quad-core-7520u-8-gb-512-gb-ssd-windows-11-home-e1504fa-lk521ws-thin-light-laptop/p/itm6de111c8a57b9?pid=COMGMGXFT7WWNGYG&lid=LSTCOMGMGXFT7WWNGYGEMFTUI&marketplace=FLIPKART&q=laptop&store=6bo%2Fb5g&srno=s_3_59&otracker=search&otracker1=search&fm=Search&iid=d3b42656-f986-4402-bb7f-086de78bf17c.COMGMGXFT7WWNGYG.SEARCH&ppt=sp&ppn=sp&ssid=4jjv6lrfbk0000001728058146538&qH=312f91285e048e09,ASUS Vivobook Go 15 OLED AMD Ryzen 5 Quad Core 7520U - (8 GB/512 GB SSD/Windows 11 Home) E1504FA-LK521...,AMD Ryzen 5 Quad Core Processor8 GB LPDDR5 RAMWindows 11 Operating System512 GB SSD39.62 cm (15.6 Inch) Display1 Year Onsite Warranty,"4.41,874 Ratings & 159 Reviews","₹42,990₹74,99042% off",Top Discount of the Sale,42% off
401,https://www.flipkart.com/lenovo-ideapad-slim-3-intel-core-i5-13th-gen-13420h-16-gb-512-gb-ssd-windows-11-home-15irh8-thin-light-laptop/p/itm76f0e5d975817?pid=COMGVQ2YB9SU8KMF&lid=LSTCOMGVQ2YB9SU8KMF2MGQ5W&marketplace=FLIPKART&q=laptop&store=6bo%2Fb5g&srno=s_3_60&otracker=search&otracker1=search&fm=Search&iid=d3b42656-f986-4402-bb7f-086de78bf17c.COMGVQ2YB9SU8KMF.SEARCH&ppt=sp&ppn=sp&ssid=4jjv6lrfbk0000001728058146538&qH=312f91285e048e09,Lenovo IdeaPad Slim 3 Intel Core i5 13th Gen 13420H - (16 GB/512 GB SSD/Windows 11 Home) 15IRH8 Thin a...,Intel Core i5 Processor (13th Gen)16 GB LPDDR5 RAMWindows 11 Operating System512 GB SSD39.62 cm (15.6 Inch) Display1Yr Warranty and 1 Yr Accidental Damage Protection,4.4295 Ratings & 19 Reviews,"₹57,190₹81,89030% off",Top Discount of the Sale,30% off
402,https://www.flipkart.com/hp-pavilion-amd-ryzen-5-hexa-core-5500u-16-gb-1-tb-ssd-windows-11-home-15-eh1047au-thin-light-laptop/p/itmde20cd0a415cb?pid=COMGWSZEHA8Z3ZGS&lid=LSTCOMGWSZEHA8Z3ZGSHN0OEX&marketplace=FLIPKART&q=laptop&store=6bo%2Fb5g&srno=s_3_61&otracker=search&otracker1=search&fm=Search&iid=d3b42656-f986-4402-bb7f-086de78bf17c.COMGWSZEHA8Z3ZGS.SEARCH&ppt=sp&ppn=sp&ssid=4jjv6lrfbk0000001728058146538&qH=312f91285e048e09,HP Pavilion AMD Ryzen 5 Hexa Core 5500U - (16 GB/1 TB SSD/Windows 11 Home) 15-eh1047AU Thin and Light ...,AMD Ryzen 5 Hexa Core Processor16 GB DDR4 RAMWindows 11 Operating System1 TB SSD39.62 cm (15.6 Inch) Display1 Year Onsite Warranty,4.290 Ratings & 4 Reviews,"₹53,990₹64,09415% off",Top Discount of the Sale,15% off
403,https://www.flipkart.com/apple-macbook-air-m2-8-gb-256-gb-ssd-mac-os-monterey-mlxw3hn-a/p/itmc2732c112aeb1?pid=COMGFB2GSG8EQXCQ&lid=LSTCOMGFB2GSG8EQXCQJWHH2F&marketplace=FLIPKART&q=laptop&store=6bo%2Fb5g&srno=s_3_62&otracker=search&otracker1=search&fm=Search&iid=d3b42656-f986-4402-bb7f-086de78bf17c.COMGFB2GSG8EQXCQ.SEARCH&ppt=sp&ppn=sp&ssid=4jjv6lrfbk0000001728058146538&qH=312f91285e048e09,Apple MacBook AIR Apple M2 - (8 GB/256 GB SSD/Mac OS Monterey) MLXW3HN/A,"Apple M2 Processor8 GB Unified Memory RAMMac OS Operating System256 GB SSD34.54 cm (13.6 Inch) DisplayBuilt-in Apps: iMovie, Siri, GarageBand, Pages, Numbers, Photos, Keynote, Safari, Mail, FaceTime, Messages, Maps, Stocks, Home, Voice Memos, Notes, Calendar, Contacts, Reminders, Photo Booth, Preview, Books, App Store, Time Machine, TV, Music, Podcasts, Find My, QuickTime Player1 Year Limited Warra­nty","4.710,407 Ratings & 627 Reviews","₹79,999₹99,90019% off",Top Discount of the Sale,19% off
404,https://www.flipkart.com/lenovo-v14-intel-core-i5-12th-gen-1235u-8-gb-512-gb-ssd-windows-11-home-itl-g2-thin-light-laptop/p/itm330ccb4eab074?pid=COMG6VRPCDUFX6X4&lid=LSTCOMG6VRPCDUFX6X4PIH6PG&marketplace=FLIPKART&q=laptop&store=6bo%2Fb5g&srno=s_3_63&otracker=search&otracker1=search&fm=Search&iid=d3b42656-f986-4402-bb7f-086de78bf17c.COMG6VRPCDUFX6X4.SEARCH&ppt=sp&ppn=sp&ssid=4jjv6lrfbk0000001728058146538&qH=312f91285e048e09,Lenovo V14 Intel Core i5 12th Gen 1235U - (8 GB/512 GB SSD/Windows 11 Home) V14 ITL G2 Thin and Light ...,Intel Core i5 Processor (12th Gen)8 GB DDR4 RAM64 bit Windows 11 Operating System512 GB SSD35.56 cm (14 inch) DisplayN/A1 Year Carry In To SERVICE CENTER WARRANTY,4.186 Ratings & 2 Reviews,"₹36,790₹66,49444% off",Save extra with combo offers,44% off
405,https://www.flipkart.com/lenovo-ideapad-1-amd-athlon-dual-core-7120u-8-gb-512-gb-ssd-windows-11-home-15amn7-thin-light-laptop/p/itm920ecb24fc5b6?pid=COMGSB23REP7G84N&lid=LSTCOMGSB23REP7G84NHAO1WC&marketplace=FLIPKART&q=laptop&store=6bo%2Fb5g&srno=s_3_64&otracker=search&otracker1=search&fm=Search&iid=d3b42656-f986-4402-bb7f-086de78bf17c.COMGSB23REP7G84N.SEARCH&ppt=sp&ppn=sp&ssid=4jjv6lrfbk0000001728058146538&qH=312f91285e048e09,Lenovo IdeaPad 1 AMD Athlon Dual Core 7120U - (8 GB/512 GB SSD/Windows 11 Home) 15AMN7 Thin and Light ...,AMD Athlon Dual Core Processor8 GB LPDDR5 RAMWindows 11 Operating System512 GB SSD39.62 cm (15.6 inch) Display1 Year Carry-in Warranty,"4.21,757 Ratings & 163 Reviews","₹25,990₹43,79040% off",Save extra with combo offers,40% off
406,https://www.flipkart.com/hp-pavilion-intel-core-i5-13th-gen-1340p-16-gb-512-gb-ssd-windows-11-home-15-eg3079tu-thin-light-laptop/p/itm4ae6958287d36?pid=COMGPYHAMPKQYPQB&lid=LSTCOMGPYHAMPKQYPQBGXMI6J&marketplace=FLIPKART&q=laptop&store=6bo%2Fb5g&srno=s_3_65&otracker=search&otracker1=search&fm=Search&iid=d3b42656-f986-4402-bb7f-086de78bf17c.COMGPYHAMPKQYPQB.SEARCH&ppt=sp&ppn=sp&ssid=4jjv6lrfbk0000001728058146538&qH=312f91285e048e09,HP Pavilion Intel Core i5 13th Gen 1340P - (16 GB/512 GB SSD/Windows 11 Home) 15-eg3079TU Thin and Lig...,Intel Core i5 Processor (13th Gen)16 GB DDR4 RAMWindows 11 Operating System512 GB SSD39.62 cm (15.6 Inch) Display1 Year Onsite Warranty,4.3677 Ratings & 42 Reviews,"₹61,999₹83,70525% off",Top Discount of the Sale,25% off
407,https://www.flipkart.com/asus-chromebook-intel-celeron-dual-core-n4500-8-gb-128-gb-emmc-storage-chrome-os-cx1500cka-nj0395-laptop/p/itmeefa0e7c92c5b?pid=COMGSHM3TFHNHXEU&lid=LSTCOMGSHM3TFHNHXEUW4QWRC&marketplace=FLIPKART&q=laptop&store=6bo%2Fb5g&srno=s_3_66&otracker=search&otracker1=search&fm=Search&iid=d3b42656-f986-4402-bb7f-086de78bf17c.COMGSHM3TFHNHXEU.SEARCH&ppt=sp&ppn=sp&ssid=4jjv6lrfbk0000001728058146538&qH=312f91285e048e09,ASUS Chromebook Intel Celeron Dual Core N4500 - (8 GB/128 GB EMMC Storage/Chrome OS) CX1500CKA-NJ0395 ...,Intel Celeron Dual Core Processor8 GB LPDDR4X RAMChrome Operating System39.62 cm (15.6 Inch) Display1 Year Onsite Warranty,"3.71,213 Ratings & 110 Reviews","₹16,990₹32,99048% off",Save extra with combo offers,48% off
408,https://www.flipkart.com/apple-macbook-air-m2-8-gb-256-gb-ssd-mac-os-monterey-mlxy3hn-a/p/itme2224b15220cd?pid=COMGFB2GWHPVFMJW&lid=LSTCOMGFB2GWHPVFMJWCYOKC8&marketplace=FLIPKART&q=laptop&store=6bo%2Fb5g&srno=s_1_8&otracker=search&otracker1=search&iid=6c4eeaba-4e99-4351-9aaf-ba6f4a8b5030.COMGFB2GWHPVFMJW.SEARCH&ssid=ufarnn4yrk0000001728058141729&qH=312f91285e048e09,Apple MacBook AIR Apple M2 - (8 GB/256 GB SSD/Mac OS Monterey) MLXY3HN/A,"Apple M2 Processor8 GB Unified Memory RAMMac OS Operating System256 GB SSD34.54 cm (13.6 Inch) DisplayBuilt-in Apps: iMovie, Siri, GarageBand, Pages, Numbers, Photos, Keynote, Safari, Mail, FaceTime, Messages, Maps, Stocks, Home, Voice Memos, Notes, Calendar, Contacts, Reminders, Photo Booth, Preview, Books, App Store, Time Machine, TV, Music, Podcasts, Find My, QuickTime Player1 Year Limited Warra­nty","4.710,407 Ratings & 627 Reviews","₹79,999₹99,90019% off",Top Discount of the Sale,19% off
409,https://www.flipkart.com/asus-vivobook-16x-creator-intel-core-i5-12th-gen-12500h-16-gb-512-gb-ssd-windows-11-home-4-graphics-nvidia-geforce-rtx-3050-k3605zc-rp587ws-gaming-laptop/p/itmd896b82bffaef?pid=COMH2XBQ5VWHNPYW&lid=LSTCOMH2XBQ5VWHNPYW8TD9A8&marketplace=FLIPKART&q=laptop&store=6bo%2Fb5g&srno=s_3_67&otracker=search&otracker1=search&fm=Search&iid=d3b42656-f986-4402-bb7f-086de78bf17c.COMH2XBQ5VWHNPYW.SEARCH&ppt=sp&ppn=sp&ssid=4jjv6lrfbk0000001728058146538&qH=312f91285e048e09,"ASUS Vivobook 16X for Creator, Intel Core i5 12th Gen 12500H - (16 GB/512 GB SSD/Windows 11 Home/4 GB ...",Intel Core i5 Processor (12th Gen)16 GB DDR4 RAMWindows 11 Operating System512 GB SSD40.64 cm (16 Inch) Display1 Year Onsite Warranty,4.2123 Ratings & 6 Reviews,"₹59,990₹84,99029% off",Top Discount of the Sale,29% off
410,https://www.flipkart.com/lenovo-amd-ryzen-3-quad-core-7330u-8-gb-512-gb-ssd-windows-11-home-thinkbook-15-g5-thin-light-laptop/p/itm65936d217ef8a?pid=COMGT82X9NYWSXQ7&lid=LSTCOMGT82X9NYWSXQ7FXFDP2&marketplace=FLIPKART&q=laptop&store=6bo%2Fb5g&srno=s_3_68&otracker=search&otracker1=search&fm=Search&iid=d3b42656-f986-4402-bb7f-086de78bf17c.COMGT82X9NYWSXQ7.SEARCH&ppt=sp&ppn=sp&ssid=4jjv6lrfbk0000001728058146538&qH=312f91285e048e09,Lenovo AMD Ryzen 3 Quad Core 7330U - (8 GB/512 GB SSD/Windows 11 Home) ThinkBook 15 G5 Thin and Light ...,AMD Ryzen 3 Quad Core Processor8 GB DDR4 RAMWindows 11 Operating System512 GB SSD39.62 cm (15.6 Inch) Display1 Year Onsite Warranty,4.4259 Ratings & 12 Reviews,"₹29,990₹58,50048% off",Save extra with combo offers,48% off
411,https://www.flipkart.com/infinix-x3-slim-intel-core-i3-12th-gen-1215u-8-gb-512-gb-ssd-windows-11-home-xl422-thin-light-laptop/p/itm5d71b3d009215?pid=COMGRSWXMRPBWGM2&lid=LSTCOMGRSWXMRPBWGM2QNHZUY&marketplace=FLIPKART&q=laptop&store=6bo%2Fb5g&srno=s_3_69&otracker=search&otracker1=search&fm=Search&iid=d3b42656-f986-4402-bb7f-086de78bf17c.COMGRSWXMRPBWGM2.SEARCH&ppt=sp&ppn=sp&ssid=4jjv6lrfbk0000001728058146538&qH=312f91285e048e09,Infinix X3 Slim Intel Intel Core i3 12th Gen 1215U - (8 GB/512 GB SSD/Windows 11 Home) XL422 Thin and ...,Intel Core i3 Processor (12th Gen)8 GB LPDDR4X RAMWindows 11 Operating System512 GB SSD35.56 cm (14 Inch) Display1 Year Onsite Warranty,"4.11,510 Ratings & 199 Reviews","₹24,999₹54,99054% off",Lowest price in the year,54% off
412,https://www.flipkart.com/asus-vivobook-go-15-amd-ryzen-5-quad-core-7520u-8-gb-512-gb-ssd-windows-11-home-e1504fa-nj522ws-thin-light-laptop/p/itm4f2c71a24a327?pid=COMGMGXFHUHQE3XZ&lid=LSTCOMGMGXFHUHQE3XZVMF0VE&marketplace=FLIPKART&q=laptop&store=6bo%2Fb5g&srno=s_3_70&otracker=search&otracker1=search&fm=Search&iid=d3b42656-f986-4402-bb7f-086de78bf17c.COMGMGXFHUHQE3XZ.SEARCH&ppt=sp&ppn=sp&ssid=4jjv6lrfbk0000001728058146538&qH=312f91285e048e09,ASUS Vivobook Go 15 AMD Ryzen 5 Quad Core 7520U - (8 GB/512 GB SSD/Windows 11 Home) E1504FA-NJ522WS Th...,AMD Ryzen 5 Quad Core Processor8 GB LPDDR5 RAMWindows 11 Operating System512 GB SSD39.62 cm (15.6 Inch) Display1 Year Onsite Warranty,"4.21,635 Ratings & 103 Reviews","₹33,990₹66,99049% off",Lowest price in the year,49% off
413,https://www.flipkart.com/apple-macbook-air-m2-8-gb-256-gb-ssd-mac-os-monterey-mly13hn-a/p/itm2e7b5e998f058?pid=COMGFB2GBKDVYBDD&lid=LSTCOMGFB2GBKDVYBDDM2PGFI&marketplace=FLIPKART&q=laptop&store=6bo%2Fb5g&srno=s_3_71&otracker=search&otracker1=search&fm=Search&iid=d3b42656-f986-4402-bb7f-086de78bf17c.COMGFB2GBKDVYBDD.SEARCH&ppt=sp&ppn=sp&ssid=4jjv6lrfbk0000001728058146538&qH=312f91285e048e09,Apple MacBook AIR Apple M2 - (8 GB/256 GB SSD/Mac OS Monterey) MLY13HN/A,"Apple M2 Processor8 GB Unified Memory RAMMac OS Operating System256 GB SSD34.54 cm (13.6 Inch) DisplayBuilt-in Apps: iMovie, Siri, GarageBand, Pages, Numbers, Photos, Keynote, Safari, Mail, FaceTime, Messages, Maps, Stocks, Home, Voice Memos, Notes, Calendar, Contacts, Reminders, Photo Booth, Preview, Books, App Store, Time Machine, TV, Music, Podcasts, Find My, QuickTime Player1 Year Limited Warranty","4.710,407 Ratings & 627 Reviews","₹79,999₹99,90019% off",Top Discount of the Sale,19% off
414,https://www.flipkart.com/dell-intel-core-i3-12th-gen-1215u-8-gb-512-gb-ssd-windows-11-home-new-inspiron-15-laptop-thin-light/p/itm06ea674a3bd5b?pid=COMGJ75HCCFJS8AE&lid=LSTCOMGJ75HCCFJS8AE0PBADB&marketplace=FLIPKART&q=laptop&store=6bo%2Fb5g&srno=s_3_72&otracker=search&otracker1=search&fm=Search&iid=d3b42656-f986-4402-bb7f-086de78bf17c.COMGJ75HCCFJS8AE.SEARCH&ppt=sp&ppn=sp&ssid=4jjv6lrfbk0000001728058146538&qH=312f91285e048e09,DELL Intel Core i3 12th Gen 1215U - (8 GB/512 GB SSD/Windows 11 Home) New Inspiron 15 Laptop Thin and ...,"Processor: Intel i3-1215U (Base- 0.9 GHz & Turbo up to 4.40 GHz) 6 CoresRAM & Storage: 8GB DDR4 & 512GB SSDGraphics & Keyboard: Integrated & Standard KeyboardDisplay: 15.6"" FHD WVA AG 120Hz 250 nits Narrow BorderIntel Core i3 Processor (12th Gen)8 GB DDR4 RAM64 bit Windows 11 Operating System512 GB SSD96.52 cm (38 cm) Display1 Year Onsite Hardware Service","4.11,977 Ratings & 208 Reviews","₹33,999₹61,32944% off",Top Discount of the Sale,44% off
415,https://www.flipkart.com/hp-laptop-amd-ryzen-3-quad-core-5300u-8-gb-512-gb-ssd-windows-11-home-15s-eq2212au-thin-light/p/itmedd9f415e3db2?pid=COMGHAGN3U9FJH39&lid=LSTCOMGHAGN3U9FJH39LOH9CD&marketplace=FLIPKART&q=laptop&store=6bo%2Fb5g&srno=s_4_73&otracker=search&otracker1=search&fm=Search&iid=9e1e4b05-6b7b-4440-a2f1-f70a4153554b.COMGHAGN3U9FJH39.SEARCH&ppt=sp&ppn=sp&ssid=gkcdv4x7bk0000001728058148436&qH=312f91285e048e09,HP Laptop AMD Ryzen 3 Quad Core 5300U - (8 GB/512 GB SSD/Windows 11 Home) 15s- eq2212AU Thin and Light...,AMD Ryzen 3 Quad Core Processor8 GB DDR4 RAMWindows 11 Operating System512 GB SSD39.62 cm (15.6 Inch) Display1 Year Onsite Warranty,"4.34,468 Ratings & 493 Reviews","₹31,789₹45,99530% off",Save extra with combo offers,30% off
416,https://www.flipkart.com/msi-modern-14-intel-core-i5-12th-gen-1235u-8-gb-512-gb-ssd-windows-11-home-c12m-440in-c12mo-1021in-thin-light-laptop/p/itm350222138d6bb?pid=COMGMV6VJGYVBZSM&lid=LSTCOMGMV6VJGYVBZSMEGXIZN&marketplace=FLIPKART&q=laptop&store=6bo%2Fb5g&srno=s_4_74&otracker=search&otracker1=search&fm=Search&iid=9e1e4b05-6b7b-4440-a2f1-f70a4153554b.COMGMV6VJGYVBZSM.SEARCH&ppt=sp&ppn=sp&ssid=gkcdv4x7bk0000001728058148436&qH=312f91285e048e09,MSI Modern 14 Intel Core i5 12th Gen 1235U - (8 GB/512 GB SSD/Windows 11 Home) Modern 14 C12M-440IN / ...,Intel Core i5 Processor (12th Gen)8 GB DDR4 RAMWindows 11 Operating System512 GB SSD35.56 cm (14 Inch) Display1 Year Onsite Warranty,"4.31,209 Ratings & 133 Reviews","₹32,990₹52,99037% off",Lowest price in the year,37% off
417,https://www.flipkart.com/acer-aspire-3-backlit-intel-core-i5-12th-gen-1235u-16-gb-512-gb-ssd-windows-11-home-a324-51-thin-light-laptop/p/itm4fa0fcf0e2e15?pid=COMHY24RMZ8PUDTT&lid=LSTCOMHY24RMZ8PUDTT6GAEHA&marketplace=FLIPKART&q=laptop&store=6bo%2Fb5g&srno=s_1_9&otracker=search&otracker1=search&iid=6c4eeaba-4e99-4351-9aaf-ba6f4a8b5030.COMHY24RMZ8PUDTT.SEARCH&ssid=ufarnn4yrk0000001728058141729&qH=312f91285e048e09,Acer Aspire 3 Backlit Intel Core i5 12th Gen 1235U - (16 GB/512 GB SSD/Windows 11 Home) A324-51 Thin a...,Intel Core i5 Processor (12th Gen)16 GB DDR4 RAM64 bit Windows 11 Operating System512 GB SSD35.56 cm (14 Inch) Display1 Year Domestic Warranty,4725 Ratings & 45 Reviews,"₹34,990₹53,00033% off",Top Discount of the Sale,33% off
418,https://www.flipkart.com/acer-aspire-3-intel-core-i7-12th-gen-1255u-16-gb-1-tb-ssd-windows-11-home-a324-51-thin-light-laptop/p/itm7ee21e2d71738?pid=COMHY24RBMAZFKFX&lid=LSTCOMHY24RBMAZFKFXYXFVRJ&marketplace=FLIPKART&q=laptop&store=6bo%2Fb5g&srno=s_4_75&otracker=search&otracker1=search&fm=Search&iid=9e1e4b05-6b7b-4440-a2f1-f70a4153554b.COMHY24RBMAZFKFX.SEARCH&ppt=sp&ppn=sp&ssid=gkcdv4x7bk0000001728058148436&qH=312f91285e048e09,Acer Aspire 3 Intel Core i7 12th Gen 1255U - (16 GB/1 TB SSD/Windows 11 Home) A324-51 Thin and Light L...,Intel Core i7 Processor (12th Gen)16 GB DDR4 RAM64 bit Windows 11 Operating System1 TB SSD35.56 cm (14 Inch) Display1 Year Domestic Warranty,4.563 Ratings & 0 Reviews,"₹47,990₹68,00029% off",Top Discount of the Sale,29% off
419,https://www.flipkart.com/asus-expertbook-intel-core-i7-12th-gen-1255u-16-gb-512-gb-ssd-windows-11-home-b1402cba-nk2417ws-thin-light-laptop/p/itm5558ba4200e57?pid=COMH4CAMPDCZNGXH&lid=LSTCOMH4CAMPDCZNGXHMDYACW&marketplace=FLIPKART&q=laptop&store=6bo%2Fb5g&srno=s_4_76&otracker=search&otracker1=search&fm=Search&iid=9e1e4b05-6b7b-4440-a2f1-f70a4153554b.COMH4CAMPDCZNGXH.SEARCH&ppt=sp&ppn=sp&ssid=gkcdv4x7bk0000001728058148436&qH=312f91285e048e09,ASUS Expertbook Intel Core i7 12th Gen 1255U - (16 GB/512 GB SSD/Windows 11 Home) B1402CBA-NK2417WS Th...,Intel Core i7 Processor (12th Gen)16 GB DDR4 RAMWindows 11 Operating System512 GB SSD35.56 cm (14 Inch) Display1 Year Onsite Warranty,4.117 Ratings & 2 Reviews,"₹49,990₹89,99044% off",Top Discount of the Sale,44% off
420,https://www.flipkart.com/zebronics-pro-series-y-intel-core-i5-11th-gen-1155g7-8-gb-512-gb-ssd-windows-11-home-zeb-nbc-2s-thin-light-laptop/p/itm552818974aacd?pid=COMGSZ8NMN9MKFRG&lid=LSTCOMGSZ8NMN9MKFRGG08KLT&marketplace=FLIPKART&q=laptop&store=6bo%2Fb5g&srno=s_4_77&otracker=search&otracker1=search&fm=Search&iid=9e1e4b05-6b7b-4440-a2f1-f70a4153554b.COMGSZ8NMN9MKFRG.SEARCH&ppt=sp&ppn=sp&ssid=gkcdv4x7bk0000001728058148436&qH=312f91285e048e09,ZEBRONICS Pro Series Y Intel Core i5 11th Gen 1155G7 - (8 GB/512 GB SSD/Windows 11 Home) ZEB-NBC 2S Th...,Intel Core i5 Processor (11th Gen)8 GB LPDDR4X RAMWindows 11 Operating System512 GB SSD39.62 cm (15.6 inch) Display1 Year Carry-in Warranty,"3.91,076 Ratings & 109 Reviews","₹25,990₹48,99946% off",Save extra with combo offers,46% off
421,https://www.flipkart.com/acer-aspire-7-intel-core-i5-12th-gen-12450h-16-gb-512-gb-ssd-windows-11-home-4-graphics-nvidia-geforce-rtx-2050-a715-76g-52h4-a715-76g-gaming-laptop/p/itm45fad0c290245?pid=COMGRHJUCYY63HAA&lid=LSTCOMGRHJUCYY63HAA42YLKV&marketplace=FLIPKART&q=laptop&store=6bo%2Fb5g&srno=s_4_78&otracker=search&otracker1=search&fm=Search&iid=9e1e4b05-6b7b-4440-a2f1-f70a4153554b.COMGRHJUCYY63HAA.SEARCH&ppt=sp&ppn=sp&ssid=gkcdv4x7bk0000001728058148436&qH=312f91285e048e09,Acer Aspire 7 Intel Core i5 12th Gen 12450H - (16 GB/512 GB SSD/Windows 11 Home/4 GB Graphics/NVIDIA G...,Intel Core i5 Processor (12th Gen)16 GB DDR4 RAMWindows 11 Operating System512 GB SSD39.62 cm (15.6 Inch) Display1 Year Onsite Warranty,"4.12,902 Ratings & 246 Reviews","₹47,990₹78,99939% off",Top Discount of the Sale,39% off
422,https://www.flipkart.com/lenovo-ideapad-slim-3-intel-core-i5-12th-gen-12450h-16-gb-512-gb-ssd-windows-11-home-14iah8-thin-light-laptop/p/itm7329d9b344191?pid=COMGYHP5ZB4AGZH6&lid=LSTCOMGYHP5ZB4AGZH6FHRJ3V&marketplace=FLIPKART&q=laptop&store=6bo%2Fb5g&srno=s_4_79&otracker=search&otracker1=search&fm=Search&iid=9e1e4b05-6b7b-4440-a2f1-f70a4153554b.COMGYHP5ZB4AGZH6.SEARCH&ppt=sp&ppn=sp&ssid=gkcdv4x7bk0000001728058148436&qH=312f91285e048e09,Lenovo IdeaPad Slim 3 Intel Core i5 12th Gen 12450H - (16 GB/512 GB SSD/Windows 11 Home) 14IAH8 Thin a...,Intel Core i5 Processor (12th Gen)16 GB LPDDR5 RAMWindows 11 Operating System512 GB SSD35.56 cm (14 Inch) Display1Yr Warranty and 1 Yr Accidental Damage Protection,4.1545 Ratings & 19 Reviews,"₹49,190₹69,89029% off",Top Discount of the Sale,29% off
423,https://www.flipkart.com/acer-aspire-7-intel-core-i5-13th-gen-13420h-16-gb-512-gb-ssd-windows-11-home-6-graphics-nvidia-geforce-rtx-3050-a715-79g-gaming-laptop/p/itm4fd9f65292403?pid=COMH3G96MYGWSGTF&lid=LSTCOMH3G96MYGWSGTFGZ7TLO&marketplace=FLIPKART&q=laptop&store=6bo%2Fb5g&srno=s_4_80&otracker=search&otracker1=search&fm=Search&iid=9e1e4b05-6b7b-4440-a2f1-f70a4153554b.COMH3G96MYGWSGTF.SEARCH&ppt=sp&ppn=sp&ssid=gkcdv4x7bk0000001728058148436&qH=312f91285e048e09,Acer Aspire 7 Intel Core i5 13th Gen 13420H - (16 GB/512 GB SSD/Windows 11 Home/6 GB Graphics/NVIDIA G...,Intel Core i5 Processor (13th Gen)16 GB DDR4 RAMWindows 11 Operating System512 GB SSD39.62 cm (15.6 Inch) Display1 Year Onsite Warranty,4.370 Ratings & 4 Reviews,"₹57,990₹89,99935% off",Save extra with combo offers,35% off
424,https://www.flipkart.com/acer-aspire-3-backlit-intel-core-i5-12th-gen-1235u-8-gb-512-gb-ssd-windows-11-home-a324-51-thin-light-laptop/p/itm28da8f6c2f512?pid=COMHY24R8TSWYSVP&lid=LSTCOMHY24R8TSWYSVPQGEAFO&marketplace=FLIPKART&q=laptop&store=6bo%2Fb5g&srno=s_4_81&otracker=search&otracker1=search&fm=Search&iid=9e1e4b05-6b7b-4440-a2f1-f70a4153554b.COMHY24R8TSWYSVP.SEARCH&ppt=sp&ppn=sp&ssid=gkcdv4x7bk0000001728058148436&qH=312f91285e048e09,Acer Aspire 3 Backlit Intel Core i5 12th Gen 1235U - (8 GB/512 GB SSD/Windows 11 Home) A324-51 Thin an...,Intel Core i5 Processor (12th Gen)8 GB DDR4 RAM64 bit Windows 11 Operating System512 GB SSD35.56 cm (14 Inch) Display1 Year Domestic Warranty,4149 Ratings & 10 Reviews,"₹34,990₹53,00033% off",Top Discount of the Sale,33% off
425,https://www.flipkart.com/acer-aspire-lite-intel-core-i5-12th-gen-1235u-16-gb-1-tb-ssd-windows-11-home-al15-52-thin-light-laptop/p/itm546b00287acd6?pid=COMGWKF2MGDCTMPD&lid=LSTCOMGWKF2MGDCTMPDWNWBAF&marketplace=FLIPKART&q=laptop&store=6bo%2Fb5g&srno=s_4_82&otracker=search&otracker1=search&fm=Search&iid=9e1e4b05-6b7b-4440-a2f1-f70a4153554b.COMGWKF2MGDCTMPD.SEARCH&ppt=sp&ppn=sp&ssid=gkcdv4x7bk0000001728058148436&qH=312f91285e048e09,Acer Aspire Lite Intel Core i5 12th Gen 1235U - (16 GB/1 TB SSD/Windows 11 Home) AL15-52 Thin and Ligh...,Intel Core i5 Processor (12th Gen)16 GB DDR4 RAMWindows 11 Operating System1 TB SSD39.62 cm (15.6 Inch) Display1 Year Onsite Warranty,3.684 Ratings & 4 Reviews,"₹42,990₹67,00035% off",Lowest price since launch,35% off
426,https://www.flipkart.com/samsung-galaxy-book4-metal-intel-core-i3-13th-gen-1315u-8-gb-512-gb-ssd-windows-11-home-np750xgj-lg4in-thin-light-laptop/p/itm1ad811a174c21?pid=COMH4Y6KKRC9YSWE&lid=LSTCOMH4Y6KKRC9YSWERDUMZD&marketplace=FLIPKART&q=laptop&store=6bo%2Fb5g&srno=s_4_83&otracker=search&otracker1=search&fm=Search&iid=9e1e4b05-6b7b-4440-a2f1-f70a4153554b.COMH4Y6KKRC9YSWE.SEARCH&ppt=sp&ppn=sp&ssid=gkcdv4x7bk0000001728058148436&qH=312f91285e048e09,SAMSUNG Galaxy Book4 Metal Intel Core i3 13th Gen 1315U - (8 GB/512 GB SSD/Windows 11 Home) NP750XGJ-L...,Intel Core i3 Processor (13th Gen)8 GB LPDDR4X RAMWindows 11 Operating System512 GB SSD39.62 cm (15.6 Inch) Display1 Year Onsite Warranty,4.6132 Ratings & 18 Reviews,"₹38,990₹57,49932% off",Top Discount of the Sale,32% off
427,https://www.flipkart.com/hp-victus-15-intel-core-i5-13th-gen-13420h-16-gb-512-gb-ssd-windows-11-home-6-graphics-nvidia-geforce-rtx-3050-15-fa1327tx-gaming-laptop/p/itmb08f154f265d7?pid=COMHY8KVZ73Y9PPY&lid=LSTCOMHY8KVZ73Y9PPYGBSHGI&marketplace=FLIPKART&q=laptop&store=6bo%2Fb5g&srno=s_4_84&otracker=search&otracker1=search&fm=Search&iid=9e1e4b05-6b7b-4440-a2f1-f70a4153554b.COMHY8KVZ73Y9PPY.SEARCH&ppt=sp&ppn=sp&ssid=gkcdv4x7bk0000001728058148436&qH=312f91285e048e09,HP Victus 15 Intel Core i5 13th Gen 13420H - (16 GB/512 GB SSD/Windows 11 Home/6 GB Graphics/NVIDIA Ge...,Intel Core i5 Processor (13th Gen)16 GB DDR4 RAMWindows 11 Operating System512 GB SSD39.62 cm (15.6 inch) Display1 Year Onsite Warranty,4.4390 Ratings & 23 Reviews,"₹69,990₹92,11024% off",Top Discount of the Sale,24% off
428,https://www.flipkart.com/asus-vivobook-go-15-oled-amd-ryzen-3-quad-core-7320u-8-gb-512-gb-ssd-windows-11-home-e1504fa-lk321ws-thin-light-laptop/p/itm3de88f71e558b?pid=COMGMGXFB2KYFGZN&lid=LSTCOMGMGXFB2KYFGZN0SV9BA&marketplace=FLIPKART&q=laptop&store=6bo%2Fb5g&srno=s_1_10&otracker=search&otracker1=search&iid=6c4eeaba-4e99-4351-9aaf-ba6f4a8b5030.COMGMGXFB2KYFGZN.SEARCH&ssid=ufarnn4yrk0000001728058141729&qH=312f91285e048e09,ASUS Vivobook Go 15 OLED AMD Ryzen 3 Quad Core 7320U - (8 GB/512 GB SSD/Windows 11 Home) E1504FA-LK321...,AMD Ryzen 3 Quad Core Processor8 GB LPDDR5 RAMWindows 11 Operating System512 GB SSD39.62 cm (15.6 Inch) Display1 Year Onsite Warranty,"4.42,495 Ratings & 273 Reviews","₹34,990₹61,99043% off",Lowest price in the year,43% off
429,https://www.flipkart.com/hp-victus-intel-core-i5-12th-gen-12450h-16-gb-512-gb-ssd-windows-11-pro-4-graphics-nvidia-geforce-rtx-3050-15-fa0444tx-gaming-laptop/p/itm9fc8121e47955?pid=COMHY8KVXJM5HZGC&lid=LSTCOMHY8KVXJM5HZGCRW3NDL&marketplace=FLIPKART&q=laptop&store=6bo%2Fb5g&srno=s_4_85&otracker=search&otracker1=search&fm=Search&iid=9e1e4b05-6b7b-4440-a2f1-f70a4153554b.COMHY8KVXJM5HZGC.SEARCH&ppt=sp&ppn=sp&ssid=gkcdv4x7bk0000001728058148436&qH=312f91285e048e09,HP Victus Intel Core i5 12th Gen 12450H - (16 GB/512 GB SSD/Windows 11 Pro/4 GB Graphics/NVIDIA GeForc...,Intel Core i5 Processor (12th Gen)16 GB DDR4 RAMWindows 11 Operating System512 GB SSD39.62 cm (15.6 inch) Display1 Year Onsite Warranty,4.3264 Ratings & 12 Reviews,"₹63,990₹86,05025% off",Top Discount of the Sale,25% off
430,https://www.flipkart.com/msi-thin-15-intel-core-i5-12th-gen-12450h-16-gb-512-gb-ssd-windows-11-home-4-graphics-nvidia-geforce-rtx-3050-144-hz-b12uc-1692in-gaming-laptop/p/itme7b9d8db1b7be?pid=COMGYSFGYMSJ7QPE&lid=LSTCOMGYSFGYMSJ7QPEQ2CEMQ&marketplace=FLIPKART&q=laptop&store=6bo%2Fb5g&srno=s_4_86&otracker=search&otracker1=search&fm=Search&iid=9e1e4b05-6b7b-4440-a2f1-f70a4153554b.COMGYSFGYMSJ7QPE.SEARCH&ppt=sp&ppn=sp&ssid=gkcdv4x7bk0000001728058148436&qH=312f91285e048e09,MSI Thin 15 Intel Core i5 12th Gen 12450H - (16 GB/512 GB SSD/Windows 11 Home/4 GB Graphics/NVIDIA GeF...,Intel Core i5 Processor (12th Gen)16 GB DDR4 RAMWindows 11 Operating System512 GB SSD39.62 cm (15.6 Inch) Display2 Year Onsite Warranty,4.3318 Ratings & 38 Reviews,"₹50,990₹75,99032% off",Lowest price since launch,32% off
431,https://www.flipkart.com/infinix-y4-max-series-intel-core-i3-13th-gen-1315u-16-gb-512-gb-ssd-windows-11-home-yl613-thin-light-laptop/p/itm67db9df25a241?pid=COMGWWDH9WGCHHEG&lid=LSTCOMGWWDH9WGCHHEGAO3TIN&marketplace=FLIPKART&q=laptop&store=6bo%2Fb5g&srno=s_4_87&otracker=search&otracker1=search&fm=Search&iid=9e1e4b05-6b7b-4440-a2f1-f70a4153554b.COMGWWDH9WGCHHEG.SEARCH&ppt=sp&ppn=sp&ssid=gkcdv4x7bk0000001728058148436&qH=312f91285e048e09,Infinix Y4 Max Series Intel Core i3 13th Gen 1315U - (16 GB/512 GB SSD/Windows 11 Home) YL613 Thin and...,Intel Core i3 Processor (13th Gen)16 GB LPDDR4X RAMWindows 11 Operating System512 GB SSD40.64 cm (16 inch) DisplayNA1 Year Onsite Warranty,4.2271 Ratings & 38 Reviews,"₹32,990₹59,99045% off",Top Discount of the Sale,45% off
432,https://www.flipkart.com/lenovo-intel-core-i7-12th-gen-1255u-16-gb-512-gb-ssd-windows-11-home-v15-g3-iap-thin-light-laptop/p/itm930d2b10f8362?pid=COMGTVXCHXKNHYY2&lid=LSTCOMGTVXCHXKNHYY2LLFEDL&marketplace=FLIPKART&q=laptop&store=6bo%2Fb5g&srno=s_4_88&otracker=search&otracker1=search&fm=Search&iid=9e1e4b05-6b7b-4440-a2f1-f70a4153554b.COMGTVXCHXKNHYY2.SEARCH&ppt=sp&ppn=sp&ssid=gkcdv4x7bk0000001728058148436&qH=312f91285e048e09,Lenovo Intel Core i7 12th Gen 1255U - (16 GB/512 GB SSD/Windows 11 Home) V15 G3 IAP Thin and Light Lap...,Intel Core i7 Processor (12th Gen)16 GB DDR4 RAMWindows 11 Operating System512 GB SSD39.62 cm (15.6 Inch) Display1 Year Onsite Warranty,"4.11,115 Ratings & 101 Reviews","₹50,990₹90,00043% off",Bank Offer,43% off
433,https://www.flipkart.com/acer-swift-go-14-amd-ryzen-5-hexa-core-7430u-16-gb-512-gb-ssd-windows-11-home-sfg14-41-thin-light-laptop/p/itmf483d5151086b?pid=COMH3GFNKMHJEBYF&lid=LSTCOMH3GFNKMHJEBYFYBAVSV&marketplace=FLIPKART&q=laptop&store=6bo%2Fb5g&srno=s_4_89&otracker=search&otracker1=search&fm=Search&iid=9e1e4b05-6b7b-4440-a2f1-f70a4153554b.COMH3GFNKMHJEBYF.SEARCH&ppt=sp&ppn=sp&ssid=gkcdv4x7bk0000001728058148436&qH=312f91285e048e09,Acer Swift Go 14 AMD Ryzen 5 Hexa Core 7430U - (16 GB/512 GB SSD/Windows 11 Home) SFG14-41 Thin and Li...,AMD Ryzen 5 Hexa Core Processor16 GB LPDDR4X RAMWindows 11 Operating System512 GB SSD35.56 cm (14 Inch) Display1 Year Carry-in Warranty,4.666 Ratings & 5 Reviews,"₹39,999₹69,99942% off",Top Discount of the Sale,42% off
434,https://www.flipkart.com/asus-vivobook-16x-creator-intel-core-i5-12th-gen-12500h-16-gb-512-gb-ssd-windows-11-home-4-graphics-nvidia-geforce-rtx-2050-k3605zf-rp258ws-gaming-laptop/p/itm09df27f92263c?pid=COMH2XBQ9QNGRUQ5&lid=LSTCOMH2XBQ9QNGRUQ5ZT4YVQ&marketplace=FLIPKART&q=laptop&store=6bo%2Fb5g&srno=s_4_90&otracker=search&otracker1=search&fm=Search&iid=9e1e4b05-6b7b-4440-a2f1-f70a4153554b.COMH2XBQ9QNGRUQ5.SEARCH&ppt=sp&ppn=sp&ssid=gkcdv4x7bk0000001728058148436&qH=312f91285e048e09,"ASUS Vivobook 16X for Creator, Intel Core i5 12th Gen 12500H - (16 GB/512 GB SSD/Windows 11 Home/4 GB ...",Intel Core i5 Processor (12th Gen)16 GB DDR4 RAMWindows 11 Operating System512 GB SSD40.64 cm (16 Inch) Display1 Year Onsite Warranty,4.3121 Ratings & 9 Reviews,"₹54,990₹77,99029% off",Top Discount of the Sale,29% off
435,https://www.flipkart.com/chuwi-intel-celeron-dual-core-11th-gen-n4020-8-gb-256-gb-ssd-windows-11-home-herobook-pro-laptop/p/itm5e1f327988402?pid=COMGQHMZWHRXFWET&lid=LSTCOMGQHMZWHRXFWETVNWSPG&marketplace=FLIPKART&q=laptop&store=6bo%2Fb5g&srno=s_4_91&otracker=search&otracker1=search&fm=Search&iid=9e1e4b05-6b7b-4440-a2f1-f70a4153554b.COMGQHMZWHRXFWET.SEARCH&ppt=sp&ppn=sp&ssid=gkcdv4x7bk0000001728058148436&qH=312f91285e048e09,CHUWI Intel Celeron Dual Core 11th Gen N4020 - (8 GB/256 GB SSD/Windows 11 Home) HeroBook Pro Laptop,"Light weight, Portable Laptop
RAM/Storage: 8GB LPDDR4 Ram, 256GB M.2 SSD StorageHard-Decoding 4k@60Hz
Graphics/GPU: UHD Graphics 600
Display: 14.1 inch, 16:9 IPS Display
Touchpad: Larger Touchpad with easy control
Keyboard: Chiclet keyboard keysIntel Celeron Dual Core Processor (11th Gen)8 GB DDR4 RAM64 bit Windows 11 Operating System256 GB SSD35.81 cm (14.1 inch) DisplayWPS Office, Operating System Software1 Year Onsite Warranty",3.7794 Ratings & 91 Reviews,"₹15,990₹34,99054% off",Top Discount of the Sale,54% off
436,https://www.flipkart.com/chuwi-intel-core-i5-10th-gen-1035g1-16-gb-512-gb-ssd-windows-11-home-corebook-x-grey-laptop/p/itm575d2115bdd15?pid=COMGVGAWPAQFKPJZ&lid=LSTCOMGVGAWPAQFKPJZCYW6TC&marketplace=FLIPKART&q=laptop&store=6bo%2Fb5g&srno=s_4_92&otracker=search&otracker1=search&fm=Search&iid=9e1e4b05-6b7b-4440-a2f1-f70a4153554b.COMGVGAWPAQFKPJZ.SEARCH&ppt=sp&ppn=sp&ssid=gkcdv4x7bk0000001728058148436&qH=312f91285e048e09,CHUWI Intel Core i5 10th Gen 1035G1 - (16 GB/512 GB SSD/Windows 11 Home) CoreBook X Grey Laptop,"Intel Core i5 Processor (10th Gen)16 GB DDR4 RAMWindows 11 Home Operating System512 GB SSD35.56 cm (14 inch) DisplayWPS Office, Operating System Software1 Year Onsite Warranty",4.1436 Ratings & 70 Reviews,"₹24,990₹34,99028% off",Lowest price since launch,28% off
437,https://www.flipkart.com/msi-modern-14-intel-core-i3-12th-gen-1215u-8-gb-512-gb-ssd-windows-11-home-c12mo-business-laptop/p/itm06936b1a7cc1e?pid=COMHYWTJWVCVHFBH&lid=LSTCOMHYWTJWVCVHFBHBKC3MY&marketplace=FLIPKART&q=laptop&store=6bo%2Fb5g&srno=s_4_93&otracker=search&otracker1=search&fm=Search&iid=9e1e4b05-6b7b-4440-a2f1-f70a4153554b.COMHYWTJWVCVHFBH.SEARCH&ppt=sp&ppn=sp&ssid=gkcdv4x7bk0000001728058148436&qH=312f91285e048e09,MSI Modern 14 Intel Core i3 12th Gen 1215U - (8 GB/512 GB SSD/Windows 11 Home) Modern 14 C12MO Busines...,Intel Core i3 Processor (12th Gen)8 GB DDR4 RAMWindows 11 Operating System512 GB SSD35.56 cm (14 inch) Display1 Year Warranty Term,4.414 Ratings & 1 Reviews,"₹26,990₹47,99043% off",Top Discount of the Sale,43% off
438,https://www.flipkart.com/apple-macbook-air-m2-8-gb-512-gb-ssd-mac-os-monterey-mly43hn-a/p/itm85d8044d46450?pid=COMGFB2GDBDYXF9D&lid=LSTCOMGFB2GDBDYXF9DPTKNCZ&marketplace=FLIPKART&q=laptop&store=6bo%2Fb5g&srno=s_4_94&otracker=search&otracker1=search&fm=Search&iid=9e1e4b05-6b7b-4440-a2f1-f70a4153554b.COMGFB2GDBDYXF9D.SEARCH&ppt=sp&ppn=sp&ssid=gkcdv4x7bk0000001728058148436&qH=312f91285e048e09,Apple MacBook AIR Apple M2 - (8 GB/512 GB SSD/Mac OS Monterey) MLY43HN/A,"Apple M2 Processor8 GB Unified Memory RAMMac OS Operating System512 GB SSD34.54 cm (13.6 Inch) DisplayBuilt-in Apps: iMovie, Siri, GarageBand, Pages, Numbers, Photos, Keynote, Safari, Mail, FaceTime, Messages, Maps, Stocks, Home, Voice Memos, Notes, Calendar, Contacts, Reminders, Photo Booth, Preview, Books, App Store, Time Machine, TV, Music, Podcasts, Find My, QuickTime Player1 Year Limited Warranty","4.710,407 Ratings & 627 Reviews","₹96,990₹1,19,90019% off",Lowest price in the year,19% off
