,link,title,price,previous_month_bought_count,card_offer,review_rating,delivery_detail
0,https://www.amazon.in/sspa/click?ie=UTF8&spc=MToyMjYwMDIzODkxMDMzNjU6MTcyODEzOTUyODpzcF9hdGY6MzAwMTU5MzIxMzQ4MjMyOjowOjo&url=%2FLevis-Mens-Slim-Jeans-A7087-0093_Blue%2Fdp%2FB0C6QVYMY7%2Fref%3Dsr_1_1_sspa%3Fcrid%3D24IEEX0MBW072%26dib%3DeyJ2IjoiMSJ9.loW9tDrkb73dvNPalTNrmPld8m7huH6cF5g_YkNmEAm9qODA-taMg5ibmmJXAdn3w18_Ama_S4836s1iM1YtBIdpk_a88sovlz0jYKb8UgeyxfvDd1yNA7BrvReQL8dHeTsmBCUr4vG9wTfYE_IXjcEtx4Z9Yg_WV3zVa7cZhyV3SPxEo2p1Htxigkn7RWNyKzINhtwKuJdv5R3jaMrGucUaA8BClw9zNNqjHAMpciugupuFm20Jj8eOG6lU42dRYTXf80v8ApAF0EChkl1-KMQjfTn99KKJ17d9OvtZONs.gM2UxYQACutxLYDMZ0XW9AekUQGSbRmRfPruooS2c3Q%26dib_tag%3Dse%26keywords%3Djeans%26qid%3D1728139528%26sprefix%3Djeans%252Caps%252C212%26sr%3D8-1-spons%26sp_csd%3Dd2lkZ2V0TmFtZT1zcF9hdGY%26psc%3D1,Levi's,"₹999₹999 M.R.P: ₹2,999₹2,999 (67% off)",M.R.P: ,Levi's,3.9 out of 5 stars 85  , FREE Delivery by Amazon
1,https://www.amazon.in/sspa/click?ie=UTF8&spc=MToyMjYwMDIzODkxMDMzNjU6MTcyODEzOTUyODpzcF9hdGY6MzAwMTU5MzIxMzUxNDMyOjowOjo&url=%2FLevis-Mens-Jeans-36087-0637_Light-Indigo_32%2Fdp%2FB09Z77K3RB%2Fref%3Dsr_1_2_sspa%3Fcrid%3D24IEEX0MBW072%26dib%3DeyJ2IjoiMSJ9.loW9tDrkb73dvNPalTNrmPld8m7huH6cF5g_YkNmEAm9qODA-taMg5ibmmJXAdn3w18_Ama_S4836s1iM1YtBIdpk_a88sovlz0jYKb8UgeyxfvDd1yNA7BrvReQL8dHeTsmBCUr4vG9wTfYE_IXjcEtx4Z9Yg_WV3zVa7cZhyV3SPxEo2p1Htxigkn7RWNyKzINhtwKuJdv5R3jaMrGucUaA8BClw9zNNqjHAMpciugupuFm20Jj8eOG6lU42dRYTXf80v8ApAF0EChkl1-KMQjfTn99KKJ17d9OvtZONs.gM2UxYQACutxLYDMZ0XW9AekUQGSbRmRfPruooS2c3Q%26dib_tag%3Dse%26keywords%3Djeans%26qid%3D1728139528%26sprefix%3Djeans%252Caps%252C212%26sr%3D8-2-spons%26sp_csd%3Dd2lkZ2V0TmFtZT1zcF9hdGY%26psc%3D1,Levi's,"₹1,049₹1,049 M.R.P: ₹2,999₹2,999 (65% off)",300+ bought in past month,Levi's,3.9 out of 5 stars 615  , FREE Delivery by Amazon
2,https://www.amazon.in/sspa/click?ie=UTF8&spc=MTo3NzA4MzM0MzgxNDA1Mjk3OjE3MjgxMzk1Mjg6c3Bfc2VhcmNoX3RoZW1hdGljOjMwMDIzNzEwMzg5NTMzMjo6Mzo6&url=%2FAVANOVA-Cargo-Denim-Pant-Wide%2Fdp%2FB0D3YNVZ23%2Fref%3Dsxin_15_pa_sp_search_thematic_sspa%3Fcontent-id%3Damzn1.sym.cd33fa60-47cd-49f3-80b8-24b1f0cbef97%253Aamzn1.sym.cd33fa60-47cd-49f3-80b8-24b1f0cbef97%26crid%3D24IEEX0MBW072%26cv_ct_cx%3Djeans%26dib%3DeyJ2IjoiMSJ9.JqiXJlv8DJ4B8kO5Jykma1xRJTGOTsesW_Bmn_6-n35uFYSqx1vX-pqWp4I4JnA_.0jSTjpQVQaTCvPjLoneX4gTsU6y-eBIV72ffuB10JWU%26dib_tag%3Dse%26keywords%3Djeans%26pd_rd_i%3DB0D3YNVZ23%26pd_rd_r%3D300a8249-9296-46b7-be92-81c488f4df4c%26pd_rd_w%3DA1Rm2%26pd_rd_wg%3DA6QEr%26pf_rd_p%3Dcd33fa60-47cd-49f3-80b8-24b1f0cbef97%26pf_rd_r%3DQZNRHBQ61C582DFFT8AV%26qid%3D1728139528%26sbo%3DRZvfv%252F%252FHxDF%252BO5021pAnSA%253D%253D%26sprefix%3Djeans%252Caps%252C212%26sr%3D1-4-ced4eeeb-b190-41d6-902a-1ecb3fb8b7c4-spons%26sp_csd%3Dd2lkZ2V0TmFtZT1zcF9zZWFyY2hfdGhlbWF0aWM%26psc%3D1,AVANOVA,"₹759₹759 M.R.P: ₹4,999₹4,999 (85% off)",M.R.P: ,AVANOVA,4.0 out of 5 stars 182  ,FREE Delivery by Amazon
3,https://www.amazon.in/Ben-Martin-Relaxed-Jeans-BMW7-JJ-BLACKa-32-1/dp/B077NH3W7Z/ref=sr_1_80?crid=24IEEX0MBW072&dib=eyJ2IjoiMSJ9.iOTPPIxnfvom1gEgKyfiocFu74GJgNhnnRwwmbWhS_xNlVOrqwev6QwGP61rrA5qkUSg18Q0MX2VqnHHUaItuKcZ6PPyMJivGudalMdldO8MPnix58MQjqVAjt7uBq1bZFWgw6D4LpCD4awD4k5Xk6w2TnjMfdEPiJz2juDEfwXsT-MTmEw5F1QgQceaz673lm3fNUi_55Ma18Rgc049gDwa7cWngMJWbHAkif10o93BhJXIY2aYoZNW34WenVibPW59I3Y9_-eQiBHr0HhqjUuz1NSolPPNTtP5lYnQ5i4.0ZbmuhyKk-Sk4FOeOjeyk0eYDwBJxwxvsIkAbpjs7Fw&dib_tag=se&keywords=jeans&qid=1728139548&sprefix=jeans%2Caps%2C212&sr=8-80,Ben Martin,"₹499₹499 M.R.P: ₹2,499₹2,499 (80% off)",100+ bought in past month,Ben Martin,"3.5 out of 5 stars 10,108  ", FREE Delivery by Amazon
4,https://www.amazon.in/Urbano-Fashion-Denim-Stretchable-epsjeanwhithrnd-dblue-30/dp/B0BL3TGLCD/ref=sr_1_81?crid=24IEEX0MBW072&dib=eyJ2IjoiMSJ9.iOTPPIxnfvom1gEgKyfiocFu74GJgNhnnRwwmbWhS_xNlVOrqwev6QwGP61rrA5qkUSg18Q0MX2VqnHHUaItuKcZ6PPyMJivGudalMdldO8MPnix58MQjqVAjt7uBq1bZFWgw6D4LpCD4awD4k5Xk6w2TnjMfdEPiJz2juDEfwXsT-MTmEw5F1QgQceaz673lm3fNUi_55Ma18Rgc049gDwa7cWngMJWbHAkif10o93BhJXIY2aYoZNW34WenVibPW59I3Y9_-eQiBHr0HhqjUuz1NSolPPNTtP5lYnQ5i4.0ZbmuhyKk-Sk4FOeOjeyk0eYDwBJxwxvsIkAbpjs7Fw&dib_tag=se&keywords=jeans&qid=1728139548&sprefix=jeans%2Caps%2C212&sr=8-81,Urbano Fashion,"₹399₹399 M.R.P: ₹1,599₹1,599 (75% off)",M.R.P: ,Urbano Fashion,3.7 out of 5 stars 110  ,FREE Delivery by Amazon
5,https://www.amazon.in/gp/bestsellers/apparel/1967887031/ref=sr_bs_33_1967887031_1,Urbano Juniors,"₹341₹341 M.R.P: ₹1,099₹1,099 (69% off)",300+ bought in past month,Urbano Juniors,"3.9 out of 5 stars 1,618  ",FREE Delivery by Amazon
6,https://www.amazon.in/Pepe-Jeans-Mens-PM207440S643_Dark-Green/dp/B0CJ9P34D9/ref=sr_1_83?crid=24IEEX0MBW072&dib=eyJ2IjoiMSJ9.iOTPPIxnfvom1gEgKyfiocFu74GJgNhnnRwwmbWhS_xNlVOrqwev6QwGP61rrA5qkUSg18Q0MX2VqnHHUaItuKcZ6PPyMJivGudalMdldO8MPnix58MQjqVAjt7uBq1bZFWgw6D4LpCD4awD4k5Xk6w2TnjMfdEPiJz2juDEfwXsT-MTmEw5F1QgQceaz673lm3fNUi_55Ma18Rgc049gDwa7cWngMJWbHAkif10o93BhJXIY2aYoZNW34WenVibPW59I3Y9_-eQiBHr0HhqjUuz1NSolPPNTtP5lYnQ5i4.0ZbmuhyKk-Sk4FOeOjeyk0eYDwBJxwxvsIkAbpjs7Fw&dib_tag=se&keywords=jeans&qid=1728139548&sprefix=jeans%2Caps%2C212&sr=8-83,Pepe Jeans,"₹859₹859 M.R.P: ₹3,599₹3,599 (76% off)",M.R.P: ,Pepe Jeans,5.0 out of 5 stars 1  , FREE Delivery by Amazon
7,https://www.amazon.in/Peter-England-Mens-Jeans-PJDNASTF660818_Navy_86/dp/B0C1RWTF8D/ref=sr_1_84?crid=24IEEX0MBW072&dib=eyJ2IjoiMSJ9.iOTPPIxnfvom1gEgKyfiocFu74GJgNhnnRwwmbWhS_xNlVOrqwev6QwGP61rrA5qkUSg18Q0MX2VqnHHUaItuKcZ6PPyMJivGudalMdldO8MPnix58MQjqVAjt7uBq1bZFWgw6D4LpCD4awD4k5Xk6w2TnjMfdEPiJz2juDEfwXsT-MTmEw5F1QgQceaz673lm3fNUi_55Ma18Rgc049gDwa7cWngMJWbHAkif10o93BhJXIY2aYoZNW34WenVibPW59I3Y9_-eQiBHr0HhqjUuz1NSolPPNTtP5lYnQ5i4.0ZbmuhyKk-Sk4FOeOjeyk0eYDwBJxwxvsIkAbpjs7Fw&dib_tag=se&keywords=jeans&qid=1728139548&sprefix=jeans%2Caps%2C212&sr=8-84,Peter England,"₹1,029₹1,029 M.R.P: ₹2,299₹2,299 (55% off)",M.R.P: ,Peter England,3.5 out of 5 stars 147  , FREE Delivery by Amazon
8,https://www.amazon.in/Urbano-Plus-Regular-Stretchable-plusepsp-lblue-40/dp/B098P82HSB/ref=sr_1_85?crid=24IEEX0MBW072&dib=eyJ2IjoiMSJ9.iOTPPIxnfvom1gEgKyfiocFu74GJgNhnnRwwmbWhS_xNlVOrqwev6QwGP61rrA5qkUSg18Q0MX2VqnHHUaItuKcZ6PPyMJivGudalMdldO8MPnix58MQjqVAjt7uBq1bZFWgw6D4LpCD4awD4k5Xk6w2TnjMfdEPiJz2juDEfwXsT-MTmEw5F1QgQceaz673lm3fNUi_55Ma18Rgc049gDwa7cWngMJWbHAkif10o93BhJXIY2aYoZNW34WenVibPW59I3Y9_-eQiBHr0HhqjUuz1NSolPPNTtP5lYnQ5i4.0ZbmuhyKk-Sk4FOeOjeyk0eYDwBJxwxvsIkAbpjs7Fw&dib_tag=se&keywords=jeans&qid=1728139548&sprefix=jeans%2Caps%2C212&sr=8-85,Urbano Plus,"₹479₹479 M.R.P: ₹1,599₹1,599 (70% off)",50+ bought in past month,Urbano Plus,4.0 out of 5 stars 35  ,FREE Delivery by Amazon
9,https://www.amazon.in/Lymio-Jeans-Pants-Denim-Jeans-002-Lightblue-32/dp/B0CTSVF5LT/ref=sr_1_86?crid=24IEEX0MBW072&dib=eyJ2IjoiMSJ9.iOTPPIxnfvom1gEgKyfiocFu74GJgNhnnRwwmbWhS_xNlVOrqwev6QwGP61rrA5qkUSg18Q0MX2VqnHHUaItuKcZ6PPyMJivGudalMdldO8MPnix58MQjqVAjt7uBq1bZFWgw6D4LpCD4awD4k5Xk6w2TnjMfdEPiJz2juDEfwXsT-MTmEw5F1QgQceaz673lm3fNUi_55Ma18Rgc049gDwa7cWngMJWbHAkif10o93BhJXIY2aYoZNW34WenVibPW59I3Y9_-eQiBHr0HhqjUuz1NSolPPNTtP5lYnQ5i4.0ZbmuhyKk-Sk4FOeOjeyk0eYDwBJxwxvsIkAbpjs7Fw&dib_tag=se&keywords=jeans&qid=1728139548&sprefix=jeans%2Caps%2C212&sr=8-86,Lymio,"₹599₹599 M.R.P: ₹5,999₹5,999 (90% off)",100+ bought in past month,Lymio,3.1 out of 5 stars 190  , FREE Delivery by Amazon
10,https://www.amazon.in/NIFTY-Womens-Denim-Stretchable-1393N_BLK_36_Black_36/dp/B08FRLHXLQ/ref=sr_1_87?crid=24IEEX0MBW072&dib=eyJ2IjoiMSJ9.iOTPPIxnfvom1gEgKyfiocFu74GJgNhnnRwwmbWhS_xNlVOrqwev6QwGP61rrA5qkUSg18Q0MX2VqnHHUaItuKcZ6PPyMJivGudalMdldO8MPnix58MQjqVAjt7uBq1bZFWgw6D4LpCD4awD4k5Xk6w2TnjMfdEPiJz2juDEfwXsT-MTmEw5F1QgQceaz673lm3fNUi_55Ma18Rgc049gDwa7cWngMJWbHAkif10o93BhJXIY2aYoZNW34WenVibPW59I3Y9_-eQiBHr0HhqjUuz1NSolPPNTtP5lYnQ5i4.0ZbmuhyKk-Sk4FOeOjeyk0eYDwBJxwxvsIkAbpjs7Fw&dib_tag=se&keywords=jeans&qid=1728139548&sprefix=jeans%2Caps%2C212&sr=8-87,Nifty,"₹563₹563 M.R.P: ₹1,799₹1,799 (69% off)",50+ bought in past month,Nifty,3.7 out of 5 stars 871  , FREE Delivery by Amazon
11,https://www.amazon.in/TOPLOT-Women-Cotton-Straight-Jeans-5204-Light-Blue-36/dp/B0DDTG6HW2/ref=sr_1_88?crid=24IEEX0MBW072&dib=eyJ2IjoiMSJ9.iOTPPIxnfvom1gEgKyfiocFu74GJgNhnnRwwmbWhS_xNlVOrqwev6QwGP61rrA5qkUSg18Q0MX2VqnHHUaItuKcZ6PPyMJivGudalMdldO8MPnix58MQjqVAjt7uBq1bZFWgw6D4LpCD4awD4k5Xk6w2TnjMfdEPiJz2juDEfwXsT-MTmEw5F1QgQceaz673lm3fNUi_55Ma18Rgc049gDwa7cWngMJWbHAkif10o93BhJXIY2aYoZNW34WenVibPW59I3Y9_-eQiBHr0HhqjUuz1NSolPPNTtP5lYnQ5i4.0ZbmuhyKk-Sk4FOeOjeyk0eYDwBJxwxvsIkAbpjs7Fw&dib_tag=se&keywords=jeans&qid=1728139548&sprefix=jeans%2Caps%2C212&sr=8-88,TOPLOT,"₹699₹699 M.R.P: ₹2,999₹2,999 (77% off)",M.R.P: ,TOPLOT,5.0 out of 5 stars 6  , FREE Delivery by Amazon
12,https://www.amazon.in/Ben-Martin-Black-Cotton-Oversized/dp/B0D28J74T4/ref=sr_1_89?crid=24IEEX0MBW072&dib=eyJ2IjoiMSJ9.iOTPPIxnfvom1gEgKyfiocFu74GJgNhnnRwwmbWhS_xNlVOrqwev6QwGP61rrA5qkUSg18Q0MX2VqnHHUaItuKcZ6PPyMJivGudalMdldO8MPnix58MQjqVAjt7uBq1bZFWgw6D4LpCD4awD4k5Xk6w2TnjMfdEPiJz2juDEfwXsT-MTmEw5F1QgQceaz673lm3fNUi_55Ma18Rgc049gDwa7cWngMJWbHAkif10o93BhJXIY2aYoZNW34WenVibPW59I3Y9_-eQiBHr0HhqjUuz1NSolPPNTtP5lYnQ5i4.0ZbmuhyKk-Sk4FOeOjeyk0eYDwBJxwxvsIkAbpjs7Fw&dib_tag=se&keywords=jeans&qid=1728139548&sprefix=jeans%2Caps%2C212&sr=8-89,Ben Martin,"₹699₹699 M.R.P: ₹2,999₹2,999 (77% off)",200+ bought in past month,Ben Martin,3.9 out of 5 stars 542  , FREE Delivery by Amazon
13,https://www.amazon.in/Levis-Mens-Tapered-Jeans-A7086-0100_Blue/dp/B0CRRYQMS1/ref=sr_1_8?crid=24IEEX0MBW072&dib=eyJ2IjoiMSJ9.loW9tDrkb73dvNPalTNrmPld8m7huH6cF5g_YkNmEAm9qODA-taMg5ibmmJXAdn3w18_Ama_S4836s1iM1YtBIdpk_a88sovlz0jYKb8UgeyxfvDd1yNA7BrvReQL8dHeTsmBCUr4vG9wTfYE_IXjcEtx4Z9Yg_WV3zVa7cZhyV3SPxEo2p1Htxigkn7RWNyKzINhtwKuJdv5R3jaMrGucUaA8BClw9zNNqjHAMpciugupuFm20Jj8eOG6lU42dRYTXf80v8ApAF0EChkl1-KMQjfTn99KKJ17d9OvtZONs.gM2UxYQACutxLYDMZ0XW9AekUQGSbRmRfPruooS2c3Q&dib_tag=se&keywords=jeans&qid=1728139528&sprefix=jeans%2Caps%2C212&sr=8-8,Levi's,"₹999₹999 M.R.P: ₹2,999₹2,999 (67% off)",100+ bought in past month,Levi's,5.0 out of 5 stars 1  , FREE Delivery by Amazon
14,https://www.amazon.in/Urbano-Fashion-Mens-Stretch-Jeans/dp/B074YYQRCC/ref=sr_1_90?crid=24IEEX0MBW072&dib=eyJ2IjoiMSJ9.iOTPPIxnfvom1gEgKyfiocFu74GJgNhnnRwwmbWhS_xNlVOrqwev6QwGP61rrA5qkUSg18Q0MX2VqnHHUaItuKcZ6PPyMJivGudalMdldO8MPnix58MQjqVAjt7uBq1bZFWgw6D4LpCD4awD4k5Xk6w2TnjMfdEPiJz2juDEfwXsT-MTmEw5F1QgQceaz673lm3fNUi_55Ma18Rgc049gDwa7cWngMJWbHAkif10o93BhJXIY2aYoZNW34WenVibPW59I3Y9_-eQiBHr0HhqjUuz1NSolPPNTtP5lYnQ5i4.0ZbmuhyKk-Sk4FOeOjeyk0eYDwBJxwxvsIkAbpjs7Fw&dib_tag=se&keywords=jeans&qid=1728139548&sprefix=jeans%2Caps%2C212&sr=8-90,Urbano Fashion,"₹374₹374 M.R.P: ₹1,199₹1,199 (69% off)",50+ bought in past month,Urbano Fashion,"3.5 out of 5 stars 5,290  ",FREE Delivery by Amazon
15,https://www.amazon.in/INKD-Regular-Jeans-INKSS23MJN-002_Denim-Divine_34/dp/B0C1GSX5HR/ref=sr_1_92?crid=24IEEX0MBW072&dib=eyJ2IjoiMSJ9.iOTPPIxnfvom1gEgKyfiocFu74GJgNhnnRwwmbWhS_xNlVOrqwev6QwGP61rrA5qkUSg18Q0MX2VqnHHUaItuKcZ6PPyMJivGudalMdldO8MPnix58MQjqVAjt7uBq1bZFWgw6D4LpCD4awD4k5Xk6w2TnjMfdEPiJz2juDEfwXsT-MTmEw5F1QgQceaz673lm3fNUi_55Ma18Rgc049gDwa7cWngMJWbHAkif10o93BhJXIY2aYoZNW34WenVibPW59I3Y9_-eQiBHr0HhqjUuz1NSolPPNTtP5lYnQ5i4.0ZbmuhyKk-Sk4FOeOjeyk0eYDwBJxwxvsIkAbpjs7Fw&dib_tag=se&keywords=jeans&qid=1728139548&sprefix=jeans%2Caps%2C212&sr=8-92,INKD,"₹599₹599 M.R.P: ₹1,799₹1,799 (67% off)",50+ bought in past month,INKD,4.0 out of 5 stars 168  , FREE Delivery by Amazon
16,https://www.amazon.in/Levis-Mens-Tapered-Jeans-A7086-0046_Blue/dp/B0CN9LX4BB/ref=sr_1_93?crid=24IEEX0MBW072&dib=eyJ2IjoiMSJ9.iOTPPIxnfvom1gEgKyfiocFu74GJgNhnnRwwmbWhS_xNlVOrqwev6QwGP61rrA5qkUSg18Q0MX2VqnHHUaItuKcZ6PPyMJivGudalMdldO8MPnix58MQjqVAjt7uBq1bZFWgw6D4LpCD4awD4k5Xk6w2TnjMfdEPiJz2juDEfwXsT-MTmEw5F1QgQceaz673lm3fNUi_55Ma18Rgc049gDwa7cWngMJWbHAkif10o93BhJXIY2aYoZNW34WenVibPW59I3Y9_-eQiBHr0HhqjUuz1NSolPPNTtP5lYnQ5i4.0ZbmuhyKk-Sk4FOeOjeyk0eYDwBJxwxvsIkAbpjs7Fw&dib_tag=se&keywords=jeans&qid=1728139548&sprefix=jeans%2Caps%2C212&sr=8-93,Levi's,"₹999₹999 M.R.P: ₹3,199₹3,199 (69% off)",50+ bought in past month,Levi's,5.0 out of 5 stars 2  , FREE Delivery by Amazon
17,https://www.amazon.in/Ben-Martin-Tapered-Stretchable-Carrot/dp/B0CMB514JZ/ref=sr_1_94?crid=24IEEX0MBW072&dib=eyJ2IjoiMSJ9.iOTPPIxnfvom1gEgKyfiocFu74GJgNhnnRwwmbWhS_xNlVOrqwev6QwGP61rrA5qkUSg18Q0MX2VqnHHUaItuKcZ6PPyMJivGudalMdldO8MPnix58MQjqVAjt7uBq1bZFWgw6D4LpCD4awD4k5Xk6w2TnjMfdEPiJz2juDEfwXsT-MTmEw5F1QgQceaz673lm3fNUi_55Ma18Rgc049gDwa7cWngMJWbHAkif10o93BhJXIY2aYoZNW34WenVibPW59I3Y9_-eQiBHr0HhqjUuz1NSolPPNTtP5lYnQ5i4.0ZbmuhyKk-Sk4FOeOjeyk0eYDwBJxwxvsIkAbpjs7Fw&dib_tag=se&keywords=jeans&qid=1728139548&sprefix=jeans%2Caps%2C212&sr=8-94,Ben Martin,"₹549₹549 M.R.P: ₹2,999₹2,999 (82% off)",100+ bought in past month,Ben Martin,3.1 out of 5 stars 685  , FREE Delivery by Amazon
18,https://www.amazon.in/Levis-Mens-Slim-Jeans-A7087-0078_Blue/dp/B0C6QV3JTZ/ref=sr_1_96?crid=24IEEX0MBW072&dib=eyJ2IjoiMSJ9.iOTPPIxnfvom1gEgKyfiocFu74GJgNhnnRwwmbWhS_xNlVOrqwev6QwGP61rrA5qkUSg18Q0MX2VqnHHUaItuKcZ6PPyMJivGudalMdldO8MPnix58MQjqVAjt7uBq1bZFWgw6D4LpCD4awD4k5Xk6w2TnjMfdEPiJz2juDEfwXsT-MTmEw5F1QgQceaz673lm3fNUi_55Ma18Rgc049gDwa7cWngMJWbHAkif10o93BhJXIY2aYoZNW34WenVibPW59I3Y9_-eQiBHr0HhqjUuz1NSolPPNTtP5lYnQ5i4.0ZbmuhyKk-Sk4FOeOjeyk0eYDwBJxwxvsIkAbpjs7Fw&dib_tag=se&keywords=jeans&qid=1728139548&sprefix=jeans%2Caps%2C212&sr=8-96,Levi's,"₹1,349₹1,349 M.R.P: ₹2,999₹2,999 (55% off)",50+ bought in past month,Levi's,"3.9 out of 5 stars 1,275  ", FREE Delivery by Amazon
19,https://www.amazon.in/Pepe-Jeans-Mens-Skinny-PM207544S648_Green/dp/B0CLM6Q5ZN/ref=sr_1_97?crid=24IEEX0MBW072&dib=eyJ2IjoiMSJ9.iOTPPIxnfvom1gEgKyfiocFu74GJgNhnnRwwmbWhS_xNlVOrqwev6QwGP61rrA5qkUSg18Q0MX2VqnHHUaItuKcZ6PPyMJivGudalMdldO8MPnix58MQjqVAjt7uBq1bZFWgw6D4LpCD4awD4k5Xk6w2TnjMfdEPiJz2juDEfwXsT-MTmEw5F1QgQceaz673lm3fNUi_55Ma18Rgc049gDwa7cWngMJWbHAkif10o93BhJXIY2aYoZNW34WenVibPW59I3Y9_-eQiBHr0HhqjUuz1NSolPPNTtP5lYnQ5i4.0ZbmuhyKk-Sk4FOeOjeyk0eYDwBJxwxvsIkAbpjs7Fw&dib_tag=se&keywords=jeans&qid=1728139548&sprefix=jeans%2Caps%2C212&sr=8-97,Pepe Jeans,"₹1,899₹1,899 M.R.P: ₹3,799₹3,799 (50% off)",50+ bought in past month,Pepe Jeans,3.6 out of 5 stars 5  , FREE Delivery by Amazon
20,https://www.amazon.in/Max-Mens-Slim-Jeans-NOOSDCTBSC02GREY_Grey/dp/B0C81SV1M4/ref=sr_1_98?crid=24IEEX0MBW072&dib=eyJ2IjoiMSJ9.iOTPPIxnfvom1gEgKyfiocFu74GJgNhnnRwwmbWhS_xNlVOrqwev6QwGP61rrA5qkUSg18Q0MX2VqnHHUaItuKcZ6PPyMJivGudalMdldO8MPnix58MQjqVAjt7uBq1bZFWgw6D4LpCD4awD4k5Xk6w2TnjMfdEPiJz2juDEfwXsT-MTmEw5F1QgQceaz673lm3fNUi_55Ma18Rgc049gDwa7cWngMJWbHAkif10o93BhJXIY2aYoZNW34WenVibPW59I3Y9_-eQiBHr0HhqjUuz1NSolPPNTtP5lYnQ5i4.0ZbmuhyKk-Sk4FOeOjeyk0eYDwBJxwxvsIkAbpjs7Fw&dib_tag=se&keywords=jeans&qid=1728139548&sprefix=jeans%2Caps%2C212&sr=8-98,Max,₹629₹629 M.R.P: ₹699₹699 (10% off),M.R.P: ,Max,3.0 out of 5 stars 13  , FREE Delivery by Amazon
21,https://www.amazon.in/Pepe-Jeans-Mens-Slim-PM207408Q013_Black/dp/B0CG9PXT6C/ref=sr_1_100?crid=24IEEX0MBW072&dib=eyJ2IjoiMSJ9.iOTPPIxnfvom1gEgKyfiocFu74GJgNhnnRwwmbWhS_xNlVOrqwev6QwGP61rrA5qkUSg18Q0MX2VqnHHUaItuKcZ6PPyMJivGudalMdldO8MPnix58MQjqVAjt7uBq1bZFWgw6D4LpCD4awD4k5Xk6w2TnjMfdEPiJz2juDEfwXsT-MTmEw5F1QgQceaz673lm3fNUi_55Ma18Rgc049gDwa7cWngMJWbHAkif10o93BhJXIY2aYoZNW34WenVibPW59I3Y9_-eQiBHr0HhqjUuz1NSolPPNTtP5lYnQ5i4.0ZbmuhyKk-Sk4FOeOjeyk0eYDwBJxwxvsIkAbpjs7Fw&dib_tag=se&keywords=jeans&qid=1728139548&sprefix=jeans%2Caps%2C212&sr=8-100,Pepe Jeans,"₹859₹859 M.R.P: ₹3,599₹3,599 (76% off)",M.R.P: ,Pepe Jeans,3.0 out of 5 stars 2  , FREE Delivery by Amazon
22,https://www.amazon.in/Allen-Solly-Skinny-Jeans-ALDNVSKFB60967_Black_30/dp/B09CQG31JB/ref=sr_1_101?crid=24IEEX0MBW072&dib=eyJ2IjoiMSJ9.iOTPPIxnfvom1gEgKyfiocFu74GJgNhnnRwwmbWhS_xNlVOrqwev6QwGP61rrA5qkUSg18Q0MX2VqnHHUaItuKcZ6PPyMJivGudalMdldO8MPnix58MQjqVAjt7uBq1bZFWgw6D4LpCD4awD4k5Xk6w2TnjMfdEPiJz2juDEfwXsT-MTmEw5F1QgQceaz673lm3fNUi_55Ma18Rgc049gDwa7cWngMJWbHAkif10o93BhJXIY2aYoZNW34WenVibPW59I3Y9_-eQiBHr0HhqjUuz1NSolPPNTtP5lYnQ5i4.0ZbmuhyKk-Sk4FOeOjeyk0eYDwBJxwxvsIkAbpjs7Fw&dib_tag=se&keywords=jeans&qid=1728139548&sprefix=jeans%2Caps%2C212&sr=8-101,Allen Solly,"₹879₹879 M.R.P: ₹1,999₹1,999 (56% off)",M.R.P: ,Allen Solly,"3.5 out of 5 stars 1,050  ", FREE Delivery by Amazon
23,https://www.amazon.in/Pepe-Jeans-Machine-Cotton-Size_36/dp/B0BWN8HRWM/ref=sr_1_103?crid=24IEEX0MBW072&dib=eyJ2IjoiMSJ9.iOTPPIxnfvom1gEgKyfiocFu74GJgNhnnRwwmbWhS_xNlVOrqwev6QwGP61rrA5qkUSg18Q0MX2VqnHHUaItuKcZ6PPyMJivGudalMdldO8MPnix58MQjqVAjt7uBq1bZFWgw6D4LpCD4awD4k5Xk6w2TnjMfdEPiJz2juDEfwXsT-MTmEw5F1QgQceaz673lm3fNUi_55Ma18Rgc049gDwa7cWngMJWbHAkif10o93BhJXIY2aYoZNW34WenVibPW59I3Y9_-eQiBHr0HhqjUuz1NSolPPNTtP5lYnQ5i4.0ZbmuhyKk-Sk4FOeOjeyk0eYDwBJxwxvsIkAbpjs7Fw&dib_tag=se&keywords=jeans&qid=1728139548&sprefix=jeans%2Caps%2C212&sr=8-103,Pepe Jeans,"₹1,298₹1,298 M.R.P: ₹4,599₹4,599 (72% off)",M.R.P: ,Pepe Jeans,4.7 out of 5 stars 4  , FREE Delivery by Amazon
24,https://www.amazon.in/sspa/click?ie=UTF8&spc=MTo3NjkyMDQ1MDI0NzAxMTU6MTcyODEzOTU0ODpzcF9idGY6MzAwMTk5NTk3NjE4MjMyOjowOjo&url=%2FLevis-Mens-Tapered-Jeans-A7086-0097_Blue%2Fdp%2FB0C6QXG7BW%2Fref%3Dsr_1_105_sspa%3Fcrid%3D24IEEX0MBW072%26dib%3DeyJ2IjoiMSJ9.iOTPPIxnfvom1gEgKyfiocFu74GJgNhnnRwwmbWhS_xNlVOrqwev6QwGP61rrA5qkUSg18Q0MX2VqnHHUaItuKcZ6PPyMJivGudalMdldO8MPnix58MQjqVAjt7uBq1bZFWgw6D4LpCD4awD4k5Xk6w2TnjMfdEPiJz2juDEfwXsT-MTmEw5F1QgQceaz673lm3fNUi_55Ma18Rgc049gDwa7cWngMJWbHAkif10o93BhJXIY2aYoZNW34WenVibPW59I3Y9_-eQiBHr0HhqjUuz1NSolPPNTtP5lYnQ5i4.0ZbmuhyKk-Sk4FOeOjeyk0eYDwBJxwxvsIkAbpjs7Fw%26dib_tag%3Dse%26keywords%3Djeans%26qid%3D1728139548%26sprefix%3Djeans%252Caps%252C212%26sr%3D8-105-spons%26sp_csd%3Dd2lkZ2V0TmFtZT1zcF9idGY%26psc%3D1,Levi's,"₹1,388₹1,388 M.R.P: ₹3,399₹3,399 (59% off)",M.R.P: ,Levi's,3.8 out of 5 stars 449  , FREE Delivery by Amazon
25,https://www.amazon.in/sspa/click?ie=UTF8&spc=MTo3NjkyMDQ1MDI0NzAxMTU6MTcyODEzOTU0ODpzcF9idGY6MzAwMzQ2ODE5MTI4MDMyOjowOjo&url=%2FJack-Jones-12237633-Dark-Blue-Denim_Dark%2Fdp%2FB0CNJWG1NL%2Fref%3Dsr_1_106_sspa%3Fcrid%3D24IEEX0MBW072%26dib%3DeyJ2IjoiMSJ9.iOTPPIxnfvom1gEgKyfiocFu74GJgNhnnRwwmbWhS_xNlVOrqwev6QwGP61rrA5qkUSg18Q0MX2VqnHHUaItuKcZ6PPyMJivGudalMdldO8MPnix58MQjqVAjt7uBq1bZFWgw6D4LpCD4awD4k5Xk6w2TnjMfdEPiJz2juDEfwXsT-MTmEw5F1QgQceaz673lm3fNUi_55Ma18Rgc049gDwa7cWngMJWbHAkif10o93BhJXIY2aYoZNW34WenVibPW59I3Y9_-eQiBHr0HhqjUuz1NSolPPNTtP5lYnQ5i4.0ZbmuhyKk-Sk4FOeOjeyk0eYDwBJxwxvsIkAbpjs7Fw%26dib_tag%3Dse%26keywords%3Djeans%26qid%3D1728139548%26sprefix%3Djeans%252Caps%252C212%26sr%3D8-106-spons%26sp_csd%3Dd2lkZ2V0TmFtZT1zcF9idGY%26psc%3D1,Jack & Jones,"₹659₹659 M.R.P: ₹2,199₹2,199 (70% off)",M.R.P: ,Jack & Jones,3.4 out of 5 stars 123  , FREE Delivery by Amazon
26,https://www.amazon.in/sspa/click?ie=UTF8&spc=MTo3NjkyMDQ1MDI0NzAxMTU6MTcyODEzOTU0ODpzcF9idGY6MzAwMTU5MzIxMzQ4NTMyOjowOjo&url=%2FLevis-Mens-Jeans-36087-0637_Light-Indigo_30%2Fdp%2FB09Z781DXR%2Fref%3Dsr_1_107_sspa%3Fcrid%3D24IEEX0MBW072%26dib%3DeyJ2IjoiMSJ9.iOTPPIxnfvom1gEgKyfiocFu74GJgNhnnRwwmbWhS_xNlVOrqwev6QwGP61rrA5qkUSg18Q0MX2VqnHHUaItuKcZ6PPyMJivGudalMdldO8MPnix58MQjqVAjt7uBq1bZFWgw6D4LpCD4awD4k5Xk6w2TnjMfdEPiJz2juDEfwXsT-MTmEw5F1QgQceaz673lm3fNUi_55Ma18Rgc049gDwa7cWngMJWbHAkif10o93BhJXIY2aYoZNW34WenVibPW59I3Y9_-eQiBHr0HhqjUuz1NSolPPNTtP5lYnQ5i4.0ZbmuhyKk-Sk4FOeOjeyk0eYDwBJxwxvsIkAbpjs7Fw%26dib_tag%3Dse%26keywords%3Djeans%26qid%3D1728139548%26sprefix%3Djeans%252Caps%252C212%26sr%3D8-107-spons%26sp_csd%3Dd2lkZ2V0TmFtZT1zcF9idGY%26psc%3D1,Levi's,"₹1,183₹1,183 M.R.P: ₹2,999₹2,999 (61% off)",50+ bought in past month,Levi's,3.9 out of 5 stars 615  , FREE Delivery by Amazon
27,https://www.amazon.in/sspa/click?ie=UTF8&spc=MTo3NjkyMDQ1MDI0NzAxMTU6MTcyODEzOTU0ODpzcF9idGY6MzAwMTU5MzM0MTc0NzMyOjowOjo&url=%2FLevis-Tapered-Mid-Rise-Light-Stretchable%2Fdp%2FB09Z78CMMG%2Fref%3Dsr_1_108_sspa%3Fcrid%3D24IEEX0MBW072%26dib%3DeyJ2IjoiMSJ9.iOTPPIxnfvom1gEgKyfiocFu74GJgNhnnRwwmbWhS_xNlVOrqwev6QwGP61rrA5qkUSg18Q0MX2VqnHHUaItuKcZ6PPyMJivGudalMdldO8MPnix58MQjqVAjt7uBq1bZFWgw6D4LpCD4awD4k5Xk6w2TnjMfdEPiJz2juDEfwXsT-MTmEw5F1QgQceaz673lm3fNUi_55Ma18Rgc049gDwa7cWngMJWbHAkif10o93BhJXIY2aYoZNW34WenVibPW59I3Y9_-eQiBHr0HhqjUuz1NSolPPNTtP5lYnQ5i4.0ZbmuhyKk-Sk4FOeOjeyk0eYDwBJxwxvsIkAbpjs7Fw%26dib_tag%3Dse%26keywords%3Djeans%26qid%3D1728139548%26sprefix%3Djeans%252Caps%252C212%26sr%3D8-108-spons%26sp_csd%3Dd2lkZ2V0TmFtZT1zcF9idGY%26psc%3D1,Levi's,"₹1,299₹1,299 M.R.P: ₹2,999₹2,999 (57% off)",100+ bought in past month,Levi's,"3.9 out of 5 stars 1,227  ", FREE Delivery by Amazon
28,https://www.amazon.in/sspa/click?ie=UTF8&spc=MTo0NzkxMTU3NjMyMzI3NzgxOjE3MjgxMzk1NTM6c3BfYXRmX25leHQ6MzAwMTU5MzIxMzUzOTMyOjowOjo&url=%2FLevis-Mens-Jeans-18298-1246_Light-Indigo_30%2Fdp%2FB09Z781MP3%2Fref%3Dsr_1_97_sspa%3Fcrid%3D24IEEX0MBW072%26dib%3DeyJ2IjoiMSJ9.uSFpnNEJ0-R8t-kFj0t5YmowYDy_vOE_Mnc-DM2dMvuUmHu3KZtWfAgS13QkvkwonUmUFHFeufQhrb0jM5mixQzoe9emPMR9FRQkw2h4-Q6t3mjLQr9XxJUWdGrqGdZHjJHut139Q6oI1RzsglxlPRWqszK0Z2VC3lVIEfnHrsA1oD52JrJx6Kl5mv5DA9NbkgFLJGj8MUUgWEV8ZNrEKnqfERrswarIkai9BMqYZNYaisRe7EHEtiV_LgKWL9blbODQ_T7sk84NGale3syzSP6r8Uf1pGaiBLqwkGKR7yM.uJ4o8HBflEA_Chw_6C7oh4CrUHyex6dzWfoGokDzoTQ%26dib_tag%3Dse%26keywords%3Djeans%26qid%3D1728139553%26sprefix%3Djeans%252Caps%252C212%26sr%3D8-97-spons%26sp_csd%3Dd2lkZ2V0TmFtZT1zcF9hdGZfbmV4dA%26psc%3D1,Levi's,"₹1,349₹1,349 M.R.P: ₹2,999₹2,999 (55% off)",50+ bought in past month,Levi's,"3.9 out of 5 stars 1,319  ", FREE Delivery by Amazon
29,https://www.amazon.in/Ben-Martin-Stretchable-Cotton-JJ3-24/dp/B0CZHVJG3R/ref=ice_ac_b_dpb?crid=24IEEX0MBW072&dib=eyJ2IjoiMSJ9.loW9tDrkb73dvNPalTNrmPld8m7huH6cF5g_YkNmEAm9qODA-taMg5ibmmJXAdn3w18_Ama_S4836s1iM1YtBIdpk_a88sovlz0jYKb8UgeyxfvDd1yNA7BrvReQL8dHeTsmBCUr4vG9wTfYE_IXjcEtx4Z9Yg_WV3zVa7cZhyV3SPxEo2p1Htxigkn7RWNyKzINhtwKuJdv5R3jaMrGucUaA8BClw9zNNqjHAMpciugupuFm20Jj8eOG6lU42dRYTXf80v8ApAF0EChkl1-KMQjfTn99KKJ17d9OvtZONs.gM2UxYQACutxLYDMZ0XW9AekUQGSbRmRfPruooS2c3Q&dib_tag=se&keywords=jeans&qid=1728139528&sprefix=jeans%2Caps%2C212&sr=8-10,Ben Martin,"₹499₹499 M.R.P: ₹2,999₹2,999 (83% off)",100+ bought in past month,Ben Martin,4.1 out of 5 stars 14  , FREE Delivery by Amazon
30,https://www.amazon.in/sspa/click?ie=UTF8&spc=MTo0NzkxMTU3NjMyMzI3NzgxOjE3MjgxMzk1NTM6c3BfYXRmX25leHQ6MzAwMTU5MzM0MTc1MDMyOjowOjo&url=%2FLevis-Mens-Slim-Jeans-A7087-0078_Blue%2Fdp%2FB0C6QV3JTZ%2Fref%3Dsr_1_98_sspa%3Fcrid%3D24IEEX0MBW072%26dib%3DeyJ2IjoiMSJ9.uSFpnNEJ0-R8t-kFj0t5YmowYDy_vOE_Mnc-DM2dMvuUmHu3KZtWfAgS13QkvkwonUmUFHFeufQhrb0jM5mixQzoe9emPMR9FRQkw2h4-Q6t3mjLQr9XxJUWdGrqGdZHjJHut139Q6oI1RzsglxlPRWqszK0Z2VC3lVIEfnHrsA1oD52JrJx6Kl5mv5DA9NbkgFLJGj8MUUgWEV8ZNrEKnqfERrswarIkai9BMqYZNYaisRe7EHEtiV_LgKWL9blbODQ_T7sk84NGale3syzSP6r8Uf1pGaiBLqwkGKR7yM.uJ4o8HBflEA_Chw_6C7oh4CrUHyex6dzWfoGokDzoTQ%26dib_tag%3Dse%26keywords%3Djeans%26qid%3D1728139553%26sprefix%3Djeans%252Caps%252C212%26sr%3D8-98-spons%26sp_csd%3Dd2lkZ2V0TmFtZT1zcF9hdGZfbmV4dA%26psc%3D1,Levi's,"₹1,349₹1,349 M.R.P: ₹2,999₹2,999 (55% off)",50+ bought in past month,Levi's,"3.9 out of 5 stars 1,275  ", FREE Delivery by Amazon
31,https://www.amazon.in/sspa/click?ie=UTF8&spc=MTo0NzkxMTU3NjMyMzI3NzgxOjE3MjgxMzk1NTM6c3BfYXRmX25leHQ6MzAwMjU5MTM4Nzg2ODMyOjowOjo&url=%2FLevis-Mens-Tapered-Jeans-36087-0708_Blue%2Fdp%2FB0CC9NJRBG%2Fref%3Dsr_1_99_sspa%3Fcrid%3D24IEEX0MBW072%26dib%3DeyJ2IjoiMSJ9.uSFpnNEJ0-R8t-kFj0t5YmowYDy_vOE_Mnc-DM2dMvuUmHu3KZtWfAgS13QkvkwonUmUFHFeufQhrb0jM5mixQzoe9emPMR9FRQkw2h4-Q6t3mjLQr9XxJUWdGrqGdZHjJHut139Q6oI1RzsglxlPRWqszK0Z2VC3lVIEfnHrsA1oD52JrJx6Kl5mv5DA9NbkgFLJGj8MUUgWEV8ZNrEKnqfERrswarIkai9BMqYZNYaisRe7EHEtiV_LgKWL9blbODQ_T7sk84NGale3syzSP6r8Uf1pGaiBLqwkGKR7yM.uJ4o8HBflEA_Chw_6C7oh4CrUHyex6dzWfoGokDzoTQ%26dib_tag%3Dse%26keywords%3Djeans%26qid%3D1728139553%26sprefix%3Djeans%252Caps%252C212%26sr%3D8-99-spons%26sp_csd%3Dd2lkZ2V0TmFtZT1zcF9hdGZfbmV4dA%26psc%3D1,Levi's,"₹1,799₹1,799 M.R.P: ₹3,999₹3,999 (55% off)",M.R.P: ,Levi's,3.5 out of 5 stars 5  , FREE Delivery by Amazon
32,https://www.amazon.in/sspa/click?ie=UTF8&spc=MTo0NzkxMTU3NjMyMzI3NzgxOjE3MjgxMzk1NTM6c3BfYXRmX25leHQ6MzAwMTU5MzE2NDM1OTMyOjowOjo&url=%2FLevis-Mid-Rise-Light-Stretchable-Indigo%2Fdp%2FB09Z77WS4K%2Fref%3Dsr_1_100_sspa%3Fcrid%3D24IEEX0MBW072%26dib%3DeyJ2IjoiMSJ9.uSFpnNEJ0-R8t-kFj0t5YmowYDy_vOE_Mnc-DM2dMvuUmHu3KZtWfAgS13QkvkwonUmUFHFeufQhrb0jM5mixQzoe9emPMR9FRQkw2h4-Q6t3mjLQr9XxJUWdGrqGdZHjJHut139Q6oI1RzsglxlPRWqszK0Z2VC3lVIEfnHrsA1oD52JrJx6Kl5mv5DA9NbkgFLJGj8MUUgWEV8ZNrEKnqfERrswarIkai9BMqYZNYaisRe7EHEtiV_LgKWL9blbODQ_T7sk84NGale3syzSP6r8Uf1pGaiBLqwkGKR7yM.uJ4o8HBflEA_Chw_6C7oh4CrUHyex6dzWfoGokDzoTQ%26dib_tag%3Dse%26keywords%3Djeans%26qid%3D1728139553%26sprefix%3Djeans%252Caps%252C212%26sr%3D8-100-spons%26sp_csd%3Dd2lkZ2V0TmFtZT1zcF9hdGZfbmV4dA%26psc%3D1,Levi's,"₹1,529₹1,529 M.R.P: ₹3,399₹3,399 (55% off)",M.R.P: ,Levi's,3.7 out of 5 stars 586  , FREE Delivery by Amazon
33,https://www.amazon.in/Lymio-Jeans-Jogger-Jeans-11-12-Blue/dp/B0D6MX349J/ref=sr_1_101?crid=24IEEX0MBW072&dib=eyJ2IjoiMSJ9.uSFpnNEJ0-R8t-kFj0t5YmowYDy_vOE_Mnc-DM2dMvuUmHu3KZtWfAgS13QkvkwonUmUFHFeufQhrb0jM5mixQzoe9emPMR9FRQkw2h4-Q6t3mjLQr9XxJUWdGrqGdZHjJHut139Q6oI1RzsglxlPRWqszK0Z2VC3lVIEfnHrsA1oD52JrJx6Kl5mv5DA9NbkgFLJGj8MUUgWEV8ZNrEKnqfERrswarIkai9BMqYZNYaisRe7EHEtiV_LgKWL9blbODQ_T7sk84NGale3syzSP6r8Uf1pGaiBLqwkGKR7yM.uJ4o8HBflEA_Chw_6C7oh4CrUHyex6dzWfoGokDzoTQ&dib_tag=se&keywords=jeans&qid=1728139553&sprefix=jeans%2Caps%2C212&sr=8-101,Lymio,"₹629₹629 M.R.P: ₹3,999₹3,999 (84% off)",500+ bought in past month,Lymio,4.0 out of 5 stars 157  ,FREE Delivery by Amazon
34,https://www.amazon.in/Linaria-Fashionable-Blue-Rough-Jeans/dp/B0CT2P4J4S/ref=sr_1_102?crid=24IEEX0MBW072&dib=eyJ2IjoiMSJ9.uSFpnNEJ0-R8t-kFj0t5YmowYDy_vOE_Mnc-DM2dMvuUmHu3KZtWfAgS13QkvkwonUmUFHFeufQhrb0jM5mixQzoe9emPMR9FRQkw2h4-Q6t3mjLQr9XxJUWdGrqGdZHjJHut139Q6oI1RzsglxlPRWqszK0Z2VC3lVIEfnHrsA1oD52JrJx6Kl5mv5DA9NbkgFLJGj8MUUgWEV8ZNrEKnqfERrswarIkai9BMqYZNYaisRe7EHEtiV_LgKWL9blbODQ_T7sk84NGale3syzSP6r8Uf1pGaiBLqwkGKR7yM.uJ4o8HBflEA_Chw_6C7oh4CrUHyex6dzWfoGokDzoTQ&dib_tag=se&keywords=jeans&qid=1728139553&sprefix=jeans%2Caps%2C212&sr=8-102,Linaria,"₹499₹499 M.R.P: ₹1,299₹1,299 (62% off)",M.R.P: ,Linaria,3.3 out of 5 stars 4  , 
35,https://www.amazon.in/Ben-Martin-Black-Cotton-Oversized/dp/B0D28J74T4/ref=sr_1_103?crid=24IEEX0MBW072&dib=eyJ2IjoiMSJ9.uSFpnNEJ0-R8t-kFj0t5YmowYDy_vOE_Mnc-DM2dMvuUmHu3KZtWfAgS13QkvkwonUmUFHFeufQhrb0jM5mixQzoe9emPMR9FRQkw2h4-Q6t3mjLQr9XxJUWdGrqGdZHjJHut139Q6oI1RzsglxlPRWqszK0Z2VC3lVIEfnHrsA1oD52JrJx6Kl5mv5DA9NbkgFLJGj8MUUgWEV8ZNrEKnqfERrswarIkai9BMqYZNYaisRe7EHEtiV_LgKWL9blbODQ_T7sk84NGale3syzSP6r8Uf1pGaiBLqwkGKR7yM.uJ4o8HBflEA_Chw_6C7oh4CrUHyex6dzWfoGokDzoTQ&dib_tag=se&keywords=jeans&qid=1728139553&sprefix=jeans%2Caps%2C212&sr=8-103,Ben Martin,"₹699₹699 M.R.P: ₹2,999₹2,999 (77% off)",200+ bought in past month,Ben Martin,3.9 out of 5 stars 542  , FREE Delivery by Amazon
36,https://www.amazon.in/KOTTY-Womens-Cotton-Lycra-Jeans/dp/B0917747CV/ref=sr_1_104?crid=24IEEX0MBW072&dib=eyJ2IjoiMSJ9.uSFpnNEJ0-R8t-kFj0t5YmowYDy_vOE_Mnc-DM2dMvuUmHu3KZtWfAgS13QkvkwonUmUFHFeufQhrb0jM5mixQzoe9emPMR9FRQkw2h4-Q6t3mjLQr9XxJUWdGrqGdZHjJHut139Q6oI1RzsglxlPRWqszK0Z2VC3lVIEfnHrsA1oD52JrJx6Kl5mv5DA9NbkgFLJGj8MUUgWEV8ZNrEKnqfERrswarIkai9BMqYZNYaisRe7EHEtiV_LgKWL9blbODQ_T7sk84NGale3syzSP6r8Uf1pGaiBLqwkGKR7yM.uJ4o8HBflEA_Chw_6C7oh4CrUHyex6dzWfoGokDzoTQ&dib_tag=se&keywords=jeans&qid=1728139553&sprefix=jeans%2Caps%2C212&sr=8-104,KOTTY,"₹449₹449 M.R.P: ₹1,999₹1,999 (78% off)",200+ bought in past month,KOTTY,"3.7 out of 5 stars 5,032  ",FREE Delivery by Amazon
37,https://www.amazon.in/Pepe-Jeans-Straight-PM206826Q03_Dark-Used_38/dp/B0B7BB7FFD/ref=sr_1_105?crid=24IEEX0MBW072&dib=eyJ2IjoiMSJ9.uSFpnNEJ0-R8t-kFj0t5YmowYDy_vOE_Mnc-DM2dMvuUmHu3KZtWfAgS13QkvkwonUmUFHFeufQhrb0jM5mixQzoe9emPMR9FRQkw2h4-Q6t3mjLQr9XxJUWdGrqGdZHjJHut139Q6oI1RzsglxlPRWqszK0Z2VC3lVIEfnHrsA1oD52JrJx6Kl5mv5DA9NbkgFLJGj8MUUgWEV8ZNrEKnqfERrswarIkai9BMqYZNYaisRe7EHEtiV_LgKWL9blbODQ_T7sk84NGale3syzSP6r8Uf1pGaiBLqwkGKR7yM.uJ4o8HBflEA_Chw_6C7oh4CrUHyex6dzWfoGokDzoTQ&dib_tag=se&keywords=jeans&qid=1728139553&sprefix=jeans%2Caps%2C212&sr=8-105,Pepe Jeans,"₹1,299₹1,299 M.R.P: ₹3,799₹3,799 (66% off)",M.R.P: ,Pepe Jeans,3.8 out of 5 stars 26  , FREE Delivery by Amazon
38,https://www.amazon.in/Amazon-Brand-Shields-HSD-SL-03_Medium-Blue_30/dp/B0821SV87P/ref=sr_1_106?crid=24IEEX0MBW072&dib=eyJ2IjoiMSJ9.uSFpnNEJ0-R8t-kFj0t5YmowYDy_vOE_Mnc-DM2dMvuUmHu3KZtWfAgS13QkvkwonUmUFHFeufQhrb0jM5mixQzoe9emPMR9FRQkw2h4-Q6t3mjLQr9XxJUWdGrqGdZHjJHut139Q6oI1RzsglxlPRWqszK0Z2VC3lVIEfnHrsA1oD52JrJx6Kl5mv5DA9NbkgFLJGj8MUUgWEV8ZNrEKnqfERrswarIkai9BMqYZNYaisRe7EHEtiV_LgKWL9blbODQ_T7sk84NGale3syzSP6r8Uf1pGaiBLqwkGKR7yM.uJ4o8HBflEA_Chw_6C7oh4CrUHyex6dzWfoGokDzoTQ&dib_tag=se&keywords=jeans&qid=1728139553&sprefix=jeans%2Caps%2C212&sr=8-106,Amazon Brand - House & Shields,"₹339₹339 M.R.P: ₹2,999₹2,999 (89% off)",100+ bought in past month,Amazon Brand - House & Shields,"3.8 out of 5 stars 2,127  ",FREE Delivery by Amazon
39,https://www.amazon.in/TOPLOT-Women-Cotton-Straight-Jeans-5204-Light-Blue-36/dp/B0DDTG6HW2/ref=sr_1_107?crid=24IEEX0MBW072&dib=eyJ2IjoiMSJ9.uSFpnNEJ0-R8t-kFj0t5YmowYDy_vOE_Mnc-DM2dMvuUmHu3KZtWfAgS13QkvkwonUmUFHFeufQhrb0jM5mixQzoe9emPMR9FRQkw2h4-Q6t3mjLQr9XxJUWdGrqGdZHjJHut139Q6oI1RzsglxlPRWqszK0Z2VC3lVIEfnHrsA1oD52JrJx6Kl5mv5DA9NbkgFLJGj8MUUgWEV8ZNrEKnqfERrswarIkai9BMqYZNYaisRe7EHEtiV_LgKWL9blbODQ_T7sk84NGale3syzSP6r8Uf1pGaiBLqwkGKR7yM.uJ4o8HBflEA_Chw_6C7oh4CrUHyex6dzWfoGokDzoTQ&dib_tag=se&keywords=jeans&qid=1728139553&sprefix=jeans%2Caps%2C212&sr=8-107,TOPLOT,"₹699₹699 M.R.P: ₹2,999₹2,999 (77% off)",M.R.P: ,TOPLOT,5.0 out of 5 stars 6  , FREE Delivery by Amazon
40,https://www.amazon.in/Amazon-Brand-Inkast-Skinny-SK-164_Grey_32W/dp/B07RJQ2RY2/ref=sr_1_11?crid=24IEEX0MBW072&dib=eyJ2IjoiMSJ9.loW9tDrkb73dvNPalTNrmPld8m7huH6cF5g_YkNmEAm9qODA-taMg5ibmmJXAdn3w18_Ama_S4836s1iM1YtBIdpk_a88sovlz0jYKb8UgeyxfvDd1yNA7BrvReQL8dHeTsmBCUr4vG9wTfYE_IXjcEtx4Z9Yg_WV3zVa7cZhyV3SPxEo2p1Htxigkn7RWNyKzINhtwKuJdv5R3jaMrGucUaA8BClw9zNNqjHAMpciugupuFm20Jj8eOG6lU42dRYTXf80v8ApAF0EChkl1-KMQjfTn99KKJ17d9OvtZONs.gM2UxYQACutxLYDMZ0XW9AekUQGSbRmRfPruooS2c3Q&dib_tag=se&keywords=jeans&qid=1728139528&sprefix=jeans%2Caps%2C212&sr=8-11,Amazon Brand - INKAST,"₹449₹449 M.R.P: ₹2,299₹2,299 (80% off)",100+ bought in past month,Amazon Brand - INKAST,"3.7 out of 5 stars 2,637  ",FREE Delivery by Amazon
41,https://www.amazon.in/INKD-Regular-Jeans-INKSS23MJN-002_Denim-Divine_34/dp/B0C1GSX5HR/ref=sr_1_108?crid=24IEEX0MBW072&dib=eyJ2IjoiMSJ9.uSFpnNEJ0-R8t-kFj0t5YmowYDy_vOE_Mnc-DM2dMvuUmHu3KZtWfAgS13QkvkwonUmUFHFeufQhrb0jM5mixQzoe9emPMR9FRQkw2h4-Q6t3mjLQr9XxJUWdGrqGdZHjJHut139Q6oI1RzsglxlPRWqszK0Z2VC3lVIEfnHrsA1oD52JrJx6Kl5mv5DA9NbkgFLJGj8MUUgWEV8ZNrEKnqfERrswarIkai9BMqYZNYaisRe7EHEtiV_LgKWL9blbODQ_T7sk84NGale3syzSP6r8Uf1pGaiBLqwkGKR7yM.uJ4o8HBflEA_Chw_6C7oh4CrUHyex6dzWfoGokDzoTQ&dib_tag=se&keywords=jeans&qid=1728139553&sprefix=jeans%2Caps%2C212&sr=8-108,INKD,"₹599₹599 M.R.P: ₹1,799₹1,799 (67% off)",50+ bought in past month,INKD,4.0 out of 5 stars 168  , FREE Delivery by Amazon
42,https://www.amazon.in/Supernova-Inc-Solid-Stretchable-suplpsjean-dblue-34/dp/B09WVY6SG2/ref=sr_1_110?crid=24IEEX0MBW072&dib=eyJ2IjoiMSJ9.uSFpnNEJ0-R8t-kFj0t5YmowYDy_vOE_Mnc-DM2dMvuUmHu3KZtWfAgS13QkvkwonUmUFHFeufQhrb0jM5mixQzoe9emPMR9FRQkw2h4-Q6t3mjLQr9XxJUWdGrqGdZHjJHut139Q6oI1RzsglxlPRWqszK0Z2VC3lVIEfnHrsA1oD52JrJx6Kl5mv5DA9NbkgFLJGj8MUUgWEV8ZNrEKnqfERrswarIkai9BMqYZNYaisRe7EHEtiV_LgKWL9blbODQ_T7sk84NGale3syzSP6r8Uf1pGaiBLqwkGKR7yM.uJ4o8HBflEA_Chw_6C7oh4CrUHyex6dzWfoGokDzoTQ&dib_tag=se&keywords=jeans&qid=1728139553&sprefix=jeans%2Caps%2C212&sr=8-110,Supernova Inc.,"₹297₹297 M.R.P: ₹1,299₹1,299 (77% off)",M.R.P: ,Supernova Inc.,3.7 out of 5 stars 806  ,FREE Delivery by Amazon
43,https://www.amazon.in/INKD-Regular-Jeans-INKSS23MJN-001_Denim-Drama_32/dp/B0C1GR9VJ7/ref=sr_1_111?crid=24IEEX0MBW072&dib=eyJ2IjoiMSJ9.uSFpnNEJ0-R8t-kFj0t5YmowYDy_vOE_Mnc-DM2dMvuUmHu3KZtWfAgS13QkvkwonUmUFHFeufQhrb0jM5mixQzoe9emPMR9FRQkw2h4-Q6t3mjLQr9XxJUWdGrqGdZHjJHut139Q6oI1RzsglxlPRWqszK0Z2VC3lVIEfnHrsA1oD52JrJx6Kl5mv5DA9NbkgFLJGj8MUUgWEV8ZNrEKnqfERrswarIkai9BMqYZNYaisRe7EHEtiV_LgKWL9blbODQ_T7sk84NGale3syzSP6r8Uf1pGaiBLqwkGKR7yM.uJ4o8HBflEA_Chw_6C7oh4CrUHyex6dzWfoGokDzoTQ&dib_tag=se&keywords=jeans&qid=1728139553&sprefix=jeans%2Caps%2C212&sr=8-111,INKD,"₹539₹539 M.R.P: ₹1,499₹1,499 (64% off)",M.R.P: ,INKD,3.9 out of 5 stars 383  , FREE Delivery by Amazon
44,https://www.amazon.in/Ben-Martin-Mens-Jeans-BMW-JNS-D-GREY-38/dp/B07HL7FW8R/ref=sr_1_113?crid=24IEEX0MBW072&dib=eyJ2IjoiMSJ9.uSFpnNEJ0-R8t-kFj0t5YmowYDy_vOE_Mnc-DM2dMvuUmHu3KZtWfAgS13QkvkwonUmUFHFeufQhrb0jM5mixQzoe9emPMR9FRQkw2h4-Q6t3mjLQr9XxJUWdGrqGdZHjJHut139Q6oI1RzsglxlPRWqszK0Z2VC3lVIEfnHrsA1oD52JrJx6Kl5mv5DA9NbkgFLJGj8MUUgWEV8ZNrEKnqfERrswarIkai9BMqYZNYaisRe7EHEtiV_LgKWL9blbODQ_T7sk84NGale3syzSP6r8Uf1pGaiBLqwkGKR7yM.uJ4o8HBflEA_Chw_6C7oh4CrUHyex6dzWfoGokDzoTQ&dib_tag=se&keywords=jeans&qid=1728139553&sprefix=jeans%2Caps%2C212&sr=8-113,Ben Martin,"₹499₹499 M.R.P: ₹2,499₹2,499 (80% off)",50+ bought in past month,Ben Martin,"3.6 out of 5 stars 3,417  ", FREE Delivery by Amazon
45,https://www.amazon.in/Pepe-Jeans-Mens-PM206827Q05_Light-Used_32/dp/B0B7B5BPFC/ref=sr_1_114?crid=24IEEX0MBW072&dib=eyJ2IjoiMSJ9.uSFpnNEJ0-R8t-kFj0t5YmowYDy_vOE_Mnc-DM2dMvuUmHu3KZtWfAgS13QkvkwonUmUFHFeufQhrb0jM5mixQzoe9emPMR9FRQkw2h4-Q6t3mjLQr9XxJUWdGrqGdZHjJHut139Q6oI1RzsglxlPRWqszK0Z2VC3lVIEfnHrsA1oD52JrJx6Kl5mv5DA9NbkgFLJGj8MUUgWEV8ZNrEKnqfERrswarIkai9BMqYZNYaisRe7EHEtiV_LgKWL9blbODQ_T7sk84NGale3syzSP6r8Uf1pGaiBLqwkGKR7yM.uJ4o8HBflEA_Chw_6C7oh4CrUHyex6dzWfoGokDzoTQ&dib_tag=se&keywords=jeans&qid=1728139553&sprefix=jeans%2Caps%2C212&sr=8-114,Pepe Jeans,"₹1,299₹1,299 M.R.P: ₹3,599₹3,599 (64% off)",50+ bought in past month,Pepe Jeans,3.7 out of 5 stars 105  , FREE Delivery by Amazon
46,https://www.amazon.in/Ben-Martin-White-Jeans-Pants/dp/B0D8Y96C93/ref=sr_1_115?crid=24IEEX0MBW072&dib=eyJ2IjoiMSJ9.uSFpnNEJ0-R8t-kFj0t5YmowYDy_vOE_Mnc-DM2dMvuUmHu3KZtWfAgS13QkvkwonUmUFHFeufQhrb0jM5mixQzoe9emPMR9FRQkw2h4-Q6t3mjLQr9XxJUWdGrqGdZHjJHut139Q6oI1RzsglxlPRWqszK0Z2VC3lVIEfnHrsA1oD52JrJx6Kl5mv5DA9NbkgFLJGj8MUUgWEV8ZNrEKnqfERrswarIkai9BMqYZNYaisRe7EHEtiV_LgKWL9blbODQ_T7sk84NGale3syzSP6r8Uf1pGaiBLqwkGKR7yM.uJ4o8HBflEA_Chw_6C7oh4CrUHyex6dzWfoGokDzoTQ&dib_tag=se&keywords=jeans&qid=1728139553&sprefix=jeans%2Caps%2C212&sr=8-115,Ben Martin,"₹699₹699 M.R.P: ₹2,999₹2,999 (77% off)",50+ bought in past month,Ben Martin,4.3 out of 5 stars 38  , FREE Delivery by Amazon
47,https://www.amazon.in/sspa/click?ie=UTF8&spc=MTo0NzkxMTU3NjMyMzI3NzgxOjE3MjgxMzk1NTM6c3BfbXRmOjMwMDI2MDE5MjU0NjYzMjo6MDo6&url=%2FSpykar-Mens-Slim-Jeans-EMDKN1BD009_MID%2Fdp%2FB0CTMX98PS%2Fref%3Dsr_1_117_sspa%3Fcrid%3D24IEEX0MBW072%26dib%3DeyJ2IjoiMSJ9.uSFpnNEJ0-R8t-kFj0t5YmowYDy_vOE_Mnc-DM2dMvuUmHu3KZtWfAgS13QkvkwonUmUFHFeufQhrb0jM5mixQzoe9emPMR9FRQkw2h4-Q6t3mjLQr9XxJUWdGrqGdZHjJHut139Q6oI1RzsglxlPRWqszK0Z2VC3lVIEfnHrsA1oD52JrJx6Kl5mv5DA9NbkgFLJGj8MUUgWEV8ZNrEKnqfERrswarIkai9BMqYZNYaisRe7EHEtiV_LgKWL9blbODQ_T7sk84NGale3syzSP6r8Uf1pGaiBLqwkGKR7yM.uJ4o8HBflEA_Chw_6C7oh4CrUHyex6dzWfoGokDzoTQ%26dib_tag%3Dse%26keywords%3Djeans%26qid%3D1728139553%26sprefix%3Djeans%252Caps%252C212%26sr%3D8-117-spons%26sp_csd%3Dd2lkZ2V0TmFtZT1zcF9tdGY%26psc%3D1,Spykar,"₹899₹899 M.R.P: ₹3,299₹3,299 (73% off)",M.R.P: ,Spykar,4.1 out of 5 stars 8  ,FREE Delivery by Amazon
48,https://www.amazon.in/Indian-Garage-Co-Boyfriend-0720-DNM-87_Blue/dp/B08WJDSRHH/ref=sr_1_12?crid=24IEEX0MBW072&dib=eyJ2IjoiMSJ9.loW9tDrkb73dvNPalTNrmPld8m7huH6cF5g_YkNmEAm9qODA-taMg5ibmmJXAdn3w18_Ama_S4836s1iM1YtBIdpk_a88sovlz0jYKb8UgeyxfvDd1yNA7BrvReQL8dHeTsmBCUr4vG9wTfYE_IXjcEtx4Z9Yg_WV3zVa7cZhyV3SPxEo2p1Htxigkn7RWNyKzINhtwKuJdv5R3jaMrGucUaA8BClw9zNNqjHAMpciugupuFm20Jj8eOG6lU42dRYTXf80v8ApAF0EChkl1-KMQjfTn99KKJ17d9OvtZONs.gM2UxYQACutxLYDMZ0XW9AekUQGSbRmRfPruooS2c3Q&dib_tag=se&keywords=jeans&qid=1728139528&sprefix=jeans%2Caps%2C212&sr=8-12,The Indian Garage Co,"₹580₹580 M.R.P: ₹1,999₹1,999 (71% off)",100+ bought in past month,The Indian Garage Co,4.0 out of 5 stars 36  , FREE Delivery by Amazon
49,https://www.amazon.in/sspa/click?ie=UTF8&spc=MTo0NzkxMTU3NjMyMzI3NzgxOjE3MjgxMzk1NTM6c3BfbXRmOjMwMDIwMzk0Nzc1MjYzMjo6MDo6&url=%2FAllen-Solly-Skinny-Jeans-ALDNVSKFT93425_Black_34%2Fdp%2FB09F72CDLV%2Fref%3Dsr_1_118_sspa%3Fcrid%3D24IEEX0MBW072%26dib%3DeyJ2IjoiMSJ9.uSFpnNEJ0-R8t-kFj0t5YmowYDy_vOE_Mnc-DM2dMvuUmHu3KZtWfAgS13QkvkwonUmUFHFeufQhrb0jM5mixQzoe9emPMR9FRQkw2h4-Q6t3mjLQr9XxJUWdGrqGdZHjJHut139Q6oI1RzsglxlPRWqszK0Z2VC3lVIEfnHrsA1oD52JrJx6Kl5mv5DA9NbkgFLJGj8MUUgWEV8ZNrEKnqfERrswarIkai9BMqYZNYaisRe7EHEtiV_LgKWL9blbODQ_T7sk84NGale3syzSP6r8Uf1pGaiBLqwkGKR7yM.uJ4o8HBflEA_Chw_6C7oh4CrUHyex6dzWfoGokDzoTQ%26dib_tag%3Dse%26keywords%3Djeans%26qid%3D1728139553%26sprefix%3Djeans%252Caps%252C212%26sr%3D8-118-spons%26sp_csd%3Dd2lkZ2V0TmFtZT1zcF9tdGY%26psc%3D1,Allen Solly,"₹879₹879 M.R.P: ₹2,199₹2,199 (60% off)",50+ bought in past month,Allen Solly,3.5 out of 5 stars 395  , FREE Delivery by Amazon
50,https://www.amazon.in/sspa/click?ie=UTF8&spc=MTo0NzkxMTU3NjMyMzI3NzgxOjE3MjgxMzk1NTM6c3BfbXRmOjMwMDE1OTMxNjQzMzczMjo6MDo6&url=%2FLevis-Mens-Tapered-Jeans-A7086-0097_Blue%2Fdp%2FB0C6QTKT4L%2Fref%3Dsr_1_120_sspa%3Fcrid%3D24IEEX0MBW072%26dib%3DeyJ2IjoiMSJ9.uSFpnNEJ0-R8t-kFj0t5YmowYDy_vOE_Mnc-DM2dMvuUmHu3KZtWfAgS13QkvkwonUmUFHFeufQhrb0jM5mixQzoe9emPMR9FRQkw2h4-Q6t3mjLQr9XxJUWdGrqGdZHjJHut139Q6oI1RzsglxlPRWqszK0Z2VC3lVIEfnHrsA1oD52JrJx6Kl5mv5DA9NbkgFLJGj8MUUgWEV8ZNrEKnqfERrswarIkai9BMqYZNYaisRe7EHEtiV_LgKWL9blbODQ_T7sk84NGale3syzSP6r8Uf1pGaiBLqwkGKR7yM.uJ4o8HBflEA_Chw_6C7oh4CrUHyex6dzWfoGokDzoTQ%26dib_tag%3Dse%26keywords%3Djeans%26qid%3D1728139553%26sprefix%3Djeans%252Caps%252C212%26sr%3D8-120-spons%26sp_csd%3Dd2lkZ2V0TmFtZT1zcF9tdGY%26psc%3D1,Levi's,"₹1,529₹1,529 M.R.P: ₹3,399₹3,399 (55% off)",50+ bought in past month,Levi's,3.8 out of 5 stars 449  , FREE Delivery by Amazon
51,https://www.amazon.in/Pepe-Jeans-Regular-PM206822Q03_Dark-Used_36/dp/B0B7B7PR9V/ref=sr_1_121?crid=24IEEX0MBW072&dib=eyJ2IjoiMSJ9.uSFpnNEJ0-R8t-kFj0t5YmowYDy_vOE_Mnc-DM2dMvuUmHu3KZtWfAgS13QkvkwonUmUFHFeufQhrb0jM5mixQzoe9emPMR9FRQkw2h4-Q6t3mjLQr9XxJUWdGrqGdZHjJHut139Q6oI1RzsglxlPRWqszK0Z2VC3lVIEfnHrsA1oD52JrJx6Kl5mv5DA9NbkgFLJGj8MUUgWEV8ZNrEKnqfERrswarIkai9BMqYZNYaisRe7EHEtiV_LgKWL9blbODQ_T7sk84NGale3syzSP6r8Uf1pGaiBLqwkGKR7yM.uJ4o8HBflEA_Chw_6C7oh4CrUHyex6dzWfoGokDzoTQ&dib_tag=se&keywords=jeans&qid=1728139553&sprefix=jeans%2Caps%2C212&sr=8-121,Pepe Jeans,"₹849₹849 M.R.P: ₹3,599₹3,599 (76% off)",M.R.P: ,Pepe Jeans,3.8 out of 5 stars 96  , FREE Delivery by Amazon
52,https://www.amazon.in/KARGEENS-Stretchable-Casual-Cotton-raj7001_Brown_1_32/dp/B0CGD74FZV/ref=sr_1_122?crid=24IEEX0MBW072&dib=eyJ2IjoiMSJ9.uSFpnNEJ0-R8t-kFj0t5YmowYDy_vOE_Mnc-DM2dMvuUmHu3KZtWfAgS13QkvkwonUmUFHFeufQhrb0jM5mixQzoe9emPMR9FRQkw2h4-Q6t3mjLQr9XxJUWdGrqGdZHjJHut139Q6oI1RzsglxlPRWqszK0Z2VC3lVIEfnHrsA1oD52JrJx6Kl5mv5DA9NbkgFLJGj8MUUgWEV8ZNrEKnqfERrswarIkai9BMqYZNYaisRe7EHEtiV_LgKWL9blbODQ_T7sk84NGale3syzSP6r8Uf1pGaiBLqwkGKR7yM.uJ4o8HBflEA_Chw_6C7oh4CrUHyex6dzWfoGokDzoTQ&dib_tag=se&keywords=jeans&qid=1728139553&sprefix=jeans%2Caps%2C212&sr=8-122,KARGEENS,"₹549₹549 M.R.P: ₹2,399₹2,399 (77% off)",M.R.P: ,KARGEENS,3.5 out of 5 stars 547  , FREE Delivery by Amazon
53,https://www.amazon.in/Lymio-Jeans-Stylish-Regular-Jeans-15-17/dp/B0D91TMH8W/ref=sr_1_124?crid=24IEEX0MBW072&dib=eyJ2IjoiMSJ9.uSFpnNEJ0-R8t-kFj0t5YmowYDy_vOE_Mnc-DM2dMvuUmHu3KZtWfAgS13QkvkwonUmUFHFeufQhrb0jM5mixQzoe9emPMR9FRQkw2h4-Q6t3mjLQr9XxJUWdGrqGdZHjJHut139Q6oI1RzsglxlPRWqszK0Z2VC3lVIEfnHrsA1oD52JrJx6Kl5mv5DA9NbkgFLJGj8MUUgWEV8ZNrEKnqfERrswarIkai9BMqYZNYaisRe7EHEtiV_LgKWL9blbODQ_T7sk84NGale3syzSP6r8Uf1pGaiBLqwkGKR7yM.uJ4o8HBflEA_Chw_6C7oh4CrUHyex6dzWfoGokDzoTQ&dib_tag=se&keywords=jeans&qid=1728139553&sprefix=jeans%2Caps%2C212&sr=8-124,Lymio,"₹599₹599 M.R.P: ₹4,999₹4,999 (88% off)",M.R.P: ,Lymio,4.8 out of 5 stars 95  , FREE Delivery by Amazon
54,https://www.amazon.in/GRECIILOOKS-Regular-Jeans-GL-MJ-12_Light-Blue_36/dp/B0CW9XF5G6/ref=sr_1_125?crid=24IEEX0MBW072&dib=eyJ2IjoiMSJ9.uSFpnNEJ0-R8t-kFj0t5YmowYDy_vOE_Mnc-DM2dMvuUmHu3KZtWfAgS13QkvkwonUmUFHFeufQhrb0jM5mixQzoe9emPMR9FRQkw2h4-Q6t3mjLQr9XxJUWdGrqGdZHjJHut139Q6oI1RzsglxlPRWqszK0Z2VC3lVIEfnHrsA1oD52JrJx6Kl5mv5DA9NbkgFLJGj8MUUgWEV8ZNrEKnqfERrswarIkai9BMqYZNYaisRe7EHEtiV_LgKWL9blbODQ_T7sk84NGale3syzSP6r8Uf1pGaiBLqwkGKR7yM.uJ4o8HBflEA_Chw_6C7oh4CrUHyex6dzWfoGokDzoTQ&dib_tag=se&keywords=jeans&qid=1728139553&sprefix=jeans%2Caps%2C212&sr=8-125,GRECIILOOKS,"₹569₹569 M.R.P: ₹1,999₹1,999 (72% off)",50+ bought in past month,GRECIILOOKS,4.8 out of 5 stars 42  , FREE Delivery by Amazon
55,https://www.amazon.in/Levis-Mens-Tapered-Jeans-A7086-0046_Blue/dp/B0CN9LX4BB/ref=sr_1_127?crid=24IEEX0MBW072&dib=eyJ2IjoiMSJ9.uSFpnNEJ0-R8t-kFj0t5YmowYDy_vOE_Mnc-DM2dMvuUmHu3KZtWfAgS13QkvkwonUmUFHFeufQhrb0jM5mixQzoe9emPMR9FRQkw2h4-Q6t3mjLQr9XxJUWdGrqGdZHjJHut139Q6oI1RzsglxlPRWqszK0Z2VC3lVIEfnHrsA1oD52JrJx6Kl5mv5DA9NbkgFLJGj8MUUgWEV8ZNrEKnqfERrswarIkai9BMqYZNYaisRe7EHEtiV_LgKWL9blbODQ_T7sk84NGale3syzSP6r8Uf1pGaiBLqwkGKR7yM.uJ4o8HBflEA_Chw_6C7oh4CrUHyex6dzWfoGokDzoTQ&dib_tag=se&keywords=jeans&qid=1728139553&sprefix=jeans%2Caps%2C212&sr=8-127,Levi's,"₹999₹999 M.R.P: ₹3,199₹3,199 (69% off)",50+ bought in past month,Levi's,5.0 out of 5 stars 2  , FREE Delivery by Amazon
56,https://www.amazon.in/Comfortable-Stretchable-Fashionable-Comfort-Flexibility/dp/B0B86FYNK3/ref=sr_1_13?crid=24IEEX0MBW072&dib=eyJ2IjoiMSJ9.loW9tDrkb73dvNPalTNrmPld8m7huH6cF5g_YkNmEAm9qODA-taMg5ibmmJXAdn3w18_Ama_S4836s1iM1YtBIdpk_a88sovlz0jYKb8UgeyxfvDd1yNA7BrvReQL8dHeTsmBCUr4vG9wTfYE_IXjcEtx4Z9Yg_WV3zVa7cZhyV3SPxEo2p1Htxigkn7RWNyKzINhtwKuJdv5R3jaMrGucUaA8BClw9zNNqjHAMpciugupuFm20Jj8eOG6lU42dRYTXf80v8ApAF0EChkl1-KMQjfTn99KKJ17d9OvtZONs.gM2UxYQACutxLYDMZ0XW9AekUQGSbRmRfPruooS2c3Q&dib_tag=se&keywords=jeans&qid=1728139528&sprefix=jeans%2Caps%2C212&sr=8-13,Billford,"₹699₹699 M.R.P: ₹2,999₹2,999 (77% off)",100+ bought in past month,Billford,"3.5 out of 5 stars 2,512  ", FREE Delivery by Amazon
57,https://www.amazon.in/Allen-Solly-Skinny-Jeans-ALDNVSKFB60967_Black_30/dp/B09CQG31JB/ref=sr_1_130?crid=24IEEX0MBW072&dib=eyJ2IjoiMSJ9.uSFpnNEJ0-R8t-kFj0t5YmowYDy_vOE_Mnc-DM2dMvuUmHu3KZtWfAgS13QkvkwonUmUFHFeufQhrb0jM5mixQzoe9emPMR9FRQkw2h4-Q6t3mjLQr9XxJUWdGrqGdZHjJHut139Q6oI1RzsglxlPRWqszK0Z2VC3lVIEfnHrsA1oD52JrJx6Kl5mv5DA9NbkgFLJGj8MUUgWEV8ZNrEKnqfERrswarIkai9BMqYZNYaisRe7EHEtiV_LgKWL9blbODQ_T7sk84NGale3syzSP6r8Uf1pGaiBLqwkGKR7yM.uJ4o8HBflEA_Chw_6C7oh4CrUHyex6dzWfoGokDzoTQ&dib_tag=se&keywords=jeans&qid=1728139553&sprefix=jeans%2Caps%2C212&sr=8-130,Allen Solly,"₹879₹879 M.R.P: ₹1,999₹1,999 (56% off)",M.R.P: ,Allen Solly,"3.5 out of 5 stars 1,050  ", FREE Delivery by Amazon
58,https://www.amazon.in/Amazon-Brand-Inkast-IK-S22-DN-ST-05_Indg-1-Retro_36/dp/B09PLDJV1N/ref=sr_1_133?crid=24IEEX0MBW072&dib=eyJ2IjoiMSJ9.uSFpnNEJ0-R8t-kFj0t5YmowYDy_vOE_Mnc-DM2dMvuUmHu3KZtWfAgS13QkvkwonUmUFHFeufQhrb0jM5mixQzoe9emPMR9FRQkw2h4-Q6t3mjLQr9XxJUWdGrqGdZHjJHut139Q6oI1RzsglxlPRWqszK0Z2VC3lVIEfnHrsA1oD52JrJx6Kl5mv5DA9NbkgFLJGj8MUUgWEV8ZNrEKnqfERrswarIkai9BMqYZNYaisRe7EHEtiV_LgKWL9blbODQ_T7sk84NGale3syzSP6r8Uf1pGaiBLqwkGKR7yM.uJ4o8HBflEA_Chw_6C7oh4CrUHyex6dzWfoGokDzoTQ&dib_tag=se&keywords=jeans&qid=1728139553&sprefix=jeans%2Caps%2C212&sr=8-133,Amazon Brand - INKAST,"₹309₹309 M.R.P: ₹2,399₹2,399 (87% off)",50+ bought in past month,Amazon Brand - INKAST,3.6 out of 5 stars 196  ,FREE Delivery by Amazon
59,https://www.amazon.in/Pepe-Jeans-Mens-Slim-PM206796R55300030/dp/B0CGX49R65/ref=sr_1_135?crid=24IEEX0MBW072&dib=eyJ2IjoiMSJ9.uSFpnNEJ0-R8t-kFj0t5YmowYDy_vOE_Mnc-DM2dMvuUmHu3KZtWfAgS13QkvkwonUmUFHFeufQhrb0jM5mixQzoe9emPMR9FRQkw2h4-Q6t3mjLQr9XxJUWdGrqGdZHjJHut139Q6oI1RzsglxlPRWqszK0Z2VC3lVIEfnHrsA1oD52JrJx6Kl5mv5DA9NbkgFLJGj8MUUgWEV8ZNrEKnqfERrswarIkai9BMqYZNYaisRe7EHEtiV_LgKWL9blbODQ_T7sk84NGale3syzSP6r8Uf1pGaiBLqwkGKR7yM.uJ4o8HBflEA_Chw_6C7oh4CrUHyex6dzWfoGokDzoTQ&dib_tag=se&keywords=jeans&qid=1728139553&sprefix=jeans%2Caps%2C212&sr=8-135,Pepe Jeans,"₹899₹899 M.R.P: ₹3,599₹3,599 (75% off)",50+ bought in past month,Pepe Jeans,4.0 out of 5 stars 32  , FREE Delivery by Amazon
60,https://www.amazon.in/Max-Mens-Slim-Jeans-NOOSDCTBSC02GREY_Grey/dp/B0C81SV1M4/ref=sr_1_136?crid=24IEEX0MBW072&dib=eyJ2IjoiMSJ9.uSFpnNEJ0-R8t-kFj0t5YmowYDy_vOE_Mnc-DM2dMvuUmHu3KZtWfAgS13QkvkwonUmUFHFeufQhrb0jM5mixQzoe9emPMR9FRQkw2h4-Q6t3mjLQr9XxJUWdGrqGdZHjJHut139Q6oI1RzsglxlPRWqszK0Z2VC3lVIEfnHrsA1oD52JrJx6Kl5mv5DA9NbkgFLJGj8MUUgWEV8ZNrEKnqfERrswarIkai9BMqYZNYaisRe7EHEtiV_LgKWL9blbODQ_T7sk84NGale3syzSP6r8Uf1pGaiBLqwkGKR7yM.uJ4o8HBflEA_Chw_6C7oh4CrUHyex6dzWfoGokDzoTQ&dib_tag=se&keywords=jeans&qid=1728139553&sprefix=jeans%2Caps%2C212&sr=8-136,Max,₹629₹629 M.R.P: ₹699₹699 (10% off),M.R.P: ,Max,3.0 out of 5 stars 13  , FREE Delivery by Amazon
61,https://www.amazon.in/Pepe-Jeans-Machine-Cotton-Size_36/dp/B0BWN8HRWM/ref=sr_1_137?crid=24IEEX0MBW072&dib=eyJ2IjoiMSJ9.uSFpnNEJ0-R8t-kFj0t5YmowYDy_vOE_Mnc-DM2dMvuUmHu3KZtWfAgS13QkvkwonUmUFHFeufQhrb0jM5mixQzoe9emPMR9FRQkw2h4-Q6t3mjLQr9XxJUWdGrqGdZHjJHut139Q6oI1RzsglxlPRWqszK0Z2VC3lVIEfnHrsA1oD52JrJx6Kl5mv5DA9NbkgFLJGj8MUUgWEV8ZNrEKnqfERrswarIkai9BMqYZNYaisRe7EHEtiV_LgKWL9blbODQ_T7sk84NGale3syzSP6r8Uf1pGaiBLqwkGKR7yM.uJ4o8HBflEA_Chw_6C7oh4CrUHyex6dzWfoGokDzoTQ&dib_tag=se&keywords=jeans&qid=1728139553&sprefix=jeans%2Caps%2C212&sr=8-137,Pepe Jeans,"₹1,298₹1,298 M.R.P: ₹4,599₹4,599 (72% off)",M.R.P: ,Pepe Jeans,4.7 out of 5 stars 4  , FREE Delivery by Amazon
62,https://www.amazon.in/gp/bestsellers/apparel/1968076031/ref=sr_bs_13_1968076031_1,Ben Martin,"₹499₹499 M.R.P: ₹2,499₹2,499 (80% off)",1K+ bought in past month,Ben Martin,"3.5 out of 5 stars 39,324  ", FREE Delivery by Amazon
63,https://www.amazon.in/Pepe-Jeans-PM207918G221_MED-Used_Mid-Indigo/dp/B0CXTM9Y4C/ref=sr_1_138?crid=24IEEX0MBW072&dib=eyJ2IjoiMSJ9.uSFpnNEJ0-R8t-kFj0t5YmowYDy_vOE_Mnc-DM2dMvuUmHu3KZtWfAgS13QkvkwonUmUFHFeufQhrb0jM5mixQzoe9emPMR9FRQkw2h4-Q6t3mjLQr9XxJUWdGrqGdZHjJHut139Q6oI1RzsglxlPRWqszK0Z2VC3lVIEfnHrsA1oD52JrJx6Kl5mv5DA9NbkgFLJGj8MUUgWEV8ZNrEKnqfERrswarIkai9BMqYZNYaisRe7EHEtiV_LgKWL9blbODQ_T7sk84NGale3syzSP6r8Uf1pGaiBLqwkGKR7yM.uJ4o8HBflEA_Chw_6C7oh4CrUHyex6dzWfoGokDzoTQ&dib_tag=se&keywords=jeans&qid=1728139553&sprefix=jeans%2Caps%2C212&sr=8-138,Pepe Jeans,"₹989₹989 M.R.P: ₹3,599₹3,599 (73% off)",50+ bought in past month,Pepe Jeans,2.0 out of 5 stars 1  , FREE Delivery by Amazon
64,https://www.amazon.in/GRECIILOOKS-Women-Cotton-Casual-Regular/dp/B0CQRLVFH6/ref=sr_1_139?crid=24IEEX0MBW072&dib=eyJ2IjoiMSJ9.uSFpnNEJ0-R8t-kFj0t5YmowYDy_vOE_Mnc-DM2dMvuUmHu3KZtWfAgS13QkvkwonUmUFHFeufQhrb0jM5mixQzoe9emPMR9FRQkw2h4-Q6t3mjLQr9XxJUWdGrqGdZHjJHut139Q6oI1RzsglxlPRWqszK0Z2VC3lVIEfnHrsA1oD52JrJx6Kl5mv5DA9NbkgFLJGj8MUUgWEV8ZNrEKnqfERrswarIkai9BMqYZNYaisRe7EHEtiV_LgKWL9blbODQ_T7sk84NGale3syzSP6r8Uf1pGaiBLqwkGKR7yM.uJ4o8HBflEA_Chw_6C7oh4CrUHyex6dzWfoGokDzoTQ&dib_tag=se&keywords=jeans&qid=1728139553&sprefix=jeans%2Caps%2C212&sr=8-139,GRECIILOOKS,"₹579₹579 M.R.P: ₹2,299₹2,299 (75% off)",300+ bought in past month,GRECIILOOKS,4.0 out of 5 stars 362  , FREE Delivery by Amazon
65,https://www.amazon.in/Ben-Martin-Relaxed-Jeans-BMW7-JJ-BLACKa-38-1/dp/B077NGB5R4/ref=sr_1_142?crid=24IEEX0MBW072&dib=eyJ2IjoiMSJ9.uSFpnNEJ0-R8t-kFj0t5YmowYDy_vOE_Mnc-DM2dMvuUmHu3KZtWfAgS13QkvkwonUmUFHFeufQhrb0jM5mixQzoe9emPMR9FRQkw2h4-Q6t3mjLQr9XxJUWdGrqGdZHjJHut139Q6oI1RzsglxlPRWqszK0Z2VC3lVIEfnHrsA1oD52JrJx6Kl5mv5DA9NbkgFLJGj8MUUgWEV8ZNrEKnqfERrswarIkai9BMqYZNYaisRe7EHEtiV_LgKWL9blbODQ_T7sk84NGale3syzSP6r8Uf1pGaiBLqwkGKR7yM.uJ4o8HBflEA_Chw_6C7oh4CrUHyex6dzWfoGokDzoTQ&dib_tag=se&keywords=jeans&qid=1728139553&sprefix=jeans%2Caps%2C212&sr=8-142,Ben Martin,"₹499₹499 M.R.P: ₹2,499₹2,499 (80% off)",50+ bought in past month,Ben Martin,"3.5 out of 5 stars 10,108  ", FREE Delivery by Amazon
66,https://www.amazon.in/GRECIILOOKS-Women-Cotton-Casual-Regular/dp/B0CQRMP48F/ref=sr_1_145?crid=24IEEX0MBW072&dib=eyJ2IjoiMSJ9.uSFpnNEJ0-R8t-kFj0t5YmowYDy_vOE_Mnc-DM2dMvuUmHu3KZtWfAgS13QkvkwonUmUFHFeufQhrb0jM5mixQzoe9emPMR9FRQkw2h4-Q6t3mjLQr9XxJUWdGrqGdZHjJHut139Q6oI1RzsglxlPRWqszK0Z2VC3lVIEfnHrsA1oD52JrJx6Kl5mv5DA9NbkgFLJGj8MUUgWEV8ZNrEKnqfERrswarIkai9BMqYZNYaisRe7EHEtiV_LgKWL9blbODQ_T7sk84NGale3syzSP6r8Uf1pGaiBLqwkGKR7yM.uJ4o8HBflEA_Chw_6C7oh4CrUHyex6dzWfoGokDzoTQ&dib_tag=se&keywords=jeans&qid=1728139553&sprefix=jeans%2Caps%2C212&sr=8-145,GRECIILOOKS,"₹499₹499 M.R.P: ₹1,999₹1,999 (75% off)",100+ bought in past month,GRECIILOOKS,4.1 out of 5 stars 272  , FREE Delivery by Amazon
67,https://www.amazon.in/Levis-Mens-Jeans-18298-1246_Light-Indigo_30/dp/B09Z781MP3/ref=sr_1_146?crid=24IEEX0MBW072&dib=eyJ2IjoiMSJ9.uSFpnNEJ0-R8t-kFj0t5YmowYDy_vOE_Mnc-DM2dMvuUmHu3KZtWfAgS13QkvkwonUmUFHFeufQhrb0jM5mixQzoe9emPMR9FRQkw2h4-Q6t3mjLQr9XxJUWdGrqGdZHjJHut139Q6oI1RzsglxlPRWqszK0Z2VC3lVIEfnHrsA1oD52JrJx6Kl5mv5DA9NbkgFLJGj8MUUgWEV8ZNrEKnqfERrswarIkai9BMqYZNYaisRe7EHEtiV_LgKWL9blbODQ_T7sk84NGale3syzSP6r8Uf1pGaiBLqwkGKR7yM.uJ4o8HBflEA_Chw_6C7oh4CrUHyex6dzWfoGokDzoTQ&dib_tag=se&keywords=jeans&qid=1728139553&sprefix=jeans%2Caps%2C212&sr=8-146,Levi's,"₹1,349₹1,349 M.R.P: ₹2,999₹2,999 (55% off)",50+ bought in past month,Levi's,"3.9 out of 5 stars 1,319  ", FREE Delivery by Amazon
68,https://www.amazon.in/Levis-Mens-Jeans-18298-1255_Mid-Indigo_30/dp/B09Z78TCWP/ref=sr_1_147?crid=24IEEX0MBW072&dib=eyJ2IjoiMSJ9.uSFpnNEJ0-R8t-kFj0t5YmowYDy_vOE_Mnc-DM2dMvuUmHu3KZtWfAgS13QkvkwonUmUFHFeufQhrb0jM5mixQzoe9emPMR9FRQkw2h4-Q6t3mjLQr9XxJUWdGrqGdZHjJHut139Q6oI1RzsglxlPRWqszK0Z2VC3lVIEfnHrsA1oD52JrJx6Kl5mv5DA9NbkgFLJGj8MUUgWEV8ZNrEKnqfERrswarIkai9BMqYZNYaisRe7EHEtiV_LgKWL9blbODQ_T7sk84NGale3syzSP6r8Uf1pGaiBLqwkGKR7yM.uJ4o8HBflEA_Chw_6C7oh4CrUHyex6dzWfoGokDzoTQ&dib_tag=se&keywords=jeans&qid=1728139553&sprefix=jeans%2Caps%2C212&sr=8-147,Levi's,"₹1,248₹1,248 M.R.P: ₹2,999₹2,999 (58% off)",100+ bought in past month,Levi's,"3.9 out of 5 stars 1,275  ", FREE Delivery by Amazon
69,https://www.amazon.in/JVX-Jeans-JEANS-05-Numeric-Regular/dp/B0DBDLDT77/ref=sr_1_15?crid=24IEEX0MBW072&dib=eyJ2IjoiMSJ9.loW9tDrkb73dvNPalTNrmPld8m7huH6cF5g_YkNmEAm9qODA-taMg5ibmmJXAdn3w18_Ama_S4836s1iM1YtBIdpk_a88sovlz0jYKb8UgeyxfvDd1yNA7BrvReQL8dHeTsmBCUr4vG9wTfYE_IXjcEtx4Z9Yg_WV3zVa7cZhyV3SPxEo2p1Htxigkn7RWNyKzINhtwKuJdv5R3jaMrGucUaA8BClw9zNNqjHAMpciugupuFm20Jj8eOG6lU42dRYTXf80v8ApAF0EChkl1-KMQjfTn99KKJ17d9OvtZONs.gM2UxYQACutxLYDMZ0XW9AekUQGSbRmRfPruooS2c3Q&dib_tag=se&keywords=jeans&qid=1728139528&sprefix=jeans%2Caps%2C212&sr=8-15,JVX,"₹719₹719 M.R.P: ₹4,999₹4,999 (86% off)",50+ bought in past month,JVX,4.2 out of 5 stars 41  , FREE Delivery by Amazon
70,https://www.amazon.in/Pepe-Jeans-Mens-Slim-PM206796R18300034/dp/B0CGX2ZWJK/ref=sr_1_148?crid=24IEEX0MBW072&dib=eyJ2IjoiMSJ9.uSFpnNEJ0-R8t-kFj0t5YmowYDy_vOE_Mnc-DM2dMvuUmHu3KZtWfAgS13QkvkwonUmUFHFeufQhrb0jM5mixQzoe9emPMR9FRQkw2h4-Q6t3mjLQr9XxJUWdGrqGdZHjJHut139Q6oI1RzsglxlPRWqszK0Z2VC3lVIEfnHrsA1oD52JrJx6Kl5mv5DA9NbkgFLJGj8MUUgWEV8ZNrEKnqfERrswarIkai9BMqYZNYaisRe7EHEtiV_LgKWL9blbODQ_T7sk84NGale3syzSP6r8Uf1pGaiBLqwkGKR7yM.uJ4o8HBflEA_Chw_6C7oh4CrUHyex6dzWfoGokDzoTQ&dib_tag=se&keywords=jeans&qid=1728139553&sprefix=jeans%2Caps%2C212&sr=8-148,Pepe Jeans,"₹899₹899 M.R.P: ₹3,599₹3,599 (75% off)",50+ bought in past month,Pepe Jeans,3.9 out of 5 stars 24  , FREE Delivery by Amazon
71,https://www.amazon.in/TAGAS-Skinny-Jeans-MDJ-4-PLAIN-BLACK-Black_34/dp/B0CW7393ZK/ref=sr_1_149?crid=24IEEX0MBW072&dib=eyJ2IjoiMSJ9.uSFpnNEJ0-R8t-kFj0t5YmowYDy_vOE_Mnc-DM2dMvuUmHu3KZtWfAgS13QkvkwonUmUFHFeufQhrb0jM5mixQzoe9emPMR9FRQkw2h4-Q6t3mjLQr9XxJUWdGrqGdZHjJHut139Q6oI1RzsglxlPRWqszK0Z2VC3lVIEfnHrsA1oD52JrJx6Kl5mv5DA9NbkgFLJGj8MUUgWEV8ZNrEKnqfERrswarIkai9BMqYZNYaisRe7EHEtiV_LgKWL9blbODQ_T7sk84NGale3syzSP6r8Uf1pGaiBLqwkGKR7yM.uJ4o8HBflEA_Chw_6C7oh4CrUHyex6dzWfoGokDzoTQ&dib_tag=se&keywords=jeans&qid=1728139553&sprefix=jeans%2Caps%2C212&sr=8-149,TAGAS,"₹589₹589 M.R.P: ₹1,499₹1,499 (61% off)",100+ bought in past month,TAGAS,3.9 out of 5 stars 190  , FREE Delivery by Amazon
72,https://www.amazon.in/NIFTY-Womens-Slim-Jeans-Jean_5B_BLK_Black_34/dp/B01D7MLZX8/ref=sr_1_150?crid=24IEEX0MBW072&dib=eyJ2IjoiMSJ9.uSFpnNEJ0-R8t-kFj0t5YmowYDy_vOE_Mnc-DM2dMvuUmHu3KZtWfAgS13QkvkwonUmUFHFeufQhrb0jM5mixQzoe9emPMR9FRQkw2h4-Q6t3mjLQr9XxJUWdGrqGdZHjJHut139Q6oI1RzsglxlPRWqszK0Z2VC3lVIEfnHrsA1oD52JrJx6Kl5mv5DA9NbkgFLJGj8MUUgWEV8ZNrEKnqfERrswarIkai9BMqYZNYaisRe7EHEtiV_LgKWL9blbODQ_T7sk84NGale3syzSP6r8Uf1pGaiBLqwkGKR7yM.uJ4o8HBflEA_Chw_6C7oh4CrUHyex6dzWfoGokDzoTQ&dib_tag=se&keywords=jeans&qid=1728139553&sprefix=jeans%2Caps%2C212&sr=8-150,Nifty,"₹541₹541 M.R.P: ₹1,499₹1,499 (64% off)",100+ bought in past month,Nifty,"3.9 out of 5 stars 2,223  ", FREE Delivery by Amazon
73,https://www.amazon.in/Levis-Mens-Slim-Jeans-A7087-0055_Blue/dp/B0CRTQ2DLT/ref=sr_1_151?crid=24IEEX0MBW072&dib=eyJ2IjoiMSJ9.uSFpnNEJ0-R8t-kFj0t5YmowYDy_vOE_Mnc-DM2dMvuUmHu3KZtWfAgS13QkvkwonUmUFHFeufQhrb0jM5mixQzoe9emPMR9FRQkw2h4-Q6t3mjLQr9XxJUWdGrqGdZHjJHut139Q6oI1RzsglxlPRWqszK0Z2VC3lVIEfnHrsA1oD52JrJx6Kl5mv5DA9NbkgFLJGj8MUUgWEV8ZNrEKnqfERrswarIkai9BMqYZNYaisRe7EHEtiV_LgKWL9blbODQ_T7sk84NGale3syzSP6r8Uf1pGaiBLqwkGKR7yM.uJ4o8HBflEA_Chw_6C7oh4CrUHyex6dzWfoGokDzoTQ&dib_tag=se&keywords=jeans&qid=1728139553&sprefix=jeans%2Caps%2C212&sr=8-151,Levi's,"₹1,799₹1,799 M.R.P: ₹2,999₹2,999 (40% off)",50+ bought in past month,Levi's,5.0 out of 5 stars 2  , FREE Delivery by Amazon
74,https://www.amazon.in/sspa/click?ie=UTF8&spc=MTo0NzkxMTU3NjMyMzI3NzgxOjE3MjgxMzk1NTM6c3BfYnRmOjMwMDI0NzY1NzI3NzgzMjo6MDo6&url=%2FPepe-Jeans-Boys-PB201936Q01_Black-Worn_4%2Fdp%2FB0B4PBG1ZC%2Fref%3Dsr_1_153_sspa%3Fcrid%3D24IEEX0MBW072%26dib%3DeyJ2IjoiMSJ9.uSFpnNEJ0-R8t-kFj0t5YmowYDy_vOE_Mnc-DM2dMvuUmHu3KZtWfAgS13QkvkwonUmUFHFeufQhrb0jM5mixQzoe9emPMR9FRQkw2h4-Q6t3mjLQr9XxJUWdGrqGdZHjJHut139Q6oI1RzsglxlPRWqszK0Z2VC3lVIEfnHrsA1oD52JrJx6Kl5mv5DA9NbkgFLJGj8MUUgWEV8ZNrEKnqfERrswarIkai9BMqYZNYaisRe7EHEtiV_LgKWL9blbODQ_T7sk84NGale3syzSP6r8Uf1pGaiBLqwkGKR7yM.uJ4o8HBflEA_Chw_6C7oh4CrUHyex6dzWfoGokDzoTQ%26dib_tag%3Dse%26keywords%3Djeans%26qid%3D1728139553%26sprefix%3Djeans%252Caps%252C212%26sr%3D8-153-spons%26sp_csd%3Dd2lkZ2V0TmFtZT1zcF9idGY%26psc%3D1,Pepe Jeans,"₹719₹719 M.R.P: ₹1,999₹1,999 (64% off)",M.R.P: ,Pepe Jeans,3.9 out of 5 stars 3  , FREE Delivery by Amazon
75,https://www.amazon.in/sspa/click?ie=UTF8&spc=MTo0NzkxMTU3NjMyMzI3NzgxOjE3MjgxMzk1NTM6c3BfYnRmOjMwMDM0NTMwNTQwMDYzMjo6MDo6&url=%2FNeoStreak-Mens-Regular-Jeans-neoepsreg_Light%2Fdp%2FB0D2CZQMLH%2Fref%3Dsr_1_154_sspa%3Fcrid%3D24IEEX0MBW072%26dib%3DeyJ2IjoiMSJ9.uSFpnNEJ0-R8t-kFj0t5YmowYDy_vOE_Mnc-DM2dMvuUmHu3KZtWfAgS13QkvkwonUmUFHFeufQhrb0jM5mixQzoe9emPMR9FRQkw2h4-Q6t3mjLQr9XxJUWdGrqGdZHjJHut139Q6oI1RzsglxlPRWqszK0Z2VC3lVIEfnHrsA1oD52JrJx6Kl5mv5DA9NbkgFLJGj8MUUgWEV8ZNrEKnqfERrswarIkai9BMqYZNYaisRe7EHEtiV_LgKWL9blbODQ_T7sk84NGale3syzSP6r8Uf1pGaiBLqwkGKR7yM.uJ4o8HBflEA_Chw_6C7oh4CrUHyex6dzWfoGokDzoTQ%26dib_tag%3Dse%26keywords%3Djeans%26qid%3D1728139553%26sprefix%3Djeans%252Caps%252C212%26sr%3D8-154-spons%26sp_csd%3Dd2lkZ2V0TmFtZT1zcF9idGY%26psc%3D1,Neostreak,"₹629₹629 M.R.P: ₹2,199₹2,199 (71% off)",M.R.P: ,Neostreak,3.6 out of 5 stars 34  , FREE Delivery by Amazon
76,https://www.amazon.in/sspa/click?ie=UTF8&spc=MTo0NzkxMTU3NjMyMzI3NzgxOjE3MjgxMzk1NTM6c3BfYnRmOjMwMDI1OTEzODc2MTYzMjo6MDo6&url=%2FLevis-Mens-Tapered-Jeans-A7086-0094_Blue_%2Fdp%2FB0C6QV8287%2Fref%3Dsr_1_155_sspa%3Fcrid%3D24IEEX0MBW072%26dib%3DeyJ2IjoiMSJ9.uSFpnNEJ0-R8t-kFj0t5YmowYDy_vOE_Mnc-DM2dMvuUmHu3KZtWfAgS13QkvkwonUmUFHFeufQhrb0jM5mixQzoe9emPMR9FRQkw2h4-Q6t3mjLQr9XxJUWdGrqGdZHjJHut139Q6oI1RzsglxlPRWqszK0Z2VC3lVIEfnHrsA1oD52JrJx6Kl5mv5DA9NbkgFLJGj8MUUgWEV8ZNrEKnqfERrswarIkai9BMqYZNYaisRe7EHEtiV_LgKWL9blbODQ_T7sk84NGale3syzSP6r8Uf1pGaiBLqwkGKR7yM.uJ4o8HBflEA_Chw_6C7oh4CrUHyex6dzWfoGokDzoTQ%26dib_tag%3Dse%26keywords%3Djeans%26qid%3D1728139553%26sprefix%3Djeans%252Caps%252C212%26sr%3D8-155-spons%26sp_csd%3Dd2lkZ2V0TmFtZT1zcF9idGY%26psc%3D1,Levi's,"₹1,293₹1,293 M.R.P: ₹3,199₹3,199 (60% off)",M.R.P: ,Levi's,3.9 out of 5 stars 615  , FREE Delivery by Amazon
77,https://www.amazon.in/sspa/click?ie=UTF8&spc=MTo0NzkxMTU3NjMyMzI3NzgxOjE3MjgxMzk1NTM6c3BfYnRmOjMwMDE2NzYzNTMxMjUzMjo6MDo6&url=%2FPepe-Jeans-Slim-Solid-_8905074367405_Blue_38_%2Fdp%2FB08R67JB2W%2Fref%3Dsr_1_156_sspa%3Fcrid%3D24IEEX0MBW072%26dib%3DeyJ2IjoiMSJ9.uSFpnNEJ0-R8t-kFj0t5YmowYDy_vOE_Mnc-DM2dMvuUmHu3KZtWfAgS13QkvkwonUmUFHFeufQhrb0jM5mixQzoe9emPMR9FRQkw2h4-Q6t3mjLQr9XxJUWdGrqGdZHjJHut139Q6oI1RzsglxlPRWqszK0Z2VC3lVIEfnHrsA1oD52JrJx6Kl5mv5DA9NbkgFLJGj8MUUgWEV8ZNrEKnqfERrswarIkai9BMqYZNYaisRe7EHEtiV_LgKWL9blbODQ_T7sk84NGale3syzSP6r8Uf1pGaiBLqwkGKR7yM.uJ4o8HBflEA_Chw_6C7oh4CrUHyex6dzWfoGokDzoTQ%26dib_tag%3Dse%26keywords%3Djeans%26qid%3D1728139553%26sprefix%3Djeans%252Caps%252C212%26sr%3D8-156-spons%26sp_csd%3Dd2lkZ2V0TmFtZT1zcF9idGY%26psc%3D1,Pepe Jeans,"₹1,199₹1,199 M.R.P: ₹2,999₹2,999 (60% off)",M.R.P: ,Pepe Jeans,3.2 out of 5 stars 7  , FREE Delivery by Amazon
78,https://www.amazon.in/sspa/click?ie=UTF8&spc=MTo4OTQ4OTkwNTgwOTUzOTc4OjE3MjgxMzk1NTk6c3BfYXRmX25leHQ6MzAwMTU5MzE2NDMyNTMyOjowOjo&url=%2FLevis-Mens-Tapered-Jeans-A7086-0098_Blue_%2Fdp%2FB0C6QXP21J%2Fref%3Dsr_1_145_sspa%3Fcrid%3D24IEEX0MBW072%26dib%3DeyJ2IjoiMSJ9.Hd8p8ocALNUiqeDWCNK35Fs-a_TdbDfkW0BEW3rDe-Aso5h7dW93l6H7tyTBE9QHmqEQUPYsOF22P8ZYk9ngDOS4sgRumIKrXb6G-meGg6glVRQLUcWhw4mQPzyYFo3v8PGxEvHU9HH4UtDQucMmBmsEhLOT2qRl8lWsZd5nUo8o9eiWUGAwJVXFqD-uL145E0lrzBZo517kYBsMllDK26WDfczMJmDdbsDUKxLr87xb5qpcDn6IGeIgR4Rbq0f9zc5n4MwPsfmr4fbJs0ep99KwNQbsFfJORt-RfKQYLzU.zIgq96jmqOGLaHcc1sYLHJr5BNEc47qTwcvZ3aXfRVQ%26dib_tag%3Dse%26keywords%3Djeans%26qid%3D1728139559%26sprefix%3Djeans%252Caps%252C212%26sr%3D8-145-spons%26sp_csd%3Dd2lkZ2V0TmFtZT1zcF9hdGZfbmV4dA%26psc%3D1,Levi's,"₹1,269₹1,269 M.R.P: ₹2,999₹2,999 (58% off)",M.R.P: ,Levi's,3.9 out of 5 stars 615  , FREE Delivery by Amazon
79,https://www.amazon.in/Lymio-Jeans-Pants-Denim-Jeans-02-03/dp/B0CZ6WYRWS/ref=sr_1_16?crid=24IEEX0MBW072&dib=eyJ2IjoiMSJ9.loW9tDrkb73dvNPalTNrmPld8m7huH6cF5g_YkNmEAm9qODA-taMg5ibmmJXAdn3w18_Ama_S4836s1iM1YtBIdpk_a88sovlz0jYKb8UgeyxfvDd1yNA7BrvReQL8dHeTsmBCUr4vG9wTfYE_IXjcEtx4Z9Yg_WV3zVa7cZhyV3SPxEo2p1Htxigkn7RWNyKzINhtwKuJdv5R3jaMrGucUaA8BClw9zNNqjHAMpciugupuFm20Jj8eOG6lU42dRYTXf80v8ApAF0EChkl1-KMQjfTn99KKJ17d9OvtZONs.gM2UxYQACutxLYDMZ0XW9AekUQGSbRmRfPruooS2c3Q&dib_tag=se&keywords=jeans&qid=1728139528&sprefix=jeans%2Caps%2C212&sr=8-16,Lymio,"₹549₹549 M.R.P: ₹4,999₹4,999 (89% off)",200+ bought in past month,Lymio,3.1 out of 5 stars 250  , FREE Delivery by Amazon
80,https://www.amazon.in/sspa/click?ie=UTF8&spc=MTo4OTQ4OTkwNTgwOTUzOTc4OjE3MjgxMzk1NTk6c3BfYXRmX25leHQ6MzAwMTU5MzM0MTc4NDMyOjowOjo&url=%2FLevis-Mens-Jeans-18298-1247_Mid-Indigo_28%2Fdp%2FB09Z77JG6F%2Fref%3Dsr_1_146_sspa%3Fcrid%3D24IEEX0MBW072%26dib%3DeyJ2IjoiMSJ9.Hd8p8ocALNUiqeDWCNK35Fs-a_TdbDfkW0BEW3rDe-Aso5h7dW93l6H7tyTBE9QHmqEQUPYsOF22P8ZYk9ngDOS4sgRumIKrXb6G-meGg6glVRQLUcWhw4mQPzyYFo3v8PGxEvHU9HH4UtDQucMmBmsEhLOT2qRl8lWsZd5nUo8o9eiWUGAwJVXFqD-uL145E0lrzBZo517kYBsMllDK26WDfczMJmDdbsDUKxLr87xb5qpcDn6IGeIgR4Rbq0f9zc5n4MwPsfmr4fbJs0ep99KwNQbsFfJORt-RfKQYLzU.zIgq96jmqOGLaHcc1sYLHJr5BNEc47qTwcvZ3aXfRVQ%26dib_tag%3Dse%26keywords%3Djeans%26qid%3D1728139559%26sprefix%3Djeans%252Caps%252C212%26sr%3D8-146-spons%26sp_csd%3Dd2lkZ2V0TmFtZT1zcF9hdGZfbmV4dA%26psc%3D1,Levi's,"₹1,289₹1,289 M.R.P: ₹2,899₹2,899 (56% off)",50+ bought in past month,Levi's,"3.9 out of 5 stars 1,319  ", FREE Delivery by Amazon
81,https://www.amazon.in/sspa/click?ie=UTF8&spc=MTo4OTQ4OTkwNTgwOTUzOTc4OjE3MjgxMzk1NTk6c3BfYXRmX25leHQ6MzAwMTU5MzE2NDMxMjMyOjowOjo&url=%2FLevis-Mens-Jeans-36087-0648_Mid-Indigo_36%2Fdp%2FB0BJZCN535%2Fref%3Dsr_1_147_sspa%3Fcrid%3D24IEEX0MBW072%26dib%3DeyJ2IjoiMSJ9.Hd8p8ocALNUiqeDWCNK35Fs-a_TdbDfkW0BEW3rDe-Aso5h7dW93l6H7tyTBE9QHmqEQUPYsOF22P8ZYk9ngDOS4sgRumIKrXb6G-meGg6glVRQLUcWhw4mQPzyYFo3v8PGxEvHU9HH4UtDQucMmBmsEhLOT2qRl8lWsZd5nUo8o9eiWUGAwJVXFqD-uL145E0lrzBZo517kYBsMllDK26WDfczMJmDdbsDUKxLr87xb5qpcDn6IGeIgR4Rbq0f9zc5n4MwPsfmr4fbJs0ep99KwNQbsFfJORt-RfKQYLzU.zIgq96jmqOGLaHcc1sYLHJr5BNEc47qTwcvZ3aXfRVQ%26dib_tag%3Dse%26keywords%3Djeans%26qid%3D1728139559%26sprefix%3Djeans%252Caps%252C212%26sr%3D8-147-spons%26sp_csd%3Dd2lkZ2V0TmFtZT1zcF9hdGZfbmV4dA%26psc%3D1,Levi's,"₹1,529₹1,529 M.R.P: ₹3,399₹3,399 (55% off)",200+ bought in past month,Levi's,3.8 out of 5 stars 449  , FREE Delivery by Amazon
82,https://www.amazon.in/sspa/click?ie=UTF8&spc=MTo4OTQ4OTkwNTgwOTUzOTc4OjE3MjgxMzk1NTk6c3BfYXRmX25leHQ6MzAwMTU5MzM0MTgyMjMyOjowOjo&url=%2FLevis-Mens-Slim-Jeans-A7087-0101_Blue%2Fdp%2FB0C6QTDQCQ%2Fref%3Dsr_1_148_sspa%3Fcrid%3D24IEEX0MBW072%26dib%3DeyJ2IjoiMSJ9.Hd8p8ocALNUiqeDWCNK35Fs-a_TdbDfkW0BEW3rDe-Aso5h7dW93l6H7tyTBE9QHmqEQUPYsOF22P8ZYk9ngDOS4sgRumIKrXb6G-meGg6glVRQLUcWhw4mQPzyYFo3v8PGxEvHU9HH4UtDQucMmBmsEhLOT2qRl8lWsZd5nUo8o9eiWUGAwJVXFqD-uL145E0lrzBZo517kYBsMllDK26WDfczMJmDdbsDUKxLr87xb5qpcDn6IGeIgR4Rbq0f9zc5n4MwPsfmr4fbJs0ep99KwNQbsFfJORt-RfKQYLzU.zIgq96jmqOGLaHcc1sYLHJr5BNEc47qTwcvZ3aXfRVQ%26dib_tag%3Dse%26keywords%3Djeans%26qid%3D1728139559%26sprefix%3Djeans%252Caps%252C212%26sr%3D8-148-spons%26sp_csd%3Dd2lkZ2V0TmFtZT1zcF9hdGZfbmV4dA%26psc%3D1,Levi's,"₹1,049₹1,049 M.R.P: ₹3,199₹3,199 (67% off)",M.R.P: ,Levi's,3.9 out of 5 stars 309  , FREE Delivery by Amazon
83,https://www.amazon.in/sspa/click?ie=UTF8&spc=MTo0NTkyMzA2MjIyMjk4ODU3OjE3MjgxMzk1NTk6c3Bfc2VhcmNoX3RoZW1hdGljOjMwMDIzMjUwNjA0NTMzMjo6MDo6&url=%2FBen-Martin-Jeans-Loose-Baggy%2Fdp%2FB0D76B3X8V%2Fref%3Dsxin_15_pa_sp_search_thematic_sspa%3Fcontent-id%3Damzn1.sym.59126330-c308-4c36-a5a0-21cac002681f%253Aamzn1.sym.59126330-c308-4c36-a5a0-21cac002681f%26crid%3D24IEEX0MBW072%26cv_ct_cx%3Djeans%26dib%3DeyJ2IjoiMSJ9.m6qfXtvOaVaVwVKXKcEND3ipJiTXK7kWwLJ-3WUXeoBpcrA88m5NbiygkMvAxiYt.omxiZjjE6RuOaxx6zzukuDT7hri1v7xfAFBkLWbKe7Y%26dib_tag%3Dse%26keywords%3Djeans%26pd_rd_i%3DB0D76B3X8V%26pd_rd_r%3D36d8da92-d6b9-42d0-8e92-004b60416498%26pd_rd_w%3DCrzhf%26pd_rd_wg%3D9cVjg%26pf_rd_p%3D59126330-c308-4c36-a5a0-21cac002681f%26pf_rd_r%3D7KK63X72Z0XVK6V208V9%26qid%3D1728139559%26sbo%3DTc8eqSFhUl4VwMzbE4fw%252Fw%253D%253D%26sprefix%3Djeans%252Caps%252C212%26sr%3D1-145-2ec22325-1003-449d-8aaf-c0bcc24717ae-spons%26sp_csd%3Dd2lkZ2V0TmFtZT1zcF9zZWFyY2hfdGhlbWF0aWM%26psc%3D1,Ben Martin,"₹699₹699 M.R.P: ₹2,999₹2,999 (77% off)",200+ bought in past month,Ben Martin,4.1 out of 5 stars 139  , FREE Delivery by Amazon
84,https://www.amazon.in/sspa/click?ie=UTF8&spc=MTo0NTkyMzA2MjIyMjk4ODU3OjE3MjgxMzk1NTk6c3Bfc2VhcmNoX3RoZW1hdGljOjIwMTUwNDUyMDI1NTk4OjoxOjo&url=%2FM-R-Fashion-Regular-Stretch%2Fdp%2FB07N8V33VC%2Fref%3Dsxin_15_pa_sp_search_thematic_sspa%3Fcontent-id%3Damzn1.sym.59126330-c308-4c36-a5a0-21cac002681f%253Aamzn1.sym.59126330-c308-4c36-a5a0-21cac002681f%26crid%3D24IEEX0MBW072%26cv_ct_cx%3Djeans%26dib%3DeyJ2IjoiMSJ9.m6qfXtvOaVaVwVKXKcEND3ipJiTXK7kWwLJ-3WUXeoBpcrA88m5NbiygkMvAxiYt.omxiZjjE6RuOaxx6zzukuDT7hri1v7xfAFBkLWbKe7Y%26dib_tag%3Dse%26keywords%3Djeans%26pd_rd_i%3DB07N8V33VC%26pd_rd_r%3D36d8da92-d6b9-42d0-8e92-004b60416498%26pd_rd_w%3DCrzhf%26pd_rd_wg%3D9cVjg%26pf_rd_p%3D59126330-c308-4c36-a5a0-21cac002681f%26pf_rd_r%3D7KK63X72Z0XVK6V208V9%26qid%3D1728139559%26sbo%3DRZvfv%252F%252FHxDF%252BO5021pAnSA%253D%253D%26sprefix%3Djeans%252Caps%252C212%26sr%3D1-146-2ec22325-1003-449d-8aaf-c0bcc24717ae-spons%26sp_csd%3Dd2lkZ2V0TmFtZT1zcF9zZWFyY2hfdGhlbWF0aWM%26psc%3D1,M. R. Fashion,"₹854₹854 M.R.P: ₹1,499₹1,499 (43% off)",M.R.P: ,M. R. Fashion,4.0 out of 5 stars 150  , 
85,https://www.amazon.in/sspa/click?ie=UTF8&spc=MTo0NTkyMzA2MjIyMjk4ODU3OjE3MjgxMzk1NTk6c3Bfc2VhcmNoX3RoZW1hdGljOjMwMDIxNzA5MjI0NDYzMjo6Mjo6&url=%2FTAGDO-Regular-Causal-Trouser-Jeans-Pocket-5170-Metal-38%2Fdp%2FB0CYH8DJGJ%2Fref%3Dsxin_15_pa_sp_search_thematic_sspa%3Fcontent-id%3Damzn1.sym.59126330-c308-4c36-a5a0-21cac002681f%253Aamzn1.sym.59126330-c308-4c36-a5a0-21cac002681f%26crid%3D24IEEX0MBW072%26cv_ct_cx%3Djeans%26dib%3DeyJ2IjoiMSJ9.m6qfXtvOaVaVwVKXKcEND3ipJiTXK7kWwLJ-3WUXeoBpcrA88m5NbiygkMvAxiYt.omxiZjjE6RuOaxx6zzukuDT7hri1v7xfAFBkLWbKe7Y%26dib_tag%3Dse%26keywords%3Djeans%26pd_rd_i%3DB0CYH8DJGJ%26pd_rd_r%3D36d8da92-d6b9-42d0-8e92-004b60416498%26pd_rd_w%3DCrzhf%26pd_rd_wg%3D9cVjg%26pf_rd_p%3D59126330-c308-4c36-a5a0-21cac002681f%26pf_rd_r%3D7KK63X72Z0XVK6V208V9%26qid%3D1728139559%26sbo%3DRZvfv%252F%252FHxDF%252BO5021pAnSA%253D%253D%26sprefix%3Djeans%252Caps%252C212%26sr%3D1-147-2ec22325-1003-449d-8aaf-c0bcc24717ae-spons%26sp_csd%3Dd2lkZ2V0TmFtZT1zcF9zZWFyY2hfdGhlbWF0aWM%26psc%3D1,TAGDO,"₹449₹449 M.R.P: ₹1,999₹1,999 (78% off)",M.R.P: ,TAGDO,4.3 out of 5 stars 119  ,FREE Delivery by Amazon
86,https://www.amazon.in/sspa/click?ie=UTF8&spc=MTo0NTkyMzA2MjIyMjk4ODU3OjE3MjgxMzk1NTk6c3Bfc2VhcmNoX3RoZW1hdGljOjMwMDIzNzEwMzg5NjczMjo6Mzo6&url=%2FAVANOVA-Cargo-Denim-Pant-Wide%2Fdp%2FB0D3YQF4ZX%2Fref%3Dsxin_15_pa_sp_search_thematic_sspa%3Fcontent-id%3Damzn1.sym.59126330-c308-4c36-a5a0-21cac002681f%253Aamzn1.sym.59126330-c308-4c36-a5a0-21cac002681f%26crid%3D24IEEX0MBW072%26cv_ct_cx%3Djeans%26dib%3DeyJ2IjoiMSJ9.m6qfXtvOaVaVwVKXKcEND3ipJiTXK7kWwLJ-3WUXeoBpcrA88m5NbiygkMvAxiYt.omxiZjjE6RuOaxx6zzukuDT7hri1v7xfAFBkLWbKe7Y%26dib_tag%3Dse%26keywords%3Djeans%26pd_rd_i%3DB0D3YQF4ZX%26pd_rd_r%3D36d8da92-d6b9-42d0-8e92-004b60416498%26pd_rd_w%3DCrzhf%26pd_rd_wg%3D9cVjg%26pf_rd_p%3D59126330-c308-4c36-a5a0-21cac002681f%26pf_rd_r%3D7KK63X72Z0XVK6V208V9%26qid%3D1728139559%26sbo%3DRZvfv%252F%252FHxDF%252BO5021pAnSA%253D%253D%26sprefix%3Djeans%252Caps%252C212%26sr%3D1-148-2ec22325-1003-449d-8aaf-c0bcc24717ae-spons%26sp_csd%3Dd2lkZ2V0TmFtZT1zcF9zZWFyY2hfdGhlbWF0aWM%26psc%3D1,AVANOVA,"₹759₹759 M.R.P: ₹4,999₹4,999 (85% off)",M.R.P: ,AVANOVA,4.0 out of 5 stars 182  , FREE Delivery by Amazon
87,https://www.amazon.in/sspa/click?ie=UTF8&spc=MToyMjYwMDIzODkxMDMzNjU6MTcyODEzOTUyODpzcF9hdGY6MzAwMTU5MzIxMzQ4ODMyOjowOjo&url=%2FLevis-Mens-Jeans-18298-1268_Mid-Indigo_30%2Fdp%2FB09Z783LZC%2Fref%3Dsr_1_3_sspa%3Fcrid%3D24IEEX0MBW072%26dib%3DeyJ2IjoiMSJ9.loW9tDrkb73dvNPalTNrmPld8m7huH6cF5g_YkNmEAm9qODA-taMg5ibmmJXAdn3w18_Ama_S4836s1iM1YtBIdpk_a88sovlz0jYKb8UgeyxfvDd1yNA7BrvReQL8dHeTsmBCUr4vG9wTfYE_IXjcEtx4Z9Yg_WV3zVa7cZhyV3SPxEo2p1Htxigkn7RWNyKzINhtwKuJdv5R3jaMrGucUaA8BClw9zNNqjHAMpciugupuFm20Jj8eOG6lU42dRYTXf80v8ApAF0EChkl1-KMQjfTn99KKJ17d9OvtZONs.gM2UxYQACutxLYDMZ0XW9AekUQGSbRmRfPruooS2c3Q%26dib_tag%3Dse%26keywords%3Djeans%26qid%3D1728139528%26sprefix%3Djeans%252Caps%252C212%26sr%3D8-3-spons%26sp_csd%3Dd2lkZ2V0TmFtZT1zcF9hdGY%26psc%3D1,Levi's,"₹1,279₹1,279 M.R.P: ₹2,999₹2,999 (57% off)",M.R.P: ,Levi's,"3.9 out of 5 stars 1,319  ", FREE Delivery by Amazon
88,https://www.amazon.in/Ben-Martin-Stretchable-Cotton-JJ3-21/dp/B0CZHTGTY4/ref=sr_1_17?crid=24IEEX0MBW072&dib=eyJ2IjoiMSJ9.loW9tDrkb73dvNPalTNrmPld8m7huH6cF5g_YkNmEAm9qODA-taMg5ibmmJXAdn3w18_Ama_S4836s1iM1YtBIdpk_a88sovlz0jYKb8UgeyxfvDd1yNA7BrvReQL8dHeTsmBCUr4vG9wTfYE_IXjcEtx4Z9Yg_WV3zVa7cZhyV3SPxEo2p1Htxigkn7RWNyKzINhtwKuJdv5R3jaMrGucUaA8BClw9zNNqjHAMpciugupuFm20Jj8eOG6lU42dRYTXf80v8ApAF0EChkl1-KMQjfTn99KKJ17d9OvtZONs.gM2UxYQACutxLYDMZ0XW9AekUQGSbRmRfPruooS2c3Q&dib_tag=se&keywords=jeans&qid=1728139528&sprefix=jeans%2Caps%2C212&sr=8-17,Ben Martin,"₹499₹499 M.R.P: ₹2,999₹2,999 (83% off)",M.R.P: ,Ben Martin,3.6 out of 5 stars 34  , FREE Delivery by Amazon
89,https://www.amazon.in/Pepe-Jeans-Mens-Skinny-PM207544S648_Green/dp/B0CLM6Q5ZN/ref=sr_1_152?crid=24IEEX0MBW072&dib=eyJ2IjoiMSJ9.Hd8p8ocALNUiqeDWCNK35Fs-a_TdbDfkW0BEW3rDe-Aso5h7dW93l6H7tyTBE9QHmqEQUPYsOF22P8ZYk9ngDOS4sgRumIKrXb6G-meGg6glVRQLUcWhw4mQPzyYFo3v8PGxEvHU9HH4UtDQucMmBmsEhLOT2qRl8lWsZd5nUo8o9eiWUGAwJVXFqD-uL145E0lrzBZo517kYBsMllDK26WDfczMJmDdbsDUKxLr87xb5qpcDn6IGeIgR4Rbq0f9zc5n4MwPsfmr4fbJs0ep99KwNQbsFfJORt-RfKQYLzU.zIgq96jmqOGLaHcc1sYLHJr5BNEc47qTwcvZ3aXfRVQ&dib_tag=se&keywords=jeans&qid=1728139559&sprefix=jeans%2Caps%2C212&sr=8-152,Pepe Jeans,"₹1,899₹1,899 M.R.P: ₹3,799₹3,799 (50% off)",50+ bought in past month,Pepe Jeans,3.6 out of 5 stars 5  , FREE Delivery by Amazon
90,https://www.amazon.in/Pepe-Jeans-Mens-Slim-PM206796R55300030/dp/B0CGX49R65/ref=sr_1_153?crid=24IEEX0MBW072&dib=eyJ2IjoiMSJ9.Hd8p8ocALNUiqeDWCNK35Fs-a_TdbDfkW0BEW3rDe-Aso5h7dW93l6H7tyTBE9QHmqEQUPYsOF22P8ZYk9ngDOS4sgRumIKrXb6G-meGg6glVRQLUcWhw4mQPzyYFo3v8PGxEvHU9HH4UtDQucMmBmsEhLOT2qRl8lWsZd5nUo8o9eiWUGAwJVXFqD-uL145E0lrzBZo517kYBsMllDK26WDfczMJmDdbsDUKxLr87xb5qpcDn6IGeIgR4Rbq0f9zc5n4MwPsfmr4fbJs0ep99KwNQbsFfJORt-RfKQYLzU.zIgq96jmqOGLaHcc1sYLHJr5BNEc47qTwcvZ3aXfRVQ&dib_tag=se&keywords=jeans&qid=1728139559&sprefix=jeans%2Caps%2C212&sr=8-153,Pepe Jeans,"₹899₹899 M.R.P: ₹3,599₹3,599 (75% off)",50+ bought in past month,Pepe Jeans,4.0 out of 5 stars 32  , FREE Delivery by Amazon
91,https://www.amazon.in/Ben-Martin-Regular-Stretchable-Cotton/dp/B0CZHVSR55/ref=sr_1_154?crid=24IEEX0MBW072&dib=eyJ2IjoiMSJ9.Hd8p8ocALNUiqeDWCNK35Fs-a_TdbDfkW0BEW3rDe-Aso5h7dW93l6H7tyTBE9QHmqEQUPYsOF22P8ZYk9ngDOS4sgRumIKrXb6G-meGg6glVRQLUcWhw4mQPzyYFo3v8PGxEvHU9HH4UtDQucMmBmsEhLOT2qRl8lWsZd5nUo8o9eiWUGAwJVXFqD-uL145E0lrzBZo517kYBsMllDK26WDfczMJmDdbsDUKxLr87xb5qpcDn6IGeIgR4Rbq0f9zc5n4MwPsfmr4fbJs0ep99KwNQbsFfJORt-RfKQYLzU.zIgq96jmqOGLaHcc1sYLHJr5BNEc47qTwcvZ3aXfRVQ&dib_tag=se&keywords=jeans&qid=1728139559&sprefix=jeans%2Caps%2C212&sr=8-154,Ben Martin,"₹499₹499 M.R.P: ₹2,999₹2,999 (83% off)",50+ bought in past month,Ben Martin,5.0 out of 5 stars 1  , FREE Delivery by Amazon
92,https://www.amazon.in/GRECIILOOKS-Women-Cotton-Casual-Regular/dp/B0CQRLVFH6/ref=sr_1_156?crid=24IEEX0MBW072&dib=eyJ2IjoiMSJ9.Hd8p8ocALNUiqeDWCNK35Fs-a_TdbDfkW0BEW3rDe-Aso5h7dW93l6H7tyTBE9QHmqEQUPYsOF22P8ZYk9ngDOS4sgRumIKrXb6G-meGg6glVRQLUcWhw4mQPzyYFo3v8PGxEvHU9HH4UtDQucMmBmsEhLOT2qRl8lWsZd5nUo8o9eiWUGAwJVXFqD-uL145E0lrzBZo517kYBsMllDK26WDfczMJmDdbsDUKxLr87xb5qpcDn6IGeIgR4Rbq0f9zc5n4MwPsfmr4fbJs0ep99KwNQbsFfJORt-RfKQYLzU.zIgq96jmqOGLaHcc1sYLHJr5BNEc47qTwcvZ3aXfRVQ&dib_tag=se&keywords=jeans&qid=1728139559&sprefix=jeans%2Caps%2C212&sr=8-156,GRECIILOOKS,"₹579₹579 M.R.P: ₹2,299₹2,299 (75% off)",300+ bought in past month,GRECIILOOKS,4.0 out of 5 stars 362  , FREE Delivery by Amazon
93,https://www.amazon.in/Pepe-Jeans-Machine-Cotton-Size_36/dp/B0BWN8HRWM/ref=sr_1_157?crid=24IEEX0MBW072&dib=eyJ2IjoiMSJ9.Hd8p8ocALNUiqeDWCNK35Fs-a_TdbDfkW0BEW3rDe-Aso5h7dW93l6H7tyTBE9QHmqEQUPYsOF22P8ZYk9ngDOS4sgRumIKrXb6G-meGg6glVRQLUcWhw4mQPzyYFo3v8PGxEvHU9HH4UtDQucMmBmsEhLOT2qRl8lWsZd5nUo8o9eiWUGAwJVXFqD-uL145E0lrzBZo517kYBsMllDK26WDfczMJmDdbsDUKxLr87xb5qpcDn6IGeIgR4Rbq0f9zc5n4MwPsfmr4fbJs0ep99KwNQbsFfJORt-RfKQYLzU.zIgq96jmqOGLaHcc1sYLHJr5BNEc47qTwcvZ3aXfRVQ&dib_tag=se&keywords=jeans&qid=1728139559&sprefix=jeans%2Caps%2C212&sr=8-157,Pepe Jeans,"₹1,298₹1,298 M.R.P: ₹4,599₹4,599 (72% off)",M.R.P: ,Pepe Jeans,4.7 out of 5 stars 4  , FREE Delivery by Amazon
94,https://www.amazon.in/Diverse-Mens-Relaxed-Jeans-DCMDT03RC11L04-40B_Black_28W/dp/B07Q9S8KRP/ref=sr_1_158?crid=24IEEX0MBW072&dib=eyJ2IjoiMSJ9.Hd8p8ocALNUiqeDWCNK35Fs-a_TdbDfkW0BEW3rDe-Aso5h7dW93l6H7tyTBE9QHmqEQUPYsOF22P8ZYk9ngDOS4sgRumIKrXb6G-meGg6glVRQLUcWhw4mQPzyYFo3v8PGxEvHU9HH4UtDQucMmBmsEhLOT2qRl8lWsZd5nUo8o9eiWUGAwJVXFqD-uL145E0lrzBZo517kYBsMllDK26WDfczMJmDdbsDUKxLr87xb5qpcDn6IGeIgR4Rbq0f9zc5n4MwPsfmr4fbJs0ep99KwNQbsFfJORt-RfKQYLzU.zIgq96jmqOGLaHcc1sYLHJr5BNEc47qTwcvZ3aXfRVQ&dib_tag=se&keywords=jeans&qid=1728139559&sprefix=jeans%2Caps%2C212&sr=8-158,Diverse,"₹379₹379 M.R.P: ₹1,499₹1,499 (75% off)",M.R.P: ,Diverse,3.6 out of 5 stars 38  ,FREE Delivery by Amazon
95,https://www.amazon.in/Max-Mens-Slim-Jeans-NOOSDCTBSC02GREY_Grey/dp/B0C81SV1M4/ref=sr_1_161?crid=24IEEX0MBW072&dib=eyJ2IjoiMSJ9.Hd8p8ocALNUiqeDWCNK35Fs-a_TdbDfkW0BEW3rDe-Aso5h7dW93l6H7tyTBE9QHmqEQUPYsOF22P8ZYk9ngDOS4sgRumIKrXb6G-meGg6glVRQLUcWhw4mQPzyYFo3v8PGxEvHU9HH4UtDQucMmBmsEhLOT2qRl8lWsZd5nUo8o9eiWUGAwJVXFqD-uL145E0lrzBZo517kYBsMllDK26WDfczMJmDdbsDUKxLr87xb5qpcDn6IGeIgR4Rbq0f9zc5n4MwPsfmr4fbJs0ep99KwNQbsFfJORt-RfKQYLzU.zIgq96jmqOGLaHcc1sYLHJr5BNEc47qTwcvZ3aXfRVQ&dib_tag=se&keywords=jeans&qid=1728139559&sprefix=jeans%2Caps%2C212&sr=8-161,Max,₹629₹629 M.R.P: ₹699₹699 (10% off),M.R.P: ,Max,3.0 out of 5 stars 13  , FREE Delivery by Amazon
96,https://www.amazon.in/Pepe-Jeans-PM207918G221_MED-Used_Mid-Indigo/dp/B0CXTM9Y4C/ref=sr_1_162?crid=24IEEX0MBW072&dib=eyJ2IjoiMSJ9.Hd8p8ocALNUiqeDWCNK35Fs-a_TdbDfkW0BEW3rDe-Aso5h7dW93l6H7tyTBE9QHmqEQUPYsOF22P8ZYk9ngDOS4sgRumIKrXb6G-meGg6glVRQLUcWhw4mQPzyYFo3v8PGxEvHU9HH4UtDQucMmBmsEhLOT2qRl8lWsZd5nUo8o9eiWUGAwJVXFqD-uL145E0lrzBZo517kYBsMllDK26WDfczMJmDdbsDUKxLr87xb5qpcDn6IGeIgR4Rbq0f9zc5n4MwPsfmr4fbJs0ep99KwNQbsFfJORt-RfKQYLzU.zIgq96jmqOGLaHcc1sYLHJr5BNEc47qTwcvZ3aXfRVQ&dib_tag=se&keywords=jeans&qid=1728139559&sprefix=jeans%2Caps%2C212&sr=8-162,Pepe Jeans,"₹989₹989 M.R.P: ₹3,599₹3,599 (73% off)",50+ bought in past month,Pepe Jeans,2.0 out of 5 stars 1  , FREE Delivery by Amazon
97,https://www.amazon.in/sspa/click?ie=UTF8&spc=MTo4OTQ4OTkwNTgwOTUzOTc4OjE3MjgxMzk1NTk6c3BfbXRmOjMwMDE1OTMzNDE3NzMzMjo6MDo6&url=%2FLevis-Mens-Jeans-36087-0617_Light-Indigo_28%2Fdp%2FB09Z7658K7%2Fref%3Dsr_1_165_sspa%3Fcrid%3D24IEEX0MBW072%26dib%3DeyJ2IjoiMSJ9.Hd8p8ocALNUiqeDWCNK35Fs-a_TdbDfkW0BEW3rDe-Aso5h7dW93l6H7tyTBE9QHmqEQUPYsOF22P8ZYk9ngDOS4sgRumIKrXb6G-meGg6glVRQLUcWhw4mQPzyYFo3v8PGxEvHU9HH4UtDQucMmBmsEhLOT2qRl8lWsZd5nUo8o9eiWUGAwJVXFqD-uL145E0lrzBZo517kYBsMllDK26WDfczMJmDdbsDUKxLr87xb5qpcDn6IGeIgR4Rbq0f9zc5n4MwPsfmr4fbJs0ep99KwNQbsFfJORt-RfKQYLzU.zIgq96jmqOGLaHcc1sYLHJr5BNEc47qTwcvZ3aXfRVQ%26dib_tag%3Dse%26keywords%3Djeans%26qid%3D1728139559%26sprefix%3Djeans%252Caps%252C212%26sr%3D8-165-spons%26sp_csd%3Dd2lkZ2V0TmFtZT1zcF9tdGY%26psc%3D1,Levi's,"₹999₹999 M.R.P: ₹2,999₹2,999 (67% off)",100+ bought in past month,Levi's,"3.9 out of 5 stars 1,180  ", FREE Delivery by Amazon
98,https://www.amazon.in/sspa/click?ie=UTF8&spc=MTo4OTQ4OTkwNTgwOTUzOTc4OjE3MjgxMzk1NTk6c3BfbXRmOjMwMDE2MDEwNjg3MjUzMjo6MDo6&url=%2FPepe-Jeans-Mens-Slim-PM206796J16_Light%2Fdp%2FB0C53C1PHG%2Fref%3Dsr_1_166_sspa%3Fcrid%3D24IEEX0MBW072%26dib%3DeyJ2IjoiMSJ9.Hd8p8ocALNUiqeDWCNK35Fs-a_TdbDfkW0BEW3rDe-Aso5h7dW93l6H7tyTBE9QHmqEQUPYsOF22P8ZYk9ngDOS4sgRumIKrXb6G-meGg6glVRQLUcWhw4mQPzyYFo3v8PGxEvHU9HH4UtDQucMmBmsEhLOT2qRl8lWsZd5nUo8o9eiWUGAwJVXFqD-uL145E0lrzBZo517kYBsMllDK26WDfczMJmDdbsDUKxLr87xb5qpcDn6IGeIgR4Rbq0f9zc5n4MwPsfmr4fbJs0ep99KwNQbsFfJORt-RfKQYLzU.zIgq96jmqOGLaHcc1sYLHJr5BNEc47qTwcvZ3aXfRVQ%26dib_tag%3Dse%26keywords%3Djeans%26qid%3D1728139559%26sprefix%3Djeans%252Caps%252C212%26sr%3D8-166-spons%26sp_csd%3Dd2lkZ2V0TmFtZT1zcF9tdGY%26psc%3D1,Pepe Jeans,"₹1,139₹1,139 M.R.P: ₹3,799₹3,799 (70% off)",M.R.P: ,Pepe Jeans,3.4 out of 5 stars 64  , FREE Delivery by Amazon
99,https://www.amazon.in/sspa/click?ie=UTF8&spc=MTo4OTQ4OTkwNTgwOTUzOTc4OjE3MjgxMzk1NTk6c3BfbXRmOjMwMDE1OTMzNDE3OTAzMjo6MDo6&url=%2FLevis-Mens-Jeans-36087-0626_Mid-Indigo_30%2Fdp%2FB09Z775WN3%2Fref%3Dsr_1_167_sspa%3Fcrid%3D24IEEX0MBW072%26dib%3DeyJ2IjoiMSJ9.Hd8p8ocALNUiqeDWCNK35Fs-a_TdbDfkW0BEW3rDe-Aso5h7dW93l6H7tyTBE9QHmqEQUPYsOF22P8ZYk9ngDOS4sgRumIKrXb6G-meGg6glVRQLUcWhw4mQPzyYFo3v8PGxEvHU9HH4UtDQucMmBmsEhLOT2qRl8lWsZd5nUo8o9eiWUGAwJVXFqD-uL145E0lrzBZo517kYBsMllDK26WDfczMJmDdbsDUKxLr87xb5qpcDn6IGeIgR4Rbq0f9zc5n4MwPsfmr4fbJs0ep99KwNQbsFfJORt-RfKQYLzU.zIgq96jmqOGLaHcc1sYLHJr5BNEc47qTwcvZ3aXfRVQ%26dib_tag%3Dse%26keywords%3Djeans%26qid%3D1728139559%26sprefix%3Djeans%252Caps%252C212%26sr%3D8-167-spons%26sp_csd%3Dd2lkZ2V0TmFtZT1zcF9tdGY%26psc%3D1,Levi's,"₹1,349₹1,349 M.R.P: ₹2,999₹2,999 (55% off)",M.R.P: ,Levi's,"3.9 out of 5 stars 1,227  ", FREE Delivery by Amazon
100,https://www.amazon.in/sspa/click?ie=UTF8&spc=MTo4OTQ4OTkwNTgwOTUzOTc4OjE3MjgxMzk1NTk6c3BfbXRmOjMwMDM0MzMwNDY3MTAzMjo6MDo6&url=%2Fisol-Straight-Comfort-Relaxed-Carson_40%2Fdp%2FB0D73WZ17G%2Fref%3Dsr_1_168_sspa%3Fcrid%3D24IEEX0MBW072%26dib%3DeyJ2IjoiMSJ9.Hd8p8ocALNUiqeDWCNK35Fs-a_TdbDfkW0BEW3rDe-Aso5h7dW93l6H7tyTBE9QHmqEQUPYsOF22P8ZYk9ngDOS4sgRumIKrXb6G-meGg6glVRQLUcWhw4mQPzyYFo3v8PGxEvHU9HH4UtDQucMmBmsEhLOT2qRl8lWsZd5nUo8o9eiWUGAwJVXFqD-uL145E0lrzBZo517kYBsMllDK26WDfczMJmDdbsDUKxLr87xb5qpcDn6IGeIgR4Rbq0f9zc5n4MwPsfmr4fbJs0ep99KwNQbsFfJORt-RfKQYLzU.zIgq96jmqOGLaHcc1sYLHJr5BNEc47qTwcvZ3aXfRVQ%26dib_tag%3Dse%26keywords%3Djeans%26qid%3D1728139559%26sprefix%3Djeans%252Caps%252C212%26sr%3D8-168-spons%26sp_csd%3Dd2lkZ2V0TmFtZT1zcF9tdGY%26psc%3D1,i'sol,"₹899₹899 M.R.P: ₹3,499₹3,499 (74% off)",M.R.P: ,i'sol,3.7 out of 5 stars 51  , FREE Delivery by Amazon
101,https://www.amazon.in/KOTTY-Cotton-Lycra-Regular-KTTWOMENSJEANS721L/dp/B08RW96ZCJ/ref=sr_1_170?crid=24IEEX0MBW072&dib=eyJ2IjoiMSJ9.Hd8p8ocALNUiqeDWCNK35Fs-a_TdbDfkW0BEW3rDe-Aso5h7dW93l6H7tyTBE9QHmqEQUPYsOF22P8ZYk9ngDOS4sgRumIKrXb6G-meGg6glVRQLUcWhw4mQPzyYFo3v8PGxEvHU9HH4UtDQucMmBmsEhLOT2qRl8lWsZd5nUo8o9eiWUGAwJVXFqD-uL145E0lrzBZo517kYBsMllDK26WDfczMJmDdbsDUKxLr87xb5qpcDn6IGeIgR4Rbq0f9zc5n4MwPsfmr4fbJs0ep99KwNQbsFfJORt-RfKQYLzU.zIgq96jmqOGLaHcc1sYLHJr5BNEc47qTwcvZ3aXfRVQ&dib_tag=se&keywords=jeans&qid=1728139559&sprefix=jeans%2Caps%2C212&sr=8-170,KOTTY,"₹399₹399 M.R.P: ₹1,999₹1,999 (80% off)",100+ bought in past month,KOTTY,3.7 out of 5 stars 466  ,FREE Delivery by Amazon
102,https://www.amazon.in/GRECIILOOKS-Women-Cotton-Casual-Regular/dp/B0CQRMP48F/ref=sr_1_171?crid=24IEEX0MBW072&dib=eyJ2IjoiMSJ9.Hd8p8ocALNUiqeDWCNK35Fs-a_TdbDfkW0BEW3rDe-Aso5h7dW93l6H7tyTBE9QHmqEQUPYsOF22P8ZYk9ngDOS4sgRumIKrXb6G-meGg6glVRQLUcWhw4mQPzyYFo3v8PGxEvHU9HH4UtDQucMmBmsEhLOT2qRl8lWsZd5nUo8o9eiWUGAwJVXFqD-uL145E0lrzBZo517kYBsMllDK26WDfczMJmDdbsDUKxLr87xb5qpcDn6IGeIgR4Rbq0f9zc5n4MwPsfmr4fbJs0ep99KwNQbsFfJORt-RfKQYLzU.zIgq96jmqOGLaHcc1sYLHJr5BNEc47qTwcvZ3aXfRVQ&dib_tag=se&keywords=jeans&qid=1728139559&sprefix=jeans%2Caps%2C212&sr=8-171,GRECIILOOKS,"₹499₹499 M.R.P: ₹1,999₹1,999 (75% off)",100+ bought in past month,GRECIILOOKS,4.1 out of 5 stars 272  , FREE Delivery by Amazon
103,https://www.amazon.in/KOTTY-Regular-Rise-Solid-Jeans/dp/B0C7LPRSQS/ref=sr_1_19?crid=24IEEX0MBW072&dib=eyJ2IjoiMSJ9.loW9tDrkb73dvNPalTNrmPld8m7huH6cF5g_YkNmEAm9qODA-taMg5ibmmJXAdn3w18_Ama_S4836s1iM1YtBIdpk_a88sovlz0jYKb8UgeyxfvDd1yNA7BrvReQL8dHeTsmBCUr4vG9wTfYE_IXjcEtx4Z9Yg_WV3zVa7cZhyV3SPxEo2p1Htxigkn7RWNyKzINhtwKuJdv5R3jaMrGucUaA8BClw9zNNqjHAMpciugupuFm20Jj8eOG6lU42dRYTXf80v8ApAF0EChkl1-KMQjfTn99KKJ17d9OvtZONs.gM2UxYQACutxLYDMZ0XW9AekUQGSbRmRfPruooS2c3Q&dib_tag=se&keywords=jeans&qid=1728139528&sprefix=jeans%2Caps%2C212&sr=8-19,KOTTY,"₹442₹442 M.R.P: ₹1,999₹1,999 (78% off)",200+ bought in past month,KOTTY,3.6 out of 5 stars 312  ,FREE Delivery by Amazon
104,https://www.amazon.in/RAGZO-Cotton-Oversize-Loose-ri90091f/dp/B0D475TYV9/ref=sr_1_174?crid=24IEEX0MBW072&dib=eyJ2IjoiMSJ9.Hd8p8ocALNUiqeDWCNK35Fs-a_TdbDfkW0BEW3rDe-Aso5h7dW93l6H7tyTBE9QHmqEQUPYsOF22P8ZYk9ngDOS4sgRumIKrXb6G-meGg6glVRQLUcWhw4mQPzyYFo3v8PGxEvHU9HH4UtDQucMmBmsEhLOT2qRl8lWsZd5nUo8o9eiWUGAwJVXFqD-uL145E0lrzBZo517kYBsMllDK26WDfczMJmDdbsDUKxLr87xb5qpcDn6IGeIgR4Rbq0f9zc5n4MwPsfmr4fbJs0ep99KwNQbsFfJORt-RfKQYLzU.zIgq96jmqOGLaHcc1sYLHJr5BNEc47qTwcvZ3aXfRVQ&dib_tag=se&keywords=jeans&qid=1728139559&sprefix=jeans%2Caps%2C212&sr=8-174,RAGZO,"₹699₹699 M.R.P: ₹3,999₹3,999 (83% off)",M.R.P: ,RAGZO,4.3 out of 5 stars 51  , FREE Delivery by Amazon
105,https://www.amazon.in/Neostreak-Stretchable-Jeans-neoeps-Dblue-Blue_32/dp/B07QHSJ69Z/ref=sr_1_175?crid=24IEEX0MBW072&dib=eyJ2IjoiMSJ9.Hd8p8ocALNUiqeDWCNK35Fs-a_TdbDfkW0BEW3rDe-Aso5h7dW93l6H7tyTBE9QHmqEQUPYsOF22P8ZYk9ngDOS4sgRumIKrXb6G-meGg6glVRQLUcWhw4mQPzyYFo3v8PGxEvHU9HH4UtDQucMmBmsEhLOT2qRl8lWsZd5nUo8o9eiWUGAwJVXFqD-uL145E0lrzBZo517kYBsMllDK26WDfczMJmDdbsDUKxLr87xb5qpcDn6IGeIgR4Rbq0f9zc5n4MwPsfmr4fbJs0ep99KwNQbsFfJORt-RfKQYLzU.zIgq96jmqOGLaHcc1sYLHJr5BNEc47qTwcvZ3aXfRVQ&dib_tag=se&keywords=jeans&qid=1728139559&sprefix=jeans%2Caps%2C212&sr=8-175,Neostreak,"₹489₹489 M.R.P: ₹1,599₹1,599 (69% off)",M.R.P: ,Neostreak,"3.8 out of 5 stars 7,683  ",FREE Delivery by Amazon
106,https://www.amazon.in/NIFTY-Womens-Slim-Jeans-Jean_5B_BLK_Black_34/dp/B01D7MLZX8/ref=sr_1_179?crid=24IEEX0MBW072&dib=eyJ2IjoiMSJ9.Hd8p8ocALNUiqeDWCNK35Fs-a_TdbDfkW0BEW3rDe-Aso5h7dW93l6H7tyTBE9QHmqEQUPYsOF22P8ZYk9ngDOS4sgRumIKrXb6G-meGg6glVRQLUcWhw4mQPzyYFo3v8PGxEvHU9HH4UtDQucMmBmsEhLOT2qRl8lWsZd5nUo8o9eiWUGAwJVXFqD-uL145E0lrzBZo517kYBsMllDK26WDfczMJmDdbsDUKxLr87xb5qpcDn6IGeIgR4Rbq0f9zc5n4MwPsfmr4fbJs0ep99KwNQbsFfJORt-RfKQYLzU.zIgq96jmqOGLaHcc1sYLHJr5BNEc47qTwcvZ3aXfRVQ&dib_tag=se&keywords=jeans&qid=1728139559&sprefix=jeans%2Caps%2C212&sr=8-179,Nifty,"₹541₹541 M.R.P: ₹1,499₹1,499 (64% off)",100+ bought in past month,Nifty,"3.9 out of 5 stars 2,223  ", FREE Delivery by Amazon
107,https://www.amazon.in/TAGAS-Skinny-Jeans-MDJ-4-PLAIN-BLACK-Black_34/dp/B0CW7393ZK/ref=sr_1_181?crid=24IEEX0MBW072&dib=eyJ2IjoiMSJ9.Hd8p8ocALNUiqeDWCNK35Fs-a_TdbDfkW0BEW3rDe-Aso5h7dW93l6H7tyTBE9QHmqEQUPYsOF22P8ZYk9ngDOS4sgRumIKrXb6G-meGg6glVRQLUcWhw4mQPzyYFo3v8PGxEvHU9HH4UtDQucMmBmsEhLOT2qRl8lWsZd5nUo8o9eiWUGAwJVXFqD-uL145E0lrzBZo517kYBsMllDK26WDfczMJmDdbsDUKxLr87xb5qpcDn6IGeIgR4Rbq0f9zc5n4MwPsfmr4fbJs0ep99KwNQbsFfJORt-RfKQYLzU.zIgq96jmqOGLaHcc1sYLHJr5BNEc47qTwcvZ3aXfRVQ&dib_tag=se&keywords=jeans&qid=1728139559&sprefix=jeans%2Caps%2C212&sr=8-181,TAGAS,"₹589₹589 M.R.P: ₹1,499₹1,499 (61% off)",100+ bought in past month,TAGAS,3.9 out of 5 stars 190  , FREE Delivery by Amazon
108,https://www.amazon.in/Indian-Garage-Co-Adult-0421-DNM02-57_Blue_30/dp/B0BRL4DWMV/ref=sr_1_20?crid=24IEEX0MBW072&dib=eyJ2IjoiMSJ9.loW9tDrkb73dvNPalTNrmPld8m7huH6cF5g_YkNmEAm9qODA-taMg5ibmmJXAdn3w18_Ama_S4836s1iM1YtBIdpk_a88sovlz0jYKb8UgeyxfvDd1yNA7BrvReQL8dHeTsmBCUr4vG9wTfYE_IXjcEtx4Z9Yg_WV3zVa7cZhyV3SPxEo2p1Htxigkn7RWNyKzINhtwKuJdv5R3jaMrGucUaA8BClw9zNNqjHAMpciugupuFm20Jj8eOG6lU42dRYTXf80v8ApAF0EChkl1-KMQjfTn99KKJ17d9OvtZONs.gM2UxYQACutxLYDMZ0XW9AekUQGSbRmRfPruooS2c3Q&dib_tag=se&keywords=jeans&qid=1728139528&sprefix=jeans%2Caps%2C212&sr=8-20,The Indian Garage Co,"₹598₹598 M.R.P: ₹1,999₹1,999 (70% off)",100+ bought in past month,The Indian Garage Co,3.5 out of 5 stars 49  , FREE Delivery by Amazon
109,https://www.amazon.in/Pepe-Jeans-Mens-Slim-PM206796R18300034/dp/B0CGX2ZWJK/ref=sr_1_183?crid=24IEEX0MBW072&dib=eyJ2IjoiMSJ9.Hd8p8ocALNUiqeDWCNK35Fs-a_TdbDfkW0BEW3rDe-Aso5h7dW93l6H7tyTBE9QHmqEQUPYsOF22P8ZYk9ngDOS4sgRumIKrXb6G-meGg6glVRQLUcWhw4mQPzyYFo3v8PGxEvHU9HH4UtDQucMmBmsEhLOT2qRl8lWsZd5nUo8o9eiWUGAwJVXFqD-uL145E0lrzBZo517kYBsMllDK26WDfczMJmDdbsDUKxLr87xb5qpcDn6IGeIgR4Rbq0f9zc5n4MwPsfmr4fbJs0ep99KwNQbsFfJORt-RfKQYLzU.zIgq96jmqOGLaHcc1sYLHJr5BNEc47qTwcvZ3aXfRVQ&dib_tag=se&keywords=jeans&qid=1728139559&sprefix=jeans%2Caps%2C212&sr=8-183,Pepe Jeans,"₹899₹899 M.R.P: ₹3,599₹3,599 (75% off)",50+ bought in past month,Pepe Jeans,3.9 out of 5 stars 24  , FREE Delivery by Amazon
110,https://www.amazon.in/Urbano-Fashion-Washed-Non-Stretchable-jeanloose-brown-32/dp/B0CVV25DHF/ref=sr_1_184?crid=24IEEX0MBW072&dib=eyJ2IjoiMSJ9.Hd8p8ocALNUiqeDWCNK35Fs-a_TdbDfkW0BEW3rDe-Aso5h7dW93l6H7tyTBE9QHmqEQUPYsOF22P8ZYk9ngDOS4sgRumIKrXb6G-meGg6glVRQLUcWhw4mQPzyYFo3v8PGxEvHU9HH4UtDQucMmBmsEhLOT2qRl8lWsZd5nUo8o9eiWUGAwJVXFqD-uL145E0lrzBZo517kYBsMllDK26WDfczMJmDdbsDUKxLr87xb5qpcDn6IGeIgR4Rbq0f9zc5n4MwPsfmr4fbJs0ep99KwNQbsFfJORt-RfKQYLzU.zIgq96jmqOGLaHcc1sYLHJr5BNEc47qTwcvZ3aXfRVQ&dib_tag=se&keywords=jeans&qid=1728139559&sprefix=jeans%2Caps%2C212&sr=8-184,Urbano Fashion,"₹620₹620 M.R.P: ₹2,299₹2,299 (73% off)",M.R.P: ,Urbano Fashion,3.7 out of 5 stars 131  , FREE Delivery by Amazon
111,https://www.amazon.in/STUDIO-NEXX-Regular-Stretch-Jeans/dp/B07QW8GZWP/ref=sr_1_186?crid=24IEEX0MBW072&dib=eyJ2IjoiMSJ9.Hd8p8ocALNUiqeDWCNK35Fs-a_TdbDfkW0BEW3rDe-Aso5h7dW93l6H7tyTBE9QHmqEQUPYsOF22P8ZYk9ngDOS4sgRumIKrXb6G-meGg6glVRQLUcWhw4mQPzyYFo3v8PGxEvHU9HH4UtDQucMmBmsEhLOT2qRl8lWsZd5nUo8o9eiWUGAwJVXFqD-uL145E0lrzBZo517kYBsMllDK26WDfczMJmDdbsDUKxLr87xb5qpcDn6IGeIgR4Rbq0f9zc5n4MwPsfmr4fbJs0ep99KwNQbsFfJORt-RfKQYLzU.zIgq96jmqOGLaHcc1sYLHJr5BNEc47qTwcvZ3aXfRVQ&dib_tag=se&keywords=jeans&qid=1728139559&sprefix=jeans%2Caps%2C212&sr=8-186,STUDIO NEXX,"₹559₹559 M.R.P: ₹1,499₹1,499 (63% off)",M.R.P: ,STUDIO NEXX,"3.6 out of 5 stars 4,996  ", FREE Delivery by Amazon
112,https://www.amazon.in/Ben-Martin-Stretchable-Cotton-JJ3-11/dp/B0CZHTDJVV/ref=sr_1_187?crid=24IEEX0MBW072&dib=eyJ2IjoiMSJ9.Hd8p8ocALNUiqeDWCNK35Fs-a_TdbDfkW0BEW3rDe-Aso5h7dW93l6H7tyTBE9QHmqEQUPYsOF22P8ZYk9ngDOS4sgRumIKrXb6G-meGg6glVRQLUcWhw4mQPzyYFo3v8PGxEvHU9HH4UtDQucMmBmsEhLOT2qRl8lWsZd5nUo8o9eiWUGAwJVXFqD-uL145E0lrzBZo517kYBsMllDK26WDfczMJmDdbsDUKxLr87xb5qpcDn6IGeIgR4Rbq0f9zc5n4MwPsfmr4fbJs0ep99KwNQbsFfJORt-RfKQYLzU.zIgq96jmqOGLaHcc1sYLHJr5BNEc47qTwcvZ3aXfRVQ&dib_tag=se&keywords=jeans&qid=1728139559&sprefix=jeans%2Caps%2C212&sr=8-187,Ben Martin,"₹499₹499 M.R.P: ₹2,999₹2,999 (83% off)",M.R.P: ,Ben Martin,3.7 out of 5 stars 19  , FREE Delivery by Amazon
113,https://www.amazon.in/Levis-Mens-Slim-Jeans-A7087-0055_Blue/dp/B0CRTQ2DLT/ref=sr_1_188?crid=24IEEX0MBW072&dib=eyJ2IjoiMSJ9.Hd8p8ocALNUiqeDWCNK35Fs-a_TdbDfkW0BEW3rDe-Aso5h7dW93l6H7tyTBE9QHmqEQUPYsOF22P8ZYk9ngDOS4sgRumIKrXb6G-meGg6glVRQLUcWhw4mQPzyYFo3v8PGxEvHU9HH4UtDQucMmBmsEhLOT2qRl8lWsZd5nUo8o9eiWUGAwJVXFqD-uL145E0lrzBZo517kYBsMllDK26WDfczMJmDdbsDUKxLr87xb5qpcDn6IGeIgR4Rbq0f9zc5n4MwPsfmr4fbJs0ep99KwNQbsFfJORt-RfKQYLzU.zIgq96jmqOGLaHcc1sYLHJr5BNEc47qTwcvZ3aXfRVQ&dib_tag=se&keywords=jeans&qid=1728139559&sprefix=jeans%2Caps%2C212&sr=8-188,Levi's,"₹1,799₹1,799 M.R.P: ₹2,999₹2,999 (40% off)",50+ bought in past month,Levi's,5.0 out of 5 stars 2  , FREE Delivery by Amazon
114,https://www.amazon.in/Spykar-Mens-Slim-Jeans-EMDKN1BD009_MID/dp/B0CTMX98PS/ref=sr_1_189?crid=24IEEX0MBW072&dib=eyJ2IjoiMSJ9.Hd8p8ocALNUiqeDWCNK35Fs-a_TdbDfkW0BEW3rDe-Aso5h7dW93l6H7tyTBE9QHmqEQUPYsOF22P8ZYk9ngDOS4sgRumIKrXb6G-meGg6glVRQLUcWhw4mQPzyYFo3v8PGxEvHU9HH4UtDQucMmBmsEhLOT2qRl8lWsZd5nUo8o9eiWUGAwJVXFqD-uL145E0lrzBZo517kYBsMllDK26WDfczMJmDdbsDUKxLr87xb5qpcDn6IGeIgR4Rbq0f9zc5n4MwPsfmr4fbJs0ep99KwNQbsFfJORt-RfKQYLzU.zIgq96jmqOGLaHcc1sYLHJr5BNEc47qTwcvZ3aXfRVQ&dib_tag=se&keywords=jeans&qid=1728139559&sprefix=jeans%2Caps%2C212&sr=8-189,Spykar,"₹899₹899 M.R.P: ₹3,299₹3,299 (73% off)",M.R.P: ,Spykar,4.1 out of 5 stars 8  ,FREE Delivery by Amazon
115,https://www.amazon.in/Diverse-Straight-Jeans-DVD01D1L02-8b_Indigo-Blue_36W/dp/B07BFPYZDK/ref=sr_1_190?crid=24IEEX0MBW072&dib=eyJ2IjoiMSJ9.Hd8p8ocALNUiqeDWCNK35Fs-a_TdbDfkW0BEW3rDe-Aso5h7dW93l6H7tyTBE9QHmqEQUPYsOF22P8ZYk9ngDOS4sgRumIKrXb6G-meGg6glVRQLUcWhw4mQPzyYFo3v8PGxEvHU9HH4UtDQucMmBmsEhLOT2qRl8lWsZd5nUo8o9eiWUGAwJVXFqD-uL145E0lrzBZo517kYBsMllDK26WDfczMJmDdbsDUKxLr87xb5qpcDn6IGeIgR4Rbq0f9zc5n4MwPsfmr4fbJs0ep99KwNQbsFfJORt-RfKQYLzU.zIgq96jmqOGLaHcc1sYLHJr5BNEc47qTwcvZ3aXfRVQ&dib_tag=se&keywords=jeans&qid=1728139559&sprefix=jeans%2Caps%2C212&sr=8-190,Diverse,"₹339₹339 M.R.P: ₹1,999₹1,999 (83% off)",M.R.P: ,Diverse,3.4 out of 5 stars 30  ,FREE Delivery by Amazon
116,https://www.amazon.in/Pepe-Jeans-Mens-Skinny-PM207679Q011_Black/dp/B0CN6KMGNQ/ref=sr_1_191?crid=24IEEX0MBW072&dib=eyJ2IjoiMSJ9.Hd8p8ocALNUiqeDWCNK35Fs-a_TdbDfkW0BEW3rDe-Aso5h7dW93l6H7tyTBE9QHmqEQUPYsOF22P8ZYk9ngDOS4sgRumIKrXb6G-meGg6glVRQLUcWhw4mQPzyYFo3v8PGxEvHU9HH4UtDQucMmBmsEhLOT2qRl8lWsZd5nUo8o9eiWUGAwJVXFqD-uL145E0lrzBZo517kYBsMllDK26WDfczMJmDdbsDUKxLr87xb5qpcDn6IGeIgR4Rbq0f9zc5n4MwPsfmr4fbJs0ep99KwNQbsFfJORt-RfKQYLzU.zIgq96jmqOGLaHcc1sYLHJr5BNEc47qTwcvZ3aXfRVQ&dib_tag=se&keywords=jeans&qid=1728139559&sprefix=jeans%2Caps%2C212&sr=8-191,Pepe Jeans,"₹898₹898 M.R.P: ₹3,799₹3,799 (76% off)",100+ bought in past month,Pepe Jeans,3.9 out of 5 stars 20  , FREE Delivery by Amazon
117,https://www.amazon.in/sspa/click?ie=UTF8&spc=MToyMjYwMDIzODkxMDMzNjU6MTcyODEzOTUyODpzcF9tdGY6MzAwMzQ3NzM1NjQ0NjMyOjowOjo&url=%2FLevis-Mens-Slim-Jeans-A7087-0143_Black%2Fdp%2FB08L5V9XLJ%2Fref%3Dsr_1_21_sspa%3Fcrid%3D24IEEX0MBW072%26dib%3DeyJ2IjoiMSJ9.loW9tDrkb73dvNPalTNrmPld8m7huH6cF5g_YkNmEAm9qODA-taMg5ibmmJXAdn3w18_Ama_S4836s1iM1YtBIdpk_a88sovlz0jYKb8UgeyxfvDd1yNA7BrvReQL8dHeTsmBCUr4vG9wTfYE_IXjcEtx4Z9Yg_WV3zVa7cZhyV3SPxEo2p1Htxigkn7RWNyKzINhtwKuJdv5R3jaMrGucUaA8BClw9zNNqjHAMpciugupuFm20Jj8eOG6lU42dRYTXf80v8ApAF0EChkl1-KMQjfTn99KKJ17d9OvtZONs.gM2UxYQACutxLYDMZ0XW9AekUQGSbRmRfPruooS2c3Q%26dib_tag%3Dse%26keywords%3Djeans%26qid%3D1728139528%26sprefix%3Djeans%252Caps%252C212%26sr%3D8-21-spons%26sp_csd%3Dd2lkZ2V0TmFtZT1zcF9tdGY%26psc%3D1,Levi's,"₹1,349₹1,349 M.R.P: ₹2,999₹2,999 (55% off)",100+ bought in past month,Levi's,"3.9 out of 5 stars 1,275  ", FREE Delivery by Amazon
118,https://www.amazon.in/AVANOVA-Cargo-Denim-Pant-Wide/dp/B0D3YRP52T/ref=sr_1_193?crid=24IEEX0MBW072&dib=eyJ2IjoiMSJ9.Hd8p8ocALNUiqeDWCNK35Fs-a_TdbDfkW0BEW3rDe-Aso5h7dW93l6H7tyTBE9QHmqEQUPYsOF22P8ZYk9ngDOS4sgRumIKrXb6G-meGg6glVRQLUcWhw4mQPzyYFo3v8PGxEvHU9HH4UtDQucMmBmsEhLOT2qRl8lWsZd5nUo8o9eiWUGAwJVXFqD-uL145E0lrzBZo517kYBsMllDK26WDfczMJmDdbsDUKxLr87xb5qpcDn6IGeIgR4Rbq0f9zc5n4MwPsfmr4fbJs0ep99KwNQbsFfJORt-RfKQYLzU.zIgq96jmqOGLaHcc1sYLHJr5BNEc47qTwcvZ3aXfRVQ&dib_tag=se&keywords=jeans&qid=1728139559&sprefix=jeans%2Caps%2C212&sr=8-193,AVANOVA,"₹759₹759 M.R.P: ₹4,999₹4,999 (85% off)",100+ bought in past month,AVANOVA,4.0 out of 5 stars 182  , FREE Delivery by Amazon
119,https://www.amazon.in/Amazon-Brand-Symbol-Womens-SYM-AW22WJNS-902_Lt/dp/B0BP7DZZ4J/ref=sr_1_196?crid=24IEEX0MBW072&dib=eyJ2IjoiMSJ9.Hd8p8ocALNUiqeDWCNK35Fs-a_TdbDfkW0BEW3rDe-Aso5h7dW93l6H7tyTBE9QHmqEQUPYsOF22P8ZYk9ngDOS4sgRumIKrXb6G-meGg6glVRQLUcWhw4mQPzyYFo3v8PGxEvHU9HH4UtDQucMmBmsEhLOT2qRl8lWsZd5nUo8o9eiWUGAwJVXFqD-uL145E0lrzBZo517kYBsMllDK26WDfczMJmDdbsDUKxLr87xb5qpcDn6IGeIgR4Rbq0f9zc5n4MwPsfmr4fbJs0ep99KwNQbsFfJORt-RfKQYLzU.zIgq96jmqOGLaHcc1sYLHJr5BNEc47qTwcvZ3aXfRVQ&dib_tag=se&keywords=jeans&qid=1728139559&sprefix=jeans%2Caps%2C212&sr=8-196,Amazon Brand - Symbol,"₹699₹699 M.R.P: ₹2,599₹2,599 (73% off)",50+ bought in past month,Amazon Brand - Symbol,4.0 out of 5 stars 264  , FREE Delivery by Amazon
120,https://www.amazon.in/sspa/click?ie=UTF8&spc=MTo4OTQ4OTkwNTgwOTUzOTc4OjE3MjgxMzk1NTk6c3BfYnRmOjMwMDE1OTMzNDE4MDQzMjo6MDo6&url=%2FLevis-Mens-Slim-Jeans-A7087-0078_Blue%2Fdp%2FB0C6QVHKKV%2Fref%3Dsr_1_201_sspa%3Fcrid%3D24IEEX0MBW072%26dib%3DeyJ2IjoiMSJ9.Hd8p8ocALNUiqeDWCNK35Fs-a_TdbDfkW0BEW3rDe-Aso5h7dW93l6H7tyTBE9QHmqEQUPYsOF22P8ZYk9ngDOS4sgRumIKrXb6G-meGg6glVRQLUcWhw4mQPzyYFo3v8PGxEvHU9HH4UtDQucMmBmsEhLOT2qRl8lWsZd5nUo8o9eiWUGAwJVXFqD-uL145E0lrzBZo517kYBsMllDK26WDfczMJmDdbsDUKxLr87xb5qpcDn6IGeIgR4Rbq0f9zc5n4MwPsfmr4fbJs0ep99KwNQbsFfJORt-RfKQYLzU.zIgq96jmqOGLaHcc1sYLHJr5BNEc47qTwcvZ3aXfRVQ%26dib_tag%3Dse%26keywords%3Djeans%26qid%3D1728139559%26sprefix%3Djeans%252Caps%252C212%26sr%3D8-201-spons%26sp_csd%3Dd2lkZ2V0TmFtZT1zcF9idGY%26psc%3D1,Levi's,"₹1,349₹1,349 M.R.P: ₹2,999₹2,999 (55% off)",M.R.P: ,Levi's,"3.9 out of 5 stars 1,275  ", FREE Delivery by Amazon
121,https://www.amazon.in/sspa/click?ie=UTF8&spc=MToyMjYwMDIzODkxMDMzNjU6MTcyODEzOTUyODpzcF9tdGY6MzAwMjQ3NjUzMzA4NDMyOjowOjo&url=%2FPepe-Jeans-PM207541Q033_Dark-Used_Mid-Indigo%2Fdp%2FB0CLM7C2BS%2Fref%3Dsr_1_22_sspa%3Fcrid%3D24IEEX0MBW072%26dib%3DeyJ2IjoiMSJ9.loW9tDrkb73dvNPalTNrmPld8m7huH6cF5g_YkNmEAm9qODA-taMg5ibmmJXAdn3w18_Ama_S4836s1iM1YtBIdpk_a88sovlz0jYKb8UgeyxfvDd1yNA7BrvReQL8dHeTsmBCUr4vG9wTfYE_IXjcEtx4Z9Yg_WV3zVa7cZhyV3SPxEo2p1Htxigkn7RWNyKzINhtwKuJdv5R3jaMrGucUaA8BClw9zNNqjHAMpciugupuFm20Jj8eOG6lU42dRYTXf80v8ApAF0EChkl1-KMQjfTn99KKJ17d9OvtZONs.gM2UxYQACutxLYDMZ0XW9AekUQGSbRmRfPruooS2c3Q%26dib_tag%3Dse%26keywords%3Djeans%26qid%3D1728139528%26sprefix%3Djeans%252Caps%252C212%26sr%3D8-22-spons%26sp_csd%3Dd2lkZ2V0TmFtZT1zcF9tdGY%26psc%3D1,Pepe Jeans,"₹1,049₹1,049 M.R.P: ₹3,599₹3,599 (71% off)",M.R.P: ,Pepe Jeans,4.6 out of 5 stars 9  , FREE Delivery by Amazon
122,https://www.amazon.in/sspa/click?ie=UTF8&spc=MTo4OTQ4OTkwNTgwOTUzOTc4OjE3MjgxMzk1NTk6c3BfYnRmOjMwMDE1OTMxNjQzNDczMjo6MDo6&url=%2FLevis-Mid-Rise-Light-Stretchable-Indigo%2Fdp%2FB09Z76WSHT%2Fref%3Dsr_1_202_sspa%3Fcrid%3D24IEEX0MBW072%26dib%3DeyJ2IjoiMSJ9.Hd8p8ocALNUiqeDWCNK35Fs-a_TdbDfkW0BEW3rDe-Aso5h7dW93l6H7tyTBE9QHmqEQUPYsOF22P8ZYk9ngDOS4sgRumIKrXb6G-meGg6glVRQLUcWhw4mQPzyYFo3v8PGxEvHU9HH4UtDQucMmBmsEhLOT2qRl8lWsZd5nUo8o9eiWUGAwJVXFqD-uL145E0lrzBZo517kYBsMllDK26WDfczMJmDdbsDUKxLr87xb5qpcDn6IGeIgR4Rbq0f9zc5n4MwPsfmr4fbJs0ep99KwNQbsFfJORt-RfKQYLzU.zIgq96jmqOGLaHcc1sYLHJr5BNEc47qTwcvZ3aXfRVQ%26dib_tag%3Dse%26keywords%3Djeans%26qid%3D1728139559%26sprefix%3Djeans%252Caps%252C212%26sr%3D8-202-spons%26sp_csd%3Dd2lkZ2V0TmFtZT1zcF9idGY%26psc%3D1,Levi's,"₹1,349₹1,349 M.R.P: ₹3,199₹3,199 (58% off)",M.R.P: ,Levi's,3.7 out of 5 stars 586  , FREE Delivery by Amazon
123,https://www.amazon.in/sspa/click?ie=UTF8&spc=MTo4OTQ4OTkwNTgwOTUzOTc4OjE3MjgxMzk1NTk6c3BfYnRmOjMwMDIwMDc1MTk0MTgzMjo6MDo6&url=%2FPepe-Jeans-Mens-Slim-PM206796A08_Black%2Fdp%2FB0C53CYH4Z%2Fref%3Dsr_1_203_sspa%3Fcrid%3D24IEEX0MBW072%26dib%3DeyJ2IjoiMSJ9.Hd8p8ocALNUiqeDWCNK35Fs-a_TdbDfkW0BEW3rDe-Aso5h7dW93l6H7tyTBE9QHmqEQUPYsOF22P8ZYk9ngDOS4sgRumIKrXb6G-meGg6glVRQLUcWhw4mQPzyYFo3v8PGxEvHU9HH4UtDQucMmBmsEhLOT2qRl8lWsZd5nUo8o9eiWUGAwJVXFqD-uL145E0lrzBZo517kYBsMllDK26WDfczMJmDdbsDUKxLr87xb5qpcDn6IGeIgR4Rbq0f9zc5n4MwPsfmr4fbJs0ep99KwNQbsFfJORt-RfKQYLzU.zIgq96jmqOGLaHcc1sYLHJr5BNEc47qTwcvZ3aXfRVQ%26dib_tag%3Dse%26keywords%3Djeans%26qid%3D1728139559%26sprefix%3Djeans%252Caps%252C212%26sr%3D8-203-spons%26sp_csd%3Dd2lkZ2V0TmFtZT1zcF9idGY%26psc%3D1,Pepe Jeans,"₹1,039₹1,039 M.R.P: ₹3,599₹3,599 (71% off)",M.R.P: ,Pepe Jeans,3.5 out of 5 stars 14  , FREE Delivery by Amazon
124,https://www.amazon.in/sspa/click?ie=UTF8&spc=MTo4OTQ4OTkwNTgwOTUzOTc4OjE3MjgxMzk1NTk6c3BfYnRmOjMwMDIwMDc1MTkyODgzMjo6MDo6&url=%2FPepe-Jeans-Mens-Relaxed-PM207941Q05900030_Blue%2Fdp%2FB0CW9MH7JH%2Fref%3Dsr_1_204_sspa%3Fcrid%3D24IEEX0MBW072%26dib%3DeyJ2IjoiMSJ9.Hd8p8ocALNUiqeDWCNK35Fs-a_TdbDfkW0BEW3rDe-Aso5h7dW93l6H7tyTBE9QHmqEQUPYsOF22P8ZYk9ngDOS4sgRumIKrXb6G-meGg6glVRQLUcWhw4mQPzyYFo3v8PGxEvHU9HH4UtDQucMmBmsEhLOT2qRl8lWsZd5nUo8o9eiWUGAwJVXFqD-uL145E0lrzBZo517kYBsMllDK26WDfczMJmDdbsDUKxLr87xb5qpcDn6IGeIgR4Rbq0f9zc5n4MwPsfmr4fbJs0ep99KwNQbsFfJORt-RfKQYLzU.zIgq96jmqOGLaHcc1sYLHJr5BNEc47qTwcvZ3aXfRVQ%26dib_tag%3Dse%26keywords%3Djeans%26qid%3D1728139559%26sprefix%3Djeans%252Caps%252C212%26sr%3D8-204-spons%26sp_csd%3Dd2lkZ2V0TmFtZT1zcF9idGY%26psc%3D1,Pepe Jeans,"₹1,049₹1,049 M.R.P: ₹3,799₹3,799 (72% off)",M.R.P: ,Pepe Jeans,4.5 out of 5 stars 2  , FREE Delivery by Amazon
125,https://www.amazon.in/sspa/click?ie=UTF8&spc=MTo2NTM4ODQwMzA2ODk1MzYwOjE3MjgxMzk1NjU6c3BfYXRmX25leHQ6MzAwMTU5MzE2NDM1MDMyOjowOjo&url=%2FLevis-Mens-Jeans-18298-1257_Mid-Indigo_30%2Fdp%2FB09Z773SDR%2Fref%3Dsr_1_193_sspa%3Fcrid%3D24IEEX0MBW072%26dib%3DeyJ2IjoiMSJ9.5DloTxkKjsDpUGE-lQ4kZGe1J8iURqBnM51KAWVoNzDNw0COHKIjVxju9C0wutVr4Qi1r3VB8dsKMErurUGOgvI3Qnp46QhE9rtuzBphF5q-INtoraMCMSVhC81MJlkUyJAv39v-ASnSgqCjKbVWzVJn5Pq9rDiaPFNq3ULQP7-jnpYbFQ1C5END71jiN1HQKAPorqc8dACHuPTKCpI3YApBUi9kFcZ6kb9TJcnZE_V78WoDybRvrD4gnk0WYhS7rKjs2H64Rzn3eVZS01TT3rOywdKv3yKqkH1T79dxh5s.cB-xULLIHufBe0_yPz9ynLJ42KHbIUCrLm6r2Niz7D8%26dib_tag%3Dse%26keywords%3Djeans%26qid%3D1728139565%26sprefix%3Djeans%252Caps%252C212%26sr%3D8-193-spons%26sp_csd%3Dd2lkZ2V0TmFtZT1zcF9hdGZfbmV4dA%26psc%3D1,Levi's,"₹1,509₹1,509 M.R.P: ₹3,399₹3,399 (56% off)",50+ bought in past month,Levi's,3.7 out of 5 stars 586  , FREE Delivery by Amazon
126,https://www.amazon.in/sspa/click?ie=UTF8&spc=MTo2NTM4ODQwMzA2ODk1MzYwOjE3MjgxMzk1NjU6c3BfYXRmX25leHQ6MzAwMTU5MzM0MTczODMyOjowOjo&url=%2FLevis-Mens-Jeans-18298-1255_Mid-Indigo_30%2Fdp%2FB09Z78TCWP%2Fref%3Dsr_1_194_sspa%3Fcrid%3D24IEEX0MBW072%26dib%3DeyJ2IjoiMSJ9.5DloTxkKjsDpUGE-lQ4kZGe1J8iURqBnM51KAWVoNzDNw0COHKIjVxju9C0wutVr4Qi1r3VB8dsKMErurUGOgvI3Qnp46QhE9rtuzBphF5q-INtoraMCMSVhC81MJlkUyJAv39v-ASnSgqCjKbVWzVJn5Pq9rDiaPFNq3ULQP7-jnpYbFQ1C5END71jiN1HQKAPorqc8dACHuPTKCpI3YApBUi9kFcZ6kb9TJcnZE_V78WoDybRvrD4gnk0WYhS7rKjs2H64Rzn3eVZS01TT3rOywdKv3yKqkH1T79dxh5s.cB-xULLIHufBe0_yPz9ynLJ42KHbIUCrLm6r2Niz7D8%26dib_tag%3Dse%26keywords%3Djeans%26qid%3D1728139565%26sprefix%3Djeans%252Caps%252C212%26sr%3D8-194-spons%26sp_csd%3Dd2lkZ2V0TmFtZT1zcF9hdGZfbmV4dA%26psc%3D1,Levi's,"₹1,248₹1,248 M.R.P: ₹2,999₹2,999 (58% off)",100+ bought in past month,Levi's,"3.9 out of 5 stars 1,275  ", FREE Delivery by Amazon
127,https://www.amazon.in/sspa/click?ie=UTF8&spc=MTo2NTM4ODQwMzA2ODk1MzYwOjE3MjgxMzk1NjU6c3BfYXRmX25leHQ6MzAwMTQ3NDU1MjI4NzMyOjowOjo&url=%2FPepe-Jeans-Mens-PM206832S64_Green-Used_32%2Fdp%2FB0B7B4SJPX%2Fref%3Dsr_1_195_sspa%3Fcrid%3D24IEEX0MBW072%26dib%3DeyJ2IjoiMSJ9.5DloTxkKjsDpUGE-lQ4kZGe1J8iURqBnM51KAWVoNzDNw0COHKIjVxju9C0wutVr4Qi1r3VB8dsKMErurUGOgvI3Qnp46QhE9rtuzBphF5q-INtoraMCMSVhC81MJlkUyJAv39v-ASnSgqCjKbVWzVJn5Pq9rDiaPFNq3ULQP7-jnpYbFQ1C5END71jiN1HQKAPorqc8dACHuPTKCpI3YApBUi9kFcZ6kb9TJcnZE_V78WoDybRvrD4gnk0WYhS7rKjs2H64Rzn3eVZS01TT3rOywdKv3yKqkH1T79dxh5s.cB-xULLIHufBe0_yPz9ynLJ42KHbIUCrLm6r2Niz7D8%26dib_tag%3Dse%26keywords%3Djeans%26qid%3D1728139565%26sprefix%3Djeans%252Caps%252C212%26sr%3D8-195-spons%26sp_csd%3Dd2lkZ2V0TmFtZT1zcF9hdGZfbmV4dA%26psc%3D1,Pepe Jeans,"₹1,299₹1,299 M.R.P: ₹3,799₹3,799 (66% off)",M.R.P: ,Pepe Jeans,3.2 out of 5 stars 3  , FREE Delivery by Amazon
128,https://www.amazon.in/Diverse-Straight-Jeans-DVD01D1L02-8b_Indigo-Blue_36W/dp/B07BFPYZDK/ref=sr_1_197?crid=24IEEX0MBW072&dib=eyJ2IjoiMSJ9.5DloTxkKjsDpUGE-lQ4kZGe1J8iURqBnM51KAWVoNzDNw0COHKIjVxju9C0wutVr4Qi1r3VB8dsKMErurUGOgvI3Qnp46QhE9rtuzBphF5q-INtoraMCMSVhC81MJlkUyJAv39v-ASnSgqCjKbVWzVJn5Pq9rDiaPFNq3ULQP7-jnpYbFQ1C5END71jiN1HQKAPorqc8dACHuPTKCpI3YApBUi9kFcZ6kb9TJcnZE_V78WoDybRvrD4gnk0WYhS7rKjs2H64Rzn3eVZS01TT3rOywdKv3yKqkH1T79dxh5s.cB-xULLIHufBe0_yPz9ynLJ42KHbIUCrLm6r2Niz7D8&dib_tag=se&keywords=jeans&qid=1728139565&sprefix=jeans%2Caps%2C212&sr=8-197,Diverse,"₹339₹339 M.R.P: ₹1,999₹1,999 (83% off)",M.R.P: ,Diverse,3.4 out of 5 stars 30  ,FREE Delivery by Amazon
129,https://www.amazon.in/Diverse-Mens-Relaxed-Jeans-DCMDT03RC14L31-2H_Indigo_36/dp/B07WNDRBSD/ref=sr_1_198?crid=24IEEX0MBW072&dib=eyJ2IjoiMSJ9.5DloTxkKjsDpUGE-lQ4kZGe1J8iURqBnM51KAWVoNzDNw0COHKIjVxju9C0wutVr4Qi1r3VB8dsKMErurUGOgvI3Qnp46QhE9rtuzBphF5q-INtoraMCMSVhC81MJlkUyJAv39v-ASnSgqCjKbVWzVJn5Pq9rDiaPFNq3ULQP7-jnpYbFQ1C5END71jiN1HQKAPorqc8dACHuPTKCpI3YApBUi9kFcZ6kb9TJcnZE_V78WoDybRvrD4gnk0WYhS7rKjs2H64Rzn3eVZS01TT3rOywdKv3yKqkH1T79dxh5s.cB-xULLIHufBe0_yPz9ynLJ42KHbIUCrLm6r2Niz7D8&dib_tag=se&keywords=jeans&qid=1728139565&sprefix=jeans%2Caps%2C212&sr=8-198,Diverse,"₹399₹399 M.R.P: ₹1,499₹1,499 (73% off)",M.R.P: ,Diverse,3.9 out of 5 stars 11  ,FREE Delivery by Amazon
130,https://www.amazon.in/Levis-Mens-Slim-Jeans-A7087-0055_Blue/dp/B0CRTQ2DLT/ref=sr_1_199?crid=24IEEX0MBW072&dib=eyJ2IjoiMSJ9.5DloTxkKjsDpUGE-lQ4kZGe1J8iURqBnM51KAWVoNzDNw0COHKIjVxju9C0wutVr4Qi1r3VB8dsKMErurUGOgvI3Qnp46QhE9rtuzBphF5q-INtoraMCMSVhC81MJlkUyJAv39v-ASnSgqCjKbVWzVJn5Pq9rDiaPFNq3ULQP7-jnpYbFQ1C5END71jiN1HQKAPorqc8dACHuPTKCpI3YApBUi9kFcZ6kb9TJcnZE_V78WoDybRvrD4gnk0WYhS7rKjs2H64Rzn3eVZS01TT3rOywdKv3yKqkH1T79dxh5s.cB-xULLIHufBe0_yPz9ynLJ42KHbIUCrLm6r2Niz7D8&dib_tag=se&keywords=jeans&qid=1728139565&sprefix=jeans%2Caps%2C212&sr=8-199,Levi's,"₹1,799₹1,799 M.R.P: ₹2,999₹2,999 (40% off)",50+ bought in past month,Levi's,5.0 out of 5 stars 2  , FREE Delivery by Amazon
131,https://www.amazon.in/sspa/click?ie=UTF8&spc=MToyMjYwMDIzODkxMDMzNjU6MTcyODEzOTUyODpzcF9tdGY6MzAwMTU5MzM0MTc4OTMyOjowOjo&url=%2FLevis-Mens-Slim-Jeans-A7087-0101_Blue%2Fdp%2FB0C6QTQTKJ%2Fref%3Dsr_1_23_sspa%3Fcrid%3D24IEEX0MBW072%26dib%3DeyJ2IjoiMSJ9.loW9tDrkb73dvNPalTNrmPld8m7huH6cF5g_YkNmEAm9qODA-taMg5ibmmJXAdn3w18_Ama_S4836s1iM1YtBIdpk_a88sovlz0jYKb8UgeyxfvDd1yNA7BrvReQL8dHeTsmBCUr4vG9wTfYE_IXjcEtx4Z9Yg_WV3zVa7cZhyV3SPxEo2p1Htxigkn7RWNyKzINhtwKuJdv5R3jaMrGucUaA8BClw9zNNqjHAMpciugupuFm20Jj8eOG6lU42dRYTXf80v8ApAF0EChkl1-KMQjfTn99KKJ17d9OvtZONs.gM2UxYQACutxLYDMZ0XW9AekUQGSbRmRfPruooS2c3Q%26dib_tag%3Dse%26keywords%3Djeans%26qid%3D1728139528%26sprefix%3Djeans%252Caps%252C212%26sr%3D8-23-spons%26sp_csd%3Dd2lkZ2V0TmFtZT1zcF9tdGY%26psc%3D1,Levi's,"₹1,049₹1,049 M.R.P: ₹3,199₹3,199 (67% off)",100+ bought in past month,Levi's,3.9 out of 5 stars 309  , FREE Delivery by Amazon
132,https://www.amazon.in/Spykar-Mens-Slim-Jeans-EMDKN1BD009_MID/dp/B0CTMX98PS/ref=sr_1_200?crid=24IEEX0MBW072&dib=eyJ2IjoiMSJ9.5DloTxkKjsDpUGE-lQ4kZGe1J8iURqBnM51KAWVoNzDNw0COHKIjVxju9C0wutVr4Qi1r3VB8dsKMErurUGOgvI3Qnp46QhE9rtuzBphF5q-INtoraMCMSVhC81MJlkUyJAv39v-ASnSgqCjKbVWzVJn5Pq9rDiaPFNq3ULQP7-jnpYbFQ1C5END71jiN1HQKAPorqc8dACHuPTKCpI3YApBUi9kFcZ6kb9TJcnZE_V78WoDybRvrD4gnk0WYhS7rKjs2H64Rzn3eVZS01TT3rOywdKv3yKqkH1T79dxh5s.cB-xULLIHufBe0_yPz9ynLJ42KHbIUCrLm6r2Niz7D8&dib_tag=se&keywords=jeans&qid=1728139565&sprefix=jeans%2Caps%2C212&sr=8-200,Spykar,"₹899₹899 M.R.P: ₹3,299₹3,299 (73% off)",M.R.P: ,Spykar,4.1 out of 5 stars 8  ,FREE Delivery by Amazon
133,https://www.amazon.in/Pepe-Jeans-Straight-PM206823J671_MED-Used_28/dp/B0B7B2BRGL/ref=sr_1_201?crid=24IEEX0MBW072&dib=eyJ2IjoiMSJ9.5DloTxkKjsDpUGE-lQ4kZGe1J8iURqBnM51KAWVoNzDNw0COHKIjVxju9C0wutVr4Qi1r3VB8dsKMErurUGOgvI3Qnp46QhE9rtuzBphF5q-INtoraMCMSVhC81MJlkUyJAv39v-ASnSgqCjKbVWzVJn5Pq9rDiaPFNq3ULQP7-jnpYbFQ1C5END71jiN1HQKAPorqc8dACHuPTKCpI3YApBUi9kFcZ6kb9TJcnZE_V78WoDybRvrD4gnk0WYhS7rKjs2H64Rzn3eVZS01TT3rOywdKv3yKqkH1T79dxh5s.cB-xULLIHufBe0_yPz9ynLJ42KHbIUCrLm6r2Niz7D8&dib_tag=se&keywords=jeans&qid=1728139565&sprefix=jeans%2Caps%2C212&sr=8-201,Pepe Jeans,"₹899₹899 M.R.P: ₹3,599₹3,599 (75% off)",M.R.P: ,Pepe Jeans,3.7 out of 5 stars 21  , FREE Delivery by Amazon
134,https://www.amazon.in/AVANOVA-Cargo-Denim-Pant-Wide/dp/B0D3YRP52T/ref=sr_1_203?crid=24IEEX0MBW072&dib=eyJ2IjoiMSJ9.5DloTxkKjsDpUGE-lQ4kZGe1J8iURqBnM51KAWVoNzDNw0COHKIjVxju9C0wutVr4Qi1r3VB8dsKMErurUGOgvI3Qnp46QhE9rtuzBphF5q-INtoraMCMSVhC81MJlkUyJAv39v-ASnSgqCjKbVWzVJn5Pq9rDiaPFNq3ULQP7-jnpYbFQ1C5END71jiN1HQKAPorqc8dACHuPTKCpI3YApBUi9kFcZ6kb9TJcnZE_V78WoDybRvrD4gnk0WYhS7rKjs2H64Rzn3eVZS01TT3rOywdKv3yKqkH1T79dxh5s.cB-xULLIHufBe0_yPz9ynLJ42KHbIUCrLm6r2Niz7D8&dib_tag=se&keywords=jeans&qid=1728139565&sprefix=jeans%2Caps%2C212&sr=8-203,AVANOVA,"₹759₹759 M.R.P: ₹4,999₹4,999 (85% off)",100+ bought in past month,AVANOVA,4.0 out of 5 stars 182  , FREE Delivery by Amazon
135,https://www.amazon.in/Levis-Mens-Tapered-Jeans-A7086-0122_Blue/dp/B08L5PP99R/ref=sr_1_204?crid=24IEEX0MBW072&dib=eyJ2IjoiMSJ9.5DloTxkKjsDpUGE-lQ4kZGe1J8iURqBnM51KAWVoNzDNw0COHKIjVxju9C0wutVr4Qi1r3VB8dsKMErurUGOgvI3Qnp46QhE9rtuzBphF5q-INtoraMCMSVhC81MJlkUyJAv39v-ASnSgqCjKbVWzVJn5Pq9rDiaPFNq3ULQP7-jnpYbFQ1C5END71jiN1HQKAPorqc8dACHuPTKCpI3YApBUi9kFcZ6kb9TJcnZE_V78WoDybRvrD4gnk0WYhS7rKjs2H64Rzn3eVZS01TT3rOywdKv3yKqkH1T79dxh5s.cB-xULLIHufBe0_yPz9ynLJ42KHbIUCrLm6r2Niz7D8&dib_tag=se&keywords=jeans&qid=1728139565&sprefix=jeans%2Caps%2C212&sr=8-204,Levi's,"₹899₹899 M.R.P: ₹2,999₹2,999 (70% off)",50+ bought in past month,Levi's,2.5 out of 5 stars 2  ,FREE Delivery by Amazon
136,https://www.amazon.in/Peter-England-Mens-Jeans-PJDNPSTPU50183_Navy_30/dp/B0BHW6XSCZ/ref=sr_1_205?crid=24IEEX0MBW072&dib=eyJ2IjoiMSJ9.5DloTxkKjsDpUGE-lQ4kZGe1J8iURqBnM51KAWVoNzDNw0COHKIjVxju9C0wutVr4Qi1r3VB8dsKMErurUGOgvI3Qnp46QhE9rtuzBphF5q-INtoraMCMSVhC81MJlkUyJAv39v-ASnSgqCjKbVWzVJn5Pq9rDiaPFNq3ULQP7-jnpYbFQ1C5END71jiN1HQKAPorqc8dACHuPTKCpI3YApBUi9kFcZ6kb9TJcnZE_V78WoDybRvrD4gnk0WYhS7rKjs2H64Rzn3eVZS01TT3rOywdKv3yKqkH1T79dxh5s.cB-xULLIHufBe0_yPz9ynLJ42KHbIUCrLm6r2Niz7D8&dib_tag=se&keywords=jeans&qid=1728139565&sprefix=jeans%2Caps%2C212&sr=8-205,Peter England,"₹1,029₹1,029 M.R.P: ₹2,299₹2,299 (55% off)",M.R.P: ,Peter England,3.5 out of 5 stars 147  , FREE Delivery by Amazon
137,https://www.amazon.in/Pepe-Jeans-Mens-Skinny-PM207679Q011_Black/dp/B0CN6KMGNQ/ref=sr_1_206?crid=24IEEX0MBW072&dib=eyJ2IjoiMSJ9.5DloTxkKjsDpUGE-lQ4kZGe1J8iURqBnM51KAWVoNzDNw0COHKIjVxju9C0wutVr4Qi1r3VB8dsKMErurUGOgvI3Qnp46QhE9rtuzBphF5q-INtoraMCMSVhC81MJlkUyJAv39v-ASnSgqCjKbVWzVJn5Pq9rDiaPFNq3ULQP7-jnpYbFQ1C5END71jiN1HQKAPorqc8dACHuPTKCpI3YApBUi9kFcZ6kb9TJcnZE_V78WoDybRvrD4gnk0WYhS7rKjs2H64Rzn3eVZS01TT3rOywdKv3yKqkH1T79dxh5s.cB-xULLIHufBe0_yPz9ynLJ42KHbIUCrLm6r2Niz7D8&dib_tag=se&keywords=jeans&qid=1728139565&sprefix=jeans%2Caps%2C212&sr=8-206,Pepe Jeans,"₹898₹898 M.R.P: ₹3,799₹3,799 (76% off)",100+ bought in past month,Pepe Jeans,3.9 out of 5 stars 20  , FREE Delivery by Amazon
138,https://www.amazon.in/Jack-Jones-12225293-Dark-Blue-Denim_Dark/dp/B09WVQHBKD/ref=sr_1_207?crid=24IEEX0MBW072&dib=eyJ2IjoiMSJ9.5DloTxkKjsDpUGE-lQ4kZGe1J8iURqBnM51KAWVoNzDNw0COHKIjVxju9C0wutVr4Qi1r3VB8dsKMErurUGOgvI3Qnp46QhE9rtuzBphF5q-INtoraMCMSVhC81MJlkUyJAv39v-ASnSgqCjKbVWzVJn5Pq9rDiaPFNq3ULQP7-jnpYbFQ1C5END71jiN1HQKAPorqc8dACHuPTKCpI3YApBUi9kFcZ6kb9TJcnZE_V78WoDybRvrD4gnk0WYhS7rKjs2H64Rzn3eVZS01TT3rOywdKv3yKqkH1T79dxh5s.cB-xULLIHufBe0_yPz9ynLJ42KHbIUCrLm6r2Niz7D8&dib_tag=se&keywords=jeans&qid=1728139565&sprefix=jeans%2Caps%2C212&sr=8-207,Jack & Jones,"₹1,224₹1,224 M.R.P: ₹3,499₹3,499 (65% off)",M.R.P: ,Jack & Jones,4.5 out of 5 stars 12  , FREE Delivery by Amazon
139,https://www.amazon.in/Ben-Martin-White-Denim-Strechable/dp/B09X9M2GTK/ref=sr_1_208?crid=24IEEX0MBW072&dib=eyJ2IjoiMSJ9.5DloTxkKjsDpUGE-lQ4kZGe1J8iURqBnM51KAWVoNzDNw0COHKIjVxju9C0wutVr4Qi1r3VB8dsKMErurUGOgvI3Qnp46QhE9rtuzBphF5q-INtoraMCMSVhC81MJlkUyJAv39v-ASnSgqCjKbVWzVJn5Pq9rDiaPFNq3ULQP7-jnpYbFQ1C5END71jiN1HQKAPorqc8dACHuPTKCpI3YApBUi9kFcZ6kb9TJcnZE_V78WoDybRvrD4gnk0WYhS7rKjs2H64Rzn3eVZS01TT3rOywdKv3yKqkH1T79dxh5s.cB-xULLIHufBe0_yPz9ynLJ42KHbIUCrLm6r2Niz7D8&dib_tag=se&keywords=jeans&qid=1728139565&sprefix=jeans%2Caps%2C212&sr=8-208,Ben Martin,"₹499₹499 M.R.P: ₹2,999₹2,999 (83% off)",50+ bought in past month,Ben Martin,"3.6 out of 5 stars 3,421  ", FREE Delivery by Amazon
140,https://www.amazon.in/Amazon-Brand-Regular-IK-S22-DN-SS-07_Grey2-DS-Carpntr_32/dp/B09PLDFPVP/ref=sr_1_209?crid=24IEEX0MBW072&dib=eyJ2IjoiMSJ9.5DloTxkKjsDpUGE-lQ4kZGe1J8iURqBnM51KAWVoNzDNw0COHKIjVxju9C0wutVr4Qi1r3VB8dsKMErurUGOgvI3Qnp46QhE9rtuzBphF5q-INtoraMCMSVhC81MJlkUyJAv39v-ASnSgqCjKbVWzVJn5Pq9rDiaPFNq3ULQP7-jnpYbFQ1C5END71jiN1HQKAPorqc8dACHuPTKCpI3YApBUi9kFcZ6kb9TJcnZE_V78WoDybRvrD4gnk0WYhS7rKjs2H64Rzn3eVZS01TT3rOywdKv3yKqkH1T79dxh5s.cB-xULLIHufBe0_yPz9ynLJ42KHbIUCrLm6r2Niz7D8&dib_tag=se&keywords=jeans&qid=1728139565&sprefix=jeans%2Caps%2C212&sr=8-209,Amazon Brand - INKAST,"₹370.18₹370.18 M.R.P: ₹2,399₹2,399 (85% off)",M.R.P: ,Amazon Brand - INKAST,3.8 out of 5 stars 44  ,FREE Delivery by Amazon
141,https://www.amazon.in/KARGEENS-Stretchable-Casual-Stylish-k2532_Blue_34/dp/B0CV87X8XD/ref=sr_1_211?crid=24IEEX0MBW072&dib=eyJ2IjoiMSJ9.5DloTxkKjsDpUGE-lQ4kZGe1J8iURqBnM51KAWVoNzDNw0COHKIjVxju9C0wutVr4Qi1r3VB8dsKMErurUGOgvI3Qnp46QhE9rtuzBphF5q-INtoraMCMSVhC81MJlkUyJAv39v-ASnSgqCjKbVWzVJn5Pq9rDiaPFNq3ULQP7-jnpYbFQ1C5END71jiN1HQKAPorqc8dACHuPTKCpI3YApBUi9kFcZ6kb9TJcnZE_V78WoDybRvrD4gnk0WYhS7rKjs2H64Rzn3eVZS01TT3rOywdKv3yKqkH1T79dxh5s.cB-xULLIHufBe0_yPz9ynLJ42KHbIUCrLm6r2Niz7D8&dib_tag=se&keywords=jeans&qid=1728139565&sprefix=jeans%2Caps%2C212&sr=8-211,KARGEENS,"₹549₹549 M.R.P: ₹2,399₹2,399 (77% off)",M.R.P: ,KARGEENS,4.0 out of 5 stars 215  , FREE Delivery by Amazon
142,https://www.amazon.in/Neostreak-Mens-Jeans-neoepsjean-bla-Black_38/dp/B07L6YRFYT/ref=sr_1_212?crid=24IEEX0MBW072&dib=eyJ2IjoiMSJ9.5DloTxkKjsDpUGE-lQ4kZGe1J8iURqBnM51KAWVoNzDNw0COHKIjVxju9C0wutVr4Qi1r3VB8dsKMErurUGOgvI3Qnp46QhE9rtuzBphF5q-INtoraMCMSVhC81MJlkUyJAv39v-ASnSgqCjKbVWzVJn5Pq9rDiaPFNq3ULQP7-jnpYbFQ1C5END71jiN1HQKAPorqc8dACHuPTKCpI3YApBUi9kFcZ6kb9TJcnZE_V78WoDybRvrD4gnk0WYhS7rKjs2H64Rzn3eVZS01TT3rOywdKv3yKqkH1T79dxh5s.cB-xULLIHufBe0_yPz9ynLJ42KHbIUCrLm6r2Niz7D8&dib_tag=se&keywords=jeans&qid=1728139565&sprefix=jeans%2Caps%2C212&sr=8-212,Neostreak,"₹499₹499 M.R.P: ₹1,699₹1,699 (71% off)",M.R.P: ,Neostreak,"3.6 out of 5 stars 7,631  ", FREE Delivery by Amazon
143,https://www.amazon.in/sspa/click?ie=UTF8&spc=MTo2NTM4ODQwMzA2ODk1MzYwOjE3MjgxMzk1NjU6c3BfbXRmOjMwMDE0NzQ1NTIyMTczMjo6MDo6&url=%2FPepe-Jeans-Mens-Slim-PM207137Q073_Grey%2Fdp%2FB0BT7RZWWD%2Fref%3Dsr_1_213_sspa%3Fcrid%3D24IEEX0MBW072%26dib%3DeyJ2IjoiMSJ9.5DloTxkKjsDpUGE-lQ4kZGe1J8iURqBnM51KAWVoNzDNw0COHKIjVxju9C0wutVr4Qi1r3VB8dsKMErurUGOgvI3Qnp46QhE9rtuzBphF5q-INtoraMCMSVhC81MJlkUyJAv39v-ASnSgqCjKbVWzVJn5Pq9rDiaPFNq3ULQP7-jnpYbFQ1C5END71jiN1HQKAPorqc8dACHuPTKCpI3YApBUi9kFcZ6kb9TJcnZE_V78WoDybRvrD4gnk0WYhS7rKjs2H64Rzn3eVZS01TT3rOywdKv3yKqkH1T79dxh5s.cB-xULLIHufBe0_yPz9ynLJ42KHbIUCrLm6r2Niz7D8%26dib_tag%3Dse%26keywords%3Djeans%26qid%3D1728139565%26sprefix%3Djeans%252Caps%252C212%26sr%3D8-213-spons%26sp_csd%3Dd2lkZ2V0TmFtZT1zcF9tdGY%26psc%3D1,Pepe Jeans,"₹2,399₹2,399 M.R.P: ₹5,999₹5,999 (60% off)",M.R.P: ,Pepe Jeans,4.2 out of 5 stars 5  , FREE Delivery by Amazon
144,https://www.amazon.in/sspa/click?ie=UTF8&spc=MTo2NTM4ODQwMzA2ODk1MzYwOjE3MjgxMzk1NjU6c3BfbXRmOjMwMDI0NzY1MzM3MTYzMjo6MDo6&url=%2FPepe-Jeans-Mens-Pm206336g85_38-Blue%2Fdp%2FB097RMZM2H%2Fref%3Dsr_1_214_sspa%3Fcrid%3D24IEEX0MBW072%26dib%3DeyJ2IjoiMSJ9.5DloTxkKjsDpUGE-lQ4kZGe1J8iURqBnM51KAWVoNzDNw0COHKIjVxju9C0wutVr4Qi1r3VB8dsKMErurUGOgvI3Qnp46QhE9rtuzBphF5q-INtoraMCMSVhC81MJlkUyJAv39v-ASnSgqCjKbVWzVJn5Pq9rDiaPFNq3ULQP7-jnpYbFQ1C5END71jiN1HQKAPorqc8dACHuPTKCpI3YApBUi9kFcZ6kb9TJcnZE_V78WoDybRvrD4gnk0WYhS7rKjs2H64Rzn3eVZS01TT3rOywdKv3yKqkH1T79dxh5s.cB-xULLIHufBe0_yPz9ynLJ42KHbIUCrLm6r2Niz7D8%26dib_tag%3Dse%26keywords%3Djeans%26qid%3D1728139565%26sprefix%3Djeans%252Caps%252C212%26sr%3D8-214-spons%26sp_csd%3Dd2lkZ2V0TmFtZT1zcF9tdGY%26psc%3D1,Pepe Jeans,"₹1,569₹1,569 M.R.P: ₹3,799₹3,799 (59% off)",M.R.P: ,Pepe Jeans,1.0 out of 5 stars 1  , FREE Delivery by Amazon
145,https://www.amazon.in/sspa/click?ie=UTF8&spc=MTo2NTM4ODQwMzA2ODk1MzYwOjE3MjgxMzk1NjU6c3BfbXRmOjMwMDE0NzQzMjc2NDQzMjo6MDo6&url=%2FPepe-Jeans-Mens-PM206827Q05_Light-Used_32%2Fdp%2FB0B7B5BPFC%2Fref%3Dsr_1_215_sspa%3Fcrid%3D24IEEX0MBW072%26dib%3DeyJ2IjoiMSJ9.5DloTxkKjsDpUGE-lQ4kZGe1J8iURqBnM51KAWVoNzDNw0COHKIjVxju9C0wutVr4Qi1r3VB8dsKMErurUGOgvI3Qnp46QhE9rtuzBphF5q-INtoraMCMSVhC81MJlkUyJAv39v-ASnSgqCjKbVWzVJn5Pq9rDiaPFNq3ULQP7-jnpYbFQ1C5END71jiN1HQKAPorqc8dACHuPTKCpI3YApBUi9kFcZ6kb9TJcnZE_V78WoDybRvrD4gnk0WYhS7rKjs2H64Rzn3eVZS01TT3rOywdKv3yKqkH1T79dxh5s.cB-xULLIHufBe0_yPz9ynLJ42KHbIUCrLm6r2Niz7D8%26dib_tag%3Dse%26keywords%3Djeans%26qid%3D1728139565%26sprefix%3Djeans%252Caps%252C212%26sr%3D8-215-spons%26sp_csd%3Dd2lkZ2V0TmFtZT1zcF9tdGY%26psc%3D1,Pepe Jeans,"₹1,299₹1,299 M.R.P: ₹3,599₹3,599 (64% off)",50+ bought in past month,Pepe Jeans,3.7 out of 5 stars 105  , FREE Delivery by Amazon
146,https://www.amazon.in/sspa/click?ie=UTF8&spc=MTo2NTM4ODQwMzA2ODk1MzYwOjE3MjgxMzk1NjU6c3BfbXRmOjMwMDI2MDg3ODIyNjczMjo6MDo6&url=%2FPepe-Jeans-Mens-Slim-PM207431Q031_Dark%2Fdp%2FB0CG9P1NJ6%2Fref%3Dsr_1_216_sspa%3Fcrid%3D24IEEX0MBW072%26dib%3DeyJ2IjoiMSJ9.5DloTxkKjsDpUGE-lQ4kZGe1J8iURqBnM51KAWVoNzDNw0COHKIjVxju9C0wutVr4Qi1r3VB8dsKMErurUGOgvI3Qnp46QhE9rtuzBphF5q-INtoraMCMSVhC81MJlkUyJAv39v-ASnSgqCjKbVWzVJn5Pq9rDiaPFNq3ULQP7-jnpYbFQ1C5END71jiN1HQKAPorqc8dACHuPTKCpI3YApBUi9kFcZ6kb9TJcnZE_V78WoDybRvrD4gnk0WYhS7rKjs2H64Rzn3eVZS01TT3rOywdKv3yKqkH1T79dxh5s.cB-xULLIHufBe0_yPz9ynLJ42KHbIUCrLm6r2Niz7D8%26dib_tag%3Dse%26keywords%3Djeans%26qid%3D1728139565%26sprefix%3Djeans%252Caps%252C212%26sr%3D8-216-spons%26sp_csd%3Dd2lkZ2V0TmFtZT1zcF9tdGY%26psc%3D1,Pepe Jeans,"₹1,699₹1,699 M.R.P: ₹3,399₹3,399 (50% off)",M.R.P: ,Pepe Jeans,4.1 out of 5 stars 24  , FREE Delivery by Amazon
147,https://www.amazon.in/AKA-CHIC-AKCB-1322_Mid-Stone_34/dp/B07P7FW5W4/ref=sr_1_218?crid=24IEEX0MBW072&dib=eyJ2IjoiMSJ9.5DloTxkKjsDpUGE-lQ4kZGe1J8iURqBnM51KAWVoNzDNw0COHKIjVxju9C0wutVr4Qi1r3VB8dsKMErurUGOgvI3Qnp46QhE9rtuzBphF5q-INtoraMCMSVhC81MJlkUyJAv39v-ASnSgqCjKbVWzVJn5Pq9rDiaPFNq3ULQP7-jnpYbFQ1C5END71jiN1HQKAPorqc8dACHuPTKCpI3YApBUi9kFcZ6kb9TJcnZE_V78WoDybRvrD4gnk0WYhS7rKjs2H64Rzn3eVZS01TT3rOywdKv3yKqkH1T79dxh5s.cB-xULLIHufBe0_yPz9ynLJ42KHbIUCrLm6r2Niz7D8&dib_tag=se&keywords=jeans&qid=1728139565&sprefix=jeans%2Caps%2C212&sr=8-218,AKA CHIC,"₹719₹719 M.R.P: ₹1,999₹1,999 (64% off)",100+ bought in past month,AKA CHIC,"4.0 out of 5 stars 2,067  ", FREE Delivery by Amazon
148,https://www.amazon.in/Pepe-Jeans-Straight-PM206826Q03_Dark-Used_36/dp/B0B7B6YGF2/ref=sr_1_219?crid=24IEEX0MBW072&dib=eyJ2IjoiMSJ9.5DloTxkKjsDpUGE-lQ4kZGe1J8iURqBnM51KAWVoNzDNw0COHKIjVxju9C0wutVr4Qi1r3VB8dsKMErurUGOgvI3Qnp46QhE9rtuzBphF5q-INtoraMCMSVhC81MJlkUyJAv39v-ASnSgqCjKbVWzVJn5Pq9rDiaPFNq3ULQP7-jnpYbFQ1C5END71jiN1HQKAPorqc8dACHuPTKCpI3YApBUi9kFcZ6kb9TJcnZE_V78WoDybRvrD4gnk0WYhS7rKjs2H64Rzn3eVZS01TT3rOywdKv3yKqkH1T79dxh5s.cB-xULLIHufBe0_yPz9ynLJ42KHbIUCrLm6r2Niz7D8&dib_tag=se&keywords=jeans&qid=1728139565&sprefix=jeans%2Caps%2C212&sr=8-219,Pepe Jeans,"₹899₹899 M.R.P: ₹3,799₹3,799 (76% off)",50+ bought in past month,Pepe Jeans,3.8 out of 5 stars 26  ,FREE Delivery by Amazon
149,https://www.amazon.in/Pepe-Jeans-Regular-PM207915Q032_Dark-Indigo/dp/B0CW9QQ1QN/ref=sr_1_220?crid=24IEEX0MBW072&dib=eyJ2IjoiMSJ9.5DloTxkKjsDpUGE-lQ4kZGe1J8iURqBnM51KAWVoNzDNw0COHKIjVxju9C0wutVr4Qi1r3VB8dsKMErurUGOgvI3Qnp46QhE9rtuzBphF5q-INtoraMCMSVhC81MJlkUyJAv39v-ASnSgqCjKbVWzVJn5Pq9rDiaPFNq3ULQP7-jnpYbFQ1C5END71jiN1HQKAPorqc8dACHuPTKCpI3YApBUi9kFcZ6kb9TJcnZE_V78WoDybRvrD4gnk0WYhS7rKjs2H64Rzn3eVZS01TT3rOywdKv3yKqkH1T79dxh5s.cB-xULLIHufBe0_yPz9ynLJ42KHbIUCrLm6r2Niz7D8&dib_tag=se&keywords=jeans&qid=1728139565&sprefix=jeans%2Caps%2C212&sr=8-220,Pepe Jeans,"₹1,139₹1,139 M.R.P: ₹3,799₹3,799 (70% off)",M.R.P: ,Pepe Jeans,5.0 out of 5 stars 5  , FREE Delivery by Amazon
150,https://www.amazon.in/Miss-Chase-Regular-Stretchable-MCSS24DEN79-03-82-34/dp/B0CXTJYMZK/ref=sr_1_221?crid=24IEEX0MBW072&dib=eyJ2IjoiMSJ9.5DloTxkKjsDpUGE-lQ4kZGe1J8iURqBnM51KAWVoNzDNw0COHKIjVxju9C0wutVr4Qi1r3VB8dsKMErurUGOgvI3Qnp46QhE9rtuzBphF5q-INtoraMCMSVhC81MJlkUyJAv39v-ASnSgqCjKbVWzVJn5Pq9rDiaPFNq3ULQP7-jnpYbFQ1C5END71jiN1HQKAPorqc8dACHuPTKCpI3YApBUi9kFcZ6kb9TJcnZE_V78WoDybRvrD4gnk0WYhS7rKjs2H64Rzn3eVZS01TT3rOywdKv3yKqkH1T79dxh5s.cB-xULLIHufBe0_yPz9ynLJ42KHbIUCrLm6r2Niz7D8&dib_tag=se&keywords=jeans&qid=1728139565&sprefix=jeans%2Caps%2C212&sr=8-221,Miss Chase,"₹979₹979 M.R.P: ₹2,499₹2,499 (61% off)",50+ bought in past month,Miss Chase,3.9 out of 5 stars 70  , FREE Delivery by Amazon
151,https://www.amazon.in/Ben-Martin-Regular-Black-36-BM-OD-36/dp/B098L7YYPB/ref=sr_1_222?crid=24IEEX0MBW072&dib=eyJ2IjoiMSJ9.5DloTxkKjsDpUGE-lQ4kZGe1J8iURqBnM51KAWVoNzDNw0COHKIjVxju9C0wutVr4Qi1r3VB8dsKMErurUGOgvI3Qnp46QhE9rtuzBphF5q-INtoraMCMSVhC81MJlkUyJAv39v-ASnSgqCjKbVWzVJn5Pq9rDiaPFNq3ULQP7-jnpYbFQ1C5END71jiN1HQKAPorqc8dACHuPTKCpI3YApBUi9kFcZ6kb9TJcnZE_V78WoDybRvrD4gnk0WYhS7rKjs2H64Rzn3eVZS01TT3rOywdKv3yKqkH1T79dxh5s.cB-xULLIHufBe0_yPz9ynLJ42KHbIUCrLm6r2Niz7D8&dib_tag=se&keywords=jeans&qid=1728139565&sprefix=jeans%2Caps%2C212&sr=8-222,Ben Martin,"₹449₹449 M.R.P: ₹2,999₹2,999 (85% off)",M.R.P: ,Ben Martin,3.6 out of 5 stars 431  ,FREE Delivery by Amazon
152,https://www.amazon.in/Miss-Chase-Womens-Stretchable-MCAW18DEN02-79-71-34/dp/B0C654TJKW/ref=sr_1_223?crid=24IEEX0MBW072&dib=eyJ2IjoiMSJ9.5DloTxkKjsDpUGE-lQ4kZGe1J8iURqBnM51KAWVoNzDNw0COHKIjVxju9C0wutVr4Qi1r3VB8dsKMErurUGOgvI3Qnp46QhE9rtuzBphF5q-INtoraMCMSVhC81MJlkUyJAv39v-ASnSgqCjKbVWzVJn5Pq9rDiaPFNq3ULQP7-jnpYbFQ1C5END71jiN1HQKAPorqc8dACHuPTKCpI3YApBUi9kFcZ6kb9TJcnZE_V78WoDybRvrD4gnk0WYhS7rKjs2H64Rzn3eVZS01TT3rOywdKv3yKqkH1T79dxh5s.cB-xULLIHufBe0_yPz9ynLJ42KHbIUCrLm6r2Niz7D8&dib_tag=se&keywords=jeans&qid=1728139565&sprefix=jeans%2Caps%2C212&sr=8-223,Miss Chase,"₹796₹796 M.R.P: ₹1,949₹1,949 (59% off)",50+ bought in past month,Miss Chase,"3.9 out of 5 stars 2,139  ", FREE Delivery by Amazon
153,https://www.amazon.in/Amazon-Brand-Symbol-SS20-NS-SY-SK01_Jet-Black_34W/dp/B085J7BK52/ref=sr_1_225?crid=24IEEX0MBW072&dib=eyJ2IjoiMSJ9.5DloTxkKjsDpUGE-lQ4kZGe1J8iURqBnM51KAWVoNzDNw0COHKIjVxju9C0wutVr4Qi1r3VB8dsKMErurUGOgvI3Qnp46QhE9rtuzBphF5q-INtoraMCMSVhC81MJlkUyJAv39v-ASnSgqCjKbVWzVJn5Pq9rDiaPFNq3ULQP7-jnpYbFQ1C5END71jiN1HQKAPorqc8dACHuPTKCpI3YApBUi9kFcZ6kb9TJcnZE_V78WoDybRvrD4gnk0WYhS7rKjs2H64Rzn3eVZS01TT3rOywdKv3yKqkH1T79dxh5s.cB-xULLIHufBe0_yPz9ynLJ42KHbIUCrLm6r2Niz7D8&dib_tag=se&keywords=jeans&qid=1728139565&sprefix=jeans%2Caps%2C212&sr=8-225,Amazon Brand - Symbol,"₹669₹669 M.R.P: ₹2,399₹2,399 (72% off)",50+ bought in past month,Amazon Brand - Symbol,"3.7 out of 5 stars 1,365  ", FREE Delivery by Amazon
154,https://www.amazon.in/Amazon-Brand-Symbol-Womens-SYM-AW22WJNS-902_Lt/dp/B0BP7DZZ4J/ref=sr_1_226?crid=24IEEX0MBW072&dib=eyJ2IjoiMSJ9.5DloTxkKjsDpUGE-lQ4kZGe1J8iURqBnM51KAWVoNzDNw0COHKIjVxju9C0wutVr4Qi1r3VB8dsKMErurUGOgvI3Qnp46QhE9rtuzBphF5q-INtoraMCMSVhC81MJlkUyJAv39v-ASnSgqCjKbVWzVJn5Pq9rDiaPFNq3ULQP7-jnpYbFQ1C5END71jiN1HQKAPorqc8dACHuPTKCpI3YApBUi9kFcZ6kb9TJcnZE_V78WoDybRvrD4gnk0WYhS7rKjs2H64Rzn3eVZS01TT3rOywdKv3yKqkH1T79dxh5s.cB-xULLIHufBe0_yPz9ynLJ42KHbIUCrLm6r2Niz7D8&dib_tag=se&keywords=jeans&qid=1728139565&sprefix=jeans%2Caps%2C212&sr=8-226,Amazon Brand - Symbol,"₹699₹699 M.R.P: ₹2,599₹2,599 (73% off)",50+ bought in past month,Amazon Brand - Symbol,4.0 out of 5 stars 264  , FREE Delivery by Amazon
155,https://www.amazon.in/Diverse-Mens-Relaxed-Jeans-DCMDT03RC14L31-2H_Indigo_38/dp/B07WJFB4M7/ref=sr_1_227?crid=24IEEX0MBW072&dib=eyJ2IjoiMSJ9.5DloTxkKjsDpUGE-lQ4kZGe1J8iURqBnM51KAWVoNzDNw0COHKIjVxju9C0wutVr4Qi1r3VB8dsKMErurUGOgvI3Qnp46QhE9rtuzBphF5q-INtoraMCMSVhC81MJlkUyJAv39v-ASnSgqCjKbVWzVJn5Pq9rDiaPFNq3ULQP7-jnpYbFQ1C5END71jiN1HQKAPorqc8dACHuPTKCpI3YApBUi9kFcZ6kb9TJcnZE_V78WoDybRvrD4gnk0WYhS7rKjs2H64Rzn3eVZS01TT3rOywdKv3yKqkH1T79dxh5s.cB-xULLIHufBe0_yPz9ynLJ42KHbIUCrLm6r2Niz7D8&dib_tag=se&keywords=jeans&qid=1728139565&sprefix=jeans%2Caps%2C212&sr=8-227,Diverse,"₹399₹399 M.R.P: ₹1,499₹1,499 (73% off)",M.R.P: ,Diverse,3.8 out of 5 stars 5  ,FREE Delivery by Amazon
156,https://www.amazon.in/Amazon-Brand-Symbol-SS20-NS-SY-SL01_Jet-Black_30W/dp/B085J6RML4/ref=sr_1_228?crid=24IEEX0MBW072&dib=eyJ2IjoiMSJ9.5DloTxkKjsDpUGE-lQ4kZGe1J8iURqBnM51KAWVoNzDNw0COHKIjVxju9C0wutVr4Qi1r3VB8dsKMErurUGOgvI3Qnp46QhE9rtuzBphF5q-INtoraMCMSVhC81MJlkUyJAv39v-ASnSgqCjKbVWzVJn5Pq9rDiaPFNq3ULQP7-jnpYbFQ1C5END71jiN1HQKAPorqc8dACHuPTKCpI3YApBUi9kFcZ6kb9TJcnZE_V78WoDybRvrD4gnk0WYhS7rKjs2H64Rzn3eVZS01TT3rOywdKv3yKqkH1T79dxh5s.cB-xULLIHufBe0_yPz9ynLJ42KHbIUCrLm6r2Niz7D8&dib_tag=se&keywords=jeans&qid=1728139565&sprefix=jeans%2Caps%2C212&sr=8-228,Amazon Brand - Symbol,"₹669₹669 M.R.P: ₹2,399₹2,399 (72% off)",M.R.P: ,Amazon Brand - Symbol,"3.6 out of 5 stars 2,159  ", FREE Delivery by Amazon
157,https://www.amazon.in/RAGZO-Brown-Jeans-Pant-Stretchable/dp/B09PGB89LP/ref=sr_1_229?crid=24IEEX0MBW072&dib=eyJ2IjoiMSJ9.5DloTxkKjsDpUGE-lQ4kZGe1J8iURqBnM51KAWVoNzDNw0COHKIjVxju9C0wutVr4Qi1r3VB8dsKMErurUGOgvI3Qnp46QhE9rtuzBphF5q-INtoraMCMSVhC81MJlkUyJAv39v-ASnSgqCjKbVWzVJn5Pq9rDiaPFNq3ULQP7-jnpYbFQ1C5END71jiN1HQKAPorqc8dACHuPTKCpI3YApBUi9kFcZ6kb9TJcnZE_V78WoDybRvrD4gnk0WYhS7rKjs2H64Rzn3eVZS01TT3rOywdKv3yKqkH1T79dxh5s.cB-xULLIHufBe0_yPz9ynLJ42KHbIUCrLm6r2Niz7D8&dib_tag=se&keywords=jeans&qid=1728139565&sprefix=jeans%2Caps%2C212&sr=8-229,RAGZO,"₹595₹595 M.R.P: ₹2,399₹2,399 (75% off)",M.R.P: ,RAGZO,3.6 out of 5 stars 183  , FREE Delivery by Amazon
158,https://www.amazon.in/KOTTY-Womens-Regular-Black-Jeans/dp/B0CQFCMM51/ref=sr_1_230?crid=24IEEX0MBW072&dib=eyJ2IjoiMSJ9.5DloTxkKjsDpUGE-lQ4kZGe1J8iURqBnM51KAWVoNzDNw0COHKIjVxju9C0wutVr4Qi1r3VB8dsKMErurUGOgvI3Qnp46QhE9rtuzBphF5q-INtoraMCMSVhC81MJlkUyJAv39v-ASnSgqCjKbVWzVJn5Pq9rDiaPFNq3ULQP7-jnpYbFQ1C5END71jiN1HQKAPorqc8dACHuPTKCpI3YApBUi9kFcZ6kb9TJcnZE_V78WoDybRvrD4gnk0WYhS7rKjs2H64Rzn3eVZS01TT3rOywdKv3yKqkH1T79dxh5s.cB-xULLIHufBe0_yPz9ynLJ42KHbIUCrLm6r2Niz7D8&dib_tag=se&keywords=jeans&qid=1728139565&sprefix=jeans%2Caps%2C212&sr=8-230,KOTTY,"₹442₹442 M.R.P: ₹1,999₹1,999 (78% off)",50+ bought in past month,KOTTY,3.2 out of 5 stars 44  ,FREE Delivery by Amazon
159,https://www.amazon.in/Levis-Mens-Jeans-18298-1266_Mid-Indigo_30/dp/B09Z77GLDX/ref=sr_1_231?crid=24IEEX0MBW072&dib=eyJ2IjoiMSJ9.5DloTxkKjsDpUGE-lQ4kZGe1J8iURqBnM51KAWVoNzDNw0COHKIjVxju9C0wutVr4Qi1r3VB8dsKMErurUGOgvI3Qnp46QhE9rtuzBphF5q-INtoraMCMSVhC81MJlkUyJAv39v-ASnSgqCjKbVWzVJn5Pq9rDiaPFNq3ULQP7-jnpYbFQ1C5END71jiN1HQKAPorqc8dACHuPTKCpI3YApBUi9kFcZ6kb9TJcnZE_V78WoDybRvrD4gnk0WYhS7rKjs2H64Rzn3eVZS01TT3rOywdKv3yKqkH1T79dxh5s.cB-xULLIHufBe0_yPz9ynLJ42KHbIUCrLm6r2Niz7D8&dib_tag=se&keywords=jeans&qid=1728139565&sprefix=jeans%2Caps%2C212&sr=8-231,Levi's,"₹1,049₹1,049 M.R.P: ₹2,999₹2,999 (65% off)",50+ bought in past month,Levi's,3.7 out of 5 stars 154  , FREE Delivery by Amazon
160,https://www.amazon.in/GRECIILOOKS-Womens-Regular-Jeans-GL-DJ-01_Black/dp/B0C9QCWLQH/ref=sr_1_232?crid=24IEEX0MBW072&dib=eyJ2IjoiMSJ9.5DloTxkKjsDpUGE-lQ4kZGe1J8iURqBnM51KAWVoNzDNw0COHKIjVxju9C0wutVr4Qi1r3VB8dsKMErurUGOgvI3Qnp46QhE9rtuzBphF5q-INtoraMCMSVhC81MJlkUyJAv39v-ASnSgqCjKbVWzVJn5Pq9rDiaPFNq3ULQP7-jnpYbFQ1C5END71jiN1HQKAPorqc8dACHuPTKCpI3YApBUi9kFcZ6kb9TJcnZE_V78WoDybRvrD4gnk0WYhS7rKjs2H64Rzn3eVZS01TT3rOywdKv3yKqkH1T79dxh5s.cB-xULLIHufBe0_yPz9ynLJ42KHbIUCrLm6r2Niz7D8&dib_tag=se&keywords=jeans&qid=1728139565&sprefix=jeans%2Caps%2C212&sr=8-232,GRECIILOOKS,"₹499₹499 M.R.P: ₹2,299₹2,299 (78% off)",100+ bought in past month,GRECIILOOKS,3.8 out of 5 stars 597  , FREE Delivery by Amazon
161,https://www.amazon.in/Pepe-Jeans-Mens-PM207440S643_Dark-Green/dp/B0CJ9NDRDJ/ref=sr_1_233?crid=24IEEX0MBW072&dib=eyJ2IjoiMSJ9.5DloTxkKjsDpUGE-lQ4kZGe1J8iURqBnM51KAWVoNzDNw0COHKIjVxju9C0wutVr4Qi1r3VB8dsKMErurUGOgvI3Qnp46QhE9rtuzBphF5q-INtoraMCMSVhC81MJlkUyJAv39v-ASnSgqCjKbVWzVJn5Pq9rDiaPFNq3ULQP7-jnpYbFQ1C5END71jiN1HQKAPorqc8dACHuPTKCpI3YApBUi9kFcZ6kb9TJcnZE_V78WoDybRvrD4gnk0WYhS7rKjs2H64Rzn3eVZS01TT3rOywdKv3yKqkH1T79dxh5s.cB-xULLIHufBe0_yPz9ynLJ42KHbIUCrLm6r2Niz7D8&dib_tag=se&keywords=jeans&qid=1728139565&sprefix=jeans%2Caps%2C212&sr=8-233,Pepe Jeans,"₹1,799₹1,799 M.R.P: ₹3,599₹3,599 (50% off)",M.R.P: ,Pepe Jeans,5.0 out of 5 stars 1  , FREE Delivery by Amazon
162,https://www.amazon.in/Levis-Womens-Skinny-21306-0553_Dark-Indigo_34/dp/B09Z78WMRD/ref=sr_1_234?crid=24IEEX0MBW072&dib=eyJ2IjoiMSJ9.5DloTxkKjsDpUGE-lQ4kZGe1J8iURqBnM51KAWVoNzDNw0COHKIjVxju9C0wutVr4Qi1r3VB8dsKMErurUGOgvI3Qnp46QhE9rtuzBphF5q-INtoraMCMSVhC81MJlkUyJAv39v-ASnSgqCjKbVWzVJn5Pq9rDiaPFNq3ULQP7-jnpYbFQ1C5END71jiN1HQKAPorqc8dACHuPTKCpI3YApBUi9kFcZ6kb9TJcnZE_V78WoDybRvrD4gnk0WYhS7rKjs2H64Rzn3eVZS01TT3rOywdKv3yKqkH1T79dxh5s.cB-xULLIHufBe0_yPz9ynLJ42KHbIUCrLm6r2Niz7D8&dib_tag=se&keywords=jeans&qid=1728139565&sprefix=jeans%2Caps%2C212&sr=8-234,Levi's,"₹815₹815 M.R.P: ₹2,599₹2,599 (69% off)",100+ bought in past month,Levi's,3.9 out of 5 stars 319  , FREE Delivery by Amazon
163,https://www.amazon.in/Wrangler-Mens-Fitted-Jeans-WMJN006808_Blue/dp/B0CKT6TQVJ/ref=sr_1_235?crid=24IEEX0MBW072&dib=eyJ2IjoiMSJ9.5DloTxkKjsDpUGE-lQ4kZGe1J8iURqBnM51KAWVoNzDNw0COHKIjVxju9C0wutVr4Qi1r3VB8dsKMErurUGOgvI3Qnp46QhE9rtuzBphF5q-INtoraMCMSVhC81MJlkUyJAv39v-ASnSgqCjKbVWzVJn5Pq9rDiaPFNq3ULQP7-jnpYbFQ1C5END71jiN1HQKAPorqc8dACHuPTKCpI3YApBUi9kFcZ6kb9TJcnZE_V78WoDybRvrD4gnk0WYhS7rKjs2H64Rzn3eVZS01TT3rOywdKv3yKqkH1T79dxh5s.cB-xULLIHufBe0_yPz9ynLJ42KHbIUCrLm6r2Niz7D8&dib_tag=se&keywords=jeans&qid=1728139565&sprefix=jeans%2Caps%2C212&sr=8-235,Wrangler,"₹1,439₹1,439 M.R.P: ₹3,199₹3,199 (55% off)",M.R.P: ,Wrangler,4.5 out of 5 stars 2  , FREE Delivery by Amazon
164,https://www.amazon.in/INKD-Mens-Jeans-INKSS23MJN-006_Black-Whack_32/dp/B0C1GSJH7M/ref=sr_1_236?crid=24IEEX0MBW072&dib=eyJ2IjoiMSJ9.5DloTxkKjsDpUGE-lQ4kZGe1J8iURqBnM51KAWVoNzDNw0COHKIjVxju9C0wutVr4Qi1r3VB8dsKMErurUGOgvI3Qnp46QhE9rtuzBphF5q-INtoraMCMSVhC81MJlkUyJAv39v-ASnSgqCjKbVWzVJn5Pq9rDiaPFNq3ULQP7-jnpYbFQ1C5END71jiN1HQKAPorqc8dACHuPTKCpI3YApBUi9kFcZ6kb9TJcnZE_V78WoDybRvrD4gnk0WYhS7rKjs2H64Rzn3eVZS01TT3rOywdKv3yKqkH1T79dxh5s.cB-xULLIHufBe0_yPz9ynLJ42KHbIUCrLm6r2Niz7D8&dib_tag=se&keywords=jeans&qid=1728139565&sprefix=jeans%2Caps%2C212&sr=8-236,INKD,"₹749₹749 M.R.P: ₹2,199₹2,199 (66% off)",M.R.P: ,INKD,4.0 out of 5 stars 134  , FREE Delivery by Amazon
165,https://www.amazon.in/Ben-Martin-Regular-Denim-BMWJJ-27-BLK36/dp/B01M63LRKD/ref=sr_1_237?crid=24IEEX0MBW072&dib=eyJ2IjoiMSJ9.5DloTxkKjsDpUGE-lQ4kZGe1J8iURqBnM51KAWVoNzDNw0COHKIjVxju9C0wutVr4Qi1r3VB8dsKMErurUGOgvI3Qnp46QhE9rtuzBphF5q-INtoraMCMSVhC81MJlkUyJAv39v-ASnSgqCjKbVWzVJn5Pq9rDiaPFNq3ULQP7-jnpYbFQ1C5END71jiN1HQKAPorqc8dACHuPTKCpI3YApBUi9kFcZ6kb9TJcnZE_V78WoDybRvrD4gnk0WYhS7rKjs2H64Rzn3eVZS01TT3rOywdKv3yKqkH1T79dxh5s.cB-xULLIHufBe0_yPz9ynLJ42KHbIUCrLm6r2Niz7D8&dib_tag=se&keywords=jeans&qid=1728139565&sprefix=jeans%2Caps%2C212&sr=8-237,Ben Martin,"₹499₹499 M.R.P: ₹2,499₹2,499 (80% off)",M.R.P: ,Ben Martin,"3.7 out of 5 stars 2,869  ", FREE Delivery by Amazon
166,https://www.amazon.in/Amazon-Brand-Inkast-DNM-ART010_Dk-Blue_32/dp/B085D5H1M6/ref=sr_1_238?crid=24IEEX0MBW072&dib=eyJ2IjoiMSJ9.5DloTxkKjsDpUGE-lQ4kZGe1J8iURqBnM51KAWVoNzDNw0COHKIjVxju9C0wutVr4Qi1r3VB8dsKMErurUGOgvI3Qnp46QhE9rtuzBphF5q-INtoraMCMSVhC81MJlkUyJAv39v-ASnSgqCjKbVWzVJn5Pq9rDiaPFNq3ULQP7-jnpYbFQ1C5END71jiN1HQKAPorqc8dACHuPTKCpI3YApBUi9kFcZ6kb9TJcnZE_V78WoDybRvrD4gnk0WYhS7rKjs2H64Rzn3eVZS01TT3rOywdKv3yKqkH1T79dxh5s.cB-xULLIHufBe0_yPz9ynLJ42KHbIUCrLm6r2Niz7D8&dib_tag=se&keywords=jeans&qid=1728139565&sprefix=jeans%2Caps%2C212&sr=8-238,Amazon Brand - INKAST,"₹369₹369 M.R.P: ₹1,999₹1,999 (82% off)",50+ bought in past month,Amazon Brand - INKAST,4.0 out of 5 stars 88  ,FREE Delivery by Amazon
167,https://www.amazon.in/sspa/click?ie=UTF8&spc=MToyMjYwMDIzODkxMDMzNjU6MTcyODEzOTUyODpzcF9hdGY6MzAwMTU5MzIxMzUwOTMyOjowOjo&url=%2FLevis-Mens-Slim-Jeans-A7087-0126_Blue%2Fdp%2FB0C6QXRF1R%2Fref%3Dsr_1_4_sspa%3Fcrid%3D24IEEX0MBW072%26dib%3DeyJ2IjoiMSJ9.loW9tDrkb73dvNPalTNrmPld8m7huH6cF5g_YkNmEAm9qODA-taMg5ibmmJXAdn3w18_Ama_S4836s1iM1YtBIdpk_a88sovlz0jYKb8UgeyxfvDd1yNA7BrvReQL8dHeTsmBCUr4vG9wTfYE_IXjcEtx4Z9Yg_WV3zVa7cZhyV3SPxEo2p1Htxigkn7RWNyKzINhtwKuJdv5R3jaMrGucUaA8BClw9zNNqjHAMpciugupuFm20Jj8eOG6lU42dRYTXf80v8ApAF0EChkl1-KMQjfTn99KKJ17d9OvtZONs.gM2UxYQACutxLYDMZ0XW9AekUQGSbRmRfPruooS2c3Q%26dib_tag%3Dse%26keywords%3Djeans%26qid%3D1728139528%26sprefix%3Djeans%252Caps%252C212%26sr%3D8-4-spons%26sp_csd%3Dd2lkZ2V0TmFtZT1zcF9hdGY%26psc%3D1,Levi's,"₹1,349₹1,349 M.R.P: ₹2,999₹2,999 (55% off)",M.R.P: ,Levi's,3.7 out of 5 stars 586  , FREE Delivery by Amazon
168,https://www.amazon.in/Lymio-Jeans-Pants-Denim-Jeans-06-07-08/dp/B0D16YLQ61/ref=sr_1_27?crid=24IEEX0MBW072&dib=eyJ2IjoiMSJ9.loW9tDrkb73dvNPalTNrmPld8m7huH6cF5g_YkNmEAm9qODA-taMg5ibmmJXAdn3w18_Ama_S4836s1iM1YtBIdpk_a88sovlz0jYKb8UgeyxfvDd1yNA7BrvReQL8dHeTsmBCUr4vG9wTfYE_IXjcEtx4Z9Yg_WV3zVa7cZhyV3SPxEo2p1Htxigkn7RWNyKzINhtwKuJdv5R3jaMrGucUaA8BClw9zNNqjHAMpciugupuFm20Jj8eOG6lU42dRYTXf80v8ApAF0EChkl1-KMQjfTn99KKJ17d9OvtZONs.gM2UxYQACutxLYDMZ0XW9AekUQGSbRmRfPruooS2c3Q&dib_tag=se&keywords=jeans&qid=1728139528&sprefix=jeans%2Caps%2C212&sr=8-27,Lymio,"₹599₹599 M.R.P: ₹4,999₹4,999 (88% off)",1K+ bought in past month,Lymio,3.7 out of 5 stars 944  , FREE Delivery by Amazon
169,https://www.amazon.in/Levis-Mens-Slim-Jeans-A7710-0020_Black/dp/B0CQ8R8B6M/ref=sr_1_240?crid=24IEEX0MBW072&dib=eyJ2IjoiMSJ9.5DloTxkKjsDpUGE-lQ4kZGe1J8iURqBnM51KAWVoNzDNw0COHKIjVxju9C0wutVr4Qi1r3VB8dsKMErurUGOgvI3Qnp46QhE9rtuzBphF5q-INtoraMCMSVhC81MJlkUyJAv39v-ASnSgqCjKbVWzVJn5Pq9rDiaPFNq3ULQP7-jnpYbFQ1C5END71jiN1HQKAPorqc8dACHuPTKCpI3YApBUi9kFcZ6kb9TJcnZE_V78WoDybRvrD4gnk0WYhS7rKjs2H64Rzn3eVZS01TT3rOywdKv3yKqkH1T79dxh5s.cB-xULLIHufBe0_yPz9ynLJ42KHbIUCrLm6r2Niz7D8&dib_tag=se&keywords=jeans&qid=1728139565&sprefix=jeans%2Caps%2C212&sr=8-240,Levi's,"₹2,429₹2,429 M.R.P: ₹2,899₹2,899 (16% off)",M.R.P: ,Levi's,4.0 out of 5 stars 16  , FREE Delivery by Amazon
170,https://www.amazon.in/Levis-Womens-Regular-Jeans-A7092-0007_Blue/dp/B0C6QWDFLK/ref=sr_1_241?crid=24IEEX0MBW072&dib=eyJ2IjoiMSJ9.5DloTxkKjsDpUGE-lQ4kZGe1J8iURqBnM51KAWVoNzDNw0COHKIjVxju9C0wutVr4Qi1r3VB8dsKMErurUGOgvI3Qnp46QhE9rtuzBphF5q-INtoraMCMSVhC81MJlkUyJAv39v-ASnSgqCjKbVWzVJn5Pq9rDiaPFNq3ULQP7-jnpYbFQ1C5END71jiN1HQKAPorqc8dACHuPTKCpI3YApBUi9kFcZ6kb9TJcnZE_V78WoDybRvrD4gnk0WYhS7rKjs2H64Rzn3eVZS01TT3rOywdKv3yKqkH1T79dxh5s.cB-xULLIHufBe0_yPz9ynLJ42KHbIUCrLm6r2Niz7D8&dib_tag=se&keywords=jeans&qid=1728139565&sprefix=jeans%2Caps%2C212&sr=8-241,Levi's,"₹1,341₹1,341 M.R.P: ₹2,999₹2,999 (55% off)",100+ bought in past month,Levi's,3.9 out of 5 stars 20  , FREE Delivery by Amazon
171,https://www.amazon.in/Max-Washed-M23FBD06DARK-Blue-_15-16Y/dp/B0CPYGH2LK/ref=sr_1_242?crid=24IEEX0MBW072&dib=eyJ2IjoiMSJ9.5DloTxkKjsDpUGE-lQ4kZGe1J8iURqBnM51KAWVoNzDNw0COHKIjVxju9C0wutVr4Qi1r3VB8dsKMErurUGOgvI3Qnp46QhE9rtuzBphF5q-INtoraMCMSVhC81MJlkUyJAv39v-ASnSgqCjKbVWzVJn5Pq9rDiaPFNq3ULQP7-jnpYbFQ1C5END71jiN1HQKAPorqc8dACHuPTKCpI3YApBUi9kFcZ6kb9TJcnZE_V78WoDybRvrD4gnk0WYhS7rKjs2H64Rzn3eVZS01TT3rOywdKv3yKqkH1T79dxh5s.cB-xULLIHufBe0_yPz9ynLJ42KHbIUCrLm6r2Niz7D8&dib_tag=se&keywords=jeans&qid=1728139565&sprefix=jeans%2Caps%2C212&sr=8-242,Max,₹489₹489 M.R.P: ₹699₹699 (30% off),50+ bought in past month,Max,4.0 out of 5 stars 1  ,FREE Delivery by Amazon
172,https://www.amazon.in/U-S-POLO-ASSN-Jeans-UDJENO0370_Blue_34/dp/B09J94QGVS/ref=sr_1_243?crid=24IEEX0MBW072&dib=eyJ2IjoiMSJ9.5DloTxkKjsDpUGE-lQ4kZGe1J8iURqBnM51KAWVoNzDNw0COHKIjVxju9C0wutVr4Qi1r3VB8dsKMErurUGOgvI3Qnp46QhE9rtuzBphF5q-INtoraMCMSVhC81MJlkUyJAv39v-ASnSgqCjKbVWzVJn5Pq9rDiaPFNq3ULQP7-jnpYbFQ1C5END71jiN1HQKAPorqc8dACHuPTKCpI3YApBUi9kFcZ6kb9TJcnZE_V78WoDybRvrD4gnk0WYhS7rKjs2H64Rzn3eVZS01TT3rOywdKv3yKqkH1T79dxh5s.cB-xULLIHufBe0_yPz9ynLJ42KHbIUCrLm6r2Niz7D8&dib_tag=se&keywords=jeans&qid=1728139565&sprefix=jeans%2Caps%2C212&sr=8-243,U.S. POLO ASSN.,"₹1,199₹1,199 M.R.P: ₹2,999₹2,999 (60% off)",M.R.P: ,U.S. POLO ASSN.,3.5 out of 5 stars 21  , FREE Delivery by Amazon
173,https://www.amazon.in/Levis-Womens-Relaxed-Jeans-A9490-0003_Blue/dp/B0CQ8PQ3VV/ref=sr_1_244?crid=24IEEX0MBW072&dib=eyJ2IjoiMSJ9.5DloTxkKjsDpUGE-lQ4kZGe1J8iURqBnM51KAWVoNzDNw0COHKIjVxju9C0wutVr4Qi1r3VB8dsKMErurUGOgvI3Qnp46QhE9rtuzBphF5q-INtoraMCMSVhC81MJlkUyJAv39v-ASnSgqCjKbVWzVJn5Pq9rDiaPFNq3ULQP7-jnpYbFQ1C5END71jiN1HQKAPorqc8dACHuPTKCpI3YApBUi9kFcZ6kb9TJcnZE_V78WoDybRvrD4gnk0WYhS7rKjs2H64Rzn3eVZS01TT3rOywdKv3yKqkH1T79dxh5s.cB-xULLIHufBe0_yPz9ynLJ42KHbIUCrLm6r2Niz7D8&dib_tag=se&keywords=jeans&qid=1728139565&sprefix=jeans%2Caps%2C212&sr=8-244,Levi's,"₹1,350₹1,350 M.R.P: ₹2,999₹2,999 (55% off)",M.R.P: ,Levi's,4.4 out of 5 stars 3  , FREE Delivery by Amazon
174,https://www.amazon.in/Allen-Solly-Skinny-Jeans-ALDNVSKF881441_Navy_30/dp/B099ZR1N4H/ref=sr_1_245?crid=24IEEX0MBW072&dib=eyJ2IjoiMSJ9.5DloTxkKjsDpUGE-lQ4kZGe1J8iURqBnM51KAWVoNzDNw0COHKIjVxju9C0wutVr4Qi1r3VB8dsKMErurUGOgvI3Qnp46QhE9rtuzBphF5q-INtoraMCMSVhC81MJlkUyJAv39v-ASnSgqCjKbVWzVJn5Pq9rDiaPFNq3ULQP7-jnpYbFQ1C5END71jiN1HQKAPorqc8dACHuPTKCpI3YApBUi9kFcZ6kb9TJcnZE_V78WoDybRvrD4gnk0WYhS7rKjs2H64Rzn3eVZS01TT3rOywdKv3yKqkH1T79dxh5s.cB-xULLIHufBe0_yPz9ynLJ42KHbIUCrLm6r2Niz7D8&dib_tag=se&keywords=jeans&qid=1728139565&sprefix=jeans%2Caps%2C212&sr=8-245,Allen Solly,"₹879₹879 M.R.P: ₹2,199₹2,199 (60% off)",M.R.P: ,Allen Solly,3.6 out of 5 stars 153  , FREE Delivery by Amazon
175,https://www.amazon.in/Levis-Mens-Straight-Jeans-A7711-0016_Blue/dp/B0CQ8NXJG8/ref=sr_1_246?crid=24IEEX0MBW072&dib=eyJ2IjoiMSJ9.5DloTxkKjsDpUGE-lQ4kZGe1J8iURqBnM51KAWVoNzDNw0COHKIjVxju9C0wutVr4Qi1r3VB8dsKMErurUGOgvI3Qnp46QhE9rtuzBphF5q-INtoraMCMSVhC81MJlkUyJAv39v-ASnSgqCjKbVWzVJn5Pq9rDiaPFNq3ULQP7-jnpYbFQ1C5END71jiN1HQKAPorqc8dACHuPTKCpI3YApBUi9kFcZ6kb9TJcnZE_V78WoDybRvrD4gnk0WYhS7rKjs2H64Rzn3eVZS01TT3rOywdKv3yKqkH1T79dxh5s.cB-xULLIHufBe0_yPz9ynLJ42KHbIUCrLm6r2Niz7D8&dib_tag=se&keywords=jeans&qid=1728139565&sprefix=jeans%2Caps%2C212&sr=8-246,Levi's,"₹2,699₹2,699 M.R.P: ₹3,299₹3,299 (18% off)",M.R.P: ,Levi's,4.2 out of 5 stars 8  , FREE Delivery by Amazon
176,https://www.amazon.in/gp/bestsellers/apparel/1967974031/ref=sr_bs_55_1967974031_1,Amazon Brand - Jam & Honey,"₹449₹449 M.R.P: ₹1,899₹1,899 (76% off)",50+ bought in past month,Amazon Brand - Jam & Honey,"4.1 out of 5 stars 1,849  ",FREE Delivery by Amazon
177,https://www.amazon.in/sspa/click?ie=UTF8&spc=MTo2NTM4ODQwMzA2ODk1MzYwOjE3MjgxMzk1NjU6c3BfYnRmOjMwMDE1OTMxNjQzNzMzMjo6MDo6&url=%2FLevis-Mens-Tapered-Jeans-A7086-0097_Blue%2Fdp%2FB0C6QTMZ5T%2Fref%3Dsr_1_249_sspa%3Fcrid%3D24IEEX0MBW072%26dib%3DeyJ2IjoiMSJ9.5DloTxkKjsDpUGE-lQ4kZGe1J8iURqBnM51KAWVoNzDNw0COHKIjVxju9C0wutVr4Qi1r3VB8dsKMErurUGOgvI3Qnp46QhE9rtuzBphF5q-INtoraMCMSVhC81MJlkUyJAv39v-ASnSgqCjKbVWzVJn5Pq9rDiaPFNq3ULQP7-jnpYbFQ1C5END71jiN1HQKAPorqc8dACHuPTKCpI3YApBUi9kFcZ6kb9TJcnZE_V78WoDybRvrD4gnk0WYhS7rKjs2H64Rzn3eVZS01TT3rOywdKv3yKqkH1T79dxh5s.cB-xULLIHufBe0_yPz9ynLJ42KHbIUCrLm6r2Niz7D8%26dib_tag%3Dse%26keywords%3Djeans%26qid%3D1728139565%26sprefix%3Djeans%252Caps%252C212%26sr%3D8-249-spons%26sp_csd%3Dd2lkZ2V0TmFtZT1zcF9idGY%26psc%3D1,Levi's,"₹1,529₹1,529 M.R.P: ₹3,399₹3,399 (55% off)",50+ bought in past month,Levi's,3.8 out of 5 stars 449  , FREE Delivery by Amazon
178,https://www.amazon.in/Levis-Mens-Jeans-36087-0648_Mid-Indigo_38/dp/B0BJZHNSYD/ref=sr_1_28?crid=24IEEX0MBW072&dib=eyJ2IjoiMSJ9.loW9tDrkb73dvNPalTNrmPld8m7huH6cF5g_YkNmEAm9qODA-taMg5ibmmJXAdn3w18_Ama_S4836s1iM1YtBIdpk_a88sovlz0jYKb8UgeyxfvDd1yNA7BrvReQL8dHeTsmBCUr4vG9wTfYE_IXjcEtx4Z9Yg_WV3zVa7cZhyV3SPxEo2p1Htxigkn7RWNyKzINhtwKuJdv5R3jaMrGucUaA8BClw9zNNqjHAMpciugupuFm20Jj8eOG6lU42dRYTXf80v8ApAF0EChkl1-KMQjfTn99KKJ17d9OvtZONs.gM2UxYQACutxLYDMZ0XW9AekUQGSbRmRfPruooS2c3Q&dib_tag=se&keywords=jeans&qid=1728139528&sprefix=jeans%2Caps%2C212&sr=8-28,Levi's,"₹1,343₹1,343 M.R.P: ₹3,399₹3,399 (60% off)",100+ bought in past month,Levi's,3.8 out of 5 stars 449  , FREE Delivery by Amazon
179,https://www.amazon.in/sspa/click?ie=UTF8&spc=MTo2NTM4ODQwMzA2ODk1MzYwOjE3MjgxMzk1NjU6c3BfYnRmOjMwMDE1OTMyMTM1MTMzMjo6MDo6&url=%2FLevis-Mens-Jeans-36087-0637_Light-Indigo_36%2Fdp%2FB09Z79M4SS%2Fref%3Dsr_1_250_sspa%3Fcrid%3D24IEEX0MBW072%26dib%3DeyJ2IjoiMSJ9.5DloTxkKjsDpUGE-lQ4kZGe1J8iURqBnM51KAWVoNzDNw0COHKIjVxju9C0wutVr4Qi1r3VB8dsKMErurUGOgvI3Qnp46QhE9rtuzBphF5q-INtoraMCMSVhC81MJlkUyJAv39v-ASnSgqCjKbVWzVJn5Pq9rDiaPFNq3ULQP7-jnpYbFQ1C5END71jiN1HQKAPorqc8dACHuPTKCpI3YApBUi9kFcZ6kb9TJcnZE_V78WoDybRvrD4gnk0WYhS7rKjs2H64Rzn3eVZS01TT3rOywdKv3yKqkH1T79dxh5s.cB-xULLIHufBe0_yPz9ynLJ42KHbIUCrLm6r2Niz7D8%26dib_tag%3Dse%26keywords%3Djeans%26qid%3D1728139565%26sprefix%3Djeans%252Caps%252C212%26sr%3D8-250-spons%26sp_csd%3Dd2lkZ2V0TmFtZT1zcF9idGY%26psc%3D1,Levi's,"₹1,049₹1,049 M.R.P: ₹2,999₹2,999 (65% off)",100+ bought in past month,Levi's,3.9 out of 5 stars 615  , FREE Delivery by Amazon
180,https://www.amazon.in/sspa/click?ie=UTF8&spc=MTo2NTM4ODQwMzA2ODk1MzYwOjE3MjgxMzk1NjU6c3BfYnRmOjMwMDM1NDgwNDI1MDEzMjo6MDo6&url=%2FAmazon-Brand-Tapered-ST-100_MEDIUM-BLUE_32W%2Fdp%2FB07HZN78T8%2Fref%3Dsr_1_251_sspa%3Fcrid%3D24IEEX0MBW072%26dib%3DeyJ2IjoiMSJ9.5DloTxkKjsDpUGE-lQ4kZGe1J8iURqBnM51KAWVoNzDNw0COHKIjVxju9C0wutVr4Qi1r3VB8dsKMErurUGOgvI3Qnp46QhE9rtuzBphF5q-INtoraMCMSVhC81MJlkUyJAv39v-ASnSgqCjKbVWzVJn5Pq9rDiaPFNq3ULQP7-jnpYbFQ1C5END71jiN1HQKAPorqc8dACHuPTKCpI3YApBUi9kFcZ6kb9TJcnZE_V78WoDybRvrD4gnk0WYhS7rKjs2H64Rzn3eVZS01TT3rOywdKv3yKqkH1T79dxh5s.cB-xULLIHufBe0_yPz9ynLJ42KHbIUCrLm6r2Niz7D8%26dib_tag%3Dse%26keywords%3Djeans%26qid%3D1728139565%26sprefix%3Djeans%252Caps%252C212%26sr%3D8-251-spons%26sp_csd%3Dd2lkZ2V0TmFtZT1zcF9idGY%26psc%3D1,Amazon Brand - INKAST,"₹499₹499 M.R.P: ₹2,799₹2,799 (82% off)",50+ bought in past month,Amazon Brand - INKAST,"3.6 out of 5 stars 5,211  ", FREE Delivery by Amazon
181,https://www.amazon.in/sspa/click?ie=UTF8&spc=MTo2NTM4ODQwMzA2ODk1MzYwOjE3MjgxMzk1NjU6c3BfYnRmOjMwMDI0NzY1MzM4MDczMjo6MDo6&url=%2FPepe-Jeans-Mens-PM206738Q053_Light-WASH_40%2Fdp%2FB09Q6C5NJS%2Fref%3Dsr_1_252_sspa%3Fcrid%3D24IEEX0MBW072%26dib%3DeyJ2IjoiMSJ9.5DloTxkKjsDpUGE-lQ4kZGe1J8iURqBnM51KAWVoNzDNw0COHKIjVxju9C0wutVr4Qi1r3VB8dsKMErurUGOgvI3Qnp46QhE9rtuzBphF5q-INtoraMCMSVhC81MJlkUyJAv39v-ASnSgqCjKbVWzVJn5Pq9rDiaPFNq3ULQP7-jnpYbFQ1C5END71jiN1HQKAPorqc8dACHuPTKCpI3YApBUi9kFcZ6kb9TJcnZE_V78WoDybRvrD4gnk0WYhS7rKjs2H64Rzn3eVZS01TT3rOywdKv3yKqkH1T79dxh5s.cB-xULLIHufBe0_yPz9ynLJ42KHbIUCrLm6r2Niz7D8%26dib_tag%3Dse%26keywords%3Djeans%26qid%3D1728139565%26sprefix%3Djeans%252Caps%252C212%26sr%3D8-252-spons%26sp_csd%3Dd2lkZ2V0TmFtZT1zcF9idGY%26psc%3D1,Pepe Jeans,"₹2,469₹2,469 M.R.P: ₹5,999₹5,999 (59% off)",M.R.P: ,Pepe Jeans,5.0 out of 5 stars 2  , FREE Delivery by Amazon
182,https://www.amazon.in/sspa/click?ie=UTF8&spc=MTo3MjM5NzU2MTU2MzUzMTQzOjE3MjgxMzk1NzE6c3BfYXRmX25leHQ6MzAwMTU5MzM0MTc0NDMyOjowOjo&url=%2FLevis-Mens-Jeans-18298-1257_Mid-Indigo_36%2Fdp%2FB09Z76ZZMG%2Fref%3Dsr_1_241_sspa%3Fcrid%3D24IEEX0MBW072%26dib%3DeyJ2IjoiMSJ9.soeLNqUjOKL-l5IOqhOhr0mzaN0aQEcWhRNYMrKudsS-OVhI6oOayrrXoPeWANkbfR7LOZliKK6fB8cyAOPxjdnmR6-U8wRXIbHLdaNv0kKfeAd2V5fYt0kcOoRgSyrjdSphLmnshoKOWRBxhkseiW8_DjAUL-2-AB6Y3kAvhzs2jVf-qsSVstpyCnDvf80QU5_CDvwfX-N7WyfMw6374ieamkuri93EQGcLqwfPuAQqKk42b-vI6Zc2qq7_sI2TRfD6X7x3KhIHbHnKVY3J0SaUfiRcy6eKk-kYB8uEuDc.yPkzLYYfiyrkwaO_U-8QccJosdorxQ0oqT-o99Ncm4U%26dib_tag%3Dse%26keywords%3Djeans%26qid%3D1728139571%26sprefix%3Djeans%252Caps%252C212%26sr%3D8-241-spons%26sp_csd%3Dd2lkZ2V0TmFtZT1zcF9hdGZfbmV4dA%26psc%3D1,Levi's,"₹1,529₹1,529 M.R.P: ₹3,399₹3,399 (55% off)",50+ bought in past month,Levi's,3.7 out of 5 stars 586  , FREE Delivery by Amazon
183,https://www.amazon.in/sspa/click?ie=UTF8&spc=MTo3MjM5NzU2MTU2MzUzMTQzOjE3MjgxMzk1NzE6c3BfYXRmX25leHQ6MzAwMTY5NTIxNjI0NTMyOjowOjo&url=%2FLevis-Mens-Tapered-Jeans-A7086-0112_Black%2Fdp%2FB0CRRW5WFZ%2Fref%3Dsr_1_242_sspa%3Fcrid%3D24IEEX0MBW072%26dib%3DeyJ2IjoiMSJ9.soeLNqUjOKL-l5IOqhOhr0mzaN0aQEcWhRNYMrKudsS-OVhI6oOayrrXoPeWANkbfR7LOZliKK6fB8cyAOPxjdnmR6-U8wRXIbHLdaNv0kKfeAd2V5fYt0kcOoRgSyrjdSphLmnshoKOWRBxhkseiW8_DjAUL-2-AB6Y3kAvhzs2jVf-qsSVstpyCnDvf80QU5_CDvwfX-N7WyfMw6374ieamkuri93EQGcLqwfPuAQqKk42b-vI6Zc2qq7_sI2TRfD6X7x3KhIHbHnKVY3J0SaUfiRcy6eKk-kYB8uEuDc.yPkzLYYfiyrkwaO_U-8QccJosdorxQ0oqT-o99Ncm4U%26dib_tag%3Dse%26keywords%3Djeans%26qid%3D1728139571%26sprefix%3Djeans%252Caps%252C212%26sr%3D8-242-spons%26sp_csd%3Dd2lkZ2V0TmFtZT1zcF9hdGZfbmV4dA%26psc%3D1,Levi's,"₹1,439₹1,439 M.R.P: ₹3,199₹3,199 (55% off)",100+ bought in past month,Levi's,4.0 out of 5 stars 29  , FREE Delivery by Amazon
184,https://www.amazon.in/sspa/click?ie=UTF8&spc=MTo3MjM5NzU2MTU2MzUzMTQzOjE3MjgxMzk1NzE6c3BfYXRmX25leHQ6MzAwMjU5MTM4NzYxMzMyOjowOjo&url=%2FLevis-Mens-Jeans-36087-0619_Mid-Indigo_28%2Fdp%2FB09Z792DMJ%2Fref%3Dsr_1_243_sspa%3Fcrid%3D24IEEX0MBW072%26dib%3DeyJ2IjoiMSJ9.soeLNqUjOKL-l5IOqhOhr0mzaN0aQEcWhRNYMrKudsS-OVhI6oOayrrXoPeWANkbfR7LOZliKK6fB8cyAOPxjdnmR6-U8wRXIbHLdaNv0kKfeAd2V5fYt0kcOoRgSyrjdSphLmnshoKOWRBxhkseiW8_DjAUL-2-AB6Y3kAvhzs2jVf-qsSVstpyCnDvf80QU5_CDvwfX-N7WyfMw6374ieamkuri93EQGcLqwfPuAQqKk42b-vI6Zc2qq7_sI2TRfD6X7x3KhIHbHnKVY3J0SaUfiRcy6eKk-kYB8uEuDc.yPkzLYYfiyrkwaO_U-8QccJosdorxQ0oqT-o99Ncm4U%26dib_tag%3Dse%26keywords%3Djeans%26qid%3D1728139571%26sprefix%3Djeans%252Caps%252C212%26sr%3D8-243-spons%26sp_csd%3Dd2lkZ2V0TmFtZT1zcF9hdGZfbmV4dA%26psc%3D1,Levi's,"₹1,299₹1,299 M.R.P: ₹2,899₹2,899 (55% off)",M.R.P: ,Levi's,3.9 out of 5 stars 279  , FREE Delivery by Amazon
185,https://www.amazon.in/sspa/click?ie=UTF8&spc=MTo3MjM5NzU2MTU2MzUzMTQzOjE3MjgxMzk1NzE6c3BfYXRmX25leHQ6MzAwMjQ3NjUzMzYxNzMyOjowOjo&url=%2FPepe-Jeans-Regular-PM205476EC2200038_MID-Dark_38%2Fdp%2FB08D5XVTWV%2Fref%3Dsr_1_244_sspa%3Fcrid%3D24IEEX0MBW072%26dib%3DeyJ2IjoiMSJ9.soeLNqUjOKL-l5IOqhOhr0mzaN0aQEcWhRNYMrKudsS-OVhI6oOayrrXoPeWANkbfR7LOZliKK6fB8cyAOPxjdnmR6-U8wRXIbHLdaNv0kKfeAd2V5fYt0kcOoRgSyrjdSphLmnshoKOWRBxhkseiW8_DjAUL-2-AB6Y3kAvhzs2jVf-qsSVstpyCnDvf80QU5_CDvwfX-N7WyfMw6374ieamkuri93EQGcLqwfPuAQqKk42b-vI6Zc2qq7_sI2TRfD6X7x3KhIHbHnKVY3J0SaUfiRcy6eKk-kYB8uEuDc.yPkzLYYfiyrkwaO_U-8QccJosdorxQ0oqT-o99Ncm4U%26dib_tag%3Dse%26keywords%3Djeans%26qid%3D1728139571%26sprefix%3Djeans%252Caps%252C212%26sr%3D8-244-spons%26sp_csd%3Dd2lkZ2V0TmFtZT1zcF9hdGZfbmV4dA%26psc%3D1,Pepe Jeans,"₹2,799₹2,799 M.R.P: ₹6,999₹6,999 (60% off)",M.R.P: ,Pepe Jeans,3.7 out of 5 stars 14  , FREE Delivery by Amazon
186,https://www.amazon.in/U-S-POLO-ASSN-Jeans-UDJENO0370_Blue_34/dp/B09J94QGVS/ref=sr_1_245?crid=24IEEX0MBW072&dib=eyJ2IjoiMSJ9.soeLNqUjOKL-l5IOqhOhr0mzaN0aQEcWhRNYMrKudsS-OVhI6oOayrrXoPeWANkbfR7LOZliKK6fB8cyAOPxjdnmR6-U8wRXIbHLdaNv0kKfeAd2V5fYt0kcOoRgSyrjdSphLmnshoKOWRBxhkseiW8_DjAUL-2-AB6Y3kAvhzs2jVf-qsSVstpyCnDvf80QU5_CDvwfX-N7WyfMw6374ieamkuri93EQGcLqwfPuAQqKk42b-vI6Zc2qq7_sI2TRfD6X7x3KhIHbHnKVY3J0SaUfiRcy6eKk-kYB8uEuDc.yPkzLYYfiyrkwaO_U-8QccJosdorxQ0oqT-o99Ncm4U&dib_tag=se&keywords=jeans&qid=1728139571&sprefix=jeans%2Caps%2C212&sr=8-245,U.S. POLO ASSN.,"₹1,199₹1,199 M.R.P: ₹2,999₹2,999 (60% off)",M.R.P: ,U.S. POLO ASSN.,3.5 out of 5 stars 21  , FREE Delivery by Amazon
187,https://www.amazon.in/Pepe-Jeans-Skinny-PM207929Q038_Dark-Indigo/dp/B0CV18FF58/ref=sr_1_246?crid=24IEEX0MBW072&dib=eyJ2IjoiMSJ9.soeLNqUjOKL-l5IOqhOhr0mzaN0aQEcWhRNYMrKudsS-OVhI6oOayrrXoPeWANkbfR7LOZliKK6fB8cyAOPxjdnmR6-U8wRXIbHLdaNv0kKfeAd2V5fYt0kcOoRgSyrjdSphLmnshoKOWRBxhkseiW8_DjAUL-2-AB6Y3kAvhzs2jVf-qsSVstpyCnDvf80QU5_CDvwfX-N7WyfMw6374ieamkuri93EQGcLqwfPuAQqKk42b-vI6Zc2qq7_sI2TRfD6X7x3KhIHbHnKVY3J0SaUfiRcy6eKk-kYB8uEuDc.yPkzLYYfiyrkwaO_U-8QccJosdorxQ0oqT-o99Ncm4U&dib_tag=se&keywords=jeans&qid=1728139571&sprefix=jeans%2Caps%2C212&sr=8-246,Pepe Jeans,"₹1,139₹1,139 M.R.P: ₹3,799₹3,799 (70% off)",M.R.P: ,Pepe Jeans,3.0 out of 5 stars 3  , FREE Delivery by Amazon
188,https://www.amazon.in/gp/bestsellers/apparel/1967974031/ref=sr_bs_6_1967974031_1,Amazon Brand - Jam & Honey,"₹449₹449 M.R.P: ₹1,899₹1,899 (76% off)",50+ bought in past month,Amazon Brand - Jam & Honey,"4.1 out of 5 stars 1,849  ",FREE Delivery by Amazon
189,https://www.amazon.in/Wrangler-Mens-Regular-Jeans-WMJN006798_Blue/dp/B0CH1K6HHM/ref=sr_1_248?crid=24IEEX0MBW072&dib=eyJ2IjoiMSJ9.soeLNqUjOKL-l5IOqhOhr0mzaN0aQEcWhRNYMrKudsS-OVhI6oOayrrXoPeWANkbfR7LOZliKK6fB8cyAOPxjdnmR6-U8wRXIbHLdaNv0kKfeAd2V5fYt0kcOoRgSyrjdSphLmnshoKOWRBxhkseiW8_DjAUL-2-AB6Y3kAvhzs2jVf-qsSVstpyCnDvf80QU5_CDvwfX-N7WyfMw6374ieamkuri93EQGcLqwfPuAQqKk42b-vI6Zc2qq7_sI2TRfD6X7x3KhIHbHnKVY3J0SaUfiRcy6eKk-kYB8uEuDc.yPkzLYYfiyrkwaO_U-8QccJosdorxQ0oqT-o99Ncm4U&dib_tag=se&keywords=jeans&qid=1728139571&sprefix=jeans%2Caps%2C212&sr=8-248,Wrangler,"₹1,439₹1,439 M.R.P: ₹3,199₹3,199 (55% off)",M.R.P: ,Wrangler,4.8 out of 5 stars 6  , FREE Delivery by Amazon
190,https://www.amazon.in/Wrangler-Mens-Regular-Jeans-WMJN007492_Blue/dp/B0CRYYDMPG/ref=sr_1_249?crid=24IEEX0MBW072&dib=eyJ2IjoiMSJ9.soeLNqUjOKL-l5IOqhOhr0mzaN0aQEcWhRNYMrKudsS-OVhI6oOayrrXoPeWANkbfR7LOZliKK6fB8cyAOPxjdnmR6-U8wRXIbHLdaNv0kKfeAd2V5fYt0kcOoRgSyrjdSphLmnshoKOWRBxhkseiW8_DjAUL-2-AB6Y3kAvhzs2jVf-qsSVstpyCnDvf80QU5_CDvwfX-N7WyfMw6374ieamkuri93EQGcLqwfPuAQqKk42b-vI6Zc2qq7_sI2TRfD6X7x3KhIHbHnKVY3J0SaUfiRcy6eKk-kYB8uEuDc.yPkzLYYfiyrkwaO_U-8QccJosdorxQ0oqT-o99Ncm4U&dib_tag=se&keywords=jeans&qid=1728139571&sprefix=jeans%2Caps%2C212&sr=8-249,Wrangler,"₹1,259₹1,259 M.R.P: ₹2,999₹2,999 (58% off)",M.R.P: ,Wrangler,4.2 out of 5 stars 6  ,FREE Delivery by Amazon
191,https://www.amazon.in/Max-Washed-M23FBD06DARK-Blue-_15-16Y/dp/B0CPYGH2LK/ref=sr_1_250?crid=24IEEX0MBW072&dib=eyJ2IjoiMSJ9.soeLNqUjOKL-l5IOqhOhr0mzaN0aQEcWhRNYMrKudsS-OVhI6oOayrrXoPeWANkbfR7LOZliKK6fB8cyAOPxjdnmR6-U8wRXIbHLdaNv0kKfeAd2V5fYt0kcOoRgSyrjdSphLmnshoKOWRBxhkseiW8_DjAUL-2-AB6Y3kAvhzs2jVf-qsSVstpyCnDvf80QU5_CDvwfX-N7WyfMw6374ieamkuri93EQGcLqwfPuAQqKk42b-vI6Zc2qq7_sI2TRfD6X7x3KhIHbHnKVY3J0SaUfiRcy6eKk-kYB8uEuDc.yPkzLYYfiyrkwaO_U-8QccJosdorxQ0oqT-o99Ncm4U&dib_tag=se&keywords=jeans&qid=1728139571&sprefix=jeans%2Caps%2C212&sr=8-250,Max,₹489₹489 M.R.P: ₹699₹699 (30% off),50+ bought in past month,Max,4.0 out of 5 stars 1  ,FREE Delivery by Amazon
192,https://www.amazon.in/Pepe-Jeans-Boys-PB202183Q03_Dark-Indigo/dp/B0CR7TM8YN/ref=sr_1_251?crid=24IEEX0MBW072&dib=eyJ2IjoiMSJ9.soeLNqUjOKL-l5IOqhOhr0mzaN0aQEcWhRNYMrKudsS-OVhI6oOayrrXoPeWANkbfR7LOZliKK6fB8cyAOPxjdnmR6-U8wRXIbHLdaNv0kKfeAd2V5fYt0kcOoRgSyrjdSphLmnshoKOWRBxhkseiW8_DjAUL-2-AB6Y3kAvhzs2jVf-qsSVstpyCnDvf80QU5_CDvwfX-N7WyfMw6374ieamkuri93EQGcLqwfPuAQqKk42b-vI6Zc2qq7_sI2TRfD6X7x3KhIHbHnKVY3J0SaUfiRcy6eKk-kYB8uEuDc.yPkzLYYfiyrkwaO_U-8QccJosdorxQ0oqT-o99Ncm4U&dib_tag=se&keywords=jeans&qid=1728139571&sprefix=jeans%2Caps%2C212&sr=8-251,Pepe Jeans,"₹719₹719 M.R.P: ₹1,799₹1,799 (60% off)",M.R.P: ,Pepe Jeans,4.6 out of 5 stars 3  , FREE Delivery by Amazon
193,https://www.amazon.in/Miss-Chase-Womens-Skinny-MCAW18DEN02-78-62_Black_32/dp/B07LG6JN51/ref=sr_1_252?crid=24IEEX0MBW072&dib=eyJ2IjoiMSJ9.soeLNqUjOKL-l5IOqhOhr0mzaN0aQEcWhRNYMrKudsS-OVhI6oOayrrXoPeWANkbfR7LOZliKK6fB8cyAOPxjdnmR6-U8wRXIbHLdaNv0kKfeAd2V5fYt0kcOoRgSyrjdSphLmnshoKOWRBxhkseiW8_DjAUL-2-AB6Y3kAvhzs2jVf-qsSVstpyCnDvf80QU5_CDvwfX-N7WyfMw6374ieamkuri93EQGcLqwfPuAQqKk42b-vI6Zc2qq7_sI2TRfD6X7x3KhIHbHnKVY3J0SaUfiRcy6eKk-kYB8uEuDc.yPkzLYYfiyrkwaO_U-8QccJosdorxQ0oqT-o99Ncm4U&dib_tag=se&keywords=jeans&qid=1728139571&sprefix=jeans%2Caps%2C212&sr=8-252,Miss Chase,"₹796₹796 M.R.P: ₹1,949₹1,949 (59% off)",50+ bought in past month,Miss Chase,"3.9 out of 5 stars 1,122  ", FREE Delivery by Amazon
194,https://www.amazon.in/Lee-Mens-Slim-Jeans-LMJN004575_Blue/dp/B0CH4RHXT3/ref=sr_1_254?crid=24IEEX0MBW072&dib=eyJ2IjoiMSJ9.soeLNqUjOKL-l5IOqhOhr0mzaN0aQEcWhRNYMrKudsS-OVhI6oOayrrXoPeWANkbfR7LOZliKK6fB8cyAOPxjdnmR6-U8wRXIbHLdaNv0kKfeAd2V5fYt0kcOoRgSyrjdSphLmnshoKOWRBxhkseiW8_DjAUL-2-AB6Y3kAvhzs2jVf-qsSVstpyCnDvf80QU5_CDvwfX-N7WyfMw6374ieamkuri93EQGcLqwfPuAQqKk42b-vI6Zc2qq7_sI2TRfD6X7x3KhIHbHnKVY3J0SaUfiRcy6eKk-kYB8uEuDc.yPkzLYYfiyrkwaO_U-8QccJosdorxQ0oqT-o99Ncm4U&dib_tag=se&keywords=jeans&qid=1728139571&sprefix=jeans%2Caps%2C212&sr=8-254,Lee,"₹1,217₹1,217 M.R.P: ₹2,899₹2,899 (58% off)",M.R.P: ,Lee,3.0 out of 5 stars 2  , FREE Delivery by Amazon
195,https://www.amazon.in/U-S-POLO-ASSN-Bootcut-UWAW23JN012_Black_28/dp/B0CSYD6776/ref=sr_1_255?crid=24IEEX0MBW072&dib=eyJ2IjoiMSJ9.soeLNqUjOKL-l5IOqhOhr0mzaN0aQEcWhRNYMrKudsS-OVhI6oOayrrXoPeWANkbfR7LOZliKK6fB8cyAOPxjdnmR6-U8wRXIbHLdaNv0kKfeAd2V5fYt0kcOoRgSyrjdSphLmnshoKOWRBxhkseiW8_DjAUL-2-AB6Y3kAvhzs2jVf-qsSVstpyCnDvf80QU5_CDvwfX-N7WyfMw6374ieamkuri93EQGcLqwfPuAQqKk42b-vI6Zc2qq7_sI2TRfD6X7x3KhIHbHnKVY3J0SaUfiRcy6eKk-kYB8uEuDc.yPkzLYYfiyrkwaO_U-8QccJosdorxQ0oqT-o99Ncm4U&dib_tag=se&keywords=jeans&qid=1728139571&sprefix=jeans%2Caps%2C212&sr=8-255,U.S. POLO ASSN.,"₹1,388₹1,388 M.R.P: ₹2,299₹2,299 (40% off)",M.R.P: ,U.S. POLO ASSN.,4.0 out of 5 stars 4  , FREE Delivery by Amazon
196,https://www.amazon.in/LINARIA-Mens-Stretchable-Regular-Jeans/dp/B0CD28HC32/ref=sr_1_256?crid=24IEEX0MBW072&dib=eyJ2IjoiMSJ9.soeLNqUjOKL-l5IOqhOhr0mzaN0aQEcWhRNYMrKudsS-OVhI6oOayrrXoPeWANkbfR7LOZliKK6fB8cyAOPxjdnmR6-U8wRXIbHLdaNv0kKfeAd2V5fYt0kcOoRgSyrjdSphLmnshoKOWRBxhkseiW8_DjAUL-2-AB6Y3kAvhzs2jVf-qsSVstpyCnDvf80QU5_CDvwfX-N7WyfMw6374ieamkuri93EQGcLqwfPuAQqKk42b-vI6Zc2qq7_sI2TRfD6X7x3KhIHbHnKVY3J0SaUfiRcy6eKk-kYB8uEuDc.yPkzLYYfiyrkwaO_U-8QccJosdorxQ0oqT-o99Ncm4U&dib_tag=se&keywords=jeans&qid=1728139571&sprefix=jeans%2Caps%2C212&sr=8-256,LINARIA,₹469₹469 M.R.P: ₹999₹999 (53% off),50+ bought in past month,LINARIA,5.0 out of 5 stars 1  , 
197,https://www.amazon.in/U-S-POLO-ASSN-Tapered-UDJENO1811_Black/dp/B0D49TXG5P/ref=sr_1_30?crid=24IEEX0MBW072&dib=eyJ2IjoiMSJ9.loW9tDrkb73dvNPalTNrmPld8m7huH6cF5g_YkNmEAm9qODA-taMg5ibmmJXAdn3w18_Ama_S4836s1iM1YtBIdpk_a88sovlz0jYKb8UgeyxfvDd1yNA7BrvReQL8dHeTsmBCUr4vG9wTfYE_IXjcEtx4Z9Yg_WV3zVa7cZhyV3SPxEo2p1Htxigkn7RWNyKzINhtwKuJdv5R3jaMrGucUaA8BClw9zNNqjHAMpciugupuFm20Jj8eOG6lU42dRYTXf80v8ApAF0EChkl1-KMQjfTn99KKJ17d9OvtZONs.gM2UxYQACutxLYDMZ0XW9AekUQGSbRmRfPruooS2c3Q&dib_tag=se&keywords=jeans&qid=1728139528&sprefix=jeans%2Caps%2C212&sr=8-30,U.S. POLO ASSN.,"₹999₹999 M.R.P: ₹2,499₹2,499 (60% off)",50+ bought in past month,U.S. POLO ASSN.,3.4 out of 5 stars 9  , FREE Delivery by Amazon
198,https://www.amazon.in/Pepe-Jeans-Mens-PM207612Q033_Dark-Used_Black/dp/B0CLM7Y7C1/ref=sr_1_258?crid=24IEEX0MBW072&dib=eyJ2IjoiMSJ9.soeLNqUjOKL-l5IOqhOhr0mzaN0aQEcWhRNYMrKudsS-OVhI6oOayrrXoPeWANkbfR7LOZliKK6fB8cyAOPxjdnmR6-U8wRXIbHLdaNv0kKfeAd2V5fYt0kcOoRgSyrjdSphLmnshoKOWRBxhkseiW8_DjAUL-2-AB6Y3kAvhzs2jVf-qsSVstpyCnDvf80QU5_CDvwfX-N7WyfMw6374ieamkuri93EQGcLqwfPuAQqKk42b-vI6Zc2qq7_sI2TRfD6X7x3KhIHbHnKVY3J0SaUfiRcy6eKk-kYB8uEuDc.yPkzLYYfiyrkwaO_U-8QccJosdorxQ0oqT-o99Ncm4U&dib_tag=se&keywords=jeans&qid=1728139571&sprefix=jeans%2Caps%2C212&sr=8-258,Pepe Jeans,"₹1,589₹1,589 M.R.P: ₹5,299₹5,299 (70% off)",M.R.P: ,Pepe Jeans,5.0 out of 5 stars 1  , FREE Delivery by Amazon
199,https://www.amazon.in/KARGEENS-Stretchable-Casual-Stylish-k2103_Black_32/dp/B0CV7KKYTY/ref=sr_1_259?crid=24IEEX0MBW072&dib=eyJ2IjoiMSJ9.soeLNqUjOKL-l5IOqhOhr0mzaN0aQEcWhRNYMrKudsS-OVhI6oOayrrXoPeWANkbfR7LOZliKK6fB8cyAOPxjdnmR6-U8wRXIbHLdaNv0kKfeAd2V5fYt0kcOoRgSyrjdSphLmnshoKOWRBxhkseiW8_DjAUL-2-AB6Y3kAvhzs2jVf-qsSVstpyCnDvf80QU5_CDvwfX-N7WyfMw6374ieamkuri93EQGcLqwfPuAQqKk42b-vI6Zc2qq7_sI2TRfD6X7x3KhIHbHnKVY3J0SaUfiRcy6eKk-kYB8uEuDc.yPkzLYYfiyrkwaO_U-8QccJosdorxQ0oqT-o99Ncm4U&dib_tag=se&keywords=jeans&qid=1728139571&sprefix=jeans%2Caps%2C212&sr=8-259,KARGEENS,"₹549₹549 M.R.P: ₹2,399₹2,399 (77% off)",M.R.P: ,KARGEENS,4.1 out of 5 stars 64  , FREE Delivery by Amazon
200,https://www.amazon.in/Pepe-Jeans-Regular-PM206834R98_Black-Used_32/dp/B0B7B9SYMK/ref=sr_1_260?crid=24IEEX0MBW072&dib=eyJ2IjoiMSJ9.soeLNqUjOKL-l5IOqhOhr0mzaN0aQEcWhRNYMrKudsS-OVhI6oOayrrXoPeWANkbfR7LOZliKK6fB8cyAOPxjdnmR6-U8wRXIbHLdaNv0kKfeAd2V5fYt0kcOoRgSyrjdSphLmnshoKOWRBxhkseiW8_DjAUL-2-AB6Y3kAvhzs2jVf-qsSVstpyCnDvf80QU5_CDvwfX-N7WyfMw6374ieamkuri93EQGcLqwfPuAQqKk42b-vI6Zc2qq7_sI2TRfD6X7x3KhIHbHnKVY3J0SaUfiRcy6eKk-kYB8uEuDc.yPkzLYYfiyrkwaO_U-8QccJosdorxQ0oqT-o99Ncm4U&dib_tag=se&keywords=jeans&qid=1728139571&sprefix=jeans%2Caps%2C212&sr=8-260,Pepe Jeans,"₹1,499₹1,499 M.R.P: ₹3,799₹3,799 (61% off)",M.R.P: ,Pepe Jeans,4.0 out of 5 stars 49  , FREE Delivery by Amazon
201,https://www.amazon.in/sspa/click?ie=UTF8&spc=MTo3MjM5NzU2MTU2MzUzMTQzOjE3MjgxMzk1NzE6c3BfbXRmOjMwMDM0NTMwNTQwMTYzMjo6MDo6&url=%2FNeoStreak-Mens-Regular-Jeans-neoepsreg_Grey%2Fdp%2FB0D2CC5PMP%2Fref%3Dsr_1_261_sspa%3Fcrid%3D24IEEX0MBW072%26dib%3DeyJ2IjoiMSJ9.soeLNqUjOKL-l5IOqhOhr0mzaN0aQEcWhRNYMrKudsS-OVhI6oOayrrXoPeWANkbfR7LOZliKK6fB8cyAOPxjdnmR6-U8wRXIbHLdaNv0kKfeAd2V5fYt0kcOoRgSyrjdSphLmnshoKOWRBxhkseiW8_DjAUL-2-AB6Y3kAvhzs2jVf-qsSVstpyCnDvf80QU5_CDvwfX-N7WyfMw6374ieamkuri93EQGcLqwfPuAQqKk42b-vI6Zc2qq7_sI2TRfD6X7x3KhIHbHnKVY3J0SaUfiRcy6eKk-kYB8uEuDc.yPkzLYYfiyrkwaO_U-8QccJosdorxQ0oqT-o99Ncm4U%26dib_tag%3Dse%26keywords%3Djeans%26qid%3D1728139571%26sprefix%3Djeans%252Caps%252C212%26sr%3D8-261-spons%26sp_csd%3Dd2lkZ2V0TmFtZT1zcF9tdGY%26psc%3D1,Neostreak,"₹629₹629 M.R.P: ₹2,199₹2,199 (71% off)",M.R.P: ,Neostreak,3.6 out of 5 stars 34  , FREE Delivery by Amazon
202,https://www.amazon.in/sspa/click?ie=UTF8&spc=MTo3MjM5NzU2MTU2MzUzMTQzOjE3MjgxMzk1NzE6c3BfbXRmOjMwMDI1MjYxOTIwNTAzMjo6MDo6&url=%2FPeter-England-Skinny-PJDNASKF369677_Medium-Blue_32%2Fdp%2FB0C1RVWF3M%2Fref%3Dsr_1_262_sspa%3Fcrid%3D24IEEX0MBW072%26dib%3DeyJ2IjoiMSJ9.soeLNqUjOKL-l5IOqhOhr0mzaN0aQEcWhRNYMrKudsS-OVhI6oOayrrXoPeWANkbfR7LOZliKK6fB8cyAOPxjdnmR6-U8wRXIbHLdaNv0kKfeAd2V5fYt0kcOoRgSyrjdSphLmnshoKOWRBxhkseiW8_DjAUL-2-AB6Y3kAvhzs2jVf-qsSVstpyCnDvf80QU5_CDvwfX-N7WyfMw6374ieamkuri93EQGcLqwfPuAQqKk42b-vI6Zc2qq7_sI2TRfD6X7x3KhIHbHnKVY3J0SaUfiRcy6eKk-kYB8uEuDc.yPkzLYYfiyrkwaO_U-8QccJosdorxQ0oqT-o99Ncm4U%26dib_tag%3Dse%26keywords%3Djeans%26qid%3D1728139571%26sprefix%3Djeans%252Caps%252C212%26sr%3D8-262-spons%26sp_csd%3Dd2lkZ2V0TmFtZT1zcF9tdGY%26psc%3D1,Peter England,"₹899₹899 M.R.P: ₹1,999₹1,999 (55% off)",M.R.P: ,Peter England,3.7 out of 5 stars 193  , FREE Delivery by Amazon
203,https://www.amazon.in/sspa/click?ie=UTF8&spc=MTo3MjM5NzU2MTU2MzUzMTQzOjE3MjgxMzk1NzE6c3BfbXRmOjMwMDI0NzY1MzM4MzMzMjo6MDo6&url=%2FPepe-Jeans-Skinny-PM206614G228_MID-WASH_38%2Fdp%2FB09Q6CFWTN%2Fref%3Dsr_1_263_sspa%3Fcrid%3D24IEEX0MBW072%26dib%3DeyJ2IjoiMSJ9.soeLNqUjOKL-l5IOqhOhr0mzaN0aQEcWhRNYMrKudsS-OVhI6oOayrrXoPeWANkbfR7LOZliKK6fB8cyAOPxjdnmR6-U8wRXIbHLdaNv0kKfeAd2V5fYt0kcOoRgSyrjdSphLmnshoKOWRBxhkseiW8_DjAUL-2-AB6Y3kAvhzs2jVf-qsSVstpyCnDvf80QU5_CDvwfX-N7WyfMw6374ieamkuri93EQGcLqwfPuAQqKk42b-vI6Zc2qq7_sI2TRfD6X7x3KhIHbHnKVY3J0SaUfiRcy6eKk-kYB8uEuDc.yPkzLYYfiyrkwaO_U-8QccJosdorxQ0oqT-o99Ncm4U%26dib_tag%3Dse%26keywords%3Djeans%26qid%3D1728139571%26sprefix%3Djeans%252Caps%252C212%26sr%3D8-263-spons%26sp_csd%3Dd2lkZ2V0TmFtZT1zcF9tdGY%26psc%3D1,Pepe Jeans,"₹1,569₹1,569 M.R.P: ₹3,799₹3,799 (59% off)",M.R.P: ,Pepe Jeans,4.0 out of 5 stars 2  , FREE Delivery by Amazon
204,https://www.amazon.in/sspa/click?ie=UTF8&spc=MTo3MjM5NzU2MTU2MzUzMTQzOjE3MjgxMzk1NzE6c3BfbXRmOjMwMDI0NzY1MzMyNTAzMjo6MDo6&url=%2FPepe-Jeans-Mens-PM206738Q053_Light-WASH_28%2Fdp%2FB09Q6BXSWL%2Fref%3Dsr_1_264_sspa%3Fcrid%3D24IEEX0MBW072%26dib%3DeyJ2IjoiMSJ9.soeLNqUjOKL-l5IOqhOhr0mzaN0aQEcWhRNYMrKudsS-OVhI6oOayrrXoPeWANkbfR7LOZliKK6fB8cyAOPxjdnmR6-U8wRXIbHLdaNv0kKfeAd2V5fYt0kcOoRgSyrjdSphLmnshoKOWRBxhkseiW8_DjAUL-2-AB6Y3kAvhzs2jVf-qsSVstpyCnDvf80QU5_CDvwfX-N7WyfMw6374ieamkuri93EQGcLqwfPuAQqKk42b-vI6Zc2qq7_sI2TRfD6X7x3KhIHbHnKVY3J0SaUfiRcy6eKk-kYB8uEuDc.yPkzLYYfiyrkwaO_U-8QccJosdorxQ0oqT-o99Ncm4U%26dib_tag%3Dse%26keywords%3Djeans%26qid%3D1728139571%26sprefix%3Djeans%252Caps%252C212%26sr%3D8-264-spons%26sp_csd%3Dd2lkZ2V0TmFtZT1zcF9tdGY%26psc%3D1,Pepe Jeans,"₹2,469₹2,469 M.R.P: ₹5,999₹5,999 (59% off)",M.R.P: ,Pepe Jeans,5.0 out of 5 stars 2  , FREE Delivery by Amazon
205,https://www.amazon.in/MUFTI-Wash-Denim-Jeans-Size_32/dp/B0BNLD8R69/ref=sr_1_265?crid=24IEEX0MBW072&dib=eyJ2IjoiMSJ9.soeLNqUjOKL-l5IOqhOhr0mzaN0aQEcWhRNYMrKudsS-OVhI6oOayrrXoPeWANkbfR7LOZliKK6fB8cyAOPxjdnmR6-U8wRXIbHLdaNv0kKfeAd2V5fYt0kcOoRgSyrjdSphLmnshoKOWRBxhkseiW8_DjAUL-2-AB6Y3kAvhzs2jVf-qsSVstpyCnDvf80QU5_CDvwfX-N7WyfMw6374ieamkuri93EQGcLqwfPuAQqKk42b-vI6Zc2qq7_sI2TRfD6X7x3KhIHbHnKVY3J0SaUfiRcy6eKk-kYB8uEuDc.yPkzLYYfiyrkwaO_U-8QccJosdorxQ0oqT-o99Ncm4U&dib_tag=se&keywords=jeans&qid=1728139571&sprefix=jeans%2Caps%2C212&sr=8-265,MUFTI,"₹1,287₹1,287 M.R.P: ₹3,299₹3,299 (61% off)",M.R.P: ,MUFTI,4.5 out of 5 stars 6  , FREE Delivery by Amazon
206,https://www.amazon.in/RAGZO-Jeans-Pants-Regular-Jeans_Black_32/dp/B0D9FR9LGS/ref=sr_1_269?crid=24IEEX0MBW072&dib=eyJ2IjoiMSJ9.soeLNqUjOKL-l5IOqhOhr0mzaN0aQEcWhRNYMrKudsS-OVhI6oOayrrXoPeWANkbfR7LOZliKK6fB8cyAOPxjdnmR6-U8wRXIbHLdaNv0kKfeAd2V5fYt0kcOoRgSyrjdSphLmnshoKOWRBxhkseiW8_DjAUL-2-AB6Y3kAvhzs2jVf-qsSVstpyCnDvf80QU5_CDvwfX-N7WyfMw6374ieamkuri93EQGcLqwfPuAQqKk42b-vI6Zc2qq7_sI2TRfD6X7x3KhIHbHnKVY3J0SaUfiRcy6eKk-kYB8uEuDc.yPkzLYYfiyrkwaO_U-8QccJosdorxQ0oqT-o99Ncm4U&dib_tag=se&keywords=jeans&qid=1728139571&sprefix=jeans%2Caps%2C212&sr=8-269,RAGZO,"₹499₹499 M.R.P: ₹2,399₹2,399 (79% off)",M.R.P: ,RAGZO,3.5 out of 5 stars 41  , FREE Delivery by Amazon
207,https://www.amazon.in/Max-Regular-Jeans-NOOSNSLLBGDELIGHT-Blue_Light/dp/B09S6KT7WF/ref=sr_1_272?crid=24IEEX0MBW072&dib=eyJ2IjoiMSJ9.soeLNqUjOKL-l5IOqhOhr0mzaN0aQEcWhRNYMrKudsS-OVhI6oOayrrXoPeWANkbfR7LOZliKK6fB8cyAOPxjdnmR6-U8wRXIbHLdaNv0kKfeAd2V5fYt0kcOoRgSyrjdSphLmnshoKOWRBxhkseiW8_DjAUL-2-AB6Y3kAvhzs2jVf-qsSVstpyCnDvf80QU5_CDvwfX-N7WyfMw6374ieamkuri93EQGcLqwfPuAQqKk42b-vI6Zc2qq7_sI2TRfD6X7x3KhIHbHnKVY3J0SaUfiRcy6eKk-kYB8uEuDc.yPkzLYYfiyrkwaO_U-8QccJosdorxQ0oqT-o99Ncm4U&dib_tag=se&keywords=jeans&qid=1728139571&sprefix=jeans%2Caps%2C212&sr=8-272,Max,₹698₹698 M.R.P: ₹899₹899 (22% off),M.R.P: ,Max,3.4 out of 5 stars 13  , FREE Delivery by Amazon
208,https://www.amazon.in/Pepe-Jeans-Mens-Slim-PM207432Q051_Light/dp/B0CJ9NR8KY/ref=sr_1_273?crid=24IEEX0MBW072&dib=eyJ2IjoiMSJ9.soeLNqUjOKL-l5IOqhOhr0mzaN0aQEcWhRNYMrKudsS-OVhI6oOayrrXoPeWANkbfR7LOZliKK6fB8cyAOPxjdnmR6-U8wRXIbHLdaNv0kKfeAd2V5fYt0kcOoRgSyrjdSphLmnshoKOWRBxhkseiW8_DjAUL-2-AB6Y3kAvhzs2jVf-qsSVstpyCnDvf80QU5_CDvwfX-N7WyfMw6374ieamkuri93EQGcLqwfPuAQqKk42b-vI6Zc2qq7_sI2TRfD6X7x3KhIHbHnKVY3J0SaUfiRcy6eKk-kYB8uEuDc.yPkzLYYfiyrkwaO_U-8QccJosdorxQ0oqT-o99Ncm4U&dib_tag=se&keywords=jeans&qid=1728139571&sprefix=jeans%2Caps%2C212&sr=8-273,Pepe Jeans,"₹1,359₹1,359 M.R.P: ₹3,399₹3,399 (60% off)",M.R.P: ,Pepe Jeans,3.8 out of 5 stars 5  , FREE Delivery by Amazon
209,https://www.amazon.in/KASHIAN-Women-Denim-Solid-Regular/dp/B0DCK3K4DQ/ref=sr_1_274?crid=24IEEX0MBW072&dib=eyJ2IjoiMSJ9.soeLNqUjOKL-l5IOqhOhr0mzaN0aQEcWhRNYMrKudsS-OVhI6oOayrrXoPeWANkbfR7LOZliKK6fB8cyAOPxjdnmR6-U8wRXIbHLdaNv0kKfeAd2V5fYt0kcOoRgSyrjdSphLmnshoKOWRBxhkseiW8_DjAUL-2-AB6Y3kAvhzs2jVf-qsSVstpyCnDvf80QU5_CDvwfX-N7WyfMw6374ieamkuri93EQGcLqwfPuAQqKk42b-vI6Zc2qq7_sI2TRfD6X7x3KhIHbHnKVY3J0SaUfiRcy6eKk-kYB8uEuDc.yPkzLYYfiyrkwaO_U-8QccJosdorxQ0oqT-o99Ncm4U&dib_tag=se&keywords=jeans&qid=1728139571&sprefix=jeans%2Caps%2C212&sr=8-274,KASHIAN,"₹499₹499 M.R.P: ₹1,999₹1,999 (75% off)",50+ bought in past month,KASHIAN,2.1 out of 5 stars 7  , 
210,https://www.amazon.in/Amazon-Brand-Symbol-Regular-SY-NS-EP-JG-001D_Black_38/dp/B097MQWVBT/ref=sr_1_276?crid=24IEEX0MBW072&dib=eyJ2IjoiMSJ9.soeLNqUjOKL-l5IOqhOhr0mzaN0aQEcWhRNYMrKudsS-OVhI6oOayrrXoPeWANkbfR7LOZliKK6fB8cyAOPxjdnmR6-U8wRXIbHLdaNv0kKfeAd2V5fYt0kcOoRgSyrjdSphLmnshoKOWRBxhkseiW8_DjAUL-2-AB6Y3kAvhzs2jVf-qsSVstpyCnDvf80QU5_CDvwfX-N7WyfMw6374ieamkuri93EQGcLqwfPuAQqKk42b-vI6Zc2qq7_sI2TRfD6X7x3KhIHbHnKVY3J0SaUfiRcy6eKk-kYB8uEuDc.yPkzLYYfiyrkwaO_U-8QccJosdorxQ0oqT-o99Ncm4U&dib_tag=se&keywords=jeans&qid=1728139571&sprefix=jeans%2Caps%2C212&sr=8-276,Amazon Brand - Symbol,"₹799₹799 M.R.P: ₹2,199₹2,199 (64% off)",M.R.P: ,Amazon Brand - Symbol,3.9 out of 5 stars 805  , FREE Delivery by Amazon
211,https://www.amazon.in/Lymio-Jeans-Pants-Denim-Jeans-04-05/dp/B0CTSK5Q2D/ref=sr_1_32?crid=24IEEX0MBW072&dib=eyJ2IjoiMSJ9.loW9tDrkb73dvNPalTNrmPld8m7huH6cF5g_YkNmEAm9qODA-taMg5ibmmJXAdn3w18_Ama_S4836s1iM1YtBIdpk_a88sovlz0jYKb8UgeyxfvDd1yNA7BrvReQL8dHeTsmBCUr4vG9wTfYE_IXjcEtx4Z9Yg_WV3zVa7cZhyV3SPxEo2p1Htxigkn7RWNyKzINhtwKuJdv5R3jaMrGucUaA8BClw9zNNqjHAMpciugupuFm20Jj8eOG6lU42dRYTXf80v8ApAF0EChkl1-KMQjfTn99KKJ17d9OvtZONs.gM2UxYQACutxLYDMZ0XW9AekUQGSbRmRfPruooS2c3Q&dib_tag=se&keywords=jeans&qid=1728139528&sprefix=jeans%2Caps%2C212&sr=8-32,Lymio,"₹599₹599 M.R.P: ₹5,999₹5,999 (90% off)",700+ bought in past month,Lymio,"3.7 out of 5 stars 1,111  ", FREE Delivery by Amazon
212,https://www.amazon.in/TAGAS-Baggy-Jeans-MDJ-2-BLACK-Black_36/dp/B0CVXW673J/ref=sr_1_278?crid=24IEEX0MBW072&dib=eyJ2IjoiMSJ9.soeLNqUjOKL-l5IOqhOhr0mzaN0aQEcWhRNYMrKudsS-OVhI6oOayrrXoPeWANkbfR7LOZliKK6fB8cyAOPxjdnmR6-U8wRXIbHLdaNv0kKfeAd2V5fYt0kcOoRgSyrjdSphLmnshoKOWRBxhkseiW8_DjAUL-2-AB6Y3kAvhzs2jVf-qsSVstpyCnDvf80QU5_CDvwfX-N7WyfMw6374ieamkuri93EQGcLqwfPuAQqKk42b-vI6Zc2qq7_sI2TRfD6X7x3KhIHbHnKVY3J0SaUfiRcy6eKk-kYB8uEuDc.yPkzLYYfiyrkwaO_U-8QccJosdorxQ0oqT-o99Ncm4U&dib_tag=se&keywords=jeans&qid=1728139571&sprefix=jeans%2Caps%2C212&sr=8-278,TAGAS,"₹579₹579 M.R.P: ₹1,499₹1,499 (61% off)",100+ bought in past month,TAGAS,3.9 out of 5 stars 40  , FREE Delivery by Amazon
213,https://www.amazon.in/Diverse-Mens-Relaxed-Jeans-DCMDT03RC11L04-40B_Black_28W/dp/B07Q9S8KRP/ref=sr_1_280?crid=24IEEX0MBW072&dib=eyJ2IjoiMSJ9.soeLNqUjOKL-l5IOqhOhr0mzaN0aQEcWhRNYMrKudsS-OVhI6oOayrrXoPeWANkbfR7LOZliKK6fB8cyAOPxjdnmR6-U8wRXIbHLdaNv0kKfeAd2V5fYt0kcOoRgSyrjdSphLmnshoKOWRBxhkseiW8_DjAUL-2-AB6Y3kAvhzs2jVf-qsSVstpyCnDvf80QU5_CDvwfX-N7WyfMw6374ieamkuri93EQGcLqwfPuAQqKk42b-vI6Zc2qq7_sI2TRfD6X7x3KhIHbHnKVY3J0SaUfiRcy6eKk-kYB8uEuDc.yPkzLYYfiyrkwaO_U-8QccJosdorxQ0oqT-o99Ncm4U&dib_tag=se&keywords=jeans&qid=1728139571&sprefix=jeans%2Caps%2C212&sr=8-280,Diverse,"₹379₹379 M.R.P: ₹1,499₹1,499 (75% off)",M.R.P: ,Diverse,3.6 out of 5 stars 38  ,FREE Delivery by Amazon
214,https://www.amazon.in/KOTTY-Womens-Regular-Black-Jeans/dp/B0CQFCMM51/ref=sr_1_281?crid=24IEEX0MBW072&dib=eyJ2IjoiMSJ9.soeLNqUjOKL-l5IOqhOhr0mzaN0aQEcWhRNYMrKudsS-OVhI6oOayrrXoPeWANkbfR7LOZliKK6fB8cyAOPxjdnmR6-U8wRXIbHLdaNv0kKfeAd2V5fYt0kcOoRgSyrjdSphLmnshoKOWRBxhkseiW8_DjAUL-2-AB6Y3kAvhzs2jVf-qsSVstpyCnDvf80QU5_CDvwfX-N7WyfMw6374ieamkuri93EQGcLqwfPuAQqKk42b-vI6Zc2qq7_sI2TRfD6X7x3KhIHbHnKVY3J0SaUfiRcy6eKk-kYB8uEuDc.yPkzLYYfiyrkwaO_U-8QccJosdorxQ0oqT-o99Ncm4U&dib_tag=se&keywords=jeans&qid=1728139571&sprefix=jeans%2Caps%2C212&sr=8-281,KOTTY,"₹442₹442 M.R.P: ₹1,999₹1,999 (78% off)",50+ bought in past month,KOTTY,3.2 out of 5 stars 44  ,FREE Delivery by Amazon
215,https://www.amazon.in/KOTTY-Womens-Cotton-Lycra-Length/dp/B0CG92GP5M/ref=sr_1_282?crid=24IEEX0MBW072&dib=eyJ2IjoiMSJ9.soeLNqUjOKL-l5IOqhOhr0mzaN0aQEcWhRNYMrKudsS-OVhI6oOayrrXoPeWANkbfR7LOZliKK6fB8cyAOPxjdnmR6-U8wRXIbHLdaNv0kKfeAd2V5fYt0kcOoRgSyrjdSphLmnshoKOWRBxhkseiW8_DjAUL-2-AB6Y3kAvhzs2jVf-qsSVstpyCnDvf80QU5_CDvwfX-N7WyfMw6374ieamkuri93EQGcLqwfPuAQqKk42b-vI6Zc2qq7_sI2TRfD6X7x3KhIHbHnKVY3J0SaUfiRcy6eKk-kYB8uEuDc.yPkzLYYfiyrkwaO_U-8QccJosdorxQ0oqT-o99Ncm4U&dib_tag=se&keywords=jeans&qid=1728139571&sprefix=jeans%2Caps%2C212&sr=8-282,KOTTY,"₹442₹442 M.R.P: ₹1,999₹1,999 (78% off)",M.R.P: ,KOTTY,3.0 out of 5 stars 67  ,FREE Delivery by Amazon
216,https://www.amazon.in/RAGZO-Khaki-Mens-Stretchable-Jeans/dp/B0B39BY583/ref=sr_1_283?crid=24IEEX0MBW072&dib=eyJ2IjoiMSJ9.soeLNqUjOKL-l5IOqhOhr0mzaN0aQEcWhRNYMrKudsS-OVhI6oOayrrXoPeWANkbfR7LOZliKK6fB8cyAOPxjdnmR6-U8wRXIbHLdaNv0kKfeAd2V5fYt0kcOoRgSyrjdSphLmnshoKOWRBxhkseiW8_DjAUL-2-AB6Y3kAvhzs2jVf-qsSVstpyCnDvf80QU5_CDvwfX-N7WyfMw6374ieamkuri93EQGcLqwfPuAQqKk42b-vI6Zc2qq7_sI2TRfD6X7x3KhIHbHnKVY3J0SaUfiRcy6eKk-kYB8uEuDc.yPkzLYYfiyrkwaO_U-8QccJosdorxQ0oqT-o99Ncm4U&dib_tag=se&keywords=jeans&qid=1728139571&sprefix=jeans%2Caps%2C212&sr=8-283,RAGZO,"₹595₹595 M.R.P: ₹2,399₹2,399 (75% off)",M.R.P: ,RAGZO,3.4 out of 5 stars 647  , FREE Delivery by Amazon
217,https://www.amazon.in/Spykar-Renato-Loose-Mid-Rise-Jeans/dp/B0D6BYH1LG/ref=sr_1_285?crid=24IEEX0MBW072&dib=eyJ2IjoiMSJ9.soeLNqUjOKL-l5IOqhOhr0mzaN0aQEcWhRNYMrKudsS-OVhI6oOayrrXoPeWANkbfR7LOZliKK6fB8cyAOPxjdnmR6-U8wRXIbHLdaNv0kKfeAd2V5fYt0kcOoRgSyrjdSphLmnshoKOWRBxhkseiW8_DjAUL-2-AB6Y3kAvhzs2jVf-qsSVstpyCnDvf80QU5_CDvwfX-N7WyfMw6374ieamkuri93EQGcLqwfPuAQqKk42b-vI6Zc2qq7_sI2TRfD6X7x3KhIHbHnKVY3J0SaUfiRcy6eKk-kYB8uEuDc.yPkzLYYfiyrkwaO_U-8QccJosdorxQ0oqT-o99Ncm4U&dib_tag=se&keywords=jeans&qid=1728139571&sprefix=jeans%2Caps%2C212&sr=8-285,Spykar,"₹1,009₹1,009 M.R.P: ₹2,899₹2,899 (65% off)",M.R.P: ,Spykar,3.5 out of 5 stars 3  , FREE Delivery by Amazon
218,https://www.amazon.in/Wrangler-Mens-Regular-Jeans-WMJN006907_Blue/dp/B0CHG248Z9/ref=sr_1_286?crid=24IEEX0MBW072&dib=eyJ2IjoiMSJ9.soeLNqUjOKL-l5IOqhOhr0mzaN0aQEcWhRNYMrKudsS-OVhI6oOayrrXoPeWANkbfR7LOZliKK6fB8cyAOPxjdnmR6-U8wRXIbHLdaNv0kKfeAd2V5fYt0kcOoRgSyrjdSphLmnshoKOWRBxhkseiW8_DjAUL-2-AB6Y3kAvhzs2jVf-qsSVstpyCnDvf80QU5_CDvwfX-N7WyfMw6374ieamkuri93EQGcLqwfPuAQqKk42b-vI6Zc2qq7_sI2TRfD6X7x3KhIHbHnKVY3J0SaUfiRcy6eKk-kYB8uEuDc.yPkzLYYfiyrkwaO_U-8QccJosdorxQ0oqT-o99Ncm4U&dib_tag=se&keywords=jeans&qid=1728139571&sprefix=jeans%2Caps%2C212&sr=8-286,Wrangler,"₹1,479₹1,479 M.R.P: ₹3,699₹3,699 (60% off)",M.R.P: ,Wrangler,4.2 out of 5 stars 16  , FREE Delivery by Amazon
219,https://www.amazon.in/Diverse-Relaxed-Jeans-DVD02D1L01-2c_Indigo-Blue_40W/dp/B0758KCKC8/ref=sr_1_287?crid=24IEEX0MBW072&dib=eyJ2IjoiMSJ9.soeLNqUjOKL-l5IOqhOhr0mzaN0aQEcWhRNYMrKudsS-OVhI6oOayrrXoPeWANkbfR7LOZliKK6fB8cyAOPxjdnmR6-U8wRXIbHLdaNv0kKfeAd2V5fYt0kcOoRgSyrjdSphLmnshoKOWRBxhkseiW8_DjAUL-2-AB6Y3kAvhzs2jVf-qsSVstpyCnDvf80QU5_CDvwfX-N7WyfMw6374ieamkuri93EQGcLqwfPuAQqKk42b-vI6Zc2qq7_sI2TRfD6X7x3KhIHbHnKVY3J0SaUfiRcy6eKk-kYB8uEuDc.yPkzLYYfiyrkwaO_U-8QccJosdorxQ0oqT-o99Ncm4U&dib_tag=se&keywords=jeans&qid=1728139571&sprefix=jeans%2Caps%2C212&sr=8-287,Diverse,"₹379₹379 M.R.P: ₹1,499₹1,499 (75% off)",M.R.P: ,Diverse,3.7 out of 5 stars 87  ,FREE Delivery by Amazon
220,https://www.amazon.in/AVANOVA-Jeans-Denim-Pant-Wide/dp/B0DFPWV32Y/ref=sr_1_33?crid=24IEEX0MBW072&dib=eyJ2IjoiMSJ9.loW9tDrkb73dvNPalTNrmPld8m7huH6cF5g_YkNmEAm9qODA-taMg5ibmmJXAdn3w18_Ama_S4836s1iM1YtBIdpk_a88sovlz0jYKb8UgeyxfvDd1yNA7BrvReQL8dHeTsmBCUr4vG9wTfYE_IXjcEtx4Z9Yg_WV3zVa7cZhyV3SPxEo2p1Htxigkn7RWNyKzINhtwKuJdv5R3jaMrGucUaA8BClw9zNNqjHAMpciugupuFm20Jj8eOG6lU42dRYTXf80v8ApAF0EChkl1-KMQjfTn99KKJ17d9OvtZONs.gM2UxYQACutxLYDMZ0XW9AekUQGSbRmRfPruooS2c3Q&dib_tag=se&keywords=jeans&qid=1728139528&sprefix=jeans%2Caps%2C212&sr=8-33,AVANOVA,"₹681₹681 M.R.P: ₹2,499₹2,499 (73% off)",M.R.P: ,AVANOVA,4.8 out of 5 stars 23  ,FREE Delivery by Amazon
221,https://www.amazon.in/Nifty-Straight-Boyfriend-Jean_1444_ICE_30_Sky-Blue_30/dp/B0C1GKFCC3/ref=sr_1_288?crid=24IEEX0MBW072&dib=eyJ2IjoiMSJ9.soeLNqUjOKL-l5IOqhOhr0mzaN0aQEcWhRNYMrKudsS-OVhI6oOayrrXoPeWANkbfR7LOZliKK6fB8cyAOPxjdnmR6-U8wRXIbHLdaNv0kKfeAd2V5fYt0kcOoRgSyrjdSphLmnshoKOWRBxhkseiW8_DjAUL-2-AB6Y3kAvhzs2jVf-qsSVstpyCnDvf80QU5_CDvwfX-N7WyfMw6374ieamkuri93EQGcLqwfPuAQqKk42b-vI6Zc2qq7_sI2TRfD6X7x3KhIHbHnKVY3J0SaUfiRcy6eKk-kYB8uEuDc.yPkzLYYfiyrkwaO_U-8QccJosdorxQ0oqT-o99Ncm4U&dib_tag=se&keywords=jeans&qid=1728139571&sprefix=jeans%2Caps%2C212&sr=8-288,Nifty,"₹498₹498 M.R.P: ₹1,999₹1,999 (75% off)",50+ bought in past month,Nifty,3.5 out of 5 stars 348  ,FREE Delivery by Amazon
222,https://www.amazon.in/Levis-Womens-Straight-Jeans-A7091-0007_Blue/dp/B0C6QWH2Y3/ref=sr_1_289?crid=24IEEX0MBW072&dib=eyJ2IjoiMSJ9.soeLNqUjOKL-l5IOqhOhr0mzaN0aQEcWhRNYMrKudsS-OVhI6oOayrrXoPeWANkbfR7LOZliKK6fB8cyAOPxjdnmR6-U8wRXIbHLdaNv0kKfeAd2V5fYt0kcOoRgSyrjdSphLmnshoKOWRBxhkseiW8_DjAUL-2-AB6Y3kAvhzs2jVf-qsSVstpyCnDvf80QU5_CDvwfX-N7WyfMw6374ieamkuri93EQGcLqwfPuAQqKk42b-vI6Zc2qq7_sI2TRfD6X7x3KhIHbHnKVY3J0SaUfiRcy6eKk-kYB8uEuDc.yPkzLYYfiyrkwaO_U-8QccJosdorxQ0oqT-o99Ncm4U&dib_tag=se&keywords=jeans&qid=1728139571&sprefix=jeans%2Caps%2C212&sr=8-289,Levi's,"₹1,799₹1,799 M.R.P: ₹2,999₹2,999 (40% off)",50+ bought in past month,Levi's,3.5 out of 5 stars 29  , FREE Delivery by Amazon
223,https://www.amazon.in/Levis-Mens-Slim-Jeans-A7087-0026_Blue/dp/B0C6QW2T8J/ref=sr_1_290?crid=24IEEX0MBW072&dib=eyJ2IjoiMSJ9.soeLNqUjOKL-l5IOqhOhr0mzaN0aQEcWhRNYMrKudsS-OVhI6oOayrrXoPeWANkbfR7LOZliKK6fB8cyAOPxjdnmR6-U8wRXIbHLdaNv0kKfeAd2V5fYt0kcOoRgSyrjdSphLmnshoKOWRBxhkseiW8_DjAUL-2-AB6Y3kAvhzs2jVf-qsSVstpyCnDvf80QU5_CDvwfX-N7WyfMw6374ieamkuri93EQGcLqwfPuAQqKk42b-vI6Zc2qq7_sI2TRfD6X7x3KhIHbHnKVY3J0SaUfiRcy6eKk-kYB8uEuDc.yPkzLYYfiyrkwaO_U-8QccJosdorxQ0oqT-o99Ncm4U&dib_tag=se&keywords=jeans&qid=1728139571&sprefix=jeans%2Caps%2C212&sr=8-290,Levi's,"₹1,750₹1,750 M.R.P: ₹3,499₹3,499 (50% off)",M.R.P: ,Levi's,4.0 out of 5 stars 45  , FREE Delivery by Amazon
224,https://www.amazon.in/NIFTY-Womens-Denim-Stretchable-1393N_BLK_40_Black_40/dp/B08FRKZNB6/ref=sr_1_291?crid=24IEEX0MBW072&dib=eyJ2IjoiMSJ9.soeLNqUjOKL-l5IOqhOhr0mzaN0aQEcWhRNYMrKudsS-OVhI6oOayrrXoPeWANkbfR7LOZliKK6fB8cyAOPxjdnmR6-U8wRXIbHLdaNv0kKfeAd2V5fYt0kcOoRgSyrjdSphLmnshoKOWRBxhkseiW8_DjAUL-2-AB6Y3kAvhzs2jVf-qsSVstpyCnDvf80QU5_CDvwfX-N7WyfMw6374ieamkuri93EQGcLqwfPuAQqKk42b-vI6Zc2qq7_sI2TRfD6X7x3KhIHbHnKVY3J0SaUfiRcy6eKk-kYB8uEuDc.yPkzLYYfiyrkwaO_U-8QccJosdorxQ0oqT-o99Ncm4U&dib_tag=se&keywords=jeans&qid=1728139571&sprefix=jeans%2Caps%2C212&sr=8-291,Nifty,"₹563₹563 M.R.P: ₹1,799₹1,799 (69% off)",M.R.P: ,Nifty,3.7 out of 5 stars 871  , FREE Delivery by Amazon
225,https://www.amazon.in/Ben-Martin-Relaxed-Jeans-BMW-JJ9-LB-P2-38/dp/B076373D59/ref=sr_1_292?crid=24IEEX0MBW072&dib=eyJ2IjoiMSJ9.soeLNqUjOKL-l5IOqhOhr0mzaN0aQEcWhRNYMrKudsS-OVhI6oOayrrXoPeWANkbfR7LOZliKK6fB8cyAOPxjdnmR6-U8wRXIbHLdaNv0kKfeAd2V5fYt0kcOoRgSyrjdSphLmnshoKOWRBxhkseiW8_DjAUL-2-AB6Y3kAvhzs2jVf-qsSVstpyCnDvf80QU5_CDvwfX-N7WyfMw6374ieamkuri93EQGcLqwfPuAQqKk42b-vI6Zc2qq7_sI2TRfD6X7x3KhIHbHnKVY3J0SaUfiRcy6eKk-kYB8uEuDc.yPkzLYYfiyrkwaO_U-8QccJosdorxQ0oqT-o99Ncm4U&dib_tag=se&keywords=jeans&qid=1728139571&sprefix=jeans%2Caps%2C212&sr=8-292,Ben Martin,"₹499₹499 M.R.P: ₹2,499₹2,499 (80% off)",M.R.P: ,Ben Martin,3.9 out of 5 stars 426  , FREE Delivery by Amazon
226,https://www.amazon.in/Ben-Martin-Regular-Denim-CMB-JJ9DB-JJ3DBNL32/dp/B01LZO8J60/ref=sr_1_294?crid=24IEEX0MBW072&dib=eyJ2IjoiMSJ9.soeLNqUjOKL-l5IOqhOhr0mzaN0aQEcWhRNYMrKudsS-OVhI6oOayrrXoPeWANkbfR7LOZliKK6fB8cyAOPxjdnmR6-U8wRXIbHLdaNv0kKfeAd2V5fYt0kcOoRgSyrjdSphLmnshoKOWRBxhkseiW8_DjAUL-2-AB6Y3kAvhzs2jVf-qsSVstpyCnDvf80QU5_CDvwfX-N7WyfMw6374ieamkuri93EQGcLqwfPuAQqKk42b-vI6Zc2qq7_sI2TRfD6X7x3KhIHbHnKVY3J0SaUfiRcy6eKk-kYB8uEuDc.yPkzLYYfiyrkwaO_U-8QccJosdorxQ0oqT-o99Ncm4U&dib_tag=se&keywords=jeans&qid=1728139571&sprefix=jeans%2Caps%2C212&sr=8-294,Ben Martin,"₹949₹949 M.R.P: ₹4,998₹4,998 (81% off)",M.R.P: ,Ben Martin,"3.6 out of 5 stars 7,333  ", FREE Delivery by Amazon
227,https://www.amazon.in/AKA-CHIC-Womens-AKCB-1430_Black_30/dp/B07W4878TW/ref=sr_1_295?crid=24IEEX0MBW072&dib=eyJ2IjoiMSJ9.soeLNqUjOKL-l5IOqhOhr0mzaN0aQEcWhRNYMrKudsS-OVhI6oOayrrXoPeWANkbfR7LOZliKK6fB8cyAOPxjdnmR6-U8wRXIbHLdaNv0kKfeAd2V5fYt0kcOoRgSyrjdSphLmnshoKOWRBxhkseiW8_DjAUL-2-AB6Y3kAvhzs2jVf-qsSVstpyCnDvf80QU5_CDvwfX-N7WyfMw6374ieamkuri93EQGcLqwfPuAQqKk42b-vI6Zc2qq7_sI2TRfD6X7x3KhIHbHnKVY3J0SaUfiRcy6eKk-kYB8uEuDc.yPkzLYYfiyrkwaO_U-8QccJosdorxQ0oqT-o99Ncm4U&dib_tag=se&keywords=jeans&qid=1728139571&sprefix=jeans%2Caps%2C212&sr=8-295,AKA CHIC,"₹799₹799 M.R.P: ₹2,399₹2,399 (67% off)",50+ bought in past month,AKA CHIC,"4.0 out of 5 stars 5,382  ", FREE Delivery by Amazon
228,https://www.amazon.in/Levis-Mens-Tapered-Jeans-A7086-0089_Blue/dp/B0CRRXZVNB/ref=sr_1_296?crid=24IEEX0MBW072&dib=eyJ2IjoiMSJ9.soeLNqUjOKL-l5IOqhOhr0mzaN0aQEcWhRNYMrKudsS-OVhI6oOayrrXoPeWANkbfR7LOZliKK6fB8cyAOPxjdnmR6-U8wRXIbHLdaNv0kKfeAd2V5fYt0kcOoRgSyrjdSphLmnshoKOWRBxhkseiW8_DjAUL-2-AB6Y3kAvhzs2jVf-qsSVstpyCnDvf80QU5_CDvwfX-N7WyfMw6374ieamkuri93EQGcLqwfPuAQqKk42b-vI6Zc2qq7_sI2TRfD6X7x3KhIHbHnKVY3J0SaUfiRcy6eKk-kYB8uEuDc.yPkzLYYfiyrkwaO_U-8QccJosdorxQ0oqT-o99Ncm4U&dib_tag=se&keywords=jeans&qid=1728139571&sprefix=jeans%2Caps%2C212&sr=8-296,Levi's,"₹999₹999 M.R.P: ₹2,999₹2,999 (67% off)",M.R.P: ,Levi's,3.0 out of 5 stars 5  , FREE Delivery by Amazon
229,https://www.amazon.in/sspa/click?ie=UTF8&spc=MTo3MjM5NzU2MTU2MzUzMTQzOjE3MjgxMzk1NzE6c3BfYnRmOjMwMDM1NDgwNDI1MTMzMjo6MDo6&url=%2FAmazon-Brand-Tapered-ST-100_MEDIUM-BLUE_30W%2Fdp%2FB07HZR4V3G%2Fref%3Dsr_1_297_sspa%3Fcrid%3D24IEEX0MBW072%26dib%3DeyJ2IjoiMSJ9.soeLNqUjOKL-l5IOqhOhr0mzaN0aQEcWhRNYMrKudsS-OVhI6oOayrrXoPeWANkbfR7LOZliKK6fB8cyAOPxjdnmR6-U8wRXIbHLdaNv0kKfeAd2V5fYt0kcOoRgSyrjdSphLmnshoKOWRBxhkseiW8_DjAUL-2-AB6Y3kAvhzs2jVf-qsSVstpyCnDvf80QU5_CDvwfX-N7WyfMw6374ieamkuri93EQGcLqwfPuAQqKk42b-vI6Zc2qq7_sI2TRfD6X7x3KhIHbHnKVY3J0SaUfiRcy6eKk-kYB8uEuDc.yPkzLYYfiyrkwaO_U-8QccJosdorxQ0oqT-o99Ncm4U%26dib_tag%3Dse%26keywords%3Djeans%26qid%3D1728139571%26sprefix%3Djeans%252Caps%252C212%26sr%3D8-297-spons%26sp_csd%3Dd2lkZ2V0TmFtZT1zcF9idGY%26psc%3D1,Amazon Brand - INKAST,"₹399₹399 M.R.P: ₹2,799₹2,799 (86% off)",50+ bought in past month,Amazon Brand - INKAST,"3.6 out of 5 stars 5,211  ",FREE Delivery by Amazon
230,https://www.amazon.in/Allen-Solly-Skinny-Jeans-ALDNVSKFT51745_Navy_34/dp/B099NT8XGH/ref=sr_1_34?crid=24IEEX0MBW072&dib=eyJ2IjoiMSJ9.loW9tDrkb73dvNPalTNrmPld8m7huH6cF5g_YkNmEAm9qODA-taMg5ibmmJXAdn3w18_Ama_S4836s1iM1YtBIdpk_a88sovlz0jYKb8UgeyxfvDd1yNA7BrvReQL8dHeTsmBCUr4vG9wTfYE_IXjcEtx4Z9Yg_WV3zVa7cZhyV3SPxEo2p1Htxigkn7RWNyKzINhtwKuJdv5R3jaMrGucUaA8BClw9zNNqjHAMpciugupuFm20Jj8eOG6lU42dRYTXf80v8ApAF0EChkl1-KMQjfTn99KKJ17d9OvtZONs.gM2UxYQACutxLYDMZ0XW9AekUQGSbRmRfPruooS2c3Q&dib_tag=se&keywords=jeans&qid=1728139528&sprefix=jeans%2Caps%2C212&sr=8-34,Allen Solly,"₹879₹879 M.R.P: ₹2,199₹2,199 (60% off)",100+ bought in past month,Allen Solly,3.5 out of 5 stars 395  , FREE Delivery by Amazon
231,https://www.amazon.in/sspa/click?ie=UTF8&spc=MTo3MjM5NzU2MTU2MzUzMTQzOjE3MjgxMzk1NzE6c3BfYnRmOjMwMDM0Njg1Mjc2NzQzMjo6MDo6&url=%2FAllen-Solly-Chino-Skinny-ALDNVSKF586306_Navy_36%2Fdp%2FB099NT4QYY%2Fref%3Dsr_1_298_sspa%3Fcrid%3D24IEEX0MBW072%26dib%3DeyJ2IjoiMSJ9.soeLNqUjOKL-l5IOqhOhr0mzaN0aQEcWhRNYMrKudsS-OVhI6oOayrrXoPeWANkbfR7LOZliKK6fB8cyAOPxjdnmR6-U8wRXIbHLdaNv0kKfeAd2V5fYt0kcOoRgSyrjdSphLmnshoKOWRBxhkseiW8_DjAUL-2-AB6Y3kAvhzs2jVf-qsSVstpyCnDvf80QU5_CDvwfX-N7WyfMw6374ieamkuri93EQGcLqwfPuAQqKk42b-vI6Zc2qq7_sI2TRfD6X7x3KhIHbHnKVY3J0SaUfiRcy6eKk-kYB8uEuDc.yPkzLYYfiyrkwaO_U-8QccJosdorxQ0oqT-o99Ncm4U%26dib_tag%3Dse%26keywords%3Djeans%26qid%3D1728139571%26sprefix%3Djeans%252Caps%252C212%26sr%3D8-298-spons%26sp_csd%3Dd2lkZ2V0TmFtZT1zcF9idGY%26psc%3D1,Allen Solly,"₹1,199₹1,199 M.R.P: ₹1,999₹1,999 (40% off)",M.R.P: ,Allen Solly,"3.5 out of 5 stars 1,050  ",FREE Delivery by Amazon
232,https://www.amazon.in/sspa/click?ie=UTF8&spc=MTo3MjM5NzU2MTU2MzUzMTQzOjE3MjgxMzk1NzE6c3BfYnRmOjMwMDE0NzQ1NTIyNjIzMjo6MDo6&url=%2FPepe-Jeans-Mens-Slim-PM206796J16_Light%2Fdp%2FB0C53CVRX7%2Fref%3Dsr_1_299_sspa%3Fcrid%3D24IEEX0MBW072%26dib%3DeyJ2IjoiMSJ9.soeLNqUjOKL-l5IOqhOhr0mzaN0aQEcWhRNYMrKudsS-OVhI6oOayrrXoPeWANkbfR7LOZliKK6fB8cyAOPxjdnmR6-U8wRXIbHLdaNv0kKfeAd2V5fYt0kcOoRgSyrjdSphLmnshoKOWRBxhkseiW8_DjAUL-2-AB6Y3kAvhzs2jVf-qsSVstpyCnDvf80QU5_CDvwfX-N7WyfMw6374ieamkuri93EQGcLqwfPuAQqKk42b-vI6Zc2qq7_sI2TRfD6X7x3KhIHbHnKVY3J0SaUfiRcy6eKk-kYB8uEuDc.yPkzLYYfiyrkwaO_U-8QccJosdorxQ0oqT-o99Ncm4U%26dib_tag%3Dse%26keywords%3Djeans%26qid%3D1728139571%26sprefix%3Djeans%252Caps%252C212%26sr%3D8-299-spons%26sp_csd%3Dd2lkZ2V0TmFtZT1zcF9idGY%26psc%3D1,Pepe Jeans,"₹1,024₹1,024 M.R.P: ₹3,799₹3,799 (73% off)",M.R.P: ,Pepe Jeans,3.4 out of 5 stars 64  , FREE Delivery by Amazon
233,https://www.amazon.in/sspa/click?ie=UTF8&spc=MTo3MjM5NzU2MTU2MzUzMTQzOjE3MjgxMzk1NzE6c3BfYnRmOjMwMDIwMzk0Nzc1MjUzMjo6MDo6&url=%2FAllen-Solly-Skinny-Jeans-ALDNVSKFT93425_Black_32%2Fdp%2FB09F72JMSR%2Fref%3Dsr_1_300_sspa%3Fcrid%3D24IEEX0MBW072%26dib%3DeyJ2IjoiMSJ9.soeLNqUjOKL-l5IOqhOhr0mzaN0aQEcWhRNYMrKudsS-OVhI6oOayrrXoPeWANkbfR7LOZliKK6fB8cyAOPxjdnmR6-U8wRXIbHLdaNv0kKfeAd2V5fYt0kcOoRgSyrjdSphLmnshoKOWRBxhkseiW8_DjAUL-2-AB6Y3kAvhzs2jVf-qsSVstpyCnDvf80QU5_CDvwfX-N7WyfMw6374ieamkuri93EQGcLqwfPuAQqKk42b-vI6Zc2qq7_sI2TRfD6X7x3KhIHbHnKVY3J0SaUfiRcy6eKk-kYB8uEuDc.yPkzLYYfiyrkwaO_U-8QccJosdorxQ0oqT-o99Ncm4U%26dib_tag%3Dse%26keywords%3Djeans%26qid%3D1728139571%26sprefix%3Djeans%252Caps%252C212%26sr%3D8-300-spons%26sp_csd%3Dd2lkZ2V0TmFtZT1zcF9idGY%26psc%3D1,Allen Solly,"₹879₹879 M.R.P: ₹2,199₹2,199 (60% off)",50+ bought in past month,Allen Solly,3.5 out of 5 stars 395  , FREE Delivery by Amazon
234,https://www.amazon.in/sspa/click?ie=UTF8&spc=MToxNzcxMDE5OTIzOTU0ODg0OjE3MjgxMzk1NzY6c3BfYXRmX25leHQ6MzAwMTY3NTk1ODQ1MTMyOjowOjo&url=%2FPepe-Jeans-Regular-PM207554Q033_Dark-Used_Mid%2Fdp%2FB0CLM6PTQJ%2Fref%3Dsr_1_289_sspa%3Fcrid%3D24IEEX0MBW072%26dib%3DeyJ2IjoiMSJ9.LwvCjnk7YACLV_WA3FjBvWI6Nyin89kKanEDhFrm-nx6LXpIXbOz1IAdui-0eiSBtG5FOk_gMNp1EbM55KHr01xMH-dK5LnwRES_GbIcj69GZ3PhNdPul7oEZsmslLmb1j0O1nfUuhhyHdEKyEhCqpSfv9dZvPIWyC7CrBJxi04eGuraTtWTplzr7tvVQdu7OUexYt4ByqpAuSWBbBwXzLASEHc3Aijb7Xsmst7JMtQGyCAfP-oGFFi0zvFL2Rst3VzKfO3n0_3olhmJHBQ3Hg.2BVSo10sqbgfQg7FdrSkXfCmPcjN9vzLiN_kuKqacpw%26dib_tag%3Dse%26keywords%3Djeans%26qid%3D1728139576%26sprefix%3Djeans%252Caps%252C212%26sr%3D8-289-spons%26sp_csd%3Dd2lkZ2V0TmFtZT1zcF9hdGZfbmV4dA%26psc%3D1,Pepe Jeans,"₹1,899₹1,899 M.R.P: ₹3,799₹3,799 (50% off)",M.R.P: ,Pepe Jeans,2.6 out of 5 stars 4  , FREE Delivery by Amazon
235,https://www.amazon.in/sspa/click?ie=UTF8&spc=MToxNzcxMDE5OTIzOTU0ODg0OjE3MjgxMzk1NzY6c3BfYXRmX25leHQ6MzAwMjU5MTM4NzcxOTMyOjowOjo&url=%2FLevis-Mens-Jeans-A2487-0002_Dark-Indigo_32%2Fdp%2FB09SPWGRN4%2Fref%3Dsr_1_290_sspa%3Fcrid%3D24IEEX0MBW072%26dib%3DeyJ2IjoiMSJ9.LwvCjnk7YACLV_WA3FjBvWI6Nyin89kKanEDhFrm-nx6LXpIXbOz1IAdui-0eiSBtG5FOk_gMNp1EbM55KHr01xMH-dK5LnwRES_GbIcj69GZ3PhNdPul7oEZsmslLmb1j0O1nfUuhhyHdEKyEhCqpSfv9dZvPIWyC7CrBJxi04eGuraTtWTplzr7tvVQdu7OUexYt4ByqpAuSWBbBwXzLASEHc3Aijb7Xsmst7JMtQGyCAfP-oGFFi0zvFL2Rst3VzKfO3n0_3olhmJHBQ3Hg.2BVSo10sqbgfQg7FdrSkXfCmPcjN9vzLiN_kuKqacpw%26dib_tag%3Dse%26keywords%3Djeans%26qid%3D1728139576%26sprefix%3Djeans%252Caps%252C212%26sr%3D8-290-spons%26sp_csd%3Dd2lkZ2V0TmFtZT1zcF9hdGZfbmV4dA%26psc%3D1,Levi's,"₹3,409₹3,409 M.R.P: ₹7,999₹7,999 (57% off)",M.R.P: ,Levi's,2.5 out of 5 stars 3  , FREE Delivery by Amazon
236,https://www.amazon.in/sspa/click?ie=UTF8&spc=MToxNzcxMDE5OTIzOTU0ODg0OjE3MjgxMzk1NzY6c3BfYXRmX25leHQ6MzAwMTYwMTA2ODc5NTMyOjowOjo&url=%2FPepe-Jeans-Mens-Slim-PM207435Q011_Black%2Fdp%2FB0CG9PV131%2Fref%3Dsr_1_292_sspa%3Fcrid%3D24IEEX0MBW072%26dib%3DeyJ2IjoiMSJ9.LwvCjnk7YACLV_WA3FjBvWI6Nyin89kKanEDhFrm-nx6LXpIXbOz1IAdui-0eiSBtG5FOk_gMNp1EbM55KHr01xMH-dK5LnwRES_GbIcj69GZ3PhNdPul7oEZsmslLmb1j0O1nfUuhhyHdEKyEhCqpSfv9dZvPIWyC7CrBJxi04eGuraTtWTplzr7tvVQdu7OUexYt4ByqpAuSWBbBwXzLASEHc3Aijb7Xsmst7JMtQGyCAfP-oGFFi0zvFL2Rst3VzKfO3n0_3olhmJHBQ3Hg.2BVSo10sqbgfQg7FdrSkXfCmPcjN9vzLiN_kuKqacpw%26dib_tag%3Dse%26keywords%3Djeans%26qid%3D1728139576%26sprefix%3Djeans%252Caps%252C212%26sr%3D8-292-spons%26sp_csd%3Dd2lkZ2V0TmFtZT1zcF9hdGZfbmV4dA%26psc%3D1,Pepe Jeans,"₹1,613₹1,613 M.R.P: ₹3,399₹3,399 (53% off)",M.R.P: ,Pepe Jeans,4.2 out of 5 stars 15  , FREE Delivery by Amazon
237,https://www.amazon.in/Wrangler-Mens-Regular-Jeans-WMJN006907_Blue/dp/B0CHG248Z9/ref=sr_1_293?crid=24IEEX0MBW072&dib=eyJ2IjoiMSJ9.LwvCjnk7YACLV_WA3FjBvWI6Nyin89kKanEDhFrm-nx6LXpIXbOz1IAdui-0eiSBtG5FOk_gMNp1EbM55KHr01xMH-dK5LnwRES_GbIcj69GZ3PhNdPul7oEZsmslLmb1j0O1nfUuhhyHdEKyEhCqpSfv9dZvPIWyC7CrBJxi04eGuraTtWTplzr7tvVQdu7OUexYt4ByqpAuSWBbBwXzLASEHc3Aijb7Xsmst7JMtQGyCAfP-oGFFi0zvFL2Rst3VzKfO3n0_3olhmJHBQ3Hg.2BVSo10sqbgfQg7FdrSkXfCmPcjN9vzLiN_kuKqacpw&dib_tag=se&keywords=jeans&qid=1728139576&sprefix=jeans%2Caps%2C212&sr=8-293,Wrangler,"₹1,479₹1,479 M.R.P: ₹3,699₹3,699 (60% off)",M.R.P: ,Wrangler,4.2 out of 5 stars 16  , FREE Delivery by Amazon
238,https://www.amazon.in/Diverse-Relaxed-Jeans-DVD02D1L01-2c_Indigo-Blue_40W/dp/B0758KCKC8/ref=sr_1_294?crid=24IEEX0MBW072&dib=eyJ2IjoiMSJ9.LwvCjnk7YACLV_WA3FjBvWI6Nyin89kKanEDhFrm-nx6LXpIXbOz1IAdui-0eiSBtG5FOk_gMNp1EbM55KHr01xMH-dK5LnwRES_GbIcj69GZ3PhNdPul7oEZsmslLmb1j0O1nfUuhhyHdEKyEhCqpSfv9dZvPIWyC7CrBJxi04eGuraTtWTplzr7tvVQdu7OUexYt4ByqpAuSWBbBwXzLASEHc3Aijb7Xsmst7JMtQGyCAfP-oGFFi0zvFL2Rst3VzKfO3n0_3olhmJHBQ3Hg.2BVSo10sqbgfQg7FdrSkXfCmPcjN9vzLiN_kuKqacpw&dib_tag=se&keywords=jeans&qid=1728139576&sprefix=jeans%2Caps%2C212&sr=8-294,Diverse,"₹379₹379 M.R.P: ₹1,499₹1,499 (75% off)",M.R.P: ,Diverse,3.7 out of 5 stars 87  ,FREE Delivery by Amazon
239,https://www.amazon.in/Nifty-Straight-Boyfriend-Jean_1444_ICE_30_Sky-Blue_30/dp/B0C1GKFCC3/ref=sr_1_295?crid=24IEEX0MBW072&dib=eyJ2IjoiMSJ9.LwvCjnk7YACLV_WA3FjBvWI6Nyin89kKanEDhFrm-nx6LXpIXbOz1IAdui-0eiSBtG5FOk_gMNp1EbM55KHr01xMH-dK5LnwRES_GbIcj69GZ3PhNdPul7oEZsmslLmb1j0O1nfUuhhyHdEKyEhCqpSfv9dZvPIWyC7CrBJxi04eGuraTtWTplzr7tvVQdu7OUexYt4ByqpAuSWBbBwXzLASEHc3Aijb7Xsmst7JMtQGyCAfP-oGFFi0zvFL2Rst3VzKfO3n0_3olhmJHBQ3Hg.2BVSo10sqbgfQg7FdrSkXfCmPcjN9vzLiN_kuKqacpw&dib_tag=se&keywords=jeans&qid=1728139576&sprefix=jeans%2Caps%2C212&sr=8-295,Nifty,"₹498₹498 M.R.P: ₹1,999₹1,999 (75% off)",50+ bought in past month,Nifty,3.5 out of 5 stars 348  ,FREE Delivery by Amazon
240,https://www.amazon.in/Levis-Mens-Tapered-Jeans-A7896-0019_Black/dp/B0CQ8PK2KW/ref=sr_1_35?crid=24IEEX0MBW072&dib=eyJ2IjoiMSJ9.loW9tDrkb73dvNPalTNrmPld8m7huH6cF5g_YkNmEAm9qODA-taMg5ibmmJXAdn3w18_Ama_S4836s1iM1YtBIdpk_a88sovlz0jYKb8UgeyxfvDd1yNA7BrvReQL8dHeTsmBCUr4vG9wTfYE_IXjcEtx4Z9Yg_WV3zVa7cZhyV3SPxEo2p1Htxigkn7RWNyKzINhtwKuJdv5R3jaMrGucUaA8BClw9zNNqjHAMpciugupuFm20Jj8eOG6lU42dRYTXf80v8ApAF0EChkl1-KMQjfTn99KKJ17d9OvtZONs.gM2UxYQACutxLYDMZ0XW9AekUQGSbRmRfPruooS2c3Q&dib_tag=se&keywords=jeans&qid=1728139528&sprefix=jeans%2Caps%2C212&sr=8-35,Levi's,"₹2,294₹2,294 M.R.P: ₹2,899₹2,899 (21% off)",M.R.P: ,Levi's,2.9 out of 5 stars 5  , FREE Delivery by Amazon
241,https://www.amazon.in/Levis-Womens-Straight-Jeans-A7091-0007_Blue/dp/B0C6QWH2Y3/ref=sr_1_296?crid=24IEEX0MBW072&dib=eyJ2IjoiMSJ9.LwvCjnk7YACLV_WA3FjBvWI6Nyin89kKanEDhFrm-nx6LXpIXbOz1IAdui-0eiSBtG5FOk_gMNp1EbM55KHr01xMH-dK5LnwRES_GbIcj69GZ3PhNdPul7oEZsmslLmb1j0O1nfUuhhyHdEKyEhCqpSfv9dZvPIWyC7CrBJxi04eGuraTtWTplzr7tvVQdu7OUexYt4ByqpAuSWBbBwXzLASEHc3Aijb7Xsmst7JMtQGyCAfP-oGFFi0zvFL2Rst3VzKfO3n0_3olhmJHBQ3Hg.2BVSo10sqbgfQg7FdrSkXfCmPcjN9vzLiN_kuKqacpw&dib_tag=se&keywords=jeans&qid=1728139576&sprefix=jeans%2Caps%2C212&sr=8-296,Levi's,"₹1,799₹1,799 M.R.P: ₹2,999₹2,999 (40% off)",50+ bought in past month,Levi's,3.5 out of 5 stars 29  , FREE Delivery by Amazon
242,https://www.amazon.in/Levis-Mens-Slim-Jeans-A7087-0026_Blue/dp/B0C6QW2T8J/ref=sr_1_298?crid=24IEEX0MBW072&dib=eyJ2IjoiMSJ9.LwvCjnk7YACLV_WA3FjBvWI6Nyin89kKanEDhFrm-nx6LXpIXbOz1IAdui-0eiSBtG5FOk_gMNp1EbM55KHr01xMH-dK5LnwRES_GbIcj69GZ3PhNdPul7oEZsmslLmb1j0O1nfUuhhyHdEKyEhCqpSfv9dZvPIWyC7CrBJxi04eGuraTtWTplzr7tvVQdu7OUexYt4ByqpAuSWBbBwXzLASEHc3Aijb7Xsmst7JMtQGyCAfP-oGFFi0zvFL2Rst3VzKfO3n0_3olhmJHBQ3Hg.2BVSo10sqbgfQg7FdrSkXfCmPcjN9vzLiN_kuKqacpw&dib_tag=se&keywords=jeans&qid=1728139576&sprefix=jeans%2Caps%2C212&sr=8-298,Levi's,"₹1,750₹1,750 M.R.P: ₹3,499₹3,499 (50% off)",M.R.P: ,Levi's,4.0 out of 5 stars 45  , FREE Delivery by Amazon
243,https://www.amazon.in/NIFTY-Womens-Denim-Stretchable-1393N_BLK_40_Black_40/dp/B08FRKZNB6/ref=sr_1_299?crid=24IEEX0MBW072&dib=eyJ2IjoiMSJ9.LwvCjnk7YACLV_WA3FjBvWI6Nyin89kKanEDhFrm-nx6LXpIXbOz1IAdui-0eiSBtG5FOk_gMNp1EbM55KHr01xMH-dK5LnwRES_GbIcj69GZ3PhNdPul7oEZsmslLmb1j0O1nfUuhhyHdEKyEhCqpSfv9dZvPIWyC7CrBJxi04eGuraTtWTplzr7tvVQdu7OUexYt4ByqpAuSWBbBwXzLASEHc3Aijb7Xsmst7JMtQGyCAfP-oGFFi0zvFL2Rst3VzKfO3n0_3olhmJHBQ3Hg.2BVSo10sqbgfQg7FdrSkXfCmPcjN9vzLiN_kuKqacpw&dib_tag=se&keywords=jeans&qid=1728139576&sprefix=jeans%2Caps%2C212&sr=8-299,Nifty,"₹563₹563 M.R.P: ₹1,799₹1,799 (69% off)",M.R.P: ,Nifty,3.7 out of 5 stars 871  , FREE Delivery by Amazon
244,https://www.amazon.in/Van-Heusen-Regular-Jeans-VXDNCBTFA32184_Navy_34/dp/B0BMQH7B2D/ref=sr_1_301?crid=24IEEX0MBW072&dib=eyJ2IjoiMSJ9.LwvCjnk7YACLV_WA3FjBvWI6Nyin89kKanEDhFrm-nx6LXpIXbOz1IAdui-0eiSBtG5FOk_gMNp1EbM55KHr01xMH-dK5LnwRES_GbIcj69GZ3PhNdPul7oEZsmslLmb1j0O1nfUuhhyHdEKyEhCqpSfv9dZvPIWyC7CrBJxi04eGuraTtWTplzr7tvVQdu7OUexYt4ByqpAuSWBbBwXzLASEHc3Aijb7Xsmst7JMtQGyCAfP-oGFFi0zvFL2Rst3VzKfO3n0_3olhmJHBQ3Hg.2BVSo10sqbgfQg7FdrSkXfCmPcjN9vzLiN_kuKqacpw&dib_tag=se&keywords=jeans&qid=1728139576&sprefix=jeans%2Caps%2C212&sr=8-301,Van Heusen,"₹2,414₹2,414 M.R.P: ₹3,499₹3,499 (31% off)",M.R.P: ,Van Heusen,4.6 out of 5 stars 2  , 
245,https://www.amazon.in/Ben-Martin-Regular-Denim-CMB-JJ9DB-JJ3DBNL32/dp/B01LZO8J60/ref=sr_1_302?crid=24IEEX0MBW072&dib=eyJ2IjoiMSJ9.LwvCjnk7YACLV_WA3FjBvWI6Nyin89kKanEDhFrm-nx6LXpIXbOz1IAdui-0eiSBtG5FOk_gMNp1EbM55KHr01xMH-dK5LnwRES_GbIcj69GZ3PhNdPul7oEZsmslLmb1j0O1nfUuhhyHdEKyEhCqpSfv9dZvPIWyC7CrBJxi04eGuraTtWTplzr7tvVQdu7OUexYt4ByqpAuSWBbBwXzLASEHc3Aijb7Xsmst7JMtQGyCAfP-oGFFi0zvFL2Rst3VzKfO3n0_3olhmJHBQ3Hg.2BVSo10sqbgfQg7FdrSkXfCmPcjN9vzLiN_kuKqacpw&dib_tag=se&keywords=jeans&qid=1728139576&sprefix=jeans%2Caps%2C212&sr=8-302,Ben Martin,"₹949₹949 M.R.P: ₹4,998₹4,998 (81% off)",M.R.P: ,Ben Martin,"3.6 out of 5 stars 7,333  ", FREE Delivery by Amazon
246,https://www.amazon.in/KOTTY-Womens-Regular-Black-Jeans/dp/B0CQFCMM51/ref=sr_1_303?crid=24IEEX0MBW072&dib=eyJ2IjoiMSJ9.LwvCjnk7YACLV_WA3FjBvWI6Nyin89kKanEDhFrm-nx6LXpIXbOz1IAdui-0eiSBtG5FOk_gMNp1EbM55KHr01xMH-dK5LnwRES_GbIcj69GZ3PhNdPul7oEZsmslLmb1j0O1nfUuhhyHdEKyEhCqpSfv9dZvPIWyC7CrBJxi04eGuraTtWTplzr7tvVQdu7OUexYt4ByqpAuSWBbBwXzLASEHc3Aijb7Xsmst7JMtQGyCAfP-oGFFi0zvFL2Rst3VzKfO3n0_3olhmJHBQ3Hg.2BVSo10sqbgfQg7FdrSkXfCmPcjN9vzLiN_kuKqacpw&dib_tag=se&keywords=jeans&qid=1728139576&sprefix=jeans%2Caps%2C212&sr=8-303,KOTTY,"₹442₹442 M.R.P: ₹1,999₹1,999 (78% off)",50+ bought in past month,KOTTY,3.2 out of 5 stars 44  ,FREE Delivery by Amazon
247,https://www.amazon.in/Spykar-Skinny-Jeans-ECSKN-02BA-008_Greyish-Blue_38/dp/B09F6KCHTQ/ref=sr_1_305?crid=24IEEX0MBW072&dib=eyJ2IjoiMSJ9.LwvCjnk7YACLV_WA3FjBvWI6Nyin89kKanEDhFrm-nx6LXpIXbOz1IAdui-0eiSBtG5FOk_gMNp1EbM55KHr01xMH-dK5LnwRES_GbIcj69GZ3PhNdPul7oEZsmslLmb1j0O1nfUuhhyHdEKyEhCqpSfv9dZvPIWyC7CrBJxi04eGuraTtWTplzr7tvVQdu7OUexYt4ByqpAuSWBbBwXzLASEHc3Aijb7Xsmst7JMtQGyCAfP-oGFFi0zvFL2Rst3VzKfO3n0_3olhmJHBQ3Hg.2BVSo10sqbgfQg7FdrSkXfCmPcjN9vzLiN_kuKqacpw&dib_tag=se&keywords=jeans&qid=1728139576&sprefix=jeans%2Caps%2C212&sr=8-305,Spykar,"₹949₹949 M.R.P: ₹3,299₹3,299 (71% off)",M.R.P: ,Spykar,4.1 out of 5 stars 41  , FREE Delivery by Amazon
248,https://www.amazon.in/TAGDO-Regular-Trouser-Jeans-Pocket-5170-Light-Grey-34/dp/B0CYH7S2P5/ref=sr_1_36?crid=24IEEX0MBW072&dib=eyJ2IjoiMSJ9.loW9tDrkb73dvNPalTNrmPld8m7huH6cF5g_YkNmEAm9qODA-taMg5ibmmJXAdn3w18_Ama_S4836s1iM1YtBIdpk_a88sovlz0jYKb8UgeyxfvDd1yNA7BrvReQL8dHeTsmBCUr4vG9wTfYE_IXjcEtx4Z9Yg_WV3zVa7cZhyV3SPxEo2p1Htxigkn7RWNyKzINhtwKuJdv5R3jaMrGucUaA8BClw9zNNqjHAMpciugupuFm20Jj8eOG6lU42dRYTXf80v8ApAF0EChkl1-KMQjfTn99KKJ17d9OvtZONs.gM2UxYQACutxLYDMZ0XW9AekUQGSbRmRfPruooS2c3Q&dib_tag=se&keywords=jeans&qid=1728139528&sprefix=jeans%2Caps%2C212&sr=8-36,TAGDO,"₹379₹379 M.R.P: ₹1,999₹1,999 (81% off)",M.R.P: ,TAGDO,4.3 out of 5 stars 119  ,FREE Delivery by Amazon
249,https://www.amazon.in/AKA-CHIC-Womens-AKCB-1430_Black_30/dp/B07W4878TW/ref=sr_1_306?crid=24IEEX0MBW072&dib=eyJ2IjoiMSJ9.LwvCjnk7YACLV_WA3FjBvWI6Nyin89kKanEDhFrm-nx6LXpIXbOz1IAdui-0eiSBtG5FOk_gMNp1EbM55KHr01xMH-dK5LnwRES_GbIcj69GZ3PhNdPul7oEZsmslLmb1j0O1nfUuhhyHdEKyEhCqpSfv9dZvPIWyC7CrBJxi04eGuraTtWTplzr7tvVQdu7OUexYt4ByqpAuSWBbBwXzLASEHc3Aijb7Xsmst7JMtQGyCAfP-oGFFi0zvFL2Rst3VzKfO3n0_3olhmJHBQ3Hg.2BVSo10sqbgfQg7FdrSkXfCmPcjN9vzLiN_kuKqacpw&dib_tag=se&keywords=jeans&qid=1728139576&sprefix=jeans%2Caps%2C212&sr=8-306,AKA CHIC,"₹799₹799 M.R.P: ₹2,399₹2,399 (67% off)",50+ bought in past month,AKA CHIC,"4.0 out of 5 stars 5,382  ", FREE Delivery by Amazon
250,https://www.amazon.in/Levis-Mens-Tapered-Jeans-A7086-0089_Blue/dp/B0CRRXZVNB/ref=sr_1_307?crid=24IEEX0MBW072&dib=eyJ2IjoiMSJ9.LwvCjnk7YACLV_WA3FjBvWI6Nyin89kKanEDhFrm-nx6LXpIXbOz1IAdui-0eiSBtG5FOk_gMNp1EbM55KHr01xMH-dK5LnwRES_GbIcj69GZ3PhNdPul7oEZsmslLmb1j0O1nfUuhhyHdEKyEhCqpSfv9dZvPIWyC7CrBJxi04eGuraTtWTplzr7tvVQdu7OUexYt4ByqpAuSWBbBwXzLASEHc3Aijb7Xsmst7JMtQGyCAfP-oGFFi0zvFL2Rst3VzKfO3n0_3olhmJHBQ3Hg.2BVSo10sqbgfQg7FdrSkXfCmPcjN9vzLiN_kuKqacpw&dib_tag=se&keywords=jeans&qid=1728139576&sprefix=jeans%2Caps%2C212&sr=8-307,Levi's,"₹999₹999 M.R.P: ₹2,999₹2,999 (67% off)",M.R.P: ,Levi's,3.0 out of 5 stars 5  , FREE Delivery by Amazon
251,https://www.amazon.in/Urbano-Plus-Pockets-Non-Stretchable-plusjeanlscargop-02-mblue-44/dp/B0D54QG699/ref=sr_1_308?crid=24IEEX0MBW072&dib=eyJ2IjoiMSJ9.LwvCjnk7YACLV_WA3FjBvWI6Nyin89kKanEDhFrm-nx6LXpIXbOz1IAdui-0eiSBtG5FOk_gMNp1EbM55KHr01xMH-dK5LnwRES_GbIcj69GZ3PhNdPul7oEZsmslLmb1j0O1nfUuhhyHdEKyEhCqpSfv9dZvPIWyC7CrBJxi04eGuraTtWTplzr7tvVQdu7OUexYt4ByqpAuSWBbBwXzLASEHc3Aijb7Xsmst7JMtQGyCAfP-oGFFi0zvFL2Rst3VzKfO3n0_3olhmJHBQ3Hg.2BVSo10sqbgfQg7FdrSkXfCmPcjN9vzLiN_kuKqacpw&dib_tag=se&keywords=jeans&qid=1728139576&sprefix=jeans%2Caps%2C212&sr=8-308,Urbano Plus,"₹1,189₹1,189 M.R.P: ₹3,199₹3,199 (63% off)",M.R.P: ,Urbano Plus,4.4 out of 5 stars 23  , FREE Delivery by Amazon
252,https://www.amazon.in/sspa/click?ie=UTF8&spc=MToxNzcxMDE5OTIzOTU0ODg0OjE3MjgxMzk1NzY6c3BfbXRmOjMwMDI2MDg3ODIyNzczMjo6MDo6&url=%2FPepe-Jeans-Mens-PM205710J67_Mid-Used_36W%2Fdp%2FB08322FRZP%2Fref%3Dsr_1_309_sspa%3Fcrid%3D24IEEX0MBW072%26dib%3DeyJ2IjoiMSJ9.LwvCjnk7YACLV_WA3FjBvWI6Nyin89kKanEDhFrm-nx6LXpIXbOz1IAdui-0eiSBtG5FOk_gMNp1EbM55KHr01xMH-dK5LnwRES_GbIcj69GZ3PhNdPul7oEZsmslLmb1j0O1nfUuhhyHdEKyEhCqpSfv9dZvPIWyC7CrBJxi04eGuraTtWTplzr7tvVQdu7OUexYt4ByqpAuSWBbBwXzLASEHc3Aijb7Xsmst7JMtQGyCAfP-oGFFi0zvFL2Rst3VzKfO3n0_3olhmJHBQ3Hg.2BVSo10sqbgfQg7FdrSkXfCmPcjN9vzLiN_kuKqacpw%26dib_tag%3Dse%26keywords%3Djeans%26qid%3D1728139576%26sprefix%3Djeans%252Caps%252C212%26sr%3D8-309-spons%26sp_csd%3Dd2lkZ2V0TmFtZT1zcF9tdGY%26psc%3D1,Pepe Jeans,"₹1,379₹1,379 M.R.P: ₹4,599₹4,599 (70% off)",M.R.P: ,Pepe Jeans,3.5 out of 5 stars 6  , FREE Delivery by Amazon
253,https://www.amazon.in/sspa/click?ie=UTF8&spc=MToxNzcxMDE5OTIzOTU0ODg0OjE3MjgxMzk1NzY6c3BfbXRmOjMwMDI0NzY1MzM1MzUzMjo6MDo6&url=%2FPepe-Jeans-Skinny-Solid-_8905074240760_Blue_36_%2Fdp%2FB08R65K9NR%2Fref%3Dsr_1_310_sspa%3Fcrid%3D24IEEX0MBW072%26dib%3DeyJ2IjoiMSJ9.LwvCjnk7YACLV_WA3FjBvWI6Nyin89kKanEDhFrm-nx6LXpIXbOz1IAdui-0eiSBtG5FOk_gMNp1EbM55KHr01xMH-dK5LnwRES_GbIcj69GZ3PhNdPul7oEZsmslLmb1j0O1nfUuhhyHdEKyEhCqpSfv9dZvPIWyC7CrBJxi04eGuraTtWTplzr7tvVQdu7OUexYt4ByqpAuSWBbBwXzLASEHc3Aijb7Xsmst7JMtQGyCAfP-oGFFi0zvFL2Rst3VzKfO3n0_3olhmJHBQ3Hg.2BVSo10sqbgfQg7FdrSkXfCmPcjN9vzLiN_kuKqacpw%26dib_tag%3Dse%26keywords%3Djeans%26qid%3D1728139576%26sprefix%3Djeans%252Caps%252C212%26sr%3D8-310-spons%26sp_csd%3Dd2lkZ2V0TmFtZT1zcF9tdGY%26psc%3D1,Pepe Jeans,"₹1,519₹1,519 M.R.P: ₹3,799₹3,799 (60% off)",M.R.P: ,Pepe Jeans,3.7 out of 5 stars 13  , FREE Delivery by Amazon
254,https://www.amazon.in/sspa/click?ie=UTF8&spc=MToxNzcxMDE5OTIzOTU0ODg0OjE3MjgxMzk1NzY6c3BfbXRmOjMwMDM0MTI3OTk4OTAzMjo6MDo6&url=%2FNeostreak-Mens-Jeans-neoepsrustsprcrs_Light-Blue_34W%2Fdp%2FB0872PSNN2%2Fref%3Dsr_1_312_sspa%3Fcrid%3D24IEEX0MBW072%26dib%3DeyJ2IjoiMSJ9.LwvCjnk7YACLV_WA3FjBvWI6Nyin89kKanEDhFrm-nx6LXpIXbOz1IAdui-0eiSBtG5FOk_gMNp1EbM55KHr01xMH-dK5LnwRES_GbIcj69GZ3PhNdPul7oEZsmslLmb1j0O1nfUuhhyHdEKyEhCqpSfv9dZvPIWyC7CrBJxi04eGuraTtWTplzr7tvVQdu7OUexYt4ByqpAuSWBbBwXzLASEHc3Aijb7Xsmst7JMtQGyCAfP-oGFFi0zvFL2Rst3VzKfO3n0_3olhmJHBQ3Hg.2BVSo10sqbgfQg7FdrSkXfCmPcjN9vzLiN_kuKqacpw%26dib_tag%3Dse%26keywords%3Djeans%26qid%3D1728139576%26sprefix%3Djeans%252Caps%252C212%26sr%3D8-312-spons%26sp_csd%3Dd2lkZ2V0TmFtZT1zcF9tdGY%26psc%3D1,Neostreak,"₹549₹549 M.R.P: ₹1,599₹1,599 (66% off)",M.R.P: ,Neostreak,3.2 out of 5 stars 329  , FREE Delivery by Amazon
255,https://www.amazon.in/Ben-Martin-Relaxed-Jeans-BMW-JJ9-LB-P2-38/dp/B076373D59/ref=sr_1_313?crid=24IEEX0MBW072&dib=eyJ2IjoiMSJ9.LwvCjnk7YACLV_WA3FjBvWI6Nyin89kKanEDhFrm-nx6LXpIXbOz1IAdui-0eiSBtG5FOk_gMNp1EbM55KHr01xMH-dK5LnwRES_GbIcj69GZ3PhNdPul7oEZsmslLmb1j0O1nfUuhhyHdEKyEhCqpSfv9dZvPIWyC7CrBJxi04eGuraTtWTplzr7tvVQdu7OUexYt4ByqpAuSWBbBwXzLASEHc3Aijb7Xsmst7JMtQGyCAfP-oGFFi0zvFL2Rst3VzKfO3n0_3olhmJHBQ3Hg.2BVSo10sqbgfQg7FdrSkXfCmPcjN9vzLiN_kuKqacpw&dib_tag=se&keywords=jeans&qid=1728139576&sprefix=jeans%2Caps%2C212&sr=8-313,Ben Martin,"₹499₹499 M.R.P: ₹2,499₹2,499 (80% off)",M.R.P: ,Ben Martin,3.9 out of 5 stars 426  , FREE Delivery by Amazon
256,https://www.amazon.in/sspa/click?ie=UTF8&spc=MToxNzcxMDE5OTIzOTU0ODg0OjE3MjgxMzk1NzY6c3BfYnRmOjMwMDM1NDgwNDI0OTUzMjo6MDo6&url=%2FAmazon-Brand-Tapered-ST-100_MEDIUM-BLUE_34W%2Fdp%2FB07HZFHQ2D%2Fref%3Dsr_1_315_sspa%3Fcrid%3D24IEEX0MBW072%26dib%3DeyJ2IjoiMSJ9.LwvCjnk7YACLV_WA3FjBvWI6Nyin89kKanEDhFrm-nx6LXpIXbOz1IAdui-0eiSBtG5FOk_gMNp1EbM55KHr01xMH-dK5LnwRES_GbIcj69GZ3PhNdPul7oEZsmslLmb1j0O1nfUuhhyHdEKyEhCqpSfv9dZvPIWyC7CrBJxi04eGuraTtWTplzr7tvVQdu7OUexYt4ByqpAuSWBbBwXzLASEHc3Aijb7Xsmst7JMtQGyCAfP-oGFFi0zvFL2Rst3VzKfO3n0_3olhmJHBQ3Hg.2BVSo10sqbgfQg7FdrSkXfCmPcjN9vzLiN_kuKqacpw%26dib_tag%3Dse%26keywords%3Djeans%26qid%3D1728139576%26sprefix%3Djeans%252Caps%252C212%26sr%3D8-315-spons%26sp_csd%3Dd2lkZ2V0TmFtZT1zcF9idGY%26psc%3D1,Amazon Brand - INKAST,"₹399₹399 M.R.P: ₹2,799₹2,799 (86% off)",100+ bought in past month,Amazon Brand - INKAST,"3.6 out of 5 stars 5,211  ",FREE Delivery by Amazon
257,https://www.amazon.in/sspa/click?ie=UTF8&spc=MToxNzcxMDE5OTIzOTU0ODg0OjE3MjgxMzk1NzY6c3BfYnRmOjMwMDI0NzY1MzMyNDAzMjo6MDo6&url=%2FPepe-Jeans-Mens-PM207133S643_Green-Indigo%2Fdp%2FB0BT7SLP91%2Fref%3Dsr_1_316_sspa%3Fcrid%3D24IEEX0MBW072%26dib%3DeyJ2IjoiMSJ9.LwvCjnk7YACLV_WA3FjBvWI6Nyin89kKanEDhFrm-nx6LXpIXbOz1IAdui-0eiSBtG5FOk_gMNp1EbM55KHr01xMH-dK5LnwRES_GbIcj69GZ3PhNdPul7oEZsmslLmb1j0O1nfUuhhyHdEKyEhCqpSfv9dZvPIWyC7CrBJxi04eGuraTtWTplzr7tvVQdu7OUexYt4ByqpAuSWBbBwXzLASEHc3Aijb7Xsmst7JMtQGyCAfP-oGFFi0zvFL2Rst3VzKfO3n0_3olhmJHBQ3Hg.2BVSo10sqbgfQg7FdrSkXfCmPcjN9vzLiN_kuKqacpw%26dib_tag%3Dse%26keywords%3Djeans%26qid%3D1728139576%26sprefix%3Djeans%252Caps%252C212%26sr%3D8-316-spons%26sp_csd%3Dd2lkZ2V0TmFtZT1zcF9idGY%26psc%3D1,Pepe Jeans,"₹2,340₹2,340 M.R.P: ₹5,999₹5,999 (61% off)",M.R.P: ,Pepe Jeans,3.7 out of 5 stars 4  , FREE Delivery by Amazon
258,https://www.amazon.in/sspa/click?ie=UTF8&spc=MToxNzcxMDE5OTIzOTU0ODg0OjE3MjgxMzk1NzY6c3BfYnRmOjMwMDIwMDc1MTkzOTQzMjo6MDo6&url=%2FPepe-Jeans-Mens-Regular-PM207093Q013_Black%2Fdp%2FB0BQHQ8TGC%2Fref%3Dsr_1_317_sspa%3Fcrid%3D24IEEX0MBW072%26dib%3DeyJ2IjoiMSJ9.LwvCjnk7YACLV_WA3FjBvWI6Nyin89kKanEDhFrm-nx6LXpIXbOz1IAdui-0eiSBtG5FOk_gMNp1EbM55KHr01xMH-dK5LnwRES_GbIcj69GZ3PhNdPul7oEZsmslLmb1j0O1nfUuhhyHdEKyEhCqpSfv9dZvPIWyC7CrBJxi04eGuraTtWTplzr7tvVQdu7OUexYt4ByqpAuSWBbBwXzLASEHc3Aijb7Xsmst7JMtQGyCAfP-oGFFi0zvFL2Rst3VzKfO3n0_3olhmJHBQ3Hg.2BVSo10sqbgfQg7FdrSkXfCmPcjN9vzLiN_kuKqacpw%26dib_tag%3Dse%26keywords%3Djeans%26qid%3D1728139576%26sprefix%3Djeans%252Caps%252C212%26sr%3D8-317-spons%26sp_csd%3Dd2lkZ2V0TmFtZT1zcF9idGY%26psc%3D1,Pepe Jeans,"₹1,599₹1,599 M.R.P: ₹3,999₹3,999 (60% off)",M.R.P: ,Pepe Jeans,3.9 out of 5 stars 5  , FREE Delivery by Amazon
259,https://www.amazon.in/sspa/click?ie=UTF8&spc=MToxNzcxMDE5OTIzOTU0ODg0OjE3MjgxMzk1NzY6c3BfYnRmOjMwMDI0NzY1MzM4MTgzMjo6MDo6&url=%2FPepe-Jeans-Chino-PM206216G873_Mid-Indigo_Blue_32%2Fdp%2FB08W9R8GB3%2Fref%3Dsr_1_318_sspa%3Fcrid%3D24IEEX0MBW072%26dib%3DeyJ2IjoiMSJ9.LwvCjnk7YACLV_WA3FjBvWI6Nyin89kKanEDhFrm-nx6LXpIXbOz1IAdui-0eiSBtG5FOk_gMNp1EbM55KHr01xMH-dK5LnwRES_GbIcj69GZ3PhNdPul7oEZsmslLmb1j0O1nfUuhhyHdEKyEhCqpSfv9dZvPIWyC7CrBJxi04eGuraTtWTplzr7tvVQdu7OUexYt4ByqpAuSWBbBwXzLASEHc3Aijb7Xsmst7JMtQGyCAfP-oGFFi0zvFL2Rst3VzKfO3n0_3olhmJHBQ3Hg.2BVSo10sqbgfQg7FdrSkXfCmPcjN9vzLiN_kuKqacpw%26dib_tag%3Dse%26keywords%3Djeans%26qid%3D1728139576%26sprefix%3Djeans%252Caps%252C212%26sr%3D8-318-spons%26sp_csd%3Dd2lkZ2V0TmFtZT1zcF9idGY%26psc%3D1,Pepe Jeans,"₹1,439₹1,439 M.R.P: ₹3,599₹3,599 (60% off)",M.R.P: ,Pepe Jeans,3.7 out of 5 stars 8  , FREE Delivery by Amazon
260,https://www.amazon.in/sspa/click?ie=UTF8&spc=MTo4MDk0OTI3NDk5OTk1OTgzOjE3MjgxMzk1ODE6c3BfYXRmX25leHQ6MzAwMjAwNzUxOTM4OTMyOjowOjo&url=%2FPepe-Jeans-Mens-Relaxed-PM207941Q05900028_Blue%2Fdp%2FB0CW9MLV8V%2Fref%3Dsr_1_338_sspa%3Fcrid%3D24IEEX0MBW072%26keywords%3Djeans%26qid%3D1728139580%26sprefix%3Djeans%252Caps%252C212%26sr%3D8-338-spons%26sp_csd%3Dd2lkZ2V0TmFtZT1zcF9hdGZfbmV4dA%26psc%3D1,Pepe Jeans,"₹1,139₹1,139 M.R.P: ₹3,799₹3,799 (70% off)",M.R.P: ,Pepe Jeans,4.5 out of 5 stars 2  , FREE Delivery by Amazon
261,https://www.amazon.in/sspa/click?ie=UTF8&spc=MTo4MDk0OTI3NDk5OTk1OTgzOjE3MjgxMzk1ODE6c3BfYXRmX25leHQ6MzAwMTQ3NDE5NzYzMDMyOjowOjo&url=%2FPepe-Jeans-Mens-Slim-PM207419G223_MED%2Fdp%2FB0CJ9LB8C7%2Fref%3Dsr_1_339_sspa%3Fcrid%3D24IEEX0MBW072%26keywords%3Djeans%26qid%3D1728139580%26sprefix%3Djeans%252Caps%252C212%26sr%3D8-339-spons%26sp_csd%3Dd2lkZ2V0TmFtZT1zcF9hdGZfbmV4dA%26psc%3D1,Pepe Jeans,"₹1,613₹1,613 M.R.P: ₹3,399₹3,399 (53% off)",M.R.P: ,Pepe Jeans,3.3 out of 5 stars 3  , FREE Delivery by Amazon
262,https://www.amazon.in/sspa/click?ie=UTF8&spc=MTo4MDk0OTI3NDk5OTk1OTgzOjE3MjgxMzk1ODE6c3BfYXRmX25leHQ6MzAwMzQ1MzA1Mzk3NDMyOjowOjo&url=%2FNeoStreak-Regular-Jeans-neoepsreg_Chocolate-Brown%2Fdp%2FB0D2CGRWNR%2Fref%3Dsr_1_340_sspa%3Fcrid%3D24IEEX0MBW072%26keywords%3Djeans%26qid%3D1728139580%26sprefix%3Djeans%252Caps%252C212%26sr%3D8-340-spons%26sp_csd%3Dd2lkZ2V0TmFtZT1zcF9hdGZfbmV4dA%26psc%3D1,Neostreak,"₹629₹629 M.R.P: ₹2,299₹2,299 (73% off)",M.R.P: ,Neostreak,3.6 out of 5 stars 34  , FREE Delivery by Amazon
263,https://www.amazon.in/sspa/click?ie=UTF8&spc=MTo4MDk0OTI3NDk5OTk1OTgzOjE3MjgxMzk1ODE6c3BfbXRmOjMwMDI2MDE4MjgyMzgzMjo6MDo6&url=%2FSpykar-Super-Skinny-Jeans-EMDSS1BC004_MID%2Fdp%2FB0C85KSXCP%2Fref%3Dsr_1_341_sspa%3Fcrid%3D24IEEX0MBW072%26keywords%3Djeans%26qid%3D1728139580%26sprefix%3Djeans%252Caps%252C212%26sr%3D8-341-spons%26sp_csd%3Dd2lkZ2V0TmFtZT1zcF9tdGY%26psc%3D1,Spykar,"₹899₹899 M.R.P: ₹3,299₹3,299 (73% off)",M.R.P: ,Spykar,1.9 out of 5 stars 4  , FREE Delivery by Amazon
264,https://www.amazon.in/sspa/click?ie=UTF8&spc=MTo4MDk0OTI3NDk5OTk1OTgzOjE3MjgxMzk1ODE6c3BfbXRmOjMwMDI2MDE5MjU0NzUzMjo6MDo6&url=%2FSpykar-Rover-Regular-Mid-Rise-Jeans%2Fdp%2FB0D6BYKY7T%2Fref%3Dsr_1_342_sspa%3Fcrid%3D24IEEX0MBW072%26keywords%3Djeans%26qid%3D1728139580%26sprefix%3Djeans%252Caps%252C212%26sr%3D8-342-spons%26sp_csd%3Dd2lkZ2V0TmFtZT1zcF9tdGY%26psc%3D1,Spykar,"₹925₹925 M.R.P: ₹2,899₹2,899 (68% off)",M.R.P: ,Spykar,5.0 out of 5 stars 1  , FREE Delivery by Amazon
265,https://www.amazon.in/sspa/click?ie=UTF8&spc=MTo4MDk0OTI3NDk5OTk1OTgzOjE3MjgxMzk1ODE6c3BfbXRmOjMwMDI1MjYxOTIwNTQzMjo6MDo6&url=%2FPeter-England-Skinny-Jeans-PJDNPSKPQ40380_Navy_34%2Fdp%2FB0BKQ9C3QC%2Fref%3Dsr_1_343_sspa%3Fcrid%3D24IEEX0MBW072%26keywords%3Djeans%26qid%3D1728139580%26sprefix%3Djeans%252Caps%252C212%26sr%3D8-343-spons%26sp_csd%3Dd2lkZ2V0TmFtZT1zcF9tdGY%26psc%3D1,Peter England,"₹899₹899 M.R.P: ₹1,999₹1,999 (55% off)",100+ bought in past month,Peter England,3.7 out of 5 stars 193  , FREE Delivery by Amazon
266,https://www.amazon.in/KOTTY-Womens-Cotton-Lycra-Regular/dp/B0BG5XGVYQ/ref=sr_1_38?crid=24IEEX0MBW072&dib=eyJ2IjoiMSJ9.loW9tDrkb73dvNPalTNrmPld8m7huH6cF5g_YkNmEAm9qODA-taMg5ibmmJXAdn3w18_Ama_S4836s1iM1YtBIdpk_a88sovlz0jYKb8UgeyxfvDd1yNA7BrvReQL8dHeTsmBCUr4vG9wTfYE_IXjcEtx4Z9Yg_WV3zVa7cZhyV3SPxEo2p1Htxigkn7RWNyKzINhtwKuJdv5R3jaMrGucUaA8BClw9zNNqjHAMpciugupuFm20Jj8eOG6lU42dRYTXf80v8ApAF0EChkl1-KMQjfTn99KKJ17d9OvtZONs.gM2UxYQACutxLYDMZ0XW9AekUQGSbRmRfPruooS2c3Q&dib_tag=se&keywords=jeans&qid=1728139528&sprefix=jeans%2Caps%2C212&sr=8-38,KOTTY,"₹399₹399 M.R.P: ₹1,999₹1,999 (80% off)",500+ bought in past month,KOTTY,3.6 out of 5 stars 748  ,FREE Delivery by Amazon
267,https://www.amazon.in/sspa/click?ie=UTF8&spc=MToxODM4NTM4NTIyNzM0OTU4OjE3MjgxMzk1ODE6c3Bfc2VhcmNoX3RoZW1hdGljOjMwMDIzMjUwNjA0NTUzMjo6MDo6&url=%2FBen-Martin-White-Jeans-Loose%2Fdp%2FB0D76BYSTF%2Fref%3Dsxin_15_pa_sp_search_thematic_sspa%3Fcontent-id%3Damzn1.sym.59126330-c308-4c36-a5a0-21cac002681f%253Aamzn1.sym.59126330-c308-4c36-a5a0-21cac002681f%26crid%3D24IEEX0MBW072%26cv_ct_cx%3Djeans%26dib%3DeyJ2IjoiMSJ9.NJOsUjcczAnWJyn9XKtnUs2XgmtCD0Ox_WvT5q293BMvCKNmKDruB3S0Tj0iZgbb.j6u0HUyopRDB6ybvbMBSzdJAQTfc1FQgDq3__r5d2Lc%26dib_tag%3Dse%26keywords%3Djeans%26pd_rd_i%3DB0D76BYSTF%26pd_rd_r%3D4b0e2fa3-1464-4c43-80dd-108afa96764a%26pd_rd_w%3DFLUVd%26pd_rd_wg%3DeNKMN%26pf_rd_p%3D59126330-c308-4c36-a5a0-21cac002681f%26pf_rd_r%3DXXKNR1ZCAG4RMYSWSAJH%26qid%3D1728139580%26sbo%3DRZvfv%252F%252FHxDF%252BO5021pAnSA%253D%253D%26sprefix%3Djeans%252Caps%252C212%26sr%3D1-337-2ec22325-1003-449d-8aaf-c0bcc24717ae-spons%26sp_csd%3Dd2lkZ2V0TmFtZT1zcF9zZWFyY2hfdGhlbWF0aWM%26psc%3D1,Ben Martin,"₹799₹799 M.R.P: ₹2,999₹2,999 (73% off)",300+ bought in past month,Ben Martin,4.1 out of 5 stars 139  , FREE Delivery by Amazon
268,https://www.amazon.in/sspa/click?ie=UTF8&spc=MToxODM4NTM4NTIyNzM0OTU4OjE3MjgxMzk1ODE6c3Bfc2VhcmNoX3RoZW1hdGljOjMwMDIzNzEwMzg5NjMzMjo6MTo6&url=%2FAVANOVA-Cargo-Denim-Pant-Wide%2Fdp%2FB0D3YH228S%2Fref%3Dsxin_15_pa_sp_search_thematic_sspa%3Fcontent-id%3Damzn1.sym.59126330-c308-4c36-a5a0-21cac002681f%253Aamzn1.sym.59126330-c308-4c36-a5a0-21cac002681f%26crid%3D24IEEX0MBW072%26cv_ct_cx%3Djeans%26dib%3DeyJ2IjoiMSJ9.NJOsUjcczAnWJyn9XKtnUs2XgmtCD0Ox_WvT5q293BMvCKNmKDruB3S0Tj0iZgbb.j6u0HUyopRDB6ybvbMBSzdJAQTfc1FQgDq3__r5d2Lc%26dib_tag%3Dse%26keywords%3Djeans%26pd_rd_i%3DB0D3YH228S%26pd_rd_r%3D4b0e2fa3-1464-4c43-80dd-108afa96764a%26pd_rd_w%3DFLUVd%26pd_rd_wg%3DeNKMN%26pf_rd_p%3D59126330-c308-4c36-a5a0-21cac002681f%26pf_rd_r%3DXXKNR1ZCAG4RMYSWSAJH%26qid%3D1728139580%26sbo%3DRZvfv%252F%252FHxDF%252BO5021pAnSA%253D%253D%26sprefix%3Djeans%252Caps%252C212%26sr%3D1-338-2ec22325-1003-449d-8aaf-c0bcc24717ae-spons%26sp_csd%3Dd2lkZ2V0TmFtZT1zcF9zZWFyY2hfdGhlbWF0aWM%26psc%3D1,AVANOVA,"₹759₹759 M.R.P: ₹4,999₹4,999 (85% off)",50+ bought in past month,AVANOVA,4.0 out of 5 stars 182  , FREE Delivery by Amazon
269,https://www.amazon.in/sspa/click?ie=UTF8&spc=MToxODM4NTM4NTIyNzM0OTU4OjE3MjgxMzk1ODE6c3Bfc2VhcmNoX3RoZW1hdGljOjIwMTUwNDY4NTQ3Nzk4OjoyOjo&url=%2FM-R-Fashion-Regular-Stretch%2Fdp%2FB07PWFNR2S%2Fref%3Dsxin_15_pa_sp_search_thematic_sspa%3Fcontent-id%3Damzn1.sym.59126330-c308-4c36-a5a0-21cac002681f%253Aamzn1.sym.59126330-c308-4c36-a5a0-21cac002681f%26crid%3D24IEEX0MBW072%26cv_ct_cx%3Djeans%26dib%3DeyJ2IjoiMSJ9.NJOsUjcczAnWJyn9XKtnUs2XgmtCD0Ox_WvT5q293BMvCKNmKDruB3S0Tj0iZgbb.j6u0HUyopRDB6ybvbMBSzdJAQTfc1FQgDq3__r5d2Lc%26dib_tag%3Dse%26keywords%3Djeans%26pd_rd_i%3DB07PWFNR2S%26pd_rd_r%3D4b0e2fa3-1464-4c43-80dd-108afa96764a%26pd_rd_w%3DFLUVd%26pd_rd_wg%3DeNKMN%26pf_rd_p%3D59126330-c308-4c36-a5a0-21cac002681f%26pf_rd_r%3DXXKNR1ZCAG4RMYSWSAJH%26qid%3D1728139580%26sbo%3DRZvfv%252F%252FHxDF%252BO5021pAnSA%253D%253D%26sprefix%3Djeans%252Caps%252C212%26sr%3D1-339-2ec22325-1003-449d-8aaf-c0bcc24717ae-spons%26sp_csd%3Dd2lkZ2V0TmFtZT1zcF9zZWFyY2hfdGhlbWF0aWM%26psc%3D1,M. R. Fashion,"₹806₹806 M.R.P: ₹1,499₹1,499 (46% off)",M.R.P: ,M. R. Fashion,4.0 out of 5 stars 155  , 
270,https://www.amazon.in/sspa/click?ie=UTF8&spc=MToxODM4NTM4NTIyNzM0OTU4OjE3MjgxMzk1ODE6c3Bfc2VhcmNoX3RoZW1hdGljOjMwMDIxNzA5MjI0NDUzMjo6Mzo6&url=%2FTAGDO-Regular-Trouser-Jeans-Pocket-5170-Light-Grey-36%2Fdp%2FB0CYHB1DRX%2Fref%3Dsxin_15_pa_sp_search_thematic_sspa%3Fcontent-id%3Damzn1.sym.59126330-c308-4c36-a5a0-21cac002681f%253Aamzn1.sym.59126330-c308-4c36-a5a0-21cac002681f%26crid%3D24IEEX0MBW072%26cv_ct_cx%3Djeans%26dib%3DeyJ2IjoiMSJ9.NJOsUjcczAnWJyn9XKtnUs2XgmtCD0Ox_WvT5q293BMvCKNmKDruB3S0Tj0iZgbb.j6u0HUyopRDB6ybvbMBSzdJAQTfc1FQgDq3__r5d2Lc%26dib_tag%3Dse%26keywords%3Djeans%26pd_rd_i%3DB0CYHB1DRX%26pd_rd_r%3D4b0e2fa3-1464-4c43-80dd-108afa96764a%26pd_rd_w%3DFLUVd%26pd_rd_wg%3DeNKMN%26pf_rd_p%3D59126330-c308-4c36-a5a0-21cac002681f%26pf_rd_r%3DXXKNR1ZCAG4RMYSWSAJH%26qid%3D1728139580%26sbo%3DRZvfv%252F%252FHxDF%252BO5021pAnSA%253D%253D%26sprefix%3Djeans%252Caps%252C212%26sr%3D1-340-2ec22325-1003-449d-8aaf-c0bcc24717ae-spons%26sp_csd%3Dd2lkZ2V0TmFtZT1zcF9zZWFyY2hfdGhlbWF0aWM%26psc%3D1,TAGDO,"₹459₹459 M.R.P: ₹1,999₹1,999 (77% off)",M.R.P: ,TAGDO,4.3 out of 5 stars 119  ,FREE Delivery by Amazon
271,https://www.amazon.in/sspa/click?ie=UTF8&spc=MTo4MDk0OTI3NDk5OTk1OTgzOjE3MjgxMzk1ODE6c3BfYnRmOjMwMDM1NDc3OTc0ODUzMjo6MDo6&url=%2FAmazon-Brand-Tapered-ST-100_MEDIUM-BLUE_38W%2Fdp%2FB07HZR4V3F%2Fref%3Dsr_1_347_sspa%3Fcrid%3D24IEEX0MBW072%26keywords%3Djeans%26qid%3D1728139580%26sprefix%3Djeans%252Caps%252C212%26sr%3D8-347-spons%26sp_csd%3Dd2lkZ2V0TmFtZT1zcF9idGY%26psc%3D1,Amazon Brand - INKAST,"₹399₹399 M.R.P: ₹2,799₹2,799 (86% off)",100+ bought in past month,Amazon Brand - INKAST,"3.6 out of 5 stars 5,211  ",FREE Delivery by Amazon
272,https://www.amazon.in/sspa/click?ie=UTF8&spc=MTo4MDk0OTI3NDk5OTk1OTgzOjE3MjgxMzk1ODE6c3BfYnRmOjMwMDM0MTQ1NDcyNTczMjo6MDo6&url=%2FNeoStreak-Mens-Slim-Jeans-neolpsjeanrstthr_Dark%2Fdp%2FB0C9M8S74G%2Fref%3Dsr_1_348_sspa%3Fcrid%3D24IEEX0MBW072%26keywords%3Djeans%26qid%3D1728139580%26sprefix%3Djeans%252Caps%252C212%26sr%3D8-348-spons%26sp_csd%3Dd2lkZ2V0TmFtZT1zcF9idGY%26psc%3D1,Neostreak,"₹489₹489 M.R.P: ₹1,799₹1,799 (73% off)",M.R.P: ,Neostreak,3.7 out of 5 stars 81  ,FREE Delivery by Amazon
273,https://www.amazon.in/Urbano-Fashion-Washed-Stretchable-epsrustsprcrs-mgrey-32/dp/B08D9T1WMF/ref=sr_1_39?crid=24IEEX0MBW072&dib=eyJ2IjoiMSJ9.loW9tDrkb73dvNPalTNrmPld8m7huH6cF5g_YkNmEAm9qODA-taMg5ibmmJXAdn3w18_Ama_S4836s1iM1YtBIdpk_a88sovlz0jYKb8UgeyxfvDd1yNA7BrvReQL8dHeTsmBCUr4vG9wTfYE_IXjcEtx4Z9Yg_WV3zVa7cZhyV3SPxEo2p1Htxigkn7RWNyKzINhtwKuJdv5R3jaMrGucUaA8BClw9zNNqjHAMpciugupuFm20Jj8eOG6lU42dRYTXf80v8ApAF0EChkl1-KMQjfTn99KKJ17d9OvtZONs.gM2UxYQACutxLYDMZ0XW9AekUQGSbRmRfPruooS2c3Q&dib_tag=se&keywords=jeans&qid=1728139528&sprefix=jeans%2Caps%2C212&sr=8-39,Urbano Fashion,"₹431₹431 M.R.P: ₹1,599₹1,599 (73% off)",50+ bought in past month,Urbano Fashion,"3.5 out of 5 stars 3,198  ",FREE Delivery by Amazon
274,https://www.amazon.in/sspa/click?ie=UTF8&spc=MTo1NTE4OTUzOTY3NDc0NDk1OjE3MjgxMzk1ODQ6c3BfYXRmX25leHQ6MzAwMTMzMDcxOTUyNjMyOjowOjo&url=%2FWearo-Relax-Stretch-Jeans-Coffee%2Fdp%2FB07RLDXBV9%2Fref%3Dsr_1_386_sspa%3Fcrid%3D24IEEX0MBW072%26keywords%3Djeans%26qid%3D1728139584%26sprefix%3Djeans%252Caps%252C212%26sr%3D8-386-spons%26sp_csd%3Dd2lkZ2V0TmFtZT1zcF9hdGZfbmV4dA%26psc%3D1,Wearo,"₹719₹719 M.R.P: ₹1,499₹1,499 (52% off)",M.R.P: ,Wearo,"3.8 out of 5 stars 4,331  ", 
275,https://www.amazon.in/sspa/click?ie=UTF8&spc=MTo1NTE4OTUzOTY3NDc0NDk1OjE3MjgxMzk1ODQ6c3BfYXRmX25leHQ6MzAwMzQxMzEwMzkxNTMyOjowOjo&url=%2FNeoStreak-Mens-Slim-Jeans-neoepssprcrs-iceblue-42_Ice%2Fdp%2FB0D2C9TS2D%2Fref%3Dsr_1_387_sspa%3Fcrid%3D24IEEX0MBW072%26keywords%3Djeans%26qid%3D1728139584%26sprefix%3Djeans%252Caps%252C212%26sr%3D8-387-spons%26sp_csd%3Dd2lkZ2V0TmFtZT1zcF9hdGZfbmV4dA%26psc%3D1,Neostreak,"₹829₹829 M.R.P: ₹2,399₹2,399 (65% off)",M.R.P: ,Neostreak,3.7 out of 5 stars 253  , FREE Delivery by Amazon
276,https://www.amazon.in/sspa/click?ie=UTF8&spc=MTo1NTE4OTUzOTY3NDc0NDk1OjE3MjgxMzk1ODQ6c3BfYXRmX25leHQ6MzAwMjU1NDM4NDM3MzMyOjowOjo&url=%2FNeostreak-Mens-Jeans-neoaveps700-brown-Brown_30%2Fdp%2FB07T85PXJ8%2Fref%3Dsr_1_388_sspa%3Fcrid%3D24IEEX0MBW072%26keywords%3Djeans%26qid%3D1728139584%26sprefix%3Djeans%252Caps%252C212%26sr%3D8-388-spons%26sp_csd%3Dd2lkZ2V0TmFtZT1zcF9hdGZfbmV4dA%26psc%3D1,Neostreak,"₹569₹569 M.R.P: ₹1,899₹1,899 (70% off)",M.R.P: ,Neostreak,"3.8 out of 5 stars 7,683  ", FREE Delivery by Amazon
277,https://www.amazon.in/sspa/click?ie=UTF8&spc=MTo1NTE4OTUzOTY3NDc0NDk1OjE3MjgxMzk1ODQ6c3BfbXRmOjMwMDI1MjYxOTIwNDEzMjo6MDo6&url=%2FPeter-England-Mens-Jeans-PJDNASTFO65637_Navy_82%2Fdp%2FB0C1RY6L78%2Fref%3Dsr_1_389_sspa%3Fcrid%3D24IEEX0MBW072%26keywords%3Djeans%26qid%3D1728139584%26sprefix%3Djeans%252Caps%252C212%26sr%3D8-389-spons%26sp_csd%3Dd2lkZ2V0TmFtZT1zcF9tdGY%26psc%3D1,Peter England,"₹1,029₹1,029 M.R.P: ₹2,299₹2,299 (55% off)",M.R.P: ,Peter England,3.5 out of 5 stars 147  , FREE Delivery by Amazon
278,https://www.amazon.in/sspa/click?ie=UTF8&spc=MTo1NTE4OTUzOTY3NDc0NDk1OjE3MjgxMzk1ODQ6c3BfbXRmOjMwMDM0NjY3ODc3MjgzMjo6MDo6&url=%2FPeter-England-Skinny-PJDNASKF369677_Medium-Blue_34%2Fdp%2FB0C1RVJF5J%2Fref%3Dsr_1_390_sspa%3Fcrid%3D24IEEX0MBW072%26keywords%3Djeans%26qid%3D1728139584%26sprefix%3Djeans%252Caps%252C212%26sr%3D8-390-spons%26sp_csd%3Dd2lkZ2V0TmFtZT1zcF9tdGY%26psc%3D1,Peter England,"₹969₹969 M.R.P: ₹1,999₹1,999 (52% off)",M.R.P: ,Peter England,3.7 out of 5 stars 193  , FREE Delivery by Amazon
279,https://www.amazon.in/sspa/click?ie=UTF8&spc=MTo1NTE4OTUzOTY3NDc0NDk1OjE3MjgxMzk1ODQ6c3BfbXRmOjMwMDE2NjczNTEzODQzMjo6MDo6&url=%2FDennis-Lingo-Black-Denim-DLMJNS017_30%2Fdp%2FB0B3T6J2RG%2Fref%3Dsr_1_391_sspa%3Fcrid%3D24IEEX0MBW072%26keywords%3Djeans%26qid%3D1728139584%26sprefix%3Djeans%252Caps%252C212%26sr%3D8-391-spons%26sp_csd%3Dd2lkZ2V0TmFtZT1zcF9tdGY%26psc%3D1,Dennis Lingo,"₹626₹626 M.R.P: ₹2,849₹2,849 (78% off)",M.R.P: ,Dennis Lingo,3.7 out of 5 stars 126  , FREE Delivery by Amazon
280,https://www.amazon.in/sspa/click?ie=UTF8&spc=MTo1NTE4OTUzOTY3NDc0NDk1OjE3MjgxMzk1ODQ6c3BfbXRmOjMwMDE0NzQ0NzI2NTIzMjo6MDo6&url=%2FPepe-Jeans-Mens-Slim-PM207432Q051_Light%2Fdp%2FB0CJ9MV2FL%2Fref%3Dsr_1_392_sspa%3Fcrid%3D24IEEX0MBW072%26keywords%3Djeans%26qid%3D1728139584%26sprefix%3Djeans%252Caps%252C212%26sr%3D8-392-spons%26sp_csd%3Dd2lkZ2V0TmFtZT1zcF9tdGY%26psc%3D1,Pepe Jeans,"₹1,613₹1,613 M.R.P: ₹3,399₹3,399 (53% off)",M.R.P: ,Pepe Jeans,3.8 out of 5 stars 5  , FREE Delivery by Amazon
281,https://www.amazon.in/sspa/click?ie=UTF8&spc=MTo1NTE4OTUzOTY3NDc0NDk1OjE3MjgxMzk1ODQ6c3BfYnRmOjMwMDM1NDc1OTk3NTEzMjo6MDo6&url=%2FAmazon-Brand-Inkast-CR-146_Dark-Blue_28W%2Fdp%2FB07RHLVFCQ%2Fref%3Dsr_1_393_sspa%3Fcrid%3D24IEEX0MBW072%26keywords%3Djeans%26qid%3D1728139584%26sprefix%3Djeans%252Caps%252C212%26sr%3D8-393-spons%26sp_csd%3Dd2lkZ2V0TmFtZT1zcF9idGY%26psc%3D1,Amazon Brand - INKAST,"₹399₹399 M.R.P: ₹2,499₹2,499 (84% off)",M.R.P: ,Amazon Brand - INKAST,"3.6 out of 5 stars 5,211  ",FREE Delivery by Amazon
282,https://www.amazon.in/sspa/click?ie=UTF8&spc=MTo1NTE4OTUzOTY3NDc0NDk1OjE3MjgxMzk1ODQ6c3BfYnRmOjMwMDI1NTQzODQzNjgzMjo6MDo6&url=%2FNeostreak-Mens-Jeans-neohps-lgrey-34_Light-Grey_34W%2Fdp%2FB07MSRRL3K%2Fref%3Dsr_1_394_sspa%3Fcrid%3D24IEEX0MBW072%26keywords%3Djeans%26qid%3D1728139584%26sprefix%3Djeans%252Caps%252C212%26sr%3D8-394-spons%26sp_csd%3Dd2lkZ2V0TmFtZT1zcF9idGY%26psc%3D1,Neostreak,"₹549₹549 M.R.P: ₹1,999₹1,999 (73% off)",M.R.P: ,Neostreak,"3.5 out of 5 stars 2,491  ", FREE Delivery by Amazon
283,https://www.amazon.in/sspa/click?ie=UTF8&spc=MTo1NTE4OTUzOTY3NDc0NDk1OjE3MjgxMzk1ODQ6c3BfYnRmOjMwMDI2MDE5MjU0NzIzMjo6MDo6&url=%2FSpykar-Rover-Regular-Mid-Rise-Jeans%2Fdp%2FB0D6BV9KFN%2Fref%3Dsr_1_395_sspa%3Fcrid%3D24IEEX0MBW072%26keywords%3Djeans%26qid%3D1728139584%26sprefix%3Djeans%252Caps%252C212%26sr%3D8-395-spons%26sp_csd%3Dd2lkZ2V0TmFtZT1zcF9idGY%26psc%3D1,Spykar,"₹869₹869 M.R.P: ₹2,899₹2,899 (70% off)",M.R.P: ,Spykar,2.0 out of 5 stars 1  ,FREE Delivery by Amazon
284,https://www.amazon.in/Urbano-Fashion-Panelled-Non-Stretchable-jeanlosblcns-mblue-38/dp/B0D54NPK9K/ref=sr_1_40?crid=24IEEX0MBW072&dib=eyJ2IjoiMSJ9.loW9tDrkb73dvNPalTNrmPld8m7huH6cF5g_YkNmEAm9qODA-taMg5ibmmJXAdn3w18_Ama_S4836s1iM1YtBIdpk_a88sovlz0jYKb8UgeyxfvDd1yNA7BrvReQL8dHeTsmBCUr4vG9wTfYE_IXjcEtx4Z9Yg_WV3zVa7cZhyV3SPxEo2p1Htxigkn7RWNyKzINhtwKuJdv5R3jaMrGucUaA8BClw9zNNqjHAMpciugupuFm20Jj8eOG6lU42dRYTXf80v8ApAF0EChkl1-KMQjfTn99KKJ17d9OvtZONs.gM2UxYQACutxLYDMZ0XW9AekUQGSbRmRfPruooS2c3Q&dib_tag=se&keywords=jeans&qid=1728139528&sprefix=jeans%2Caps%2C212&sr=8-40,Urbano Fashion,"₹789₹789 M.R.P: ₹2,299₹2,299 (66% off)",M.R.P: ,Urbano Fashion,4.0 out of 5 stars 22  , FREE Delivery by Amazon
285,https://www.amazon.in/sspa/click?ie=UTF8&spc=MTo1NTE4OTUzOTY3NDc0NDk1OjE3MjgxMzk1ODQ6c3BfYnRmOjMwMDI2MDE5MjU0NDczMjo6MDo6&url=%2FSpykar-Super-Skinny-Jeans-ECSS2BB016_MID%2Fdp%2FB0C85NL4C8%2Fref%3Dsr_1_396_sspa%3Fcrid%3D24IEEX0MBW072%26keywords%3Djeans%26qid%3D1728139584%26sprefix%3Djeans%252Caps%252C212%26sr%3D8-396-spons%26sp_csd%3Dd2lkZ2V0TmFtZT1zcF9idGY%26psc%3D1,Spykar,"₹1,019₹1,019 M.R.P: ₹3,399₹3,399 (70% off)",M.R.P: ,Spykar,3.4 out of 5 stars 5  , FREE Delivery by Amazon
286,https://www.amazon.in/sspa/click?ie=UTF8&spc=MToyNTAxNDgxNjk4MjE2Mjg3OjE3MjgxMzk1ODg6c3BfYXRmX25leHQ6MzAwMzMyODEyNjY0OTMyOjowOjo&url=%2FPeter-England-Mens-Jeans-PJDNASTFC41803_Navy_82%2Fdp%2FB0C1RYYXX4%2Fref%3Dsr_1_433_sspa%3Fcrid%3D24IEEX0MBW072%26keywords%3Djeans%26qid%3D1728139588%26sprefix%3Djeans%252Caps%252C212%26sr%3D8-433-spons%26sp_csd%3Dd2lkZ2V0TmFtZT1zcF9hdGZfbmV4dA%26psc%3D1,Peter England,"₹1,029₹1,029 M.R.P: ₹2,299₹2,299 (55% off)",M.R.P: ,Peter England,3.5 out of 5 stars 147  , FREE Delivery by Amazon
287,https://www.amazon.in/sspa/click?ie=UTF8&spc=MToyNTAxNDgxNjk4MjE2Mjg3OjE3MjgxMzk1ODg6c3BfYXRmX25leHQ6MzAwMjYwMTkyNTQ5MTMyOjowOjo&url=%2FSpykar-Mens-Skinny-Rise-Jeans%2Fdp%2FB0D1R9KS66%2Fref%3Dsr_1_434_sspa%3Fcrid%3D24IEEX0MBW072%26keywords%3Djeans%26qid%3D1728139588%26sprefix%3Djeans%252Caps%252C212%26sr%3D8-434-spons%26sp_csd%3Dd2lkZ2V0TmFtZT1zcF9hdGZfbmV4dA%26psc%3D1,Spykar,"₹879₹879 M.R.P: ₹3,099₹3,099 (72% off)",M.R.P: ,Spykar,1.0 out of 5 stars 1  , FREE Delivery by Amazon
288,https://www.amazon.in/sspa/click?ie=UTF8&spc=MToyNTAxNDgxNjk4MjE2Mjg3OjE3MjgxMzk1ODg6c3BfYXRmX25leHQ6MzAwMzQxMjUzMjUzMDMyOjowOjo&url=%2FNeoStreak-Apparel-Lblue-Blue_36-Bottom%2Fdp%2FB07QFKPB4R%2Fref%3Dsr_1_436_sspa%3Fcrid%3D24IEEX0MBW072%26keywords%3Djeans%26qid%3D1728139588%26sprefix%3Djeans%252Caps%252C212%26sr%3D8-436-spons%26sp_csd%3Dd2lkZ2V0TmFtZT1zcF9hdGZfbmV4dA%26psc%3D1,Neostreak,"₹489₹489 M.R.P: ₹1,599₹1,599 (69% off)",M.R.P: ,Neostreak,"3.8 out of 5 stars 7,683  ",FREE Delivery by Amazon
289,https://www.amazon.in/sspa/click?ie=UTF8&spc=MToyNTAxNDgxNjk4MjE2Mjg3OjE3MjgxMzk1ODg6c3BfbXRmOjMwMDE2NjczNTE0MDgzMjo6MDo6&url=%2FDennis-Lingo-Indigo-Jeans-DLMJNW23141_in_1_30%2Fdp%2FB0CKTPG71Z%2Fref%3Dsr_1_439_sspa%3Fcrid%3D24IEEX0MBW072%26keywords%3Djeans%26qid%3D1728139588%26sprefix%3Djeans%252Caps%252C212%26sr%3D8-439-spons%26sp_csd%3Dd2lkZ2V0TmFtZT1zcF9tdGY%26psc%3D1,Dennis Lingo,"₹598₹598 M.R.P: ₹2,599₹2,599 (77% off)",M.R.P: ,Dennis Lingo,3.4 out of 5 stars 30  , FREE Delivery by Amazon
290,https://www.amazon.in/sspa/click?ie=UTF8&spc=MToyNTAxNDgxNjk4MjE2Mjg3OjE3MjgxMzk1ODg6c3BfbXRmOjMwMDIzNjIxODQ3NzkzMjo6MDo6&url=%2FAmazon-Brand-Symbol-Baggy-SY-A23-MNA-BGD-501_Ice-Wash_36%2Fdp%2FB0CJYCL62G%2Fref%3Dsr_1_440_sspa%3Fcrid%3D24IEEX0MBW072%26keywords%3Djeans%26qid%3D1728139588%26sprefix%3Djeans%252Caps%252C212%26sr%3D8-440-spons%26sp_csd%3Dd2lkZ2V0TmFtZT1zcF9tdGY%26psc%3D1,Amazon Brand - Symbol,"₹749₹749 M.R.P: ₹2,199₹2,199 (66% off)",50+ bought in past month,Amazon Brand - Symbol,3.9 out of 5 stars 132  , FREE Delivery by Amazon
291,https://www.amazon.in/JVX-Jeans-Pants-Denim-JEANS-01/dp/B0D4MLFFPV/ref=sr_1_41?crid=24IEEX0MBW072&dib=eyJ2IjoiMSJ9.loW9tDrkb73dvNPalTNrmPld8m7huH6cF5g_YkNmEAm9qODA-taMg5ibmmJXAdn3w18_Ama_S4836s1iM1YtBIdpk_a88sovlz0jYKb8UgeyxfvDd1yNA7BrvReQL8dHeTsmBCUr4vG9wTfYE_IXjcEtx4Z9Yg_WV3zVa7cZhyV3SPxEo2p1Htxigkn7RWNyKzINhtwKuJdv5R3jaMrGucUaA8BClw9zNNqjHAMpciugupuFm20Jj8eOG6lU42dRYTXf80v8ApAF0EChkl1-KMQjfTn99KKJ17d9OvtZONs.gM2UxYQACutxLYDMZ0XW9AekUQGSbRmRfPruooS2c3Q&dib_tag=se&keywords=jeans&qid=1728139528&sprefix=jeans%2Caps%2C212&sr=8-41,JVX,"₹699₹699 M.R.P: ₹2,999₹2,999 (77% off)",M.R.P: ,JVX,2.6 out of 5 stars 49  , FREE Delivery by Amazon
292,https://www.amazon.in/sspa/click?ie=UTF8&spc=MToyNTAxNDgxNjk4MjE2Mjg3OjE3MjgxMzk1ODg6c3BfYnRmOjIwMTQyNjg4NzM2NDk4OjowOjo&url=%2FDennis-Lingo-Stretchable-Denim-Solid%2Fdp%2FB0C1GTK74T%2Fref%3Dsr_1_442_sspa%3Fcrid%3D24IEEX0MBW072%26keywords%3Djeans%26qid%3D1728139588%26sprefix%3Djeans%252Caps%252C212%26sr%3D8-442-spons%26sp_csd%3Dd2lkZ2V0TmFtZT1zcF9idGY%26psc%3D1,Dennis Lingo,"₹799₹799 M.R.P: ₹2,649₹2,649 (70% off)",M.R.P: ,Dennis Lingo,3.9 out of 5 stars 12  , FREE Delivery by Amazon
293,https://www.amazon.in/sspa/click?ie=UTF8&spc=MToyNTAxNDgxNjk4MjE2Mjg3OjE3MjgxMzk1ODg6c3BfYnRmOjMwMDI2MDE5MjU0NzMzMjo6MDo6&url=%2FSpykar-Rover-Regular-Mid-Rise-Jeans%2Fdp%2FB0D6BY3J5F%2Fref%3Dsr_1_443_sspa%3Fcrid%3D24IEEX0MBW072%26keywords%3Djeans%26qid%3D1728139588%26sprefix%3Djeans%252Caps%252C212%26sr%3D8-443-spons%26sp_csd%3Dd2lkZ2V0TmFtZT1zcF9idGY%26psc%3D1,Spykar,"₹869₹869 M.R.P: ₹2,899₹2,899 (70% off)",M.R.P: ,Spykar,5.0 out of 5 stars 1  , FREE Delivery by Amazon
294,https://www.amazon.in/sspa/click?ie=UTF8&spc=MTo3MDM2MTg0OTk1NzUzNDEwOjE3MjgxMzk1OTI6c3BfYXRmX25leHQ6MzAwMzU0Nzg2NzM4OTMyOjowOjo&url=%2FAmazon-Brand-Inkast-Carrot-CR-163_Grey_28W%2Fdp%2FB07RLVJWK1%2Fref%3Dsr_1_481_sspa%3Fcrid%3D24IEEX0MBW072%26keywords%3Djeans%26qid%3D1728139592%26sprefix%3Djeans%252Caps%252C212%26sr%3D8-481-spons%26sp_csd%3Dd2lkZ2V0TmFtZT1zcF9hdGZfbmV4dA%26psc%3D1,Amazon Brand - INKAST,"₹399₹399 M.R.P: ₹1,999₹1,999 (80% off)",M.R.P: ,Amazon Brand - INKAST,"3.6 out of 5 stars 5,211  ",FREE Delivery by Amazon
295,https://www.amazon.in/sspa/click?ie=UTF8&spc=MTo3MDM2MTg0OTk1NzUzNDEwOjE3MjgxMzk1OTI6c3BfYXRmX25leHQ6MzAwMzQxMjUzMjU1MDMyOjowOjo&url=%2FNeostreak-Mens-Jeans-neoaveps700-brown-Brown_34%2Fdp%2FB07TFKNCFT%2Fref%3Dsr_1_483_sspa%3Fcrid%3D24IEEX0MBW072%26keywords%3Djeans%26qid%3D1728139592%26sprefix%3Djeans%252Caps%252C212%26sr%3D8-483-spons%26sp_csd%3Dd2lkZ2V0TmFtZT1zcF9hdGZfbmV4dA%26psc%3D1,Neostreak,"₹569₹569 M.R.P: ₹1,899₹1,899 (70% off)",M.R.P: ,Neostreak,"3.8 out of 5 stars 7,683  ", FREE Delivery by Amazon
296,https://www.amazon.in/sspa/click?ie=UTF8&spc=MTo3MDM2MTg0OTk1NzUzNDEwOjE3MjgxMzk1OTI6c3BfYXRmX25leHQ6MzAwMzQxMjc5OTkxMDMyOjowOjo&url=%2FNeoStreak-Mens-Slim-Jeans-neoepsrustsprcrs-lblue-42_Light%2Fdp%2FB0D2CHC4RC%2Fref%3Dsr_1_484_sspa%3Fcrid%3D24IEEX0MBW072%26keywords%3Djeans%26qid%3D1728139592%26sprefix%3Djeans%252Caps%252C212%26sr%3D8-484-spons%26sp_csd%3Dd2lkZ2V0TmFtZT1zcF9hdGZfbmV4dA%26psc%3D1,Neostreak,"₹829₹829 M.R.P: ₹1,999₹1,999 (59% off)",M.R.P: ,Neostreak,3.2 out of 5 stars 329  , FREE Delivery by Amazon
297,https://www.amazon.in/sspa/click?ie=UTF8&spc=MTo3MDM2MTg0OTk1NzUzNDEwOjE3MjgxMzk1OTI6c3BfbXRmOjMwMDMzMjgxMjY2NDUzMjo6MDo6&url=%2FPeter-England-Mens-Jeans-PJDNASTFC41803_Navy_92%2Fdp%2FB0C1RWSDSC%2Fref%3Dsr_1_487_sspa%3Fcrid%3D24IEEX0MBW072%26keywords%3Djeans%26qid%3D1728139592%26sprefix%3Djeans%252Caps%252C212%26sr%3D8-487-spons%26sp_csd%3Dd2lkZ2V0TmFtZT1zcF9tdGY%26psc%3D1,Peter England,"₹1,029₹1,029 M.R.P: ₹2,299₹2,299 (55% off)",M.R.P: ,Peter England,3.5 out of 5 stars 147  , FREE Delivery by Amazon
298,https://www.amazon.in/KOTTY-Womens-Cotton-Lycra-Solid/dp/B0C5TG6MCF/ref=sr_1_42?crid=24IEEX0MBW072&dib=eyJ2IjoiMSJ9.loW9tDrkb73dvNPalTNrmPld8m7huH6cF5g_YkNmEAm9qODA-taMg5ibmmJXAdn3w18_Ama_S4836s1iM1YtBIdpk_a88sovlz0jYKb8UgeyxfvDd1yNA7BrvReQL8dHeTsmBCUr4vG9wTfYE_IXjcEtx4Z9Yg_WV3zVa7cZhyV3SPxEo2p1Htxigkn7RWNyKzINhtwKuJdv5R3jaMrGucUaA8BClw9zNNqjHAMpciugupuFm20Jj8eOG6lU42dRYTXf80v8ApAF0EChkl1-KMQjfTn99KKJ17d9OvtZONs.gM2UxYQACutxLYDMZ0XW9AekUQGSbRmRfPruooS2c3Q&dib_tag=se&keywords=jeans&qid=1728139528&sprefix=jeans%2Caps%2C212&sr=8-42,KOTTY,"₹399₹399 M.R.P: ₹1,999₹1,999 (80% off)",300+ bought in past month,KOTTY,3.5 out of 5 stars 771  ,FREE Delivery by Amazon
299,https://www.amazon.in/sspa/click?ie=UTF8&spc=MTo3MDM2MTg0OTk1NzUzNDEwOjE3MjgxMzk1OTI6c3BfYnRmOjMwMDEzMzA3OTk2NTUzMjo6MDo6&url=%2FDennis-Lingo-Length-Stretch-Straight%2Fdp%2FB0CQN99TQF%2Fref%3Dsr_1_489_sspa%3Fcrid%3D24IEEX0MBW072%26keywords%3Djeans%26qid%3D1728139592%26sprefix%3Djeans%252Caps%252C212%26sr%3D8-489-spons%26sp_csd%3Dd2lkZ2V0TmFtZT1zcF9idGY%26psc%3D1,Dennis Lingo,"₹699₹699 M.R.P: ₹2,599₹2,599 (73% off)",M.R.P: ,Dennis Lingo,3.6 out of 5 stars 35  , FREE Delivery by Amazon
300,https://www.amazon.in/sspa/click?ie=UTF8&spc=MTo3MDM2MTg0OTk1NzUzNDEwOjE3MjgxMzk1OTI6c3BfYnRmOjMwMDMxNDczNzg3NzYzMjo6MDo6&url=%2Fisol-Straight-Stretchable-Denim-Indigo%2Fdp%2FB0CJCKNMTF%2Fref%3Dsr_1_490_sspa%3Fcrid%3D24IEEX0MBW072%26keywords%3Djeans%26qid%3D1728139592%26sprefix%3Djeans%252Caps%252C212%26sr%3D8-490-spons%26sp_csd%3Dd2lkZ2V0TmFtZT1zcF9idGY%26psc%3D1,i'sol,"₹649₹649 M.R.P: ₹2,599₹2,599 (75% off)",M.R.P: ,i'sol,3.6 out of 5 stars 47  , FREE Delivery by Amazon
301,https://www.amazon.in/sspa/click?ie=UTF8&spc=MTo3MDM2MTg0OTk1NzUzNDEwOjE3MjgxMzk1OTI6c3BfYnRmOjMwMDE2NDAwMTE3NDAzMjo6MDo6&url=%2FUrbano-Plus-Regular-Stretchable-plusepsjeanp-lblu-44%2Fdp%2FB0867BLCDJ%2Fref%3Dsr_1_491_sspa%3Fcrid%3D24IEEX0MBW072%26keywords%3Djeans%26qid%3D1728139592%26sprefix%3Djeans%252Caps%252C212%26sr%3D8-491-spons%26sp_csd%3Dd2lkZ2V0TmFtZT1zcF9idGY%26psc%3D1,Urbano Plus,"₹577₹577 M.R.P: ₹1,599₹1,599 (64% off)",50+ bought in past month,Urbano Plus,"3.8 out of 5 stars 2,444  ", FREE Delivery by Amazon
302,https://www.amazon.in/sspa/click?ie=UTF8&spc=MTo3MDM2MTg0OTk1NzUzNDEwOjE3MjgxMzk1OTI6c3BfYnRmOjMwMDE2NjczNTE0MjIzMjo6MDo6&url=%2FDennis-Lingo-Stretchable-Denim-Solid%2Fdp%2FB0BTD38PD6%2Fref%3Dsr_1_492_sspa%3Fcrid%3D24IEEX0MBW072%26keywords%3Djeans%26qid%3D1728139592%26sprefix%3Djeans%252Caps%252C212%26sr%3D8-492-spons%26sp_csd%3Dd2lkZ2V0TmFtZT1zcF9idGY%26psc%3D1,Dennis Lingo,"₹799₹799 M.R.P: ₹2,999₹2,999 (73% off)",M.R.P: ,Dennis Lingo,3.0 out of 5 stars 2  , FREE Delivery by Amazon
303,https://www.amazon.in/sspa/click?ie=UTF8&spc=MTo3MDIyOTQ3MDE2NTg1Njc4OjE3MjgxMzk1OTY6c3BfYXRmX25leHQ6MzAwMTY3NjM1MzAyMjMyOjowOjo&url=%2FPepe-Jeans-Men-Blue%2Fdp%2FB095KHT3BH%2Fref%3Dsr_1_529_sspa%3Fcrid%3D24IEEX0MBW072%26keywords%3Djeans%26qid%3D1728139596%26sprefix%3Djeans%252Caps%252C212%26sr%3D8-529-spons%26sp_csd%3Dd2lkZ2V0TmFtZT1zcF9hdGZfbmV4dA%26psc%3D1,Pepe Jeans,"₹999₹999 M.R.P: ₹2,999₹2,999 (67% off)",M.R.P: ,Pepe Jeans,4.0 out of 5 stars 63  , FREE Delivery by Amazon
304,https://www.amazon.in/sspa/click?ie=UTF8&spc=MTo3MDIyOTQ3MDE2NTg1Njc4OjE3MjgxMzk1OTY6c3BfYXRmX25leHQ6MzAwMjYwODg2MDEwNDMyOjowOjo&url=%2FPepe-Jeans-Men-Slim-Blue%2Fdp%2FB08NYDMQB2%2Fref%3Dsr_1_530_sspa%3Fcrid%3D24IEEX0MBW072%26keywords%3Djeans%26qid%3D1728139596%26sprefix%3Djeans%252Caps%252C212%26sr%3D8-530-spons%26sp_csd%3Dd2lkZ2V0TmFtZT1zcF9hdGZfbmV4dA%26psc%3D1,Pepe Jeans,"₹1,559₹1,559 M.R.P: ₹2,999₹2,999 (48% off)",M.R.P: ,Pepe Jeans,3.1 out of 5 stars 5  , FREE Delivery by Amazon
305,https://www.amazon.in/sspa/click?ie=UTF8&spc=MTo3MDIyOTQ3MDE2NTg1Njc4OjE3MjgxMzk1OTY6c3BfYXRmX25leHQ6MzAwMjAwODIxMzQzOTMyOjowOjo&url=%2FPepe-Jeans-Mens-PM206087Q03-DARK-Used_Blue_30W%2Fdp%2FB08LX2KJMN%2Fref%3Dsr_1_531_sspa%3Fcrid%3D24IEEX0MBW072%26keywords%3Djeans%26qid%3D1728139596%26sprefix%3Djeans%252Caps%252C212%26sr%3D8-531-spons%26sp_csd%3Dd2lkZ2V0TmFtZT1zcF9hdGZfbmV4dA%26psc%3D1,Pepe Jeans,"₹1,199₹1,199 M.R.P: ₹2,999₹2,999 (60% off)",M.R.P: ,Pepe Jeans,3.6 out of 5 stars 190  , FREE Delivery by Amazon
306,https://www.amazon.in/sspa/click?ie=UTF8&spc=MTo3MDIyOTQ3MDE2NTg1Njc4OjE3MjgxMzk1OTY6c3BfYXRmX25leHQ6MzAwMjQ3NjU3MjYxNjMyOjowOjo&url=%2FPepe-Jeans-Relaxed-PM205771V06_Dark-Rinse_30W%2Fdp%2FB08322L2KH%2Fref%3Dsr_1_532_sspa%3Fcrid%3D24IEEX0MBW072%26keywords%3Djeans%26qid%3D1728139596%26sprefix%3Djeans%252Caps%252C212%26sr%3D8-532-spons%26sp_csd%3Dd2lkZ2V0TmFtZT1zcF9hdGZfbmV4dA%26psc%3D1,Pepe Jeans,"₹1,289₹1,289 M.R.P: ₹4,299₹4,299 (70% off)",M.R.P: ,Pepe Jeans,3.8 out of 5 stars 22  , FREE Delivery by Amazon
307,https://www.amazon.in/sspa/click?ie=UTF8&spc=MTo3MDIyOTQ3MDE2NTg1Njc4OjE3MjgxMzk1OTY6c3BfbXRmOjMwMDE2MDE2OTEwNzUzMjo6MDo6&url=%2FPepe-Jeans-PM207082Q01-Black-Used%2Fdp%2FB0BQHQJTZM%2Fref%3Dsr_1_533_sspa%3Fcrid%3D24IEEX0MBW072%26keywords%3Djeans%26qid%3D1728139596%26sprefix%3Djeans%252Caps%252C212%26sr%3D8-533-spons%26sp_csd%3Dd2lkZ2V0TmFtZT1zcF9tdGY%26psc%3D1,Pepe Jeans,"₹1,519₹1,519 M.R.P: ₹3,799₹3,799 (60% off)",M.R.P: ,Pepe Jeans,4.0 out of 5 stars 20  , FREE Delivery by Amazon
308,https://www.amazon.in/sspa/click?ie=UTF8&spc=MTo3MDIyOTQ3MDE2NTg1Njc4OjE3MjgxMzk1OTY6c3BfbXRmOjMwMDE2NzYzNTI5OTMzMjo6MDo6&url=%2FPepe-Jeans-Straight-PM206831Q03_Dark-Used_38%2Fdp%2FB0B7B5F6S6%2Fref%3Dsr_1_535_sspa%3Fcrid%3D24IEEX0MBW072%26keywords%3Djeans%26qid%3D1728139596%26sprefix%3Djeans%252Caps%252C212%26sr%3D8-535-spons%26sp_csd%3Dd2lkZ2V0TmFtZT1zcF9tdGY%26psc%3D1,Pepe Jeans,"₹899₹899 M.R.P: ₹3,599₹3,599 (75% off)",M.R.P: ,Pepe Jeans,3.5 out of 5 stars 10  , FREE Delivery by Amazon
309,https://www.amazon.in/sspa/click?ie=UTF8&spc=MTo3MDIyOTQ3MDE2NTg1Njc4OjE3MjgxMzk1OTY6c3BfYnRmOjMwMDM1NDgwNDI0OTMzMjo6MDo6&url=%2FAmazon-Brand-Tapered-ST-27_Ice-Blue_28W%2Fdp%2FB07GXXCMR4%2Fref%3Dsr_1_538_sspa%3Fcrid%3D24IEEX0MBW072%26keywords%3Djeans%26qid%3D1728139596%26sprefix%3Djeans%252Caps%252C212%26sr%3D8-538-spons%26sp_csd%3Dd2lkZ2V0TmFtZT1zcF9idGY%26psc%3D1,Amazon Brand - INKAST,"₹349₹349 M.R.P: ₹2,499₹2,499 (86% off)",M.R.P: ,Amazon Brand - INKAST,"3.6 out of 5 stars 5,211  ",FREE Delivery by Amazon
310,https://www.amazon.in/sspa/click?ie=UTF8&spc=MTo3MDIyOTQ3MDE2NTg1Njc4OjE3MjgxMzk1OTY6c3BfYnRmOjMwMDI1NTQzODQzNzgzMjo6MDo6&url=%2FNeostreak-Mens-Jeans-neoaveps700-brown-Brown_40%2Fdp%2FB07TCJ7NDQ%2Fref%3Dsr_1_539_sspa%3Fcrid%3D24IEEX0MBW072%26keywords%3Djeans%26qid%3D1728139596%26sprefix%3Djeans%252Caps%252C212%26sr%3D8-539-spons%26sp_csd%3Dd2lkZ2V0TmFtZT1zcF9idGY%26psc%3D1,Neostreak,"₹569₹569 M.R.P: ₹1,899₹1,899 (70% off)",M.R.P: ,Neostreak,"3.8 out of 5 stars 7,683  ", FREE Delivery by Amazon
311,https://www.amazon.in/sspa/click?ie=UTF8&spc=MTo3MDIyOTQ3MDE2NTg1Njc4OjE3MjgxMzk1OTY6c3BfYnRmOjMwMDEwNjM2NjQ1NjgzMjo6MDo6&url=%2FDennis-Lingo-Indigo-Straight-DLMJNW23142_in_1_30%2Fdp%2FB0CKTQMQW3%2Fref%3Dsr_1_540_sspa%3Fcrid%3D24IEEX0MBW072%26keywords%3Djeans%26qid%3D1728139596%26sprefix%3Djeans%252Caps%252C212%26sr%3D8-540-spons%26sp_csd%3Dd2lkZ2V0TmFtZT1zcF9idGY%26psc%3D1,Dennis Lingo,"₹799₹799 M.R.P: ₹2,599₹2,599 (69% off)",M.R.P: ,Dennis Lingo,3.6 out of 5 stars 35  , FREE Delivery by Amazon
312,https://www.amazon.in/sspa/click?ie=UTF8&spc=MTo0NjI4ODIyNzMyNDk1NjMwOjE3MjgxMzk2MDA6c3BfYXRmX25leHQ6MzAwMjQ3NjU3MjIxMTMyOjowOjo&url=%2FPepe-Jeans-Mens-Regular-PM207092Q033_Dark%2Fdp%2FB0BQHQQ889%2Fref%3Dsr_1_577_sspa%3Fcrid%3D24IEEX0MBW072%26keywords%3Djeans%26qid%3D1728139600%26sprefix%3Djeans%252Caps%252C212%26sr%3D8-577-spons%26sp_csd%3Dd2lkZ2V0TmFtZT1zcF9hdGZfbmV4dA%26psc%3D1,Pepe Jeans,"₹1,599₹1,599 M.R.P: ₹3,999₹3,999 (60% off)",M.R.P: ,Pepe Jeans,3.0 out of 5 stars 2  , FREE Delivery by Amazon
313,https://www.amazon.in/sspa/click?ie=UTF8&spc=MTo0NjI4ODIyNzMyNDk1NjMwOjE3MjgxMzk2MDA6c3BfYXRmX25leHQ6MzAwMzU0Nzg1NzUzNTMyOjowOjo&url=%2FAmazon-Brand-Inkast-Carrot-CR-162_Grey_32W%2Fdp%2FB07RFK5XR8%2Fref%3Dsr_1_579_sspa%3Fcrid%3D24IEEX0MBW072%26keywords%3Djeans%26qid%3D1728139600%26sprefix%3Djeans%252Caps%252C212%26sr%3D8-579-spons%26sp_csd%3Dd2lkZ2V0TmFtZT1zcF9hdGZfbmV4dA%26psc%3D1,Amazon Brand - INKAST,"₹399₹399 M.R.P: ₹2,599₹2,599 (85% off)",50+ bought in past month,Amazon Brand - INKAST,"3.6 out of 5 stars 5,211  ",FREE Delivery by Amazon
314,https://www.amazon.in/Urbano-Fashion-Black-Stretch-eps-black-30-07/dp/B07DFPG3NH/ref=sr_1_44?crid=24IEEX0MBW072&dib=eyJ2IjoiMSJ9.loW9tDrkb73dvNPalTNrmPld8m7huH6cF5g_YkNmEAm9qODA-taMg5ibmmJXAdn3w18_Ama_S4836s1iM1YtBIdpk_a88sovlz0jYKb8UgeyxfvDd1yNA7BrvReQL8dHeTsmBCUr4vG9wTfYE_IXjcEtx4Z9Yg_WV3zVa7cZhyV3SPxEo2p1Htxigkn7RWNyKzINhtwKuJdv5R3jaMrGucUaA8BClw9zNNqjHAMpciugupuFm20Jj8eOG6lU42dRYTXf80v8ApAF0EChkl1-KMQjfTn99KKJ17d9OvtZONs.gM2UxYQACutxLYDMZ0XW9AekUQGSbRmRfPruooS2c3Q&dib_tag=se&keywords=jeans&qid=1728139528&sprefix=jeans%2Caps%2C212&sr=8-44,Urbano Fashion,"₹470₹470 M.R.P: ₹1,399₹1,399 (66% off)",50+ bought in past month,Urbano Fashion,"3.7 out of 5 stars 6,267  ",FREE Delivery by Amazon
315,https://www.amazon.in/sspa/click?ie=UTF8&spc=MTo0NjI4ODIyNzMyNDk1NjMwOjE3MjgxMzk2MDA6c3BfYXRmX25leHQ6MzAwMzE0NzQ1ODkxNDMyOjowOjo&url=%2Fisol-Vincent-Comfortable-Straight-Premium%2Fdp%2FB0CJCJQWF4%2Fref%3Dsr_1_580_sspa%3Fcrid%3D24IEEX0MBW072%26keywords%3Djeans%26qid%3D1728139600%26sprefix%3Djeans%252Caps%252C212%26sr%3D8-580-spons%26sp_csd%3Dd2lkZ2V0TmFtZT1zcF9hdGZfbmV4dA%26psc%3D1,i'sol,"₹649₹649 M.R.P: ₹3,999₹3,999 (84% off)",M.R.P: ,i'sol,3.8 out of 5 stars 29  , FREE Delivery by Amazon
316,https://www.amazon.in/sspa/click?ie=UTF8&spc=MTo0NjI4ODIyNzMyNDk1NjMwOjE3MjgxMzk2MDA6c3BfbXRmOjMwMDIwMDgyMTM2MDYzMjo6MDo6&url=%2FPepe-Jeans-Mens-Regular-PM207095Q033_Dark%2Fdp%2FB0BQHSSJHY%2Fref%3Dsr_1_581_sspa%3Fcrid%3D24IEEX0MBW072%26keywords%3Djeans%26qid%3D1728139600%26sprefix%3Djeans%252Caps%252C212%26sr%3D8-581-spons%26sp_csd%3Dd2lkZ2V0TmFtZT1zcF9tdGY%26psc%3D1,Pepe Jeans,"₹1,599₹1,599 M.R.P: ₹3,999₹3,999 (60% off)",M.R.P: ,Pepe Jeans,2.5 out of 5 stars 7  , FREE Delivery by Amazon
317,https://www.amazon.in/sspa/click?ie=UTF8&spc=MTo0NjI4ODIyNzMyNDk1NjMwOjE3MjgxMzk2MDA6c3BfbXRmOjMwMDE2NjczNTE0MDAzMjo6MDo6&url=%2FDennis-Lingo-Indigo-Jeans-DLMJNW23141_in_2_30%2Fdp%2FB0CKTQ982B%2Fref%3Dsr_1_582_sspa%3Fcrid%3D24IEEX0MBW072%26keywords%3Djeans%26qid%3D1728139600%26sprefix%3Djeans%252Caps%252C212%26sr%3D8-582-spons%26sp_csd%3Dd2lkZ2V0TmFtZT1zcF9tdGY%26psc%3D1,Dennis Lingo,"₹624₹624 M.R.P: ₹2,599₹2,599 (76% off)",M.R.P: ,Dennis Lingo,3.4 out of 5 stars 30  , FREE Delivery by Amazon
318,https://www.amazon.in/sspa/click?ie=UTF8&spc=MTo0NjI4ODIyNzMyNDk1NjMwOjE3MjgxMzk2MDA6c3BfbXRmOjMwMDM0MTI1MzI1NDkzMjo6MDo6&url=%2FNeostreak-Mens-Jeans-neoaveps700-brown-Brown_32%2Fdp%2FB07TB9X4QN%2Fref%3Dsr_1_583_sspa%3Fcrid%3D24IEEX0MBW072%26keywords%3Djeans%26qid%3D1728139600%26sprefix%3Djeans%252Caps%252C212%26sr%3D8-583-spons%26sp_csd%3Dd2lkZ2V0TmFtZT1zcF9tdGY%26psc%3D1,Neostreak,"₹569₹569 M.R.P: ₹1,889₹1,889 (70% off)",M.R.P: ,Neostreak,"3.8 out of 5 stars 7,683  ", FREE Delivery by Amazon
319,https://www.amazon.in/sspa/click?ie=UTF8&spc=MTo0NjI4ODIyNzMyNDk1NjMwOjE3MjgxMzk2MDA6c3BfbXRmOjMwMDMyNjIwNzEzNjYzMjo6MDo6&url=%2FNumero-Uno-Jeans-KMJNRU472_Dark-Blue_32%2Fdp%2FB0BC1D1BCM%2Fref%3Dsr_1_584_sspa%3Fcrid%3D24IEEX0MBW072%26keywords%3Djeans%26qid%3D1728139600%26sprefix%3Djeans%252Caps%252C212%26sr%3D8-584-spons%26sp_csd%3Dd2lkZ2V0TmFtZT1zcF9tdGY%26psc%3D1,Numero Uno,"₹999₹999 M.R.P: ₹2,499₹2,499 (60% off)",M.R.P: ,Numero Uno,3.4 out of 5 stars 11  , FREE Delivery by Amazon
320,https://www.amazon.in/sspa/click?ie=UTF8&spc=MTo0NjI4ODIyNzMyNDk1NjMwOjE3MjgxMzk2MDA6c3BfYnRmOjMwMDI1NTQzODQzNjkzMjo6MDo6&url=%2FNeostreak-Mens-Jeans-neohps-lgrey-36_Light-Grey_36W%2Fdp%2FB07MSRRL15%2Fref%3Dsr_1_585_sspa%3Fcrid%3D24IEEX0MBW072%26keywords%3Djeans%26qid%3D1728139600%26sprefix%3Djeans%252Caps%252C212%26sr%3D8-585-spons%26sp_csd%3Dd2lkZ2V0TmFtZT1zcF9idGY%26psc%3D1,Neostreak,"₹549₹549 M.R.P: ₹1,699₹1,699 (68% off)",M.R.P: ,Neostreak,"3.5 out of 5 stars 2,491  ", FREE Delivery by Amazon
321,https://www.amazon.in/sspa/click?ie=UTF8&spc=MTo1NDA2MDg4NDMxMzgxMzA1OjE3MjgxMzk2MDQ6c3BfYXRmX25leHQ6MzAwMTY0MDAxMTczNjMyOjowOjo&url=%2FUrbano-Plus-Regular-Stretchable-plusepsjeanp-lblu-36%2Fdp%2FB08672P53D%2Fref%3Dsr_1_625_sspa%3Fcrid%3D24IEEX0MBW072%26keywords%3Djeans%26qid%3D1728139604%26sprefix%3Djeans%252Caps%252C212%26sr%3D8-625-spons%26sp_csd%3Dd2lkZ2V0TmFtZT1zcF9hdGZfbmV4dA%26psc%3D1,Urbano Plus,"₹929₹929 M.R.P: ₹1,599₹1,599 (42% off)",M.R.P: ,Urbano Plus,"3.8 out of 5 stars 2,444  ", FREE Delivery by Amazon
322,https://www.amazon.in/Urbano-Fashion-Mens-Jeans-eps-black-40-06/dp/B076CR54R8/ref=sr_1_45?crid=24IEEX0MBW072&dib=eyJ2IjoiMSJ9.loW9tDrkb73dvNPalTNrmPld8m7huH6cF5g_YkNmEAm9qODA-taMg5ibmmJXAdn3w18_Ama_S4836s1iM1YtBIdpk_a88sovlz0jYKb8UgeyxfvDd1yNA7BrvReQL8dHeTsmBCUr4vG9wTfYE_IXjcEtx4Z9Yg_WV3zVa7cZhyV3SPxEo2p1Htxigkn7RWNyKzINhtwKuJdv5R3jaMrGucUaA8BClw9zNNqjHAMpciugupuFm20Jj8eOG6lU42dRYTXf80v8ApAF0EChkl1-KMQjfTn99KKJ17d9OvtZONs.gM2UxYQACutxLYDMZ0XW9AekUQGSbRmRfPruooS2c3Q&dib_tag=se&keywords=jeans&qid=1728139528&sprefix=jeans%2Caps%2C212&sr=8-45,Urbano Fashion,"₹419₹419 M.R.P: ₹1,199₹1,199 (65% off)",100+ bought in past month,Urbano Fashion,"3.7 out of 5 stars 9,409  ",FREE Delivery by Amazon
323,https://www.amazon.in/sspa/click?ie=UTF8&spc=MTo1NDA2MDg4NDMxMzgxMzA1OjE3MjgxMzk2MDQ6c3BfYXRmX25leHQ6MzAwMTYwMTY5MTAyMjMyOjowOjo&url=%2FPepe-Jeans-Mens-PM206796A193_Dark-24_34%2Fdp%2FB09ZV5GT9X%2Fref%3Dsr_1_626_sspa%3Fcrid%3D24IEEX0MBW072%26keywords%3Djeans%26qid%3D1728139604%26sprefix%3Djeans%252Caps%252C212%26sr%3D8-626-spons%26sp_csd%3Dd2lkZ2V0TmFtZT1zcF9hdGZfbmV4dA%26psc%3D1,Pepe Jeans,"₹1,699₹1,699 M.R.P: ₹3,599₹3,599 (53% off)",M.R.P: ,Pepe Jeans,3.7 out of 5 stars 14  , FREE Delivery by Amazon
324,https://www.amazon.in/sspa/click?ie=UTF8&spc=MTo1NDA2MDg4NDMxMzgxMzA1OjE3MjgxMzk2MDQ6c3BfYXRmX25leHQ6MzAwMzI2MjA3MTM2NDMyOjowOjo&url=%2FNumero-Uno-Jeans-KMJNRU464_Dark-Blue_32%2Fdp%2FB0BC1D3S73%2Fref%3Dsr_1_628_sspa%3Fcrid%3D24IEEX0MBW072%26keywords%3Djeans%26qid%3D1728139604%26sprefix%3Djeans%252Caps%252C212%26sr%3D8-628-spons%26sp_csd%3Dd2lkZ2V0TmFtZT1zcF9hdGZfbmV4dA%26psc%3D1,Numero Uno,"₹1,417₹1,417 M.R.P: ₹2,799₹2,799 (49% off)",M.R.P: ,Numero Uno,3.5 out of 5 stars 2  , FREE Delivery by Amazon
325,https://www.amazon.in/sspa/click?ie=UTF8&spc=MTo1NDA2MDg4NDMxMzgxMzA1OjE3MjgxMzk2MDQ6c3BfbXRmOjMwMDM0MTI5OTU4MDgzMjo6MDo6&url=%2FNeostreak-Mens-Jeans-neoepsjean-dblu-Blue_30%2Fdp%2FB07L6YWD43%2Fref%3Dsr_1_630_sspa%3Fcrid%3D24IEEX0MBW072%26keywords%3Djeans%26qid%3D1728139604%26sprefix%3Djeans%252Caps%252C212%26sr%3D8-630-spons%26sp_csd%3Dd2lkZ2V0TmFtZT1zcF9tdGY%26psc%3D1,Neostreak,"₹529₹529 M.R.P: ₹1,599₹1,599 (67% off)",M.R.P: ,Neostreak,"3.6 out of 5 stars 7,631  ", FREE Delivery by Amazon
326,https://www.amazon.in/sspa/click?ie=UTF8&spc=MTo1NDA2MDg4NDMxMzgxMzA1OjE3MjgxMzk2MDQ6c3BfbXRmOjMwMDIzNjIyMDI1OTgzMjo6MDo6&url=%2FAmazon-Brand-Relaxed-AD-RN-374_Medium-Blue_40W%2Fdp%2FB07H7QYZZH%2Fref%3Dsr_1_632_sspa%3Fcrid%3D24IEEX0MBW072%26keywords%3Djeans%26qid%3D1728139604%26sprefix%3Djeans%252Caps%252C212%26sr%3D8-632-spons%26sp_csd%3Dd2lkZ2V0TmFtZT1zcF9tdGY%26psc%3D1,Amazon Brand - Symbol,"₹749₹749 M.R.P: ₹1,899₹1,899 (61% off)",M.R.P: ,Amazon Brand - Symbol,"3.6 out of 5 stars 1,966  ", FREE Delivery by Amazon
327,https://www.amazon.in/sspa/click?ie=UTF8&spc=MTo1NDA2MDg4NDMxMzgxMzA1OjE3MjgxMzk2MDQ6c3BfYnRmOjMwMDE2NDAwMTE3NDQzMjo6MDo6&url=%2FUrbano-Plus-Regular-Stretchable-plusepsrustsprcrsp-iceblue-38%2Fdp%2FB098P8TTNN%2Fref%3Dsr_1_633_sspa%3Fcrid%3D24IEEX0MBW072%26keywords%3Djeans%26qid%3D1728139604%26sprefix%3Djeans%252Caps%252C212%26sr%3D8-633-spons%26sp_csd%3Dd2lkZ2V0TmFtZT1zcF9idGY%26psc%3D1,Urbano Plus,"₹929₹929 M.R.P: ₹1,699₹1,699 (45% off)",M.R.P: ,Urbano Plus,4.5 out of 5 stars 2  , FREE Delivery by Amazon
328,https://www.amazon.in/sspa/click?ie=UTF8&spc=MTo1NDA2MDg4NDMxMzgxMzA1OjE3MjgxMzk2MDQ6c3BfYnRmOjMwMDMxNDc2MDQ5MDczMjo6MDo6&url=%2Fisol-Comfortable-Straight-Relaxed-Stretchable%2Fdp%2FB0CK2KSZ4K%2Fref%3Dsr_1_635_sspa%3Fcrid%3D24IEEX0MBW072%26keywords%3Djeans%26qid%3D1728139604%26sprefix%3Djeans%252Caps%252C212%26sr%3D8-635-spons%26sp_csd%3Dd2lkZ2V0TmFtZT1zcF9idGY%26psc%3D1,i'sol,"₹849₹849 M.R.P: ₹3,299₹3,299 (74% off)",M.R.P: ,i'sol,3.7 out of 5 stars 51  , FREE Delivery by Amazon
329,https://www.amazon.in/Levis-Mens-Tapered-Jeans-A7086-0112_Black/dp/B0CRRWFV8S/ref=sr_1_46?crid=24IEEX0MBW072&dib=eyJ2IjoiMSJ9.loW9tDrkb73dvNPalTNrmPld8m7huH6cF5g_YkNmEAm9qODA-taMg5ibmmJXAdn3w18_Ama_S4836s1iM1YtBIdpk_a88sovlz0jYKb8UgeyxfvDd1yNA7BrvReQL8dHeTsmBCUr4vG9wTfYE_IXjcEtx4Z9Yg_WV3zVa7cZhyV3SPxEo2p1Htxigkn7RWNyKzINhtwKuJdv5R3jaMrGucUaA8BClw9zNNqjHAMpciugupuFm20Jj8eOG6lU42dRYTXf80v8ApAF0EChkl1-KMQjfTn99KKJ17d9OvtZONs.gM2UxYQACutxLYDMZ0XW9AekUQGSbRmRfPruooS2c3Q&dib_tag=se&keywords=jeans&qid=1728139528&sprefix=jeans%2Caps%2C212&sr=8-46,Levi's,"₹1,439₹1,439 M.R.P: ₹3,199₹3,199 (55% off)",200+ bought in past month,Levi's,4.0 out of 5 stars 29  , FREE Delivery by Amazon
330,https://www.amazon.in/sspa/click?ie=UTF8&spc=MTo1NDA2MDg4NDMxMzgxMzA1OjE3MjgxMzk2MDQ6c3BfYnRmOjMwMDIxNjIyMzY0MTYzMjo6MDo6&url=%2FBEYOUNG-Cotton-Lycra-Regular-Jeans%2Fdp%2FB0D6BY1M2C%2Fref%3Dsr_1_636_sspa%3Fcrid%3D24IEEX0MBW072%26keywords%3Djeans%26qid%3D1728139604%26sprefix%3Djeans%252Caps%252C212%26sr%3D8-636-spons%26sp_csd%3Dd2lkZ2V0TmFtZT1zcF9idGY%26psc%3D1,BEYOUNG,"₹948₹948 M.R.P: ₹2,499₹2,499 (62% off)",M.R.P: ,BEYOUNG,3.1 out of 5 stars 11  , 
331,https://www.amazon.in/sspa/click?ie=UTF8&spc=MTo2NjA5NTc1NDYyNzg3NjIwOjE3MjgxMzk2MDk6c3BfYXRmX25leHQ6MzAwMTU5MzM0MTc0NjMyOjowOjo&url=%2FLevis-Mens-Jeans-36087-0617_Light-Indigo_30%2Fdp%2FB09Z7877VP%2Fref%3Dsr_1_673_sspa%3Fcrid%3D24IEEX0MBW072%26keywords%3Djeans%26qid%3D1728139609%26sprefix%3Djeans%252Caps%252C212%26sr%3D8-673-spons%26sp_csd%3Dd2lkZ2V0TmFtZT1zcF9hdGZfbmV4dA%26psc%3D1,Levi's,"₹999₹999 M.R.P: ₹2,999₹2,999 (67% off)",200+ bought in past month,Levi's,"3.9 out of 5 stars 1,180  ", FREE Delivery by Amazon
332,https://www.amazon.in/sspa/click?ie=UTF8&spc=MTo2NjA5NTc1NDYyNzg3NjIwOjE3MjgxMzk2MDk6c3BfYXRmX25leHQ6MzAwMjg1NjExNzQ1OTMyOjowOjo&url=%2FLevis-Mens-Tapered-Jeans-A7086-0098_Blue_%2Fdp%2FB0C6QVPR4H%2Fref%3Dsr_1_674_sspa%3Fcrid%3D24IEEX0MBW072%26keywords%3Djeans%26qid%3D1728139609%26sprefix%3Djeans%252Caps%252C212%26sr%3D8-674-spons%26sp_csd%3Dd2lkZ2V0TmFtZT1zcF9hdGZfbmV4dA%26psc%3D1,Levi's,"₹1,319₹1,319 M.R.P: ₹2,999₹2,999 (56% off)",M.R.P: ,Levi's,3.9 out of 5 stars 615  , FREE Delivery by Amazon
333,https://www.amazon.in/sspa/click?ie=UTF8&spc=MTo2NjA5NTc1NDYyNzg3NjIwOjE3MjgxMzk2MDk6c3BfYXRmX25leHQ6MzAwMjg1NjExNzQ5MTMyOjowOjo&url=%2FLevis-Mens-Jeans-18298-1267_Light-Indigo_28%2Fdp%2FB09Z79CP5L%2Fref%3Dsr_1_675_sspa%3Fcrid%3D24IEEX0MBW072%26keywords%3Djeans%26qid%3D1728139609%26sprefix%3Djeans%252Caps%252C212%26sr%3D8-675-spons%26sp_csd%3Dd2lkZ2V0TmFtZT1zcF9hdGZfbmV4dA%26psc%3D1,Levi's,"₹1,349₹1,349 M.R.P: ₹2,999₹2,999 (55% off)",M.R.P: ,Levi's,"3.9 out of 5 stars 1,319  ", FREE Delivery by Amazon
334,https://www.amazon.in/sspa/click?ie=UTF8&spc=MTo2NjA5NTc1NDYyNzg3NjIwOjE3MjgxMzk2MDk6c3BfYXRmX25leHQ6MzAwMzA2MTEwMDM4NzMyOjowOjo&url=%2FPeter-England-Mens-Jeans-PJDNASTFH21074_Navy_92%2Fdp%2FB0C1RXM6XQ%2Fref%3Dsr_1_676_sspa%3Fcrid%3D24IEEX0MBW072%26keywords%3Djeans%26qid%3D1728139609%26sprefix%3Djeans%252Caps%252C212%26sr%3D8-676-spons%26sp_csd%3Dd2lkZ2V0TmFtZT1zcF9hdGZfbmV4dA%26psc%3D1,Peter England,"₹1,029₹1,029 M.R.P: ₹2,299₹2,299 (55% off)",M.R.P: ,Peter England,3.5 out of 5 stars 147  , FREE Delivery by Amazon
335,https://www.amazon.in/sspa/click?ie=UTF8&spc=MTo2NjA5NTc1NDYyNzg3NjIwOjE3MjgxMzk2MDk6c3BfbXRmOjMwMDI4NTYxMTc0MTczMjo6MDo6&url=%2FLevis-Mens-Jeans-36087-0629_Light-Indigo_34%2Fdp%2FB09Z76FM8R%2Fref%3Dsr_1_677_sspa%3Fcrid%3D24IEEX0MBW072%26keywords%3Djeans%26qid%3D1728139609%26sprefix%3Djeans%252Caps%252C212%26sr%3D8-677-spons%26sp_csd%3Dd2lkZ2V0TmFtZT1zcF9tdGY%26psc%3D1,Levi's,"₹1,531₹1,531 M.R.P: ₹3,199₹3,199 (52% off)",M.R.P: ,Levi's,3.8 out of 5 stars 268  , FREE Delivery by Amazon
336,https://www.amazon.in/sspa/click?ie=UTF8&spc=MTo2NjA5NTc1NDYyNzg3NjIwOjE3MjgxMzk2MDk6c3BfbXRmOjMwMDI4NTYxMTc0OTIzMjo6MDo6&url=%2FLevis-Mens-Jeans-18298-1259_Light-Indigo_28%2Fdp%2FB09Z7BK94C%2Fref%3Dsr_1_678_sspa%3Fcrid%3D24IEEX0MBW072%26keywords%3Djeans%26qid%3D1728139609%26sprefix%3Djeans%252Caps%252C212%26sr%3D8-678-spons%26sp_csd%3Dd2lkZ2V0TmFtZT1zcF9tdGY%26psc%3D1,Levi's,"₹1,439₹1,439 M.R.P: ₹3,199₹3,199 (55% off)",M.R.P: ,Levi's,3.7 out of 5 stars 586  , FREE Delivery by Amazon
337,https://www.amazon.in/sspa/click?ie=UTF8&spc=MTo2NjA5NTc1NDYyNzg3NjIwOjE3MjgxMzk2MDk6c3BfbXRmOjMwMDI1OTEzODc3NTMzMjo6MDo6&url=%2FLevis-Mens-Slim-Jeans-A7087-0012_Blue_30%2Fdp%2FB0C6QZCVVQ%2Fref%3Dsr_1_679_sspa%3Fcrid%3D24IEEX0MBW072%26keywords%3Djeans%26qid%3D1728139609%26sprefix%3Djeans%252Caps%252C212%26sr%3D8-679-spons%26sp_csd%3Dd2lkZ2V0TmFtZT1zcF9tdGY%26psc%3D1,Levi's,"₹1,663₹1,663 M.R.P: ₹3,199₹3,199 (48% off)",M.R.P: ,Levi's,4.0 out of 5 stars 21  , FREE Delivery by Amazon
338,https://www.amazon.in/sspa/click?ie=UTF8&spc=MTo2NjA5NTc1NDYyNzg3NjIwOjE3MjgxMzk2MDk6c3BfbXRmOjMwMDE1OTMxNjQzNzczMjo6MDo6&url=%2FLevis-Mens-Jeans-18298-1266_Mid-Indigo_32%2Fdp%2FB09Z7787HS%2Fref%3Dsr_1_680_sspa%3Fcrid%3D24IEEX0MBW072%26keywords%3Djeans%26qid%3D1728139609%26sprefix%3Djeans%252Caps%252C212%26sr%3D8-680-spons%26sp_csd%3Dd2lkZ2V0TmFtZT1zcF9tdGY%26psc%3D1,Levi's,"₹1,049₹1,049 M.R.P: ₹3,199₹3,199 (67% off)",300+ bought in past month,Levi's,3.9 out of 5 stars 86  , FREE Delivery by Amazon
339,https://www.amazon.in/sspa/click?ie=UTF8&spc=MTo2NjA5NTc1NDYyNzg3NjIwOjE3MjgxMzk2MDk6c3BfYnRmOjMwMDI0NzY1MzM0NjEzMjo6MDo6&url=%2FPepe-Jeans-Skinny-PM211587_Anthra-Melange%2Fdp%2FB0BQJSV9NR%2Fref%3Dsr_1_681_sspa%3Fcrid%3D24IEEX0MBW072%26keywords%3Djeans%26qid%3D1728139609%26sprefix%3Djeans%252Caps%252C212%26sr%3D8-681-spons%26sp_csd%3Dd2lkZ2V0TmFtZT1zcF9idGY%26psc%3D1,Pepe Jeans,"₹599₹599 M.R.P: ₹1,999₹1,999 (70% off)",M.R.P: ,Pepe Jeans,5.0 out of 5 stars 2  , FREE Delivery by Amazon
340,https://www.amazon.in/Symbol-Premium-Airlite-Stretch-SP-S24-M-DNM-102_Black_32/dp/B0CSSFQMJ6/ref=sr_1_47?crid=24IEEX0MBW072&dib=eyJ2IjoiMSJ9.loW9tDrkb73dvNPalTNrmPld8m7huH6cF5g_YkNmEAm9qODA-taMg5ibmmJXAdn3w18_Ama_S4836s1iM1YtBIdpk_a88sovlz0jYKb8UgeyxfvDd1yNA7BrvReQL8dHeTsmBCUr4vG9wTfYE_IXjcEtx4Z9Yg_WV3zVa7cZhyV3SPxEo2p1Htxigkn7RWNyKzINhtwKuJdv5R3jaMrGucUaA8BClw9zNNqjHAMpciugupuFm20Jj8eOG6lU42dRYTXf80v8ApAF0EChkl1-KMQjfTn99KKJ17d9OvtZONs.gM2UxYQACutxLYDMZ0XW9AekUQGSbRmRfPruooS2c3Q&dib_tag=se&keywords=jeans&qid=1728139528&sprefix=jeans%2Caps%2C212&sr=8-47,Symbol Premium,"₹1,399₹1,399 M.R.P: ₹3,599₹3,599 (61% off)",50+ bought in past month,Symbol Premium,4.3 out of 5 stars 96  , FREE Delivery by Amazon
341,https://www.amazon.in/sspa/click?ie=UTF8&spc=MTo2NjA5NTc1NDYyNzg3NjIwOjE3MjgxMzk2MDk6c3BfYnRmOjMwMDIwODI5ODk1NTYzMjo6MDo6&url=%2FSpykar-Super-Skinny-Jeans-EMDSS1BC001_Dark%2Fdp%2FB0C85KD48L%2Fref%3Dsr_1_682_sspa%3Fcrid%3D24IEEX0MBW072%26keywords%3Djeans%26qid%3D1728139609%26sprefix%3Djeans%252Caps%252C212%26sr%3D8-682-spons%26sp_csd%3Dd2lkZ2V0TmFtZT1zcF9idGY%26psc%3D1,Spykar,"₹1,119₹1,119 M.R.P: ₹3,199₹3,199 (65% off)",M.R.P: ,Spykar,3.7 out of 5 stars 48  , FREE Delivery by Amazon
342,https://www.amazon.in/sspa/click?ie=UTF8&spc=MTo2NjA5NTc1NDYyNzg3NjIwOjE3MjgxMzk2MDk6c3BfYnRmOjMwMDI1MjYxOTIwNDQzMjo6MDo6&url=%2FPeter-England-Skinny-PJDNCSKFC90154_Medium-Blue_82%2Fdp%2FB0C1RXHHXR%2Fref%3Dsr_1_683_sspa%3Fcrid%3D24IEEX0MBW072%26keywords%3Djeans%26qid%3D1728139609%26sprefix%3Djeans%252Caps%252C212%26sr%3D8-683-spons%26sp_csd%3Dd2lkZ2V0TmFtZT1zcF9idGY%26psc%3D1,Peter England,"₹1,049₹1,049 M.R.P: ₹2,499₹2,499 (58% off)",M.R.P: ,Peter England,2.8 out of 5 stars 8  , FREE Delivery by Amazon
343,https://www.amazon.in/sspa/click?ie=UTF8&spc=MToyODYzMjMzNTYyNTg5ODE2OjE3MjgxMzk2MTI6c3BfYXRmX25leHQ6MzAwMTY0MDAxMTcyNTMyOjowOjo&url=%2FUrbano-Plus-Regular-Stretchable-plusaveps700sprp-khaki-44%2Fdp%2FB098PC7GHJ%2Fref%3Dsr_1_721_sspa%3Fcrid%3D24IEEX0MBW072%26keywords%3Djeans%26qid%3D1728139612%26sprefix%3Djeans%252Caps%252C212%26sr%3D8-721-spons%26sp_csd%3Dd2lkZ2V0TmFtZT1zcF9hdGZfbmV4dA%26psc%3D1,Urbano Plus,"₹458₹458 M.R.P: ₹1,599₹1,599 (71% off)",M.R.P: ,Urbano Plus,"3.8 out of 5 stars 2,444  ",FREE Delivery by Amazon
344,https://www.amazon.in/sspa/click?ie=UTF8&spc=MToyODYzMjMzNTYyNTg5ODE2OjE3MjgxMzk2MTI6c3BfYXRmX25leHQ6MzAwMzE0NzY0MzM5NjMyOjowOjo&url=%2Fisol-Vincent-Comfortable-Straight-Premium%2Fdp%2FB0CJCLVS2T%2Fref%3Dsr_1_723_sspa%3Fcrid%3D24IEEX0MBW072%26keywords%3Djeans%26qid%3D1728139612%26sprefix%3Djeans%252Caps%252C212%26sr%3D8-723-spons%26sp_csd%3Dd2lkZ2V0TmFtZT1zcF9hdGZfbmV4dA%26psc%3D1,i'sol,"₹649₹649 M.R.P: ₹2,599₹2,599 (75% off)",M.R.P: ,i'sol,3.8 out of 5 stars 29  , FREE Delivery by Amazon
345,https://www.amazon.in/sspa/click?ie=UTF8&spc=MToyODYzMjMzNTYyNTg5ODE2OjE3MjgxMzk2MTI6c3BfbXRmOjMwMDE2NjczNTEzOTEzMjo6MDo6&url=%2FDennis-Lingo-Black-Stretchable-Jeans%2Fdp%2FB0BVZXNRD5%2Fref%3Dsr_1_726_sspa%3Fcrid%3D24IEEX0MBW072%26keywords%3Djeans%26qid%3D1728139612%26sprefix%3Djeans%252Caps%252C212%26sr%3D8-726-spons%26sp_csd%3Dd2lkZ2V0TmFtZT1zcF9tdGY%26psc%3D1,Dennis Lingo,"₹949₹949 M.R.P: ₹3,149₹3,149 (70% off)",M.R.P: ,Dennis Lingo,3.4 out of 5 stars 4  , FREE Delivery by Amazon
346,https://www.amazon.in/sspa/click?ie=UTF8&spc=MToyODYzMjMzNTYyNTg5ODE2OjE3MjgxMzk2MTI6c3BfbXRmOjMwMDEzMzA5Mzg0NTkzMjo6MDo6&url=%2FDennis-Lingo-Length-Stretch-Straight%2Fdp%2FB0CQN9NMW9%2Fref%3Dsr_1_727_sspa%3Fcrid%3D24IEEX0MBW072%26keywords%3Djeans%26qid%3D1728139612%26sprefix%3Djeans%252Caps%252C212%26sr%3D8-727-spons%26sp_csd%3Dd2lkZ2V0TmFtZT1zcF9tdGY%26psc%3D1,Dennis Lingo,"₹702₹702 M.R.P: ₹2,599₹2,599 (73% off)",M.R.P: ,Dennis Lingo,3.6 out of 5 stars 35  , FREE Delivery by Amazon
347,https://www.amazon.in/Urbano-Fashion-Regular-Stretchable-epsreg-black-32/dp/B0C7RD874G/ref=sr_1_48?crid=24IEEX0MBW072&dib=eyJ2IjoiMSJ9.loW9tDrkb73dvNPalTNrmPld8m7huH6cF5g_YkNmEAm9qODA-taMg5ibmmJXAdn3w18_Ama_S4836s1iM1YtBIdpk_a88sovlz0jYKb8UgeyxfvDd1yNA7BrvReQL8dHeTsmBCUr4vG9wTfYE_IXjcEtx4Z9Yg_WV3zVa7cZhyV3SPxEo2p1Htxigkn7RWNyKzINhtwKuJdv5R3jaMrGucUaA8BClw9zNNqjHAMpciugupuFm20Jj8eOG6lU42dRYTXf80v8ApAF0EChkl1-KMQjfTn99KKJ17d9OvtZONs.gM2UxYQACutxLYDMZ0XW9AekUQGSbRmRfPruooS2c3Q&dib_tag=se&keywords=jeans&qid=1728139528&sprefix=jeans%2Caps%2C212&sr=8-48,Urbano Fashion,"₹485₹485 M.R.P: ₹1,799₹1,799 (73% off)",100+ bought in past month,Urbano Fashion,3.8 out of 5 stars 177  ,FREE Delivery by Amazon
348,https://www.amazon.in/sspa/click?ie=UTF8&spc=MToyODYzMjMzNTYyNTg5ODE2OjE3MjgxMzk2MTI6c3BfbXRmOjMwMDM0MTI5OTU4MTQzMjo6MDo6&url=%2FNeostreak-Jeans-neoepsjean-lgrey-Light-Grey_28%2Fdp%2FB07L6Z8YC1%2Fref%3Dsr_1_728_sspa%3Fcrid%3D24IEEX0MBW072%26keywords%3Djeans%26qid%3D1728139612%26sprefix%3Djeans%252Caps%252C212%26sr%3D8-728-spons%26sp_csd%3Dd2lkZ2V0TmFtZT1zcF9tdGY%26psc%3D1,Neostreak,"₹499₹499 M.R.P: ₹1,699₹1,699 (71% off)",M.R.P: ,Neostreak,"3.6 out of 5 stars 7,631  ", FREE Delivery by Amazon
349,https://www.amazon.in/sspa/click?ie=UTF8&spc=MToyODYzMjMzNTYyNTg5ODE2OjE3MjgxMzk2MTI6c3BfYnRmOjMwMDM1NDgwNDI1MDUzMjo6MDo6&url=%2FAmazon-Brand-Tapered-ST-106_DARK-BLUE_32W%2Fdp%2FB07HZN99L4%2Fref%3Dsr_1_729_sspa%3Fcrid%3D24IEEX0MBW072%26keywords%3Djeans%26qid%3D1728139612%26sprefix%3Djeans%252Caps%252C212%26sr%3D8-729-spons%26sp_csd%3Dd2lkZ2V0TmFtZT1zcF9idGY%26psc%3D1,Amazon Brand - INKAST,"₹349₹349 M.R.P: ₹3,199₹3,199 (89% off)",300+ bought in past month,Amazon Brand - INKAST,"3.6 out of 5 stars 5,211  ",FREE Delivery by Amazon
350,https://www.amazon.in/sspa/click?ie=UTF8&spc=MToyODYzMjMzNTYyNTg5ODE2OjE3MjgxMzk2MTI6c3BfYnRmOjMwMDIxNjIyMzYzODQzMjo6MDo6&url=%2FBEYOUNG-Cotton-Lycra-Regular-Jeans%2Fdp%2FB0D6BYHLR3%2Fref%3Dsr_1_732_sspa%3Fcrid%3D24IEEX0MBW072%26keywords%3Djeans%26qid%3D1728139612%26sprefix%3Djeans%252Caps%252C212%26sr%3D8-732-spons%26sp_csd%3Dd2lkZ2V0TmFtZT1zcF9idGY%26psc%3D1,BEYOUNG,"₹948₹948 M.R.P: ₹2,499₹2,499 (62% off)",M.R.P: ,BEYOUNG,3.1 out of 5 stars 11  , 
351,https://www.amazon.in/sspa/click?ie=UTF8&spc=MTo4ODYxNTU5NjQ2NzAyMjI5OjE3MjgxMzk2MTU6c3BfYXRmX25leHQ6MzAwMTY0MDAxMTczNzMyOjowOjo&url=%2FUrbano-Plus-Regular-Stretchable-plusepsjeanp-lblu-38%2Fdp%2FB08676S3YW%2Fref%3Dsr_1_769_sspa%3Fcrid%3D24IEEX0MBW072%26keywords%3Djeans%26qid%3D1728139615%26sprefix%3Djeans%252Caps%252C212%26sr%3D8-769-spons%26sp_csd%3Dd2lkZ2V0TmFtZT1zcF9hdGZfbmV4dA%26psc%3D1,Urbano Plus,"₹577₹577 M.R.P: ₹1,599₹1,599 (64% off)",M.R.P: ,Urbano Plus,"3.8 out of 5 stars 2,444  ", FREE Delivery by Amazon
352,https://www.amazon.in/sspa/click?ie=UTF8&spc=MTo4ODYxNTU5NjQ2NzAyMjI5OjE3MjgxMzk2MTU6c3BfYXRmX25leHQ6MzAwMzQxMjk5NTgyMTMyOjowOjo&url=%2FNeostreak-Mens-Jeans-neoepsjean-bla-Black_28%2Fdp%2FB07L6PB3CN%2Fref%3Dsr_1_770_sspa%3Fcrid%3D24IEEX0MBW072%26keywords%3Djeans%26qid%3D1728139615%26sprefix%3Djeans%252Caps%252C212%26sr%3D8-770-spons%26sp_csd%3Dd2lkZ2V0TmFtZT1zcF9hdGZfbmV4dA%26psc%3D1,Neostreak,"₹499₹499 M.R.P: ₹1,699₹1,699 (71% off)",M.R.P: ,Neostreak,"3.6 out of 5 stars 7,631  ", FREE Delivery by Amazon
353,https://www.amazon.in/sspa/click?ie=UTF8&spc=MTo4ODYxNTU5NjQ2NzAyMjI5OjE3MjgxMzk2MTU6c3BfYXRmX25leHQ6MjAwMzQ1Njg4NDQwMDM6OjA6Og&url=%2FWearo-Relax-Stretch-Jeans-Denim%2Fdp%2FB07RK97BLG%2Fref%3Dsr_1_771_sspa%3Fcrid%3D24IEEX0MBW072%26keywords%3Djeans%26qid%3D1728139615%26sprefix%3Djeans%252Caps%252C212%26sr%3D8-771-spons%26sp_csd%3Dd2lkZ2V0TmFtZT1zcF9hdGZfbmV4dA%26psc%3D1,Wearo,"₹854₹854 M.R.P: ₹1,499₹1,499 (43% off)",M.R.P: ,Wearo,"3.8 out of 5 stars 4,331  ", 
354,https://www.amazon.in/sspa/click?ie=UTF8&spc=MTo4ODYxNTU5NjQ2NzAyMjI5OjE3MjgxMzk2MTU6c3BfYXRmX25leHQ6MzAwMTY0MDAxMTc3NjMyOjowOjo&url=%2FUrbano-Plus-Regular-Stretchable-plusjogp-white-uf-36%2Fdp%2FB08RZ78N2G%2Fref%3Dsr_1_772_sspa%3Fcrid%3D24IEEX0MBW072%26keywords%3Djeans%26qid%3D1728139615%26sprefix%3Djeans%252Caps%252C212%26sr%3D8-772-spons%26sp_csd%3Dd2lkZ2V0TmFtZT1zcF9hdGZfbmV4dA%26psc%3D1,Urbano Plus,"₹819₹819 M.R.P: ₹1,999₹1,999 (59% off)",M.R.P: ,Urbano Plus,3.6 out of 5 stars 580  , FREE Delivery by Amazon
355,https://www.amazon.in/Miss-Chase-Regular-Stretchable-MCSS21DEN99-38-62/dp/B0BNHK37TJ/ref=sr_1_49?crid=24IEEX0MBW072&dib=eyJ2IjoiMSJ9.loW9tDrkb73dvNPalTNrmPld8m7huH6cF5g_YkNmEAm9qODA-taMg5ibmmJXAdn3w18_Ama_S4836s1iM1YtBIdpk_a88sovlz0jYKb8UgeyxfvDd1yNA7BrvReQL8dHeTsmBCUr4vG9wTfYE_IXjcEtx4Z9Yg_WV3zVa7cZhyV3SPxEo2p1Htxigkn7RWNyKzINhtwKuJdv5R3jaMrGucUaA8BClw9zNNqjHAMpciugupuFm20Jj8eOG6lU42dRYTXf80v8ApAF0EChkl1-KMQjfTn99KKJ17d9OvtZONs.gM2UxYQACutxLYDMZ0XW9AekUQGSbRmRfPruooS2c3Q&dib_tag=se&keywords=jeans&qid=1728139528&sprefix=jeans%2Caps%2C212&sr=8-49,Miss Chase,"₹779₹779 M.R.P: ₹1,949₹1,949 (60% off)",50+ bought in past month,Miss Chase,4.0 out of 5 stars 85  , FREE Delivery by Amazon
356,https://www.amazon.in/sspa/click?ie=UTF8&spc=MTo4ODYxNTU5NjQ2NzAyMjI5OjE3MjgxMzk2MTU6c3BfbXRmOjIwMTU4NTMyODU0Mzk4OjowOjo&url=%2FAflash-Stretchable-Casual-Length-36_Mid%2Fdp%2FB0C59LNMLL%2Fref%3Dsr_1_774_sspa%3Fcrid%3D24IEEX0MBW072%26keywords%3Djeans%26qid%3D1728139615%26sprefix%3Djeans%252Caps%252C212%26sr%3D8-774-spons%26sp_csd%3Dd2lkZ2V0TmFtZT1zcF9tdGY%26psc%3D1,Aflash,₹489₹489 M.R.P: ₹999₹999 (51% off),M.R.P: ,Aflash,3.6 out of 5 stars 3  , 
357,https://www.amazon.in/sspa/click?ie=UTF8&spc=MTo4ODYxNTU5NjQ2NzAyMjI5OjE3MjgxMzk2MTU6c3BfYnRmOjMwMDMxNDc2NDMzOTgzMjo6MDo6&url=%2Fisol-Comfort-Relaxed-Straight-European%2Fdp%2FB0CK2N6178%2Fref%3Dsr_1_777_sspa%3Fcrid%3D24IEEX0MBW072%26keywords%3Djeans%26qid%3D1728139615%26sprefix%3Djeans%252Caps%252C212%26sr%3D8-777-spons%26sp_csd%3Dd2lkZ2V0TmFtZT1zcF9idGY%26psc%3D1,i'sol,"₹749₹749 M.R.P: ₹2,999₹2,999 (75% off)",M.R.P: ,i'sol,3.8 out of 5 stars 29  , FREE Delivery by Amazon
358,https://www.amazon.in/sspa/click?ie=UTF8&spc=MTo4ODYxNTU5NjQ2NzAyMjI5OjE3MjgxMzk2MTU6c3BfYnRmOjMwMDEwNjM2NjQ1NjczMjo6MDo6&url=%2FDennis-Lingo-Black-Jeans-DLMJNW23141_BK_30%2Fdp%2FB0CKTPDPD4%2Fref%3Dsr_1_779_sspa%3Fcrid%3D24IEEX0MBW072%26keywords%3Djeans%26qid%3D1728139615%26sprefix%3Djeans%252Caps%252C212%26sr%3D8-779-spons%26sp_csd%3Dd2lkZ2V0TmFtZT1zcF9idGY%26psc%3D1,Dennis Lingo,"₹799₹799 M.R.P: ₹2,599₹2,599 (69% off)",M.R.P: ,Dennis Lingo,3.4 out of 5 stars 30  , FREE Delivery by Amazon
359,https://www.amazon.in/sspa/click?ie=UTF8&spc=MToyMTUyMDAwOTExOTE0MTcwOjE3MjgxMzk2MTk6c3BfYXRmX25leHQ6MzAwMTY0MDAxMTc2NzMyOjowOjo&url=%2FUrbano-Plus-Regular-Stretchable-plushpsp-black-40%2Fdp%2FB0867D4KGK%2Fref%3Dsr_1_817_sspa%3Fcrid%3D24IEEX0MBW072%26keywords%3Djeans%26qid%3D1728139619%26sprefix%3Djeans%252Caps%252C212%26sr%3D8-817-spons%26sp_csd%3Dd2lkZ2V0TmFtZT1zcF9hdGZfbmV4dA%26psc%3D1,Urbano Plus,"₹618₹618 M.R.P: ₹1,699₹1,699 (64% off)",M.R.P: ,Urbano Plus,"3.8 out of 5 stars 2,444  ", FREE Delivery by Amazon
360,https://www.amazon.in/Pepe-Jeans-Mens-PM207482W453_Tinted-Black/dp/B0CLM7H8SQ/ref=sr_1_50?crid=24IEEX0MBW072&dib=eyJ2IjoiMSJ9.loW9tDrkb73dvNPalTNrmPld8m7huH6cF5g_YkNmEAm9qODA-taMg5ibmmJXAdn3w18_Ama_S4836s1iM1YtBIdpk_a88sovlz0jYKb8UgeyxfvDd1yNA7BrvReQL8dHeTsmBCUr4vG9wTfYE_IXjcEtx4Z9Yg_WV3zVa7cZhyV3SPxEo2p1Htxigkn7RWNyKzINhtwKuJdv5R3jaMrGucUaA8BClw9zNNqjHAMpciugupuFm20Jj8eOG6lU42dRYTXf80v8ApAF0EChkl1-KMQjfTn99KKJ17d9OvtZONs.gM2UxYQACutxLYDMZ0XW9AekUQGSbRmRfPruooS2c3Q&dib_tag=se&keywords=jeans&qid=1728139528&sprefix=jeans%2Caps%2C212&sr=8-50,Pepe Jeans,"₹1,289₹1,289 M.R.P: ₹4,299₹4,299 (70% off)",M.R.P: ,Pepe Jeans,2.0 out of 5 stars 1  , FREE Delivery by Amazon
361,https://www.amazon.in/sspa/click?ie=UTF8&spc=MToyMTUyMDAwOTExOTE0MTcwOjE3MjgxMzk2MTk6c3BfYXRmX25leHQ6MzAwMzQxMjk5NTgyNjMyOjowOjo&url=%2FNeostreak-Mens-Jeans-neoepsjean-bla-Black_38%2Fdp%2FB07L6YRFYT%2Fref%3Dsr_1_820_sspa%3Fcrid%3D24IEEX0MBW072%26keywords%3Djeans%26qid%3D1728139619%26sprefix%3Djeans%252Caps%252C212%26sr%3D8-820-spons%26sp_csd%3Dd2lkZ2V0TmFtZT1zcF9hdGZfbmV4dA%26psc%3D1,Neostreak,"₹499₹499 M.R.P: ₹1,699₹1,699 (71% off)",M.R.P: ,Neostreak,"3.6 out of 5 stars 7,631  ", FREE Delivery by Amazon
362,https://www.amazon.in/sspa/click?ie=UTF8&spc=MToyMTUyMDAwOTExOTE0MTcwOjE3MjgxMzk2MTk6c3BfbXRmOjMwMDM0MTI1MzI1MzUzMjo6MDo6&url=%2FNeostreak-Stretchable-neoeps-mblue-Medium-Blue_32%2Fdp%2FB07QBJ7BVW%2Fref%3Dsr_1_823_sspa%3Fcrid%3D24IEEX0MBW072%26keywords%3Djeans%26qid%3D1728139619%26sprefix%3Djeans%252Caps%252C212%26sr%3D8-823-spons%26sp_csd%3Dd2lkZ2V0TmFtZT1zcF9tdGY%26psc%3D1,Neostreak,"₹489₹489 M.R.P: ₹1,399₹1,399 (65% off)",M.R.P: ,Neostreak,"3.8 out of 5 stars 7,683  ",FREE Delivery by Amazon
363,https://www.amazon.in/sspa/click?ie=UTF8&spc=MToyMTUyMDAwOTExOTE0MTcwOjE3MjgxMzk2MTk6c3BfbXRmOjIwMTU4NTMyODUzOTk4OjowOjo&url=%2FAflash-Stretchable-Casual-Length-32_Dark%2Fdp%2FB0C59K1HD4%2Fref%3Dsr_1_824_sspa%3Fcrid%3D24IEEX0MBW072%26keywords%3Djeans%26qid%3D1728139619%26sprefix%3Djeans%252Caps%252C212%26sr%3D8-824-spons%26sp_csd%3Dd2lkZ2V0TmFtZT1zcF9tdGY%26psc%3D1,Aflash,₹489₹489 M.R.P: ₹999₹999 (51% off),M.R.P: ,Aflash,4.1 out of 5 stars 3  , 
364,https://www.amazon.in/sspa/click?ie=UTF8&spc=MToyMTUyMDAwOTExOTE0MTcwOjE3MjgxMzk2MTk6c3BfYnRmOjMwMDMxNDc0NTg5MDQzMjo6MDo6&url=%2Fisol-Comfort-Relaxed-Straight-European%2Fdp%2FB0CK2F7S91%2Fref%3Dsr_1_825_sspa%3Fcrid%3D24IEEX0MBW072%26keywords%3Djeans%26qid%3D1728139619%26sprefix%3Djeans%252Caps%252C212%26sr%3D8-825-spons%26sp_csd%3Dd2lkZ2V0TmFtZT1zcF9idGY%26psc%3D1,i'sol,"₹749₹749 M.R.P: ₹2,999₹2,999 (75% off)",M.R.P: ,i'sol,3.8 out of 5 stars 29  , FREE Delivery by Amazon
365,https://www.amazon.in/sspa/click?ie=UTF8&spc=MToyMTUyMDAwOTExOTE0MTcwOjE3MjgxMzk2MTk6c3BfYnRmOjMwMDM0OTA0OTM3MTUzMjo6MDo6&url=%2FBeing-Human-Slim-Straight-Denim%2Fdp%2FB0BX64QYD3%2Fref%3Dsr_1_827_sspa%3Fcrid%3D24IEEX0MBW072%26keywords%3Djeans%26qid%3D1728139619%26sprefix%3Djeans%252Caps%252C212%26sr%3D8-827-spons%26sp_csd%3Dd2lkZ2V0TmFtZT1zcF9idGY%26psc%3D1,Being Human,"₹1,368₹1,368 M.R.P: ₹3,699₹3,699 (63% off)",M.R.P: ,Being Human,4.5 out of 5 stars 2  , FREE Delivery by Amazon
366,https://www.amazon.in/sspa/click?ie=UTF8&spc=MToyMTUyMDAwOTExOTE0MTcwOjE3MjgxMzk2MTk6c3BfYnRmOjMwMDEwNDE2MzA5ODkzMjo6MDo6&url=%2FHubberholme-Mens-Loose-Jogger-Jeans%2Fdp%2FB0CGTHFV6P%2Fref%3Dsr_1_828_sspa%3Fcrid%3D24IEEX0MBW072%26keywords%3Djeans%26qid%3D1728139619%26sprefix%3Djeans%252Caps%252C212%26sr%3D8-828-spons%26sp_csd%3Dd2lkZ2V0TmFtZT1zcF9idGY%26psc%3D1,Hubberholme,"₹999₹999 M.R.P: ₹3,999₹3,999 (75% off)",M.R.P: ,Hubberholme,4.0 out of 5 stars 11  , FREE Delivery by Amazon
367,https://www.amazon.in/sspa/click?ie=UTF8&spc=MToyODk0MDc3MTM4NDcxNjczOjE3MjgxMzk2MjI6c3BfYXRmX25leHQ6MzAwMTY0MDAxMTc0MTMyOjowOjo&url=%2FUrbano-Plus-Regular-Stretchable-plusaveps700sprp-khaki-36%2Fdp%2FB098P7SWKH%2Fref%3Dsr_1_865_sspa%3Fcrid%3D24IEEX0MBW072%26keywords%3Djeans%26qid%3D1728139622%26sprefix%3Djeans%252Caps%252C212%26sr%3D8-865-spons%26sp_csd%3Dd2lkZ2V0TmFtZT1zcF9hdGZfbmV4dA%26psc%3D1,Urbano Plus,"₹458₹458 M.R.P: ₹1,599₹1,599 (71% off)",M.R.P: ,Urbano Plus,"3.8 out of 5 stars 2,444  ",FREE Delivery by Amazon
368,https://www.amazon.in/Wrangler-Mens-Skinny-Jeans-WMJN007016_Blue/dp/B0CJQ7QRZP/ref=sr_1_51?crid=24IEEX0MBW072&dib=eyJ2IjoiMSJ9.loW9tDrkb73dvNPalTNrmPld8m7huH6cF5g_YkNmEAm9qODA-taMg5ibmmJXAdn3w18_Ama_S4836s1iM1YtBIdpk_a88sovlz0jYKb8UgeyxfvDd1yNA7BrvReQL8dHeTsmBCUr4vG9wTfYE_IXjcEtx4Z9Yg_WV3zVa7cZhyV3SPxEo2p1Htxigkn7RWNyKzINhtwKuJdv5R3jaMrGucUaA8BClw9zNNqjHAMpciugupuFm20Jj8eOG6lU42dRYTXf80v8ApAF0EChkl1-KMQjfTn99KKJ17d9OvtZONs.gM2UxYQACutxLYDMZ0XW9AekUQGSbRmRfPruooS2c3Q&dib_tag=se&keywords=jeans&qid=1728139528&sprefix=jeans%2Caps%2C212&sr=8-51,Wrangler,"₹939₹939 M.R.P: ₹2,999₹2,999 (69% off)",M.R.P: ,Wrangler,4.3 out of 5 stars 10  , FREE Delivery by Amazon
369,https://www.amazon.in/sspa/click?ie=UTF8&spc=MToyODk0MDc3MTM4NDcxNjczOjE3MjgxMzk2MjI6c3BfYXRmX25leHQ6MzAwMzI4NzkxMTQwMjMyOjowOjo&url=%2FTURMS-Stretchable-Protactant-Breathable-Availbale%2Fdp%2FB0D9P8JSB1%2Fref%3Dsr_1_866_sspa%3Fcrid%3D24IEEX0MBW072%26keywords%3Djeans%26qid%3D1728139622%26sprefix%3Djeans%252Caps%252C212%26sr%3D8-866-spons%26sp_csd%3Dd2lkZ2V0TmFtZT1zcF9hdGZfbmV4dA%26psc%3D1,TURMS,"₹3,499₹3,499 M.R.P: ₹4,999₹4,999 (30% off)",M.R.P: ,TURMS,5.0 out of 5 stars 1  , FREE Delivery by Amazon
370,https://www.amazon.in/sspa/click?ie=UTF8&spc=MToyODk0MDc3MTM4NDcxNjczOjE3MjgxMzk2MjI6c3BfYXRmX25leHQ6MzAwMjM2MjA4NzgxNjMyOjowOjo&url=%2FAmazon-Brand-Symbol-Relaxed-SY-SB-CL-RN-207_Blue-3_28%2Fdp%2FB09CH3KVF2%2Fref%3Dsr_1_867_sspa%3Fcrid%3D24IEEX0MBW072%26keywords%3Djeans%26qid%3D1728139622%26sprefix%3Djeans%252Caps%252C212%26sr%3D8-867-spons%26sp_csd%3Dd2lkZ2V0TmFtZT1zcF9hdGZfbmV4dA%26psc%3D1,Amazon Brand - Symbol,"₹699₹699 M.R.P: ₹2,199₹2,199 (68% off)",M.R.P: ,Amazon Brand - Symbol,"3.6 out of 5 stars 1,966  ", FREE Delivery by Amazon
371,https://www.amazon.in/sspa/click?ie=UTF8&spc=MToyODk0MDc3MTM4NDcxNjczOjE3MjgxMzk2MjI6c3BfYXRmX25leHQ6MzAwMTY0MDAxMTc1MDMyOjowOjo&url=%2FUrbano-Plus-Regular-Stretchable-plusepsrustsprcrsp-lgrey-40%2Fdp%2FB09WKP6CB5%2Fref%3Dsr_1_868_sspa%3Fcrid%3D24IEEX0MBW072%26keywords%3Djeans%26qid%3D1728139622%26sprefix%3Djeans%252Caps%252C212%26sr%3D8-868-spons%26sp_csd%3Dd2lkZ2V0TmFtZT1zcF9hdGZfbmV4dA%26psc%3D1,Urbano Plus,"₹649₹649 M.R.P: ₹1,699₹1,699 (62% off)",M.R.P: ,Urbano Plus,5.0 out of 5 stars 1  , FREE Delivery by Amazon
372,https://www.amazon.in/sspa/click?ie=UTF8&spc=MToyODk0MDc3MTM4NDcxNjczOjE3MjgxMzk2MjI6c3BfbXRmOjMwMDI1NTQzODQzNjEzMjo6MDo6&url=%2FNeostreak-Jeans-neoepsjean-lgrey-Light-Grey_34%2Fdp%2FB07L6YKHMR%2Fref%3Dsr_1_870_sspa%3Fcrid%3D24IEEX0MBW072%26keywords%3Djeans%26qid%3D1728139622%26sprefix%3Djeans%252Caps%252C212%26sr%3D8-870-spons%26sp_csd%3Dd2lkZ2V0TmFtZT1zcF9tdGY%26psc%3D1,Neostreak,"₹519₹519 M.R.P: ₹1,699₹1,699 (69% off)",M.R.P: ,Neostreak,"3.6 out of 5 stars 7,631  ", FREE Delivery by Amazon
373,https://www.amazon.in/sspa/click?ie=UTF8&spc=MToyODk0MDc3MTM4NDcxNjczOjE3MjgxMzk2MjI6c3BfbXRmOjIwMTU4NTMyODU0MDk4OjowOjo&url=%2FAflash-Stretchable-Casual-Length-38_Dark%2Fdp%2FB0C59KLV9G%2Fref%3Dsr_1_871_sspa%3Fcrid%3D24IEEX0MBW072%26keywords%3Djeans%26qid%3D1728139622%26sprefix%3Djeans%252Caps%252C212%26sr%3D8-871-spons%26sp_csd%3Dd2lkZ2V0TmFtZT1zcF9tdGY%26psc%3D1,Aflash,₹489₹489 M.R.P: ₹999₹999 (51% off),M.R.P: ,Aflash,1.0 out of 5 stars 1  , 
374,https://www.amazon.in/sspa/click?ie=UTF8&spc=MToyODk0MDc3MTM4NDcxNjczOjE3MjgxMzk2MjI6c3BfbXRmOjIwMTU4NTMyODU2MTk4OjowOjo&url=%2FAflash-Mens-Slim-Jeans-Dark%2Fdp%2FB0C54C725N%2Fref%3Dsr_1_872_sspa%3Fcrid%3D24IEEX0MBW072%26keywords%3Djeans%26qid%3D1728139622%26sprefix%3Djeans%252Caps%252C212%26sr%3D8-872-spons%26sp_csd%3Dd2lkZ2V0TmFtZT1zcF9tdGY%26psc%3D1,Aflash,"₹898₹898 M.R.P: ₹1,999₹1,999 (55% off)",M.R.P: ,Aflash,5.0 out of 5 stars 1  , 
375,https://www.amazon.in/sspa/click?ie=UTF8&spc=MToyODk0MDc3MTM4NDcxNjczOjE3MjgxMzk2MjI6c3BfYnRmOjMwMDE2NDAwMTE3OTUzMjo6MDo6&url=%2FUrbano-Plus-Regular-Stretchable-plusnwibnhpsjogp-14-lblue-44%2Fdp%2FB098P8D9XJ%2Fref%3Dsr_1_873_sspa%3Fcrid%3D24IEEX0MBW072%26keywords%3Djeans%26qid%3D1728139622%26sprefix%3Djeans%252Caps%252C212%26sr%3D8-873-spons%26sp_csd%3Dd2lkZ2V0TmFtZT1zcF9idGY%26psc%3D1,Urbano Plus,"₹512₹512 M.R.P: ₹1,899₹1,899 (73% off)",M.R.P: ,Urbano Plus,3.9 out of 5 stars 25  , FREE Delivery by Amazon
376,https://www.amazon.in/sspa/click?ie=UTF8&spc=MToyODk0MDc3MTM4NDcxNjczOjE3MjgxMzk2MjI6c3BfYnRmOjMwMDE2NDAwMTE3MzAzMjo6MDo6&url=%2FUrbano-Plus-Regular-Stretchable-plusepsjeanp-dgrey-40%2Fdp%2FB0867K3876%2Fref%3Dsr_1_874_sspa%3Fcrid%3D24IEEX0MBW072%26keywords%3Djeans%26qid%3D1728139622%26sprefix%3Djeans%252Caps%252C212%26sr%3D8-874-spons%26sp_csd%3Dd2lkZ2V0TmFtZT1zcF9idGY%26psc%3D1,Urbano Plus,"₹699₹699 M.R.P: ₹1,699₹1,699 (59% off)",M.R.P: ,Urbano Plus,3.5 out of 5 stars 287  , FREE Delivery by Amazon
377,https://www.amazon.in/NIFTY-Womens-Slim-Jeans-Jean_PLN_Gry_Grey_32/dp/B06XHTKWJ9/ref=sr_1_52?crid=24IEEX0MBW072&dib=eyJ2IjoiMSJ9.loW9tDrkb73dvNPalTNrmPld8m7huH6cF5g_YkNmEAm9qODA-taMg5ibmmJXAdn3w18_Ama_S4836s1iM1YtBIdpk_a88sovlz0jYKb8UgeyxfvDd1yNA7BrvReQL8dHeTsmBCUr4vG9wTfYE_IXjcEtx4Z9Yg_WV3zVa7cZhyV3SPxEo2p1Htxigkn7RWNyKzINhtwKuJdv5R3jaMrGucUaA8BClw9zNNqjHAMpciugupuFm20Jj8eOG6lU42dRYTXf80v8ApAF0EChkl1-KMQjfTn99KKJ17d9OvtZONs.gM2UxYQACutxLYDMZ0XW9AekUQGSbRmRfPruooS2c3Q&dib_tag=se&keywords=jeans&qid=1728139528&sprefix=jeans%2Caps%2C212&sr=8-52,Nifty,"₹381₹381 M.R.P: ₹1,299₹1,299 (71% off)",100+ bought in past month,Nifty,"3.8 out of 5 stars 12,360  ",FREE Delivery by Amazon
378,https://www.amazon.in/sspa/click?ie=UTF8&spc=MToyODk0MDc3MTM4NDcxNjczOjE3MjgxMzk2MjI6c3BfYnRmOjMwMDM0MTI0OTIxMTgzMjo6MDo6&url=%2FNeostreak-Washed-Bootcut-Stretchable-neobootep-dgrey-38%2Fdp%2FB0C6DMNS45%2Fref%3Dsr_1_876_sspa%3Fcrid%3D24IEEX0MBW072%26keywords%3Djeans%26qid%3D1728139622%26sprefix%3Djeans%252Caps%252C212%26sr%3D8-876-spons%26sp_csd%3Dd2lkZ2V0TmFtZT1zcF9idGY%26psc%3D1,Neostreak,"₹629₹629 M.R.P: ₹2,199₹2,199 (71% off)",M.R.P: ,Neostreak,3.3 out of 5 stars 121  , FREE Delivery by Amazon
379,https://www.amazon.in/sspa/click?ie=UTF8&spc=MTo1MDg0MjM0NzA5OTQyMDc2OjE3MjgxMzk2MjU6c3BfYXRmX25leHQ6MzAwMzE0NzQ1ODg1ODMyOjowOjo&url=%2Fisol-Vincent-Comfortable-Straight-Premium%2Fdp%2FB0CJCJLHNS%2Fref%3Dsr_1_913_sspa%3Fcrid%3D24IEEX0MBW072%26keywords%3Djeans%26qid%3D1728139625%26sprefix%3Djeans%252Caps%252C212%26sr%3D8-913-spons%26sp_csd%3Dd2lkZ2V0TmFtZT1zcF9hdGZfbmV4dA%26psc%3D1,i'sol,"₹649₹649 M.R.P: ₹2,599₹2,599 (75% off)",M.R.P: ,i'sol,3.8 out of 5 stars 29  , FREE Delivery by Amazon
380,https://www.amazon.in/sspa/click?ie=UTF8&spc=MTo1MDg0MjM0NzA5OTQyMDc2OjE3MjgxMzk2MjU6c3BfYXRmX25leHQ6MzAwMTY0MDAxMTc0MjMyOjowOjo&url=%2FUrbano-Plus-Regular-Stretchable-plusaveps700sprp-khaki-38%2Fdp%2FB098PB189M%2Fref%3Dsr_1_914_sspa%3Fcrid%3D24IEEX0MBW072%26keywords%3Djeans%26qid%3D1728139625%26sprefix%3Djeans%252Caps%252C212%26sr%3D8-914-spons%26sp_csd%3Dd2lkZ2V0TmFtZT1zcF9hdGZfbmV4dA%26psc%3D1,Urbano Plus,"₹929₹929 M.R.P: ₹1,699₹1,699 (45% off)",M.R.P: ,Urbano Plus,"3.8 out of 5 stars 2,444  ", FREE Delivery by Amazon
381,https://www.amazon.in/sspa/click?ie=UTF8&spc=MTo1MDg0MjM0NzA5OTQyMDc2OjE3MjgxMzk2MjU6c3BfYXRmX25leHQ6MzAwMTY0MDAxMTc5MzMyOjowOjo&url=%2FUrbano-Plus-Regular-Stretchable-plusnwibnhpsjogp-14-lblue-40%2Fdp%2FB098PBB13B%2Fref%3Dsr_1_915_sspa%3Fcrid%3D24IEEX0MBW072%26keywords%3Djeans%26qid%3D1728139625%26sprefix%3Djeans%252Caps%252C212%26sr%3D8-915-spons%26sp_csd%3Dd2lkZ2V0TmFtZT1zcF9hdGZfbmV4dA%26psc%3D1,Urbano Plus,"₹512₹512 M.R.P: ₹1,899₹1,899 (73% off)",M.R.P: ,Urbano Plus,2.4 out of 5 stars 5  , FREE Delivery by Amazon
382,https://www.amazon.in/sspa/click?ie=UTF8&spc=MTo1MDg0MjM0NzA5OTQyMDc2OjE3MjgxMzk2MjU6c3BfYXRmX25leHQ6MzAwMjYyMjk0MDkwNjMyOjowOjo&url=%2FRAGZO-Jeans-Baggy-Pants_Light-Blue_32%2Fdp%2FB0D9FNP8FK%2Fref%3Dsr_1_916_sspa%3Fcrid%3D24IEEX0MBW072%26keywords%3Djeans%26qid%3D1728139625%26sprefix%3Djeans%252Caps%252C212%26sr%3D8-916-spons%26sp_csd%3Dd2lkZ2V0TmFtZT1zcF9hdGZfbmV4dA%26psc%3D1,RAGZO,"₹699₹699 M.R.P: ₹3,999₹3,999 (83% off)",M.R.P: ,RAGZO,4.7 out of 5 stars 8  , FREE Delivery by Amazon
383,https://www.amazon.in/sspa/click?ie=UTF8&spc=MTo1MDg0MjM0NzA5OTQyMDc2OjE3MjgxMzk2MjU6c3BfbXRmOjIwMTU4NTMyODU2Mjk4OjowOjo&url=%2FAflash-Mens-Jeans-Bottle-Green%2Fdp%2FB0C54C7FH3%2Fref%3Dsr_1_918_sspa%3Fcrid%3D24IEEX0MBW072%26keywords%3Djeans%26qid%3D1728139625%26sprefix%3Djeans%252Caps%252C212%26sr%3D8-918-spons%26sp_csd%3Dd2lkZ2V0TmFtZT1zcF9tdGY%26psc%3D1,Aflash,"₹898₹898 M.R.P: ₹1,999₹1,999 (55% off)",M.R.P: ,Aflash,5.0 out of 5 stars 1  , 
384,https://www.amazon.in/sspa/click?ie=UTF8&spc=MTo1MDg0MjM0NzA5OTQyMDc2OjE3MjgxMzk2MjU6c3BfbXRmOjMwMDE1MTIxMjUzMzQzMjo6MDo6&url=%2FMens-Regular-Fit-Jeans-Blue%2Fdp%2FB0CY9M2NLD%2Fref%3Dsr_1_919_sspa%3Fcrid%3D24IEEX0MBW072%26keywords%3Djeans%26qid%3D1728139625%26sprefix%3Djeans%252Caps%252C212%26sr%3D8-919-spons%26sp_csd%3Dd2lkZ2V0TmFtZT1zcF9tdGY%26psc%3D1,Generic,"₹499₹499 M.R.P: ₹1,599₹1,599 (69% off)",M.R.P: ,Generic,2.9 out of 5 stars 7  , 
385,https://www.amazon.in/sspa/click?ie=UTF8&spc=MTo1MDg0MjM0NzA5OTQyMDc2OjE3MjgxMzk2MjU6c3BfbXRmOjMwMDIzNjIyMDI1OTQzMjo6MDo6&url=%2FAmazon-Brand-Relaxed-AD-RN-374_Medium-Blue_28W%2Fdp%2FB07H7RPP9P%2Fref%3Dsr_1_920_sspa%3Fcrid%3D24IEEX0MBW072%26keywords%3Djeans%26qid%3D1728139625%26sprefix%3Djeans%252Caps%252C212%26sr%3D8-920-spons%26sp_csd%3Dd2lkZ2V0TmFtZT1zcF9tdGY%26psc%3D1,Amazon Brand - Symbol,"₹699₹699 M.R.P: ₹1,899₹1,899 (63% off)",M.R.P: ,Amazon Brand - Symbol,"3.6 out of 5 stars 1,966  ", FREE Delivery by Amazon
386,https://www.amazon.in/sspa/click?ie=UTF8&spc=MTo1MDg0MjM0NzA5OTQyMDc2OjE3MjgxMzk2MjU6c3BfYnRmOjMwMDM0MTI5OTU3NzQzMjo6MDo6&url=%2FNeostreak-Stretchable-Jeans-neoeps-Green_32%2Fdp%2FB07QBJ6XK5%2Fref%3Dsr_1_921_sspa%3Fcrid%3D24IEEX0MBW072%26keywords%3Djeans%26qid%3D1728139625%26sprefix%3Djeans%252Caps%252C212%26sr%3D8-921-spons%26sp_csd%3Dd2lkZ2V0TmFtZT1zcF9idGY%26psc%3D1,Neostreak,"₹499₹499 M.R.P: ₹1,599₹1,599 (69% off)",M.R.P: ,Neostreak,"3.6 out of 5 stars 7,631  ", FREE Delivery by Amazon
387,https://www.amazon.in/Levis-Mens-Tapered-Jeans-A7086-0098_Blue_/dp/B0C6QV8Y9P/ref=sr_1_53?crid=24IEEX0MBW072&dib=eyJ2IjoiMSJ9.loW9tDrkb73dvNPalTNrmPld8m7huH6cF5g_YkNmEAm9qODA-taMg5ibmmJXAdn3w18_Ama_S4836s1iM1YtBIdpk_a88sovlz0jYKb8UgeyxfvDd1yNA7BrvReQL8dHeTsmBCUr4vG9wTfYE_IXjcEtx4Z9Yg_WV3zVa7cZhyV3SPxEo2p1Htxigkn7RWNyKzINhtwKuJdv5R3jaMrGucUaA8BClw9zNNqjHAMpciugupuFm20Jj8eOG6lU42dRYTXf80v8ApAF0EChkl1-KMQjfTn99KKJ17d9OvtZONs.gM2UxYQACutxLYDMZ0XW9AekUQGSbRmRfPruooS2c3Q&dib_tag=se&keywords=jeans&qid=1728139528&sprefix=jeans%2Caps%2C212&sr=8-53,Levi's,"₹1,328₹1,328 M.R.P: ₹2,999₹2,999 (56% off)",100+ bought in past month,Levi's,3.9 out of 5 stars 615  , FREE Delivery by Amazon
388,https://www.amazon.in/sspa/click?ie=UTF8&spc=MTo1MDg0MjM0NzA5OTQyMDc2OjE3MjgxMzk2MjU6c3BfYnRmOjMwMDM0NjU5NTI5MzMzMjo6MDo6&url=%2FTAGAS-Mens-Regular-Jeans-MDJ-1-BLUE-32_Blue%2Fdp%2FB0CVSCDHPL%2Fref%3Dsr_1_922_sspa%3Fcrid%3D24IEEX0MBW072%26keywords%3Djeans%26qid%3D1728139625%26sprefix%3Djeans%252Caps%252C212%26sr%3D8-922-spons%26sp_csd%3Dd2lkZ2V0TmFtZT1zcF9idGY%26psc%3D1,TAGAS,"₹599₹599 M.R.P: ₹1,499₹1,499 (60% off)",50+ bought in past month,TAGAS,5.0 out of 5 stars 6  , FREE Delivery by Amazon
389,https://www.amazon.in/sspa/click?ie=UTF8&spc=MTo1MDg0MjM0NzA5OTQyMDc2OjE3MjgxMzk2MjU6c3BfYnRmOjMwMDI2MDM3MDM0ODgzMjo6MDo6&url=%2FSymbol-Premium-Airlite-Stretch-SP-S24-M-DNM-102_Mid-Grey_40%2Fdp%2FB0CSSGGV85%2Fref%3Dsr_1_924_sspa%3Fcrid%3D24IEEX0MBW072%26keywords%3Djeans%26qid%3D1728139625%26sprefix%3Djeans%252Caps%252C212%26sr%3D8-924-spons%26sp_csd%3Dd2lkZ2V0TmFtZT1zcF9idGY%26psc%3D1,Symbol Premium,"₹1,499₹1,499 M.R.P: ₹3,599₹3,599 (58% off)",M.R.P: ,Symbol Premium,4.3 out of 5 stars 96  , FREE Delivery by Amazon
390,https://www.amazon.in/sspa/click?ie=UTF8&spc=MTozMzMwODY4ODI0MjkxNTEwOjE3MjgxMzk2Mjk6c3BfYXRmX25leHQ6MzAwMzQ3NzM1NjQ0NjMyOjowOjo&url=%2FLevis-Mens-Slim-Jeans-A7087-0143_Black%2Fdp%2FB08L5V9XLJ%2Fref%3Dsr_1_962_sspa%3Fcrid%3D24IEEX0MBW072%26keywords%3Djeans%26qid%3D1728139629%26sprefix%3Djeans%252Caps%252C212%26sr%3D8-962-spons%26sp_csd%3Dd2lkZ2V0TmFtZT1zcF9hdGZfbmV4dA%26psc%3D1,Levi's,"₹1,349₹1,349 M.R.P: ₹2,999₹2,999 (55% off)",100+ bought in past month,Levi's,"3.9 out of 5 stars 1,275  ", FREE Delivery by Amazon
391,https://www.amazon.in/sspa/click?ie=UTF8&spc=MTozMzMwODY4ODI0MjkxNTEwOjE3MjgxMzk2Mjk6c3BfYXRmX25leHQ6MzAwMzQ2ODE5MTI4MDMyOjowOjo&url=%2FJack-Jones-12237633-Dark-Blue-Denim_Dark%2Fdp%2FB0CNJWG1NL%2Fref%3Dsr_1_963_sspa%3Fcrid%3D24IEEX0MBW072%26keywords%3Djeans%26qid%3D1728139629%26sprefix%3Djeans%252Caps%252C212%26sr%3D8-963-spons%26sp_csd%3Dd2lkZ2V0TmFtZT1zcF9hdGZfbmV4dA%26psc%3D1,Jack & Jones,"₹659₹659 M.R.P: ₹2,199₹2,199 (70% off)",M.R.P: ,Jack & Jones,3.4 out of 5 stars 123  , FREE Delivery by Amazon
392,https://www.amazon.in/sspa/click?ie=UTF8&spc=MTozMzMwODY4ODI0MjkxNTEwOjE3MjgxMzk2Mjk6c3BfbXRmOjMwMDI0NzY1MzMwODQzMjo6MDo6&url=%2FPepe-Jeans-PM207541Q033_Dark-Used_Mid-Indigo%2Fdp%2FB0CLM7C2BS%2Fref%3Dsr_1_965_sspa%3Fcrid%3D24IEEX0MBW072%26keywords%3Djeans%26qid%3D1728139629%26sprefix%3Djeans%252Caps%252C212%26sr%3D8-965-spons%26sp_csd%3Dd2lkZ2V0TmFtZT1zcF9tdGY%26psc%3D1,Pepe Jeans,"₹1,049₹1,049 M.R.P: ₹3,599₹3,599 (71% off)",M.R.P: ,Pepe Jeans,4.6 out of 5 stars 9  , FREE Delivery by Amazon
393,https://www.amazon.in/sspa/click?ie=UTF8&spc=MTozMzMwODY4ODI0MjkxNTEwOjE3MjgxMzk2Mjk6c3BfbXRmOjMwMDE1OTMyMTM0ODgzMjo6MDo6&url=%2FLevis-Mens-Jeans-18298-1268_Mid-Indigo_30%2Fdp%2FB09Z783LZC%2Fref%3Dsr_1_966_sspa%3Fcrid%3D24IEEX0MBW072%26keywords%3Djeans%26qid%3D1728139629%26sprefix%3Djeans%252Caps%252C212%26sr%3D8-966-spons%26sp_csd%3Dd2lkZ2V0TmFtZT1zcF9tdGY%26psc%3D1,Levi's,"₹1,279₹1,279 M.R.P: ₹2,999₹2,999 (57% off)",M.R.P: ,Levi's,"3.9 out of 5 stars 1,319  ", FREE Delivery by Amazon
394,https://www.amazon.in/sspa/click?ie=UTF8&spc=MTozMzMwODY4ODI0MjkxNTEwOjE3MjgxMzk2Mjk6c3BfbXRmOjMwMDE1OTMxNjQzNTAzMjo6MDo6&url=%2FLevis-Mens-Jeans-18298-1257_Mid-Indigo_30%2Fdp%2FB09Z773SDR%2Fref%3Dsr_1_968_sspa%3Fcrid%3D24IEEX0MBW072%26keywords%3Djeans%26qid%3D1728139629%26sprefix%3Djeans%252Caps%252C212%26sr%3D8-968-spons%26sp_csd%3Dd2lkZ2V0TmFtZT1zcF9tdGY%26psc%3D1,Levi's,"₹1,509₹1,509 M.R.P: ₹3,399₹3,399 (56% off)",50+ bought in past month,Levi's,3.7 out of 5 stars 586  , FREE Delivery by Amazon
395,https://www.amazon.in/sspa/click?ie=UTF8&spc=MTozMzMwODY4ODI0MjkxNTEwOjE3MjgxMzk2Mjk6c3BfYnRmOjMwMDE5OTU5NzYxODIzMjo6MDo6&url=%2FLevis-Mens-Tapered-Jeans-A7086-0097_Blue%2Fdp%2FB0C6QXG7BW%2Fref%3Dsr_1_969_sspa%3Fcrid%3D24IEEX0MBW072%26keywords%3Djeans%26qid%3D1728139629%26sprefix%3Djeans%252Caps%252C212%26sr%3D8-969-spons%26sp_csd%3Dd2lkZ2V0TmFtZT1zcF9idGY%26psc%3D1,Levi's,"₹1,388₹1,388 M.R.P: ₹3,399₹3,399 (59% off)",M.R.P: ,Levi's,3.8 out of 5 stars 449  , FREE Delivery by Amazon
396,https://www.amazon.in/sspa/click?ie=UTF8&spc=MTozMzMwODY4ODI0MjkxNTEwOjE3MjgxMzk2Mjk6c3BfYnRmOjMwMDI1OTEzODc4NjgzMjo6MDo6&url=%2FLevis-Mens-Tapered-Jeans-36087-0708_Blue%2Fdp%2FB0CC9NJRBG%2Fref%3Dsr_1_970_sspa%3Fcrid%3D24IEEX0MBW072%26keywords%3Djeans%26qid%3D1728139629%26sprefix%3Djeans%252Caps%252C212%26sr%3D8-970-spons%26sp_csd%3Dd2lkZ2V0TmFtZT1zcF9idGY%26psc%3D1,Levi's,"₹1,799₹1,799 M.R.P: ₹3,999₹3,999 (55% off)",M.R.P: ,Levi's,3.5 out of 5 stars 5  , FREE Delivery by Amazon
397,https://www.amazon.in/sspa/click?ie=UTF8&spc=MTozMzMwODY4ODI0MjkxNTEwOjE3MjgxMzk2Mjk6c3BfYnRmOjMwMDE1OTMyMTM1MTQzMjo6MDo6&url=%2FLevis-Mens-Jeans-36087-0637_Light-Indigo_32%2Fdp%2FB09Z77K3RB%2Fref%3Dsr_1_971_sspa%3Fcrid%3D24IEEX0MBW072%26keywords%3Djeans%26qid%3D1728139629%26sprefix%3Djeans%252Caps%252C212%26sr%3D8-971-spons%26sp_csd%3Dd2lkZ2V0TmFtZT1zcF9idGY%26psc%3D1,Levi's,"₹1,049₹1,049 M.R.P: ₹2,999₹2,999 (65% off)",300+ bought in past month,Levi's,3.9 out of 5 stars 615  , FREE Delivery by Amazon
398,https://www.amazon.in/sspa/click?ie=UTF8&spc=MTozMzMwODY4ODI0MjkxNTEwOjE3MjgxMzk2Mjk6c3BfYnRmOjMwMDI0MzA1Mjc1NDkzMjo6MDo6&url=%2FAllen-Solly-Skinny-Jeans-ALDNVSKFT51745_Navy_34%2Fdp%2FB099NT8XGH%2Fref%3Dsr_1_972_sspa%3Fcrid%3D24IEEX0MBW072%26keywords%3Djeans%26qid%3D1728139629%26sprefix%3Djeans%252Caps%252C212%26sr%3D8-972-spons%26sp_csd%3Dd2lkZ2V0TmFtZT1zcF9idGY%26psc%3D1,Allen Solly,"₹879₹879 M.R.P: ₹2,199₹2,199 (60% off)",100+ bought in past month,Allen Solly,3.5 out of 5 stars 395  , FREE Delivery by Amazon
399,https://www.amazon.in/sspa/click?ie=UTF8&spc=MTo0NzI1NTU3NTQyNTM3MTE5OjE3MjgxMzk2MzM6c3BfYXRmX25leHQ6MzAwMzQ3NzM1NjQ1MzMyOjowOjo&url=%2FLevis-Mens-Slim-Jeans-A7087-0143_Black%2Fdp%2FB0D35Q9BDB%2Fref%3Dsr_1_1009_sspa%3Fcrid%3D24IEEX0MBW072%26keywords%3Djeans%26qid%3D1728139633%26sprefix%3Djeans%252Caps%252C212%26sr%3D8-1009-spons%26sp_csd%3Dd2lkZ2V0TmFtZT1zcF9hdGZfbmV4dA%26psc%3D1,Levi's,"₹999₹999 M.R.P: ₹2,999₹2,999 (67% off)",200+ bought in past month,Levi's,"3.9 out of 5 stars 1,275  ", FREE Delivery by Amazon
400,https://www.amazon.in/sspa/click?ie=UTF8&spc=MTo0NzI1NTU3NTQyNTM3MTE5OjE3MjgxMzk2MzM6c3BfYXRmX25leHQ6MzAwMTU5MzIxMzQ4MjMyOjowOjo&url=%2FLevis-Mens-Slim-Jeans-A7087-0093_Blue%2Fdp%2FB0C6QVYMY7%2Fref%3Dsr_1_1010_sspa%3Fcrid%3D24IEEX0MBW072%26keywords%3Djeans%26qid%3D1728139633%26sprefix%3Djeans%252Caps%252C212%26sr%3D8-1010-spons%26sp_csd%3Dd2lkZ2V0TmFtZT1zcF9hdGZfbmV4dA%26psc%3D1,Levi's,"₹999₹999 M.R.P: ₹2,999₹2,999 (67% off)",M.R.P: ,Levi's,3.9 out of 5 stars 85  , FREE Delivery by Amazon
401,https://www.amazon.in/sspa/click?ie=UTF8&spc=MTo0NzI1NTU3NTQyNTM3MTE5OjE3MjgxMzk2MzM6c3BfbXRmOjMwMDE1OTMxNjQzNTQzMjo6MDo6&url=%2FLevis-Mens-Jeans-18298-1257_Mid-Indigo_32%2Fdp%2FB09Z77HGDR%2Fref%3Dsr_1_1013_sspa%3Fcrid%3D24IEEX0MBW072%26keywords%3Djeans%26qid%3D1728139633%26sprefix%3Djeans%252Caps%252C212%26sr%3D8-1013-spons%26sp_csd%3Dd2lkZ2V0TmFtZT1zcF9tdGY%26psc%3D1,Levi's,"₹1,529₹1,529 M.R.P: ₹3,399₹3,399 (55% off)",200+ bought in past month,Levi's,3.7 out of 5 stars 586  , FREE Delivery by Amazon
402,https://www.amazon.in/sspa/click?ie=UTF8&spc=MTo0NzI1NTU3NTQyNTM3MTE5OjE3MjgxMzk2MzM6c3BfbXRmOjMwMDI2MDg3ODIzMTAzMjo6MDo6&url=%2FPepe-Jeans-Mens-Regular-PM207078Q031_Dark%2Fdp%2FB0BQHRC11V%2Fref%3Dsr_1_1014_sspa%3Fcrid%3D24IEEX0MBW072%26keywords%3Djeans%26qid%3D1728139633%26sprefix%3Djeans%252Caps%252C212%26sr%3D8-1014-spons%26sp_csd%3Dd2lkZ2V0TmFtZT1zcF9tdGY%26psc%3D1,Pepe Jeans,"₹1,039₹1,039 M.R.P: ₹3,999₹3,999 (74% off)",M.R.P: ,Pepe Jeans,5.0 out of 5 stars 1  , FREE Delivery by Amazon
403,https://www.amazon.in/sspa/click?ie=UTF8&spc=MTo0NzI1NTU3NTQyNTM3MTE5OjE3MjgxMzk2MzM6c3BfbXRmOjMwMDE1OTMyMTM0ODUzMjo6MDo6&url=%2FLevis-Mens-Jeans-36087-0637_Light-Indigo_30%2Fdp%2FB09Z781DXR%2Fref%3Dsr_1_1015_sspa%3Fcrid%3D24IEEX0MBW072%26keywords%3Djeans%26qid%3D1728139633%26sprefix%3Djeans%252Caps%252C212%26sr%3D8-1015-spons%26sp_csd%3Dd2lkZ2V0TmFtZT1zcF9tdGY%26psc%3D1,Levi's,"₹1,183₹1,183 M.R.P: ₹2,999₹2,999 (61% off)",50+ bought in past month,Levi's,3.9 out of 5 stars 615  , FREE Delivery by Amazon
404,https://www.amazon.in/sspa/click?ie=UTF8&spc=MTo0NzI1NTU3NTQyNTM3MTE5OjE3MjgxMzk2MzM6c3BfbXRmOjMwMDE1OTMzNDE3NDczMjo6MDo6&url=%2FLevis-Tapered-Mid-Rise-Light-Stretchable%2Fdp%2FB09Z78CMMG%2Fref%3Dsr_1_1016_sspa%3Fcrid%3D24IEEX0MBW072%26keywords%3Djeans%26qid%3D1728139633%26sprefix%3Djeans%252Caps%252C212%26sr%3D8-1016-spons%26sp_csd%3Dd2lkZ2V0TmFtZT1zcF9tdGY%26psc%3D1,Levi's,"₹1,299₹1,299 M.R.P: ₹2,999₹2,999 (57% off)",100+ bought in past month,Levi's,"3.9 out of 5 stars 1,227  ", FREE Delivery by Amazon
405,https://www.amazon.in/sspa/click?ie=UTF8&spc=MTo0NzI1NTU3NTQyNTM3MTE5OjE3MjgxMzk2MzM6c3BfYnRmOjMwMDI0MzA1Mjc1NTAzMjo6MDo6&url=%2FAllen-Solly-Skinny-Jeans-ALDNVSKFT51745_Navy_36%2Fdp%2FB099NR3M2Z%2Fref%3Dsr_1_1017_sspa%3Fcrid%3D24IEEX0MBW072%26keywords%3Djeans%26qid%3D1728139633%26sprefix%3Djeans%252Caps%252C212%26sr%3D8-1017-spons%26sp_csd%3Dd2lkZ2V0TmFtZT1zcF9idGY%26psc%3D1,Allen Solly,"₹879₹879 M.R.P: ₹2,199₹2,199 (60% off)",100+ bought in past month,Allen Solly,3.5 out of 5 stars 395  , FREE Delivery by Amazon
406,https://www.amazon.in/sspa/click?ie=UTF8&spc=MTo0NzI1NTU3NTQyNTM3MTE5OjE3MjgxMzk2MzM6c3BfYnRmOjMwMDI0NzY1MzM3MTYzMjo6MDo6&url=%2FPepe-Jeans-Mens-Pm206336g85_38-Blue%2Fdp%2FB097RMZM2H%2Fref%3Dsr_1_1018_sspa%3Fcrid%3D24IEEX0MBW072%26keywords%3Djeans%26qid%3D1728139633%26sprefix%3Djeans%252Caps%252C212%26sr%3D8-1018-spons%26sp_csd%3Dd2lkZ2V0TmFtZT1zcF9idGY%26psc%3D1,Pepe Jeans,"₹1,569₹1,569 M.R.P: ₹3,799₹3,799 (59% off)",M.R.P: ,Pepe Jeans,1.0 out of 5 stars 1  , FREE Delivery by Amazon
407,https://www.amazon.in/sspa/click?ie=UTF8&spc=MTo0NzI1NTU3NTQyNTM3MTE5OjE3MjgxMzk2MzM6c3BfYnRmOjMwMDE2MDEwNjg3MjUzMjo6MDo6&url=%2FPepe-Jeans-Mens-Slim-PM206796J16_Light%2Fdp%2FB0C53C1PHG%2Fref%3Dsr_1_1019_sspa%3Fcrid%3D24IEEX0MBW072%26keywords%3Djeans%26qid%3D1728139633%26sprefix%3Djeans%252Caps%252C212%26sr%3D8-1019-spons%26sp_csd%3Dd2lkZ2V0TmFtZT1zcF9idGY%26psc%3D1,Pepe Jeans,"₹1,139₹1,139 M.R.P: ₹3,799₹3,799 (70% off)",M.R.P: ,Pepe Jeans,3.4 out of 5 stars 64  , FREE Delivery by Amazon
408,https://www.amazon.in/sspa/click?ie=UTF8&spc=MTo0NzI1NTU3NTQyNTM3MTE5OjE3MjgxMzk2MzM6c3BfYnRmOjMwMDI0NzY1MzM4MDczMjo6MDo6&url=%2FPepe-Jeans-Mens-PM206738Q053_Light-WASH_40%2Fdp%2FB09Q6C5NJS%2Fref%3Dsr_1_1020_sspa%3Fcrid%3D24IEEX0MBW072%26keywords%3Djeans%26qid%3D1728139633%26sprefix%3Djeans%252Caps%252C212%26sr%3D8-1020-spons%26sp_csd%3Dd2lkZ2V0TmFtZT1zcF9idGY%26psc%3D1,Pepe Jeans,"₹2,469₹2,469 M.R.P: ₹5,999₹5,999 (59% off)",M.R.P: ,Pepe Jeans,5.0 out of 5 stars 2  , FREE Delivery by Amazon
409,https://www.amazon.in/sspa/click?ie=UTF8&spc=MTo3ODQzNjAwNzM5ODM2MzU6MTcyODEzOTYzODpzcF9hdGZfbmV4dDozMDAxNTkzMjEzNTA5MzI6OjA6Og&url=%2FLevis-Mens-Slim-Jeans-A7087-0126_Blue%2Fdp%2FB0C6QXRF1R%2Fref%3Dsr_1_1057_sspa%3Fcrid%3D24IEEX0MBW072%26keywords%3Djeans%26qid%3D1728139638%26sprefix%3Djeans%252Caps%252C212%26sr%3D8-1057-spons%26sp_csd%3Dd2lkZ2V0TmFtZT1zcF9hdGZfbmV4dA%26psc%3D1,Levi's,"₹1,349₹1,349 M.R.P: ₹2,999₹2,999 (55% off)",M.R.P: ,Levi's,3.7 out of 5 stars 586  , FREE Delivery by Amazon
410,https://www.amazon.in/sspa/click?ie=UTF8&spc=MTo3ODQzNjAwNzM5ODM2MzU6MTcyODEzOTYzODpzcF9hdGZfbmV4dDozMDAxNTkzMzQxNzM4MzI6OjA6Og&url=%2FLevis-Mens-Jeans-18298-1255_Mid-Indigo_30%2Fdp%2FB09Z78TCWP%2Fref%3Dsr_1_1058_sspa%3Fcrid%3D24IEEX0MBW072%26keywords%3Djeans%26qid%3D1728139638%26sprefix%3Djeans%252Caps%252C212%26sr%3D8-1058-spons%26sp_csd%3Dd2lkZ2V0TmFtZT1zcF9hdGZfbmV4dA%26psc%3D1,Levi's,"₹1,248₹1,248 M.R.P: ₹2,999₹2,999 (58% off)",100+ bought in past month,Levi's,"3.9 out of 5 stars 1,275  ", FREE Delivery by Amazon
411,https://www.amazon.in/sspa/click?ie=UTF8&spc=MTo3ODQzNjAwNzM5ODM2MzU6MTcyODEzOTYzODpzcF9hdGZfbmV4dDozMDAyMDA3NTE5NDE4MzI6OjA6Og&url=%2FPepe-Jeans-Mens-Slim-PM206796A08_Black%2Fdp%2FB0C53CYH4Z%2Fref%3Dsr_1_1059_sspa%3Fcrid%3D24IEEX0MBW072%26keywords%3Djeans%26qid%3D1728139638%26sprefix%3Djeans%252Caps%252C212%26sr%3D8-1059-spons%26sp_csd%3Dd2lkZ2V0TmFtZT1zcF9hdGZfbmV4dA%26psc%3D1,Pepe Jeans,"₹1,039₹1,039 M.R.P: ₹3,599₹3,599 (71% off)",M.R.P: ,Pepe Jeans,3.5 out of 5 stars 14  , FREE Delivery by Amazon
412,https://www.amazon.in/Amazon-Brand-Symbol-Baggy-SY-A23-MNA-BGD-501_Ice-Wash_40/dp/B0CJYFGN65/ref=sr_1_56?crid=24IEEX0MBW072&dib=eyJ2IjoiMSJ9.loW9tDrkb73dvNPalTNrmPld8m7huH6cF5g_YkNmEAm9qODA-taMg5ibmmJXAdn3w18_Ama_S4836s1iM1YtBIdpk_a88sovlz0jYKb8UgeyxfvDd1yNA7BrvReQL8dHeTsmBCUr4vG9wTfYE_IXjcEtx4Z9Yg_WV3zVa7cZhyV3SPxEo2p1Htxigkn7RWNyKzINhtwKuJdv5R3jaMrGucUaA8BClw9zNNqjHAMpciugupuFm20Jj8eOG6lU42dRYTXf80v8ApAF0EChkl1-KMQjfTn99KKJ17d9OvtZONs.gM2UxYQACutxLYDMZ0XW9AekUQGSbRmRfPruooS2c3Q&dib_tag=se&keywords=jeans&qid=1728139528&sprefix=jeans%2Caps%2C212&sr=8-56,Amazon Brand - Symbol,"₹799₹799 M.R.P: ₹2,199₹2,199 (64% off)",M.R.P: ,Amazon Brand - Symbol,3.9 out of 5 stars 132  , FREE Delivery by Amazon
413,https://www.amazon.in/sspa/click?ie=UTF8&spc=MTo3ODQzNjAwNzM5ODM2MzU6MTcyODEzOTYzODpzcF9hdGZfbmV4dDozMDAxNTkzMTY0MzM3MzI6OjA6Og&url=%2FLevis-Mens-Tapered-Jeans-A7086-0097_Blue%2Fdp%2FB0C6QTKT4L%2Fref%3Dsr_1_1060_sspa%3Fcrid%3D24IEEX0MBW072%26keywords%3Djeans%26qid%3D1728139638%26sprefix%3Djeans%252Caps%252C212%26sr%3D8-1060-spons%26sp_csd%3Dd2lkZ2V0TmFtZT1zcF9hdGZfbmV4dA%26psc%3D1,Levi's,"₹1,529₹1,529 M.R.P: ₹3,399₹3,399 (55% off)",50+ bought in past month,Levi's,3.8 out of 5 stars 449  , FREE Delivery by Amazon
414,https://www.amazon.in/sspa/click?ie=UTF8&spc=MTo3ODQzNjAwNzM5ODM2MzU6MTcyODEzOTYzODpzcF9tdGY6MzAwMzQ2ODUyNzY3MjMyOjowOjo&url=%2FAllen-Solly-Chino-Skinny-ALDNVSKF586306_Navy_32%2Fdp%2FB099NN4YQJ%2Fref%3Dsr_1_1061_sspa%3Fcrid%3D24IEEX0MBW072%26keywords%3Djeans%26qid%3D1728139638%26sprefix%3Djeans%252Caps%252C212%26sr%3D8-1061-spons%26sp_csd%3Dd2lkZ2V0TmFtZT1zcF9tdGY%26psc%3D1,Allen Solly,"₹999₹999 M.R.P: ₹1,999₹1,999 (50% off)",M.R.P: ,Allen Solly,"3.5 out of 5 stars 1,050  ",FREE Delivery by Amazon
415,https://www.amazon.in/sspa/click?ie=UTF8&spc=MTo3ODQzNjAwNzM5ODM2MzU6MTcyODEzOTYzODpzcF9tdGY6MzAwMjAzOTQ3NzUyNjMyOjowOjo&url=%2FAllen-Solly-Skinny-Jeans-ALDNVSKFT93425_Black_34%2Fdp%2FB09F72CDLV%2Fref%3Dsr_1_1062_sspa%3Fcrid%3D24IEEX0MBW072%26keywords%3Djeans%26qid%3D1728139638%26sprefix%3Djeans%252Caps%252C212%26sr%3D8-1062-spons%26sp_csd%3Dd2lkZ2V0TmFtZT1zcF9tdGY%26psc%3D1,Allen Solly,"₹879₹879 M.R.P: ₹2,199₹2,199 (60% off)",50+ bought in past month,Allen Solly,3.5 out of 5 stars 395  , FREE Delivery by Amazon
416,https://www.amazon.in/sspa/click?ie=UTF8&spc=MTo3ODQzNjAwNzM5ODM2MzU6MTcyODEzOTYzODpzcF9tdGY6MzAwMjAwNzUxOTI4ODMyOjowOjo&url=%2FPepe-Jeans-Mens-Relaxed-PM207941Q05900030_Blue%2Fdp%2FB0CW9MH7JH%2Fref%3Dsr_1_1063_sspa%3Fcrid%3D24IEEX0MBW072%26keywords%3Djeans%26qid%3D1728139638%26sprefix%3Djeans%252Caps%252C212%26sr%3D8-1063-spons%26sp_csd%3Dd2lkZ2V0TmFtZT1zcF9tdGY%26psc%3D1,Pepe Jeans,"₹1,049₹1,049 M.R.P: ₹3,799₹3,799 (72% off)",M.R.P: ,Pepe Jeans,4.5 out of 5 stars 2  , FREE Delivery by Amazon
417,https://www.amazon.in/sspa/click?ie=UTF8&spc=MTo3ODQzNjAwNzM5ODM2MzU6MTcyODEzOTYzODpzcF9tdGY6MzAwMTQ3NDU1MjI4NzMyOjowOjo&url=%2FPepe-Jeans-Mens-PM206832S64_Green-Used_32%2Fdp%2FB0B7B4SJPX%2Fref%3Dsr_1_1064_sspa%3Fcrid%3D24IEEX0MBW072%26keywords%3Djeans%26qid%3D1728139638%26sprefix%3Djeans%252Caps%252C212%26sr%3D8-1064-spons%26sp_csd%3Dd2lkZ2V0TmFtZT1zcF9tdGY%26psc%3D1,Pepe Jeans,"₹1,299₹1,299 M.R.P: ₹3,799₹3,799 (66% off)",M.R.P: ,Pepe Jeans,3.2 out of 5 stars 3  , FREE Delivery by Amazon
418,https://www.amazon.in/sspa/click?ie=UTF8&spc=MTo3ODQzNjAwNzM5ODM2MzU6MTcyODEzOTYzODpzcF9idGY6MzAwMjU5MTM4NzYxNjMyOjowOjo&url=%2FLevis-Mens-Tapered-Jeans-A7086-0094_Blue_%2Fdp%2FB0C6QV8287%2Fref%3Dsr_1_1065_sspa%3Fcrid%3D24IEEX0MBW072%26keywords%3Djeans%26qid%3D1728139638%26sprefix%3Djeans%252Caps%252C212%26sr%3D8-1065-spons%26sp_csd%3Dd2lkZ2V0TmFtZT1zcF9idGY%26psc%3D1,Levi's,"₹1,293₹1,293 M.R.P: ₹3,199₹3,199 (60% off)",M.R.P: ,Levi's,3.9 out of 5 stars 615  , FREE Delivery by Amazon
419,https://www.amazon.in/sspa/click?ie=UTF8&spc=MTo3ODQzNjAwNzM5ODM2MzU6MTcyODEzOTYzODpzcF9idGY6MzAwMzQ1MzA1NDAxNjMyOjowOjo&url=%2FNeoStreak-Mens-Regular-Jeans-neoepsreg_Grey%2Fdp%2FB0D2CC5PMP%2Fref%3Dsr_1_1066_sspa%3Fcrid%3D24IEEX0MBW072%26keywords%3Djeans%26qid%3D1728139638%26sprefix%3Djeans%252Caps%252C212%26sr%3D8-1066-spons%26sp_csd%3Dd2lkZ2V0TmFtZT1zcF9idGY%26psc%3D1,Neostreak,"₹629₹629 M.R.P: ₹2,199₹2,199 (71% off)",M.R.P: ,Neostreak,3.6 out of 5 stars 34  , FREE Delivery by Amazon
420,https://www.amazon.in/sspa/click?ie=UTF8&spc=MTo3ODQzNjAwNzM5ODM2MzU6MTcyODEzOTYzODpzcF9idGY6MzAwMTQ3NDU1MjIxNzMyOjowOjo&url=%2FPepe-Jeans-Mens-Slim-PM207137Q073_Grey%2Fdp%2FB0BT7RZWWD%2Fref%3Dsr_1_1067_sspa%3Fcrid%3D24IEEX0MBW072%26keywords%3Djeans%26qid%3D1728139638%26sprefix%3Djeans%252Caps%252C212%26sr%3D8-1067-spons%26sp_csd%3Dd2lkZ2V0TmFtZT1zcF9idGY%26psc%3D1,Pepe Jeans,"₹2,399₹2,399 M.R.P: ₹5,999₹5,999 (60% off)",M.R.P: ,Pepe Jeans,4.2 out of 5 stars 5  , FREE Delivery by Amazon
421,https://www.amazon.in/sspa/click?ie=UTF8&spc=MTo3ODQzNjAwNzM5ODM2MzU6MTcyODEzOTYzODpzcF9idGY6MzAwMjQ3NjUzMzgzMzMyOjowOjo&url=%2FPepe-Jeans-Skinny-PM206614G228_MID-WASH_38%2Fdp%2FB09Q6CFWTN%2Fref%3Dsr_1_1068_sspa%3Fcrid%3D24IEEX0MBW072%26keywords%3Djeans%26qid%3D1728139638%26sprefix%3Djeans%252Caps%252C212%26sr%3D8-1068-spons%26sp_csd%3Dd2lkZ2V0TmFtZT1zcF9idGY%26psc%3D1,Pepe Jeans,"₹1,569₹1,569 M.R.P: ₹3,799₹3,799 (59% off)",M.R.P: ,Pepe Jeans,4.0 out of 5 stars 2  , FREE Delivery by Amazon
422,https://www.amazon.in/sspa/click?ie=UTF8&spc=MTozMTExMDc5NDA5MjIxMDk1OjE3MjgxMzk2NDI6c3BfYXRmX25leHQ6MzAwMTU5MzM0MTc1MDMyOjowOjo&url=%2FLevis-Mens-Slim-Jeans-A7087-0078_Blue%2Fdp%2FB0C6QV3JTZ%2Fref%3Dsr_1_1105_sspa%3Fcrid%3D24IEEX0MBW072%26keywords%3Djeans%26qid%3D1728139642%26sprefix%3Djeans%252Caps%252C212%26sr%3D8-1105-spons%26sp_csd%3Dd2lkZ2V0TmFtZT1zcF9hdGZfbmV4dA%26psc%3D1,Levi's,"₹1,349₹1,349 M.R.P: ₹2,999₹2,999 (55% off)",50+ bought in past month,Levi's,"3.9 out of 5 stars 1,275  ", FREE Delivery by Amazon
423,https://www.amazon.in/Amazon-Brand-Tapered-ST-100_MEDIUM-BLUE_38W/dp/B07HZR4V3F/ref=sr_1_7?crid=24IEEX0MBW072&dib=eyJ2IjoiMSJ9.loW9tDrkb73dvNPalTNrmPld8m7huH6cF5g_YkNmEAm9qODA-taMg5ibmmJXAdn3w18_Ama_S4836s1iM1YtBIdpk_a88sovlz0jYKb8UgeyxfvDd1yNA7BrvReQL8dHeTsmBCUr4vG9wTfYE_IXjcEtx4Z9Yg_WV3zVa7cZhyV3SPxEo2p1Htxigkn7RWNyKzINhtwKuJdv5R3jaMrGucUaA8BClw9zNNqjHAMpciugupuFm20Jj8eOG6lU42dRYTXf80v8ApAF0EChkl1-KMQjfTn99KKJ17d9OvtZONs.gM2UxYQACutxLYDMZ0XW9AekUQGSbRmRfPruooS2c3Q&dib_tag=se&keywords=jeans&qid=1728139528&sprefix=jeans%2Caps%2C212&sr=8-7,Amazon Brand - INKAST,"₹399₹399 M.R.P: ₹2,799₹2,799 (86% off)",100+ bought in past month,Amazon Brand - INKAST,"3.6 out of 5 stars 5,211  ",FREE Delivery by Amazon
424,https://www.amazon.in/sspa/click?ie=UTF8&spc=MToyMjYwMDIzODkxMDMzNjU6MTcyODEzOTUyODpzcF9idGY6MzAwMjQzMDUyNzU1MDMyOjowOjo&url=%2FAllen-Solly-Skinny-Jeans-ALDNVSKFT51745_Navy_36%2Fdp%2FB099NR3M2Z%2Fref%3Dsr_1_57_sspa%3Fcrid%3D24IEEX0MBW072%26dib%3DeyJ2IjoiMSJ9.loW9tDrkb73dvNPalTNrmPld8m7huH6cF5g_YkNmEAm9qODA-taMg5ibmmJXAdn3w18_Ama_S4836s1iM1YtBIdpk_a88sovlz0jYKb8UgeyxfvDd1yNA7BrvReQL8dHeTsmBCUr4vG9wTfYE_IXjcEtx4Z9Yg_WV3zVa7cZhyV3SPxEo2p1Htxigkn7RWNyKzINhtwKuJdv5R3jaMrGucUaA8BClw9zNNqjHAMpciugupuFm20Jj8eOG6lU42dRYTXf80v8ApAF0EChkl1-KMQjfTn99KKJ17d9OvtZONs.gM2UxYQACutxLYDMZ0XW9AekUQGSbRmRfPruooS2c3Q%26dib_tag%3Dse%26keywords%3Djeans%26qid%3D1728139528%26sprefix%3Djeans%252Caps%252C212%26sr%3D8-57-spons%26sp_csd%3Dd2lkZ2V0TmFtZT1zcF9idGY%26psc%3D1,Allen Solly,"₹879₹879 M.R.P: ₹2,199₹2,199 (60% off)",100+ bought in past month,Allen Solly,3.5 out of 5 stars 395  , FREE Delivery by Amazon
425,https://www.amazon.in/sspa/click?ie=UTF8&spc=MTozMTExMDc5NDA5MjIxMDk1OjE3MjgxMzk2NDI6c3BfYXRmX25leHQ6MzAwMTU5MzM0MTc0NDMyOjowOjo&url=%2FLevis-Mens-Jeans-18298-1257_Mid-Indigo_36%2Fdp%2FB09Z76ZZMG%2Fref%3Dsr_1_1106_sspa%3Fcrid%3D24IEEX0MBW072%26keywords%3Djeans%26qid%3D1728139642%26sprefix%3Djeans%252Caps%252C212%26sr%3D8-1106-spons%26sp_csd%3Dd2lkZ2V0TmFtZT1zcF9hdGZfbmV4dA%26psc%3D1,Levi's,"₹1,529₹1,529 M.R.P: ₹3,399₹3,399 (55% off)",50+ bought in past month,Levi's,3.7 out of 5 stars 586  , FREE Delivery by Amazon
426,https://www.amazon.in/sspa/click?ie=UTF8&spc=MTozMTExMDc5NDA5MjIxMDk1OjE3MjgxMzk2NDI6c3BfYXRmX25leHQ6MzAwMTU5MzIxMzUzOTMyOjowOjo&url=%2FLevis-Mens-Jeans-18298-1246_Light-Indigo_30%2Fdp%2FB09Z781MP3%2Fref%3Dsr_1_1107_sspa%3Fcrid%3D24IEEX0MBW072%26keywords%3Djeans%26qid%3D1728139642%26sprefix%3Djeans%252Caps%252C212%26sr%3D8-1107-spons%26sp_csd%3Dd2lkZ2V0TmFtZT1zcF9hdGZfbmV4dA%26psc%3D1,Levi's,"₹1,349₹1,349 M.R.P: ₹2,999₹2,999 (55% off)",50+ bought in past month,Levi's,"3.9 out of 5 stars 1,319  ", FREE Delivery by Amazon
427,https://www.amazon.in/sspa/click?ie=UTF8&spc=MTozMTExMDc5NDA5MjIxMDk1OjE3MjgxMzk2NDI6c3BfYXRmX25leHQ6MzAwMTU5MzE2NDM3MzMyOjowOjo&url=%2FLevis-Mens-Tapered-Jeans-A7086-0097_Blue%2Fdp%2FB0C6QTMZ5T%2Fref%3Dsr_1_1108_sspa%3Fcrid%3D24IEEX0MBW072%26keywords%3Djeans%26qid%3D1728139642%26sprefix%3Djeans%252Caps%252C212%26sr%3D8-1108-spons%26sp_csd%3Dd2lkZ2V0TmFtZT1zcF9hdGZfbmV4dA%26psc%3D1,Levi's,"₹1,529₹1,529 M.R.P: ₹3,399₹3,399 (55% off)",50+ bought in past month,Levi's,3.8 out of 5 stars 449  , FREE Delivery by Amazon
428,https://www.amazon.in/sspa/click?ie=UTF8&spc=MTozMTExMDc5NDA5MjIxMDk1OjE3MjgxMzk2NDI6c3BfbXRmOjMwMDI0NzY1MzMyNTAzMjo6MDo6&url=%2FPepe-Jeans-Mens-PM206738Q053_Light-WASH_28%2Fdp%2FB09Q6BXSWL%2Fref%3Dsr_1_1109_sspa%3Fcrid%3D24IEEX0MBW072%26keywords%3Djeans%26qid%3D1728139642%26sprefix%3Djeans%252Caps%252C212%26sr%3D8-1109-spons%26sp_csd%3Dd2lkZ2V0TmFtZT1zcF9tdGY%26psc%3D1,Pepe Jeans,"₹2,469₹2,469 M.R.P: ₹5,999₹5,999 (59% off)",M.R.P: ,Pepe Jeans,5.0 out of 5 stars 2  , FREE Delivery by Amazon
429,https://www.amazon.in/sspa/click?ie=UTF8&spc=MTozMTExMDc5NDA5MjIxMDk1OjE3MjgxMzk2NDI6c3BfbXRmOjMwMDMwNjExMDAzODczMjo6MDo6&url=%2FPeter-England-Mens-Jeans-PJDNASTFH21074_Navy_92%2Fdp%2FB0C1RXM6XQ%2Fref%3Dsr_1_1110_sspa%3Fcrid%3D24IEEX0MBW072%26keywords%3Djeans%26qid%3D1728139642%26sprefix%3Djeans%252Caps%252C212%26sr%3D8-1110-spons%26sp_csd%3Dd2lkZ2V0TmFtZT1zcF9tdGY%26psc%3D1,Peter England,"₹1,029₹1,029 M.R.P: ₹2,299₹2,299 (55% off)",M.R.P: ,Peter England,3.5 out of 5 stars 147  , FREE Delivery by Amazon
430,https://www.amazon.in/sspa/click?ie=UTF8&spc=MTozMTExMDc5NDA5MjIxMDk1OjE3MjgxMzk2NDI6c3BfbXRmOjMwMDI2MDE5MjU0NjYzMjo6MDo6&url=%2FSpykar-Mens-Slim-Jeans-EMDKN1BD009_MID%2Fdp%2FB0CTMX98PS%2Fref%3Dsr_1_1111_sspa%3Fcrid%3D24IEEX0MBW072%26keywords%3Djeans%26qid%3D1728139642%26sprefix%3Djeans%252Caps%252C212%26sr%3D8-1111-spons%26sp_csd%3Dd2lkZ2V0TmFtZT1zcF9tdGY%26psc%3D1,Spykar,"₹899₹899 M.R.P: ₹3,299₹3,299 (73% off)",M.R.P: ,Spykar,4.1 out of 5 stars 8  ,FREE Delivery by Amazon
431,https://www.amazon.in/sspa/click?ie=UTF8&spc=MTozMTExMDc5NDA5MjIxMDk1OjE3MjgxMzk2NDI6c3BfbXRmOjMwMDE1OTMyMTM1MTMzMjo6MDo6&url=%2FLevis-Mens-Jeans-36087-0637_Light-Indigo_36%2Fdp%2FB09Z79M4SS%2Fref%3Dsr_1_1112_sspa%3Fcrid%3D24IEEX0MBW072%26keywords%3Djeans%26qid%3D1728139642%26sprefix%3Djeans%252Caps%252C212%26sr%3D8-1112-spons%26sp_csd%3Dd2lkZ2V0TmFtZT1zcF9tdGY%26psc%3D1,Levi's,"₹1,049₹1,049 M.R.P: ₹2,999₹2,999 (65% off)",100+ bought in past month,Levi's,3.9 out of 5 stars 615  , FREE Delivery by Amazon
432,https://www.amazon.in/sspa/click?ie=UTF8&spc=MTozMTExMDc5NDA5MjIxMDk1OjE3MjgxMzk2NDI6c3BfYnRmOjMwMDE2OTUyMTYyNDUzMjo6MDo6&url=%2FLevis-Mens-Tapered-Jeans-A7086-0112_Black%2Fdp%2FB0CRRW5WFZ%2Fref%3Dsr_1_1113_sspa%3Fcrid%3D24IEEX0MBW072%26keywords%3Djeans%26qid%3D1728139642%26sprefix%3Djeans%252Caps%252C212%26sr%3D8-1113-spons%26sp_csd%3Dd2lkZ2V0TmFtZT1zcF9idGY%26psc%3D1,Levi's,"₹1,439₹1,439 M.R.P: ₹3,199₹3,199 (55% off)",100+ bought in past month,Levi's,4.0 out of 5 stars 29  , FREE Delivery by Amazon
433,https://www.amazon.in/sspa/click?ie=UTF8&spc=MTozMTExMDc5NDA5MjIxMDk1OjE3MjgxMzk2NDI6c3BfYnRmOjMwMDM0NTMwNTQwMDYzMjo6MDo6&url=%2FNeoStreak-Mens-Regular-Jeans-neoepsreg_Light%2Fdp%2FB0D2CZQMLH%2Fref%3Dsr_1_1114_sspa%3Fcrid%3D24IEEX0MBW072%26keywords%3Djeans%26qid%3D1728139642%26sprefix%3Djeans%252Caps%252C212%26sr%3D8-1114-spons%26sp_csd%3Dd2lkZ2V0TmFtZT1zcF9idGY%26psc%3D1,Neostreak,"₹629₹629 M.R.P: ₹2,199₹2,199 (71% off)",M.R.P: ,Neostreak,3.6 out of 5 stars 34  , FREE Delivery by Amazon
434,https://www.amazon.in/sspa/click?ie=UTF8&spc=MTozMTExMDc5NDA5MjIxMDk1OjE3MjgxMzk2NDI6c3BfYnRmOjMwMDE0NzQzMjc2NDQzMjo6MDo6&url=%2FPepe-Jeans-Mens-PM206827Q05_Light-Used_32%2Fdp%2FB0B7B5BPFC%2Fref%3Dsr_1_1115_sspa%3Fcrid%3D24IEEX0MBW072%26keywords%3Djeans%26qid%3D1728139642%26sprefix%3Djeans%252Caps%252C212%26sr%3D8-1115-spons%26sp_csd%3Dd2lkZ2V0TmFtZT1zcF9idGY%26psc%3D1,Pepe Jeans,"₹1,299₹1,299 M.R.P: ₹3,599₹3,599 (64% off)",50+ bought in past month,Pepe Jeans,3.7 out of 5 stars 105  , FREE Delivery by Amazon
435,https://www.amazon.in/sspa/click?ie=UTF8&spc=MToyMjYwMDIzODkxMDMzNjU6MTcyODEzOTUyODpzcF9idGY6MzAwMjYwODc4MjMxMDMyOjowOjo&url=%2FPepe-Jeans-Mens-Regular-PM207078Q031_Dark%2Fdp%2FB0BQHRC11V%2Fref%3Dsr_1_58_sspa%3Fcrid%3D24IEEX0MBW072%26dib%3DeyJ2IjoiMSJ9.loW9tDrkb73dvNPalTNrmPld8m7huH6cF5g_YkNmEAm9qODA-taMg5ibmmJXAdn3w18_Ama_S4836s1iM1YtBIdpk_a88sovlz0jYKb8UgeyxfvDd1yNA7BrvReQL8dHeTsmBCUr4vG9wTfYE_IXjcEtx4Z9Yg_WV3zVa7cZhyV3SPxEo2p1Htxigkn7RWNyKzINhtwKuJdv5R3jaMrGucUaA8BClw9zNNqjHAMpciugupuFm20Jj8eOG6lU42dRYTXf80v8ApAF0EChkl1-KMQjfTn99KKJ17d9OvtZONs.gM2UxYQACutxLYDMZ0XW9AekUQGSbRmRfPruooS2c3Q%26dib_tag%3Dse%26keywords%3Djeans%26qid%3D1728139528%26sprefix%3Djeans%252Caps%252C212%26sr%3D8-58-spons%26sp_csd%3Dd2lkZ2V0TmFtZT1zcF9idGY%26psc%3D1,Pepe Jeans,"₹1,039₹1,039 M.R.P: ₹3,999₹3,999 (74% off)",M.R.P: ,Pepe Jeans,5.0 out of 5 stars 1  , FREE Delivery by Amazon
436,https://www.amazon.in/sspa/click?ie=UTF8&spc=MTozMTExMDc5NDA5MjIxMDk1OjE3MjgxMzk2NDI6c3BfYnRmOjMwMDI2MDg3ODIyNjczMjo6MDo6&url=%2FPepe-Jeans-Mens-Slim-PM207431Q031_Dark%2Fdp%2FB0CG9P1NJ6%2Fref%3Dsr_1_1116_sspa%3Fcrid%3D24IEEX0MBW072%26keywords%3Djeans%26qid%3D1728139642%26sprefix%3Djeans%252Caps%252C212%26sr%3D8-1116-spons%26sp_csd%3Dd2lkZ2V0TmFtZT1zcF9idGY%26psc%3D1,Pepe Jeans,"₹1,699₹1,699 M.R.P: ₹3,399₹3,399 (50% off)",M.R.P: ,Pepe Jeans,4.1 out of 5 stars 24  , FREE Delivery by Amazon
437,https://www.amazon.in/sspa/click?ie=UTF8&spc=MToyMjYwMDIzODkxMDMzNjU6MTcyODEzOTUyODpzcF9idGY6MzAwMzQ2ODUyNzY3MjMyOjowOjo&url=%2FAllen-Solly-Chino-Skinny-ALDNVSKF586306_Navy_32%2Fdp%2FB099NN4YQJ%2Fref%3Dsr_1_59_sspa%3Fcrid%3D24IEEX0MBW072%26dib%3DeyJ2IjoiMSJ9.loW9tDrkb73dvNPalTNrmPld8m7huH6cF5g_YkNmEAm9qODA-taMg5ibmmJXAdn3w18_Ama_S4836s1iM1YtBIdpk_a88sovlz0jYKb8UgeyxfvDd1yNA7BrvReQL8dHeTsmBCUr4vG9wTfYE_IXjcEtx4Z9Yg_WV3zVa7cZhyV3SPxEo2p1Htxigkn7RWNyKzINhtwKuJdv5R3jaMrGucUaA8BClw9zNNqjHAMpciugupuFm20Jj8eOG6lU42dRYTXf80v8ApAF0EChkl1-KMQjfTn99KKJ17d9OvtZONs.gM2UxYQACutxLYDMZ0XW9AekUQGSbRmRfPruooS2c3Q%26dib_tag%3Dse%26keywords%3Djeans%26qid%3D1728139528%26sprefix%3Djeans%252Caps%252C212%26sr%3D8-59-spons%26sp_csd%3Dd2lkZ2V0TmFtZT1zcF9idGY%26psc%3D1,Allen Solly,"₹999₹999 M.R.P: ₹1,999₹1,999 (50% off)",M.R.P: ,Allen Solly,"3.5 out of 5 stars 1,050  ",FREE Delivery by Amazon
438,https://www.amazon.in/sspa/click?ie=UTF8&spc=MToyMjYwMDIzODkxMDMzNjU6MTcyODEzOTUyODpzcF9idGY6MzAwMTU1NDA0OTg0MTMyOjowOjo&url=%2FLymio-Jeans-Pants-Denim-Jeans-04-05%2Fdp%2FB0CTSJ7V5N%2Fref%3Dsr_1_60_sspa%3Fcrid%3D24IEEX0MBW072%26dib%3DeyJ2IjoiMSJ9.loW9tDrkb73dvNPalTNrmPld8m7huH6cF5g_YkNmEAm9qODA-taMg5ibmmJXAdn3w18_Ama_S4836s1iM1YtBIdpk_a88sovlz0jYKb8UgeyxfvDd1yNA7BrvReQL8dHeTsmBCUr4vG9wTfYE_IXjcEtx4Z9Yg_WV3zVa7cZhyV3SPxEo2p1Htxigkn7RWNyKzINhtwKuJdv5R3jaMrGucUaA8BClw9zNNqjHAMpciugupuFm20Jj8eOG6lU42dRYTXf80v8ApAF0EChkl1-KMQjfTn99KKJ17d9OvtZONs.gM2UxYQACutxLYDMZ0XW9AekUQGSbRmRfPruooS2c3Q%26dib_tag%3Dse%26keywords%3Djeans%26qid%3D1728139528%26sprefix%3Djeans%252Caps%252C212%26sr%3D8-60-spons%26sp_csd%3Dd2lkZ2V0TmFtZT1zcF9idGY%26psc%3D1,Lymio,"₹599₹599 M.R.P: ₹5,999₹5,999 (90% off)",600+ bought in past month,Lymio,"3.7 out of 5 stars 1,111  ", FREE Delivery by Amazon
439,https://www.amazon.in/sspa/click?ie=UTF8&spc=MTo2MDQyNjU3OTg3MjYyNzU2OjE3MjgxMzk1Mjg6c3Bfc2VhcmNoX3RoZW1hdGljX2J0ZjozMDAzNDc3MzU2NDQzMzI6OjA6Og&url=%2FLevis-Mens-Tapered-Jeans-A7086-0129_Blue%2Fdp%2FB08L5SHXQZ%2Fref%3Dsxbs_pa_sp_search_thematic_btf_sspa%3Fcontent-id%3Damzn1.sym.324128d2-2348-4bb9-a5fc-f58dc0a894e8%253Aamzn1.sym.324128d2-2348-4bb9-a5fc-f58dc0a894e8%26crid%3D24IEEX0MBW072%26cv_ct_cx%3Djeans%26dib%3DeyJ2IjoiMSJ9.BEYxA2WaZz9D3a26_oMl93xFGxeen9BwVrYdr7y-H0YF2KPNPXwKtTBLFx3tp1bSTJPjG9FiUWRpenEbciF9Lw.hus5nDjzokm4bs5pgb5QOg_ePXsDooNAIJK51ior1rE%26dib_tag%3Dse%26keywords%3Djeans%26pd_rd_i%3DB08L5SHXQZ%26pd_rd_r%3Ddc7f7570-31e8-416a-a957-cc4fb9f0ebf7%26pd_rd_w%3DS3sG7%26pd_rd_wg%3DtJk8P%26pf_rd_p%3D324128d2-2348-4bb9-a5fc-f58dc0a894e8%26pf_rd_r%3DQZNRHBQ61C582DFFT8AV%26qid%3D1728139528%26sbo%3DRZvfv%252F%252FHxDF%252BO5021pAnSA%253D%253D%26sprefix%3Djeans%252Caps%252C212%26sr%3D1-1-2907eac4-8056-42c7-8014-fdf7bd4c5395-spons%26sp_csd%3Dd2lkZ2V0TmFtZT1zcF9zZWFyY2hfdGhlbWF0aWNfYnRm%26psc%3D1,Levi's,"₹899₹899 M.R.P: ₹2,999₹2,999 (70% off)",300+ bought in past month,Levi's,4.5 out of 5 stars 2  , FREE Delivery by Amazon
440,https://www.amazon.in/sspa/click?ie=UTF8&spc=MTo2MDQyNjU3OTg3MjYyNzU2OjE3MjgxMzk1Mjg6c3Bfc2VhcmNoX3RoZW1hdGljX2J0ZjozMDAxNjk1MjE2MjQ0MzI6OjE6Og&url=%2FLevis-Mens-Tapered-Jeans-A7086-0112_Black%2Fdp%2FB0CRRWFV8S%2Fref%3Dsxbs_pa_sp_search_thematic_btf_sspa%3Fcontent-id%3Damzn1.sym.324128d2-2348-4bb9-a5fc-f58dc0a894e8%253Aamzn1.sym.324128d2-2348-4bb9-a5fc-f58dc0a894e8%26crid%3D24IEEX0MBW072%26cv_ct_cx%3Djeans%26dib%3DeyJ2IjoiMSJ9.BEYxA2WaZz9D3a26_oMl93xFGxeen9BwVrYdr7y-H0YF2KPNPXwKtTBLFx3tp1bSTJPjG9FiUWRpenEbciF9Lw.hus5nDjzokm4bs5pgb5QOg_ePXsDooNAIJK51ior1rE%26dib_tag%3Dse%26keywords%3Djeans%26pd_rd_i%3DB0CRRWFV8S%26pd_rd_r%3Ddc7f7570-31e8-416a-a957-cc4fb9f0ebf7%26pd_rd_w%3DS3sG7%26pd_rd_wg%3DtJk8P%26pf_rd_p%3D324128d2-2348-4bb9-a5fc-f58dc0a894e8%26pf_rd_r%3DQZNRHBQ61C582DFFT8AV%26qid%3D1728139528%26sbo%3DRZvfv%252F%252FHxDF%252BO5021pAnSA%253D%253D%26sprefix%3Djeans%252Caps%252C212%26sr%3D1-2-2907eac4-8056-42c7-8014-fdf7bd4c5395-spons%26sp_csd%3Dd2lkZ2V0TmFtZT1zcF9zZWFyY2hfdGhlbWF0aWNfYnRm%26psc%3D1,Levi's,"₹1,439₹1,439 M.R.P: ₹3,199₹3,199 (55% off)",200+ bought in past month,Levi's,4.0 out of 5 stars 29  , FREE Delivery by Amazon
441,https://www.amazon.in/sspa/click?ie=UTF8&spc=MTo2MDQyNjU3OTg3MjYyNzU2OjE3MjgxMzk1Mjg6c3Bfc2VhcmNoX3RoZW1hdGljX2J0ZjozMDAzMjg3OTExNDAyMzI6OjI6Og&url=%2FTURMS-Stretchable-Protactant-Breathable-Availbale%2Fdp%2FB0D9P8JSB1%2Fref%3Dsxbs_pa_sp_search_thematic_btf_sspa%3Fcontent-id%3Damzn1.sym.324128d2-2348-4bb9-a5fc-f58dc0a894e8%253Aamzn1.sym.324128d2-2348-4bb9-a5fc-f58dc0a894e8%26crid%3D24IEEX0MBW072%26cv_ct_cx%3Djeans%26dib%3DeyJ2IjoiMSJ9.BEYxA2WaZz9D3a26_oMl93xFGxeen9BwVrYdr7y-H0YF2KPNPXwKtTBLFx3tp1bSTJPjG9FiUWRpenEbciF9Lw.hus5nDjzokm4bs5pgb5QOg_ePXsDooNAIJK51ior1rE%26dib_tag%3Dse%26keywords%3Djeans%26pd_rd_i%3DB0D9P8JSB1%26pd_rd_r%3Ddc7f7570-31e8-416a-a957-cc4fb9f0ebf7%26pd_rd_w%3DS3sG7%26pd_rd_wg%3DtJk8P%26pf_rd_p%3D324128d2-2348-4bb9-a5fc-f58dc0a894e8%26pf_rd_r%3DQZNRHBQ61C582DFFT8AV%26qid%3D1728139528%26sbo%3DRZvfv%252F%252FHxDF%252BO5021pAnSA%253D%253D%26sprefix%3Djeans%252Caps%252C212%26sr%3D1-3-2907eac4-8056-42c7-8014-fdf7bd4c5395-spons%26sp_csd%3Dd2lkZ2V0TmFtZT1zcF9zZWFyY2hfdGhlbWF0aWNfYnRm%26psc%3D1,TURMS,"₹3,499₹3,499 M.R.P: ₹4,999₹4,999 (30% off)",M.R.P: ,TURMS,5.0 out of 5 stars 1  , FREE Delivery by Amazon
442,https://www.amazon.in/sspa/click?ie=UTF8&spc=MTo2MDQyNjU3OTg3MjYyNzU2OjE3MjgxMzk1Mjg6c3Bfc2VhcmNoX3RoZW1hdGljX2J0ZjozMDAyNjAxOTI1NDY2MzI6OjM6Og&url=%2FSpykar-Mens-Slim-Jeans-EMDKN1BD009_MID%2Fdp%2FB0CTMX98PS%2Fref%3Dsxbs_pa_sp_search_thematic_btf_sspa%3Fcontent-id%3Damzn1.sym.324128d2-2348-4bb9-a5fc-f58dc0a894e8%253Aamzn1.sym.324128d2-2348-4bb9-a5fc-f58dc0a894e8%26crid%3D24IEEX0MBW072%26cv_ct_cx%3Djeans%26dib%3DeyJ2IjoiMSJ9.BEYxA2WaZz9D3a26_oMl93xFGxeen9BwVrYdr7y-H0YF2KPNPXwKtTBLFx3tp1bSTJPjG9FiUWRpenEbciF9Lw.hus5nDjzokm4bs5pgb5QOg_ePXsDooNAIJK51ior1rE%26dib_tag%3Dse%26keywords%3Djeans%26pd_rd_i%3DB0CTMX98PS%26pd_rd_r%3Ddc7f7570-31e8-416a-a957-cc4fb9f0ebf7%26pd_rd_w%3DS3sG7%26pd_rd_wg%3DtJk8P%26pf_rd_p%3D324128d2-2348-4bb9-a5fc-f58dc0a894e8%26pf_rd_r%3DQZNRHBQ61C582DFFT8AV%26qid%3D1728139528%26sbo%3DRZvfv%252F%252FHxDF%252BO5021pAnSA%253D%253D%26sprefix%3Djeans%252Caps%252C212%26sr%3D1-4-2907eac4-8056-42c7-8014-fdf7bd4c5395-spons%26sp_csd%3Dd2lkZ2V0TmFtZT1zcF9zZWFyY2hfdGhlbWF0aWNfYnRm%26psc%3D1,Spykar,"₹899₹899 M.R.P: ₹3,299₹3,299 (73% off)",M.R.P: ,Spykar,4.1 out of 5 stars 8  ,FREE Delivery by Amazon
443,https://www.amazon.in/sspa/click?ie=UTF8&spc=MTo2MDQyNjU3OTg3MjYyNzU2OjE3MjgxMzk1Mjg6c3Bfc2VhcmNoX3RoZW1hdGljX2J0ZjozMDAyNjAzNzAzNDg4MzI6OjQ6Og&url=%2FSymbol-Premium-Airlite-Stretch-SP-S24-M-DNM-102_Mid-Grey_40%2Fdp%2FB0CSSGGV85%2Fref%3Dsxbs_pa_sp_search_thematic_btf_sspa%3Fcontent-id%3Damzn1.sym.324128d2-2348-4bb9-a5fc-f58dc0a894e8%253Aamzn1.sym.324128d2-2348-4bb9-a5fc-f58dc0a894e8%26crid%3D24IEEX0MBW072%26cv_ct_cx%3Djeans%26dib%3DeyJ2IjoiMSJ9.BEYxA2WaZz9D3a26_oMl93xFGxeen9BwVrYdr7y-H0YF2KPNPXwKtTBLFx3tp1bSTJPjG9FiUWRpenEbciF9Lw.hus5nDjzokm4bs5pgb5QOg_ePXsDooNAIJK51ior1rE%26dib_tag%3Dse%26keywords%3Djeans%26pd_rd_i%3DB0CSSGGV85%26pd_rd_r%3Ddc7f7570-31e8-416a-a957-cc4fb9f0ebf7%26pd_rd_w%3DS3sG7%26pd_rd_wg%3DtJk8P%26pf_rd_p%3D324128d2-2348-4bb9-a5fc-f58dc0a894e8%26pf_rd_r%3DQZNRHBQ61C582DFFT8AV%26qid%3D1728139528%26sbo%3DRZvfv%252F%252FHxDF%252BO5021pAnSA%253D%253D%26sprefix%3Djeans%252Caps%252C212%26sr%3D1-5-2907eac4-8056-42c7-8014-fdf7bd4c5395-spons%26sp_csd%3Dd2lkZ2V0TmFtZT1zcF9zZWFyY2hfdGhlbWF0aWNfYnRm%26psc%3D1,Symbol Premium,"₹1,499₹1,499 M.R.P: ₹3,599₹3,599 (58% off)",M.R.P: ,Symbol Premium,4.3 out of 5 stars 96  , FREE Delivery by Amazon
444,https://www.amazon.in/sspa/click?ie=UTF8&spc=MTo3NzA4MzM0MzgxNDA1Mjk3OjE3MjgxMzk1Mjg6c3Bfc2VhcmNoX3RoZW1hdGljOjMwMDIzMjUwNjA0NTIzMjo6MDo6&url=%2FBen-Martin-Black-Jeans-Loose%2Fdp%2FB0D76BYSTJ%2Fref%3Dsxin_15_pa_sp_search_thematic_sspa%3Fcontent-id%3Damzn1.sym.cd33fa60-47cd-49f3-80b8-24b1f0cbef97%253Aamzn1.sym.cd33fa60-47cd-49f3-80b8-24b1f0cbef97%26crid%3D24IEEX0MBW072%26cv_ct_cx%3Djeans%26dib%3DeyJ2IjoiMSJ9.JqiXJlv8DJ4B8kO5Jykma1xRJTGOTsesW_Bmn_6-n35uFYSqx1vX-pqWp4I4JnA_.0jSTjpQVQaTCvPjLoneX4gTsU6y-eBIV72ffuB10JWU%26dib_tag%3Dse%26keywords%3Djeans%26pd_rd_i%3DB0D76BYSTJ%26pd_rd_r%3D300a8249-9296-46b7-be92-81c488f4df4c%26pd_rd_w%3DA1Rm2%26pd_rd_wg%3DA6QEr%26pf_rd_p%3Dcd33fa60-47cd-49f3-80b8-24b1f0cbef97%26pf_rd_r%3DQZNRHBQ61C582DFFT8AV%26qid%3D1728139528%26sbo%3DTc8eqSFhUl4VwMzbE4fw%252Fw%253D%253D%26sprefix%3Djeans%252Caps%252C212%26sr%3D1-1-ced4eeeb-b190-41d6-902a-1ecb3fb8b7c4-spons%26sp_csd%3Dd2lkZ2V0TmFtZT1zcF9zZWFyY2hfdGhlbWF0aWM%26psc%3D1,Ben Martin,"₹699₹699 M.R.P: ₹2,999₹2,999 (77% off)",100+ bought in past month,Ben Martin,4.1 out of 5 stars 139  , FREE Delivery by Amazon
445,https://www.amazon.in/sspa/click?ie=UTF8&spc=MTo3NjkyMDQ1MDI0NzAxMTU6MTcyODEzOTU0ODpzcF9hdGZfbmV4dDozMDAzNDc3MzU2NDUzMzI6OjA6Og&url=%2FLevis-Mens-Slim-Jeans-A7087-0143_Black%2Fdp%2FB0D35Q9BDB%2Fref%3Dsr_1_50_sspa%3Fcrid%3D24IEEX0MBW072%26dib%3DeyJ2IjoiMSJ9.iOTPPIxnfvom1gEgKyfiocFu74GJgNhnnRwwmbWhS_xNlVOrqwev6QwGP61rrA5qkUSg18Q0MX2VqnHHUaItuKcZ6PPyMJivGudalMdldO8MPnix58MQjqVAjt7uBq1bZFWgw6D4LpCD4awD4k5Xk6w2TnjMfdEPiJz2juDEfwXsT-MTmEw5F1QgQceaz673lm3fNUi_55Ma18Rgc049gDwa7cWngMJWbHAkif10o93BhJXIY2aYoZNW34WenVibPW59I3Y9_-eQiBHr0HhqjUuz1NSolPPNTtP5lYnQ5i4.0ZbmuhyKk-Sk4FOeOjeyk0eYDwBJxwxvsIkAbpjs7Fw%26dib_tag%3Dse%26keywords%3Djeans%26qid%3D1728139548%26sprefix%3Djeans%252Caps%252C212%26sr%3D8-50-spons%26sp_csd%3Dd2lkZ2V0TmFtZT1zcF9hdGZfbmV4dA%26psc%3D1,Levi's,"₹999₹999 M.R.P: ₹2,999₹2,999 (67% off)",200+ bought in past month,Levi's,"3.9 out of 5 stars 1,275  ", FREE Delivery by Amazon
446,https://www.amazon.in/sspa/click?ie=UTF8&spc=MTo3NjkyMDQ1MDI0NzAxMTU6MTcyODEzOTU0ODpzcF9hdGZfbmV4dDozMDAxMzk4NjU1MzE4MzI6OjA6Og&url=%2FPepe-Jeans-Straight-PM206823J671_MED-Used_28%2Fdp%2FB0B7B2BRGL%2Fref%3Dsr_1_51_sspa%3Fcrid%3D24IEEX0MBW072%26dib%3DeyJ2IjoiMSJ9.iOTPPIxnfvom1gEgKyfiocFu74GJgNhnnRwwmbWhS_xNlVOrqwev6QwGP61rrA5qkUSg18Q0MX2VqnHHUaItuKcZ6PPyMJivGudalMdldO8MPnix58MQjqVAjt7uBq1bZFWgw6D4LpCD4awD4k5Xk6w2TnjMfdEPiJz2juDEfwXsT-MTmEw5F1QgQceaz673lm3fNUi_55Ma18Rgc049gDwa7cWngMJWbHAkif10o93BhJXIY2aYoZNW34WenVibPW59I3Y9_-eQiBHr0HhqjUuz1NSolPPNTtP5lYnQ5i4.0ZbmuhyKk-Sk4FOeOjeyk0eYDwBJxwxvsIkAbpjs7Fw%26dib_tag%3Dse%26keywords%3Djeans%26qid%3D1728139548%26sprefix%3Djeans%252Caps%252C212%26sr%3D8-51-spons%26sp_csd%3Dd2lkZ2V0TmFtZT1zcF9hdGZfbmV4dA%26psc%3D1,Pepe Jeans,"₹899₹899 M.R.P: ₹3,599₹3,599 (75% off)",M.R.P: ,Pepe Jeans,3.7 out of 5 stars 21  , FREE Delivery by Amazon
447,https://www.amazon.in/sspa/click?ie=UTF8&spc=MTo3NjkyMDQ1MDI0NzAxMTU6MTcyODEzOTU0ODpzcF9hdGZfbmV4dDozMDAyNDc2NTcxOTE3MzI6OjA6Og&url=%2FPepe-Jeans-Mens-Regular-PM207094Q033_Dark%2Fdp%2FB0BQHPYMR3%2Fref%3Dsr_1_52_sspa%3Fcrid%3D24IEEX0MBW072%26dib%3DeyJ2IjoiMSJ9.iOTPPIxnfvom1gEgKyfiocFu74GJgNhnnRwwmbWhS_xNlVOrqwev6QwGP61rrA5qkUSg18Q0MX2VqnHHUaItuKcZ6PPyMJivGudalMdldO8MPnix58MQjqVAjt7uBq1bZFWgw6D4LpCD4awD4k5Xk6w2TnjMfdEPiJz2juDEfwXsT-MTmEw5F1QgQceaz673lm3fNUi_55Ma18Rgc049gDwa7cWngMJWbHAkif10o93BhJXIY2aYoZNW34WenVibPW59I3Y9_-eQiBHr0HhqjUuz1NSolPPNTtP5lYnQ5i4.0ZbmuhyKk-Sk4FOeOjeyk0eYDwBJxwxvsIkAbpjs7Fw%26dib_tag%3Dse%26keywords%3Djeans%26qid%3D1728139548%26sprefix%3Djeans%252Caps%252C212%26sr%3D8-52-spons%26sp_csd%3Dd2lkZ2V0TmFtZT1zcF9hdGZfbmV4dA%26psc%3D1,Pepe Jeans,"₹1,599₹1,599 M.R.P: ₹3,999₹3,999 (60% off)",M.R.P: ,Pepe Jeans,2.3 out of 5 stars 7  , FREE Delivery by Amazon
448,https://www.amazon.in/Pepe-Jeans-Straight-PM206823J671_MED-Used_32/dp/B0B7B8B2W4/ref=sr_1_53?crid=24IEEX0MBW072&dib=eyJ2IjoiMSJ9.iOTPPIxnfvom1gEgKyfiocFu74GJgNhnnRwwmbWhS_xNlVOrqwev6QwGP61rrA5qkUSg18Q0MX2VqnHHUaItuKcZ6PPyMJivGudalMdldO8MPnix58MQjqVAjt7uBq1bZFWgw6D4LpCD4awD4k5Xk6w2TnjMfdEPiJz2juDEfwXsT-MTmEw5F1QgQceaz673lm3fNUi_55Ma18Rgc049gDwa7cWngMJWbHAkif10o93BhJXIY2aYoZNW34WenVibPW59I3Y9_-eQiBHr0HhqjUuz1NSolPPNTtP5lYnQ5i4.0ZbmuhyKk-Sk4FOeOjeyk0eYDwBJxwxvsIkAbpjs7Fw&dib_tag=se&keywords=jeans&qid=1728139548&sprefix=jeans%2Caps%2C212&sr=8-53,Pepe Jeans,"₹899₹899 M.R.P: ₹3,599₹3,599 (75% off)",M.R.P: ,Pepe Jeans,3.4 out of 5 stars 12  , FREE Delivery by Amazon
449,https://www.amazon.in/Jeans-Stylish-Regular-Jeans-15-17-Light/dp/B0D91TCK8V/ref=sr_1_55?crid=24IEEX0MBW072&dib=eyJ2IjoiMSJ9.iOTPPIxnfvom1gEgKyfiocFu74GJgNhnnRwwmbWhS_xNlVOrqwev6QwGP61rrA5qkUSg18Q0MX2VqnHHUaItuKcZ6PPyMJivGudalMdldO8MPnix58MQjqVAjt7uBq1bZFWgw6D4LpCD4awD4k5Xk6w2TnjMfdEPiJz2juDEfwXsT-MTmEw5F1QgQceaz673lm3fNUi_55Ma18Rgc049gDwa7cWngMJWbHAkif10o93BhJXIY2aYoZNW34WenVibPW59I3Y9_-eQiBHr0HhqjUuz1NSolPPNTtP5lYnQ5i4.0ZbmuhyKk-Sk4FOeOjeyk0eYDwBJxwxvsIkAbpjs7Fw&dib_tag=se&keywords=jeans&qid=1728139548&sprefix=jeans%2Caps%2C212&sr=8-55,Lymio,"₹599₹599 M.R.P: ₹4,999₹4,999 (88% off)",M.R.P: ,Lymio,4.8 out of 5 stars 95  , FREE Delivery by Amazon
450,https://www.amazon.in/gp/bestsellers/apparel/1968447031/ref=sr_bs_8_1968447031_1,KOTTY,"₹426₹426 M.R.P: ₹1,999₹1,999 (79% off)",200+ bought in past month,KOTTY,"3.7 out of 5 stars 6,110  ",FREE Delivery by Amazon
451,https://www.amazon.in/Amazon-Brand-Relaxed-SS20-NS-SY-RS01_Medium-Grey_38W/dp/B085J6RMKP/ref=sr_1_58?crid=24IEEX0MBW072&dib=eyJ2IjoiMSJ9.iOTPPIxnfvom1gEgKyfiocFu74GJgNhnnRwwmbWhS_xNlVOrqwev6QwGP61rrA5qkUSg18Q0MX2VqnHHUaItuKcZ6PPyMJivGudalMdldO8MPnix58MQjqVAjt7uBq1bZFWgw6D4LpCD4awD4k5Xk6w2TnjMfdEPiJz2juDEfwXsT-MTmEw5F1QgQceaz673lm3fNUi_55Ma18Rgc049gDwa7cWngMJWbHAkif10o93BhJXIY2aYoZNW34WenVibPW59I3Y9_-eQiBHr0HhqjUuz1NSolPPNTtP5lYnQ5i4.0ZbmuhyKk-Sk4FOeOjeyk0eYDwBJxwxvsIkAbpjs7Fw&dib_tag=se&keywords=jeans&qid=1728139548&sprefix=jeans%2Caps%2C212&sr=8-58,Amazon Brand - Symbol,"₹669₹669 M.R.P: ₹1,899₹1,899 (65% off)",100+ bought in past month,Amazon Brand - Symbol,"3.7 out of 5 stars 3,528  ", FREE Delivery by Amazon
452,https://www.amazon.in/Ben-Martin-Jeans-Pants-Baggy/dp/B0DGTS9BJG/ref=sr_1_59?crid=24IEEX0MBW072&dib=eyJ2IjoiMSJ9.iOTPPIxnfvom1gEgKyfiocFu74GJgNhnnRwwmbWhS_xNlVOrqwev6QwGP61rrA5qkUSg18Q0MX2VqnHHUaItuKcZ6PPyMJivGudalMdldO8MPnix58MQjqVAjt7uBq1bZFWgw6D4LpCD4awD4k5Xk6w2TnjMfdEPiJz2juDEfwXsT-MTmEw5F1QgQceaz673lm3fNUi_55Ma18Rgc049gDwa7cWngMJWbHAkif10o93BhJXIY2aYoZNW34WenVibPW59I3Y9_-eQiBHr0HhqjUuz1NSolPPNTtP5lYnQ5i4.0ZbmuhyKk-Sk4FOeOjeyk0eYDwBJxwxvsIkAbpjs7Fw&dib_tag=se&keywords=jeans&qid=1728139548&sprefix=jeans%2Caps%2C212&sr=8-59,Ben Martin,"₹699₹699 M.R.P: ₹2,999₹2,999 (77% off)",M.R.P: ,Ben Martin,4.3 out of 5 stars 38  , FREE Delivery by Amazon
453,https://www.amazon.in/sspa/click?ie=UTF8&spc=MTo3NzA4MzM0MzgxNDA1Mjk3OjE3MjgxMzk1Mjg6c3Bfc2VhcmNoX3RoZW1hdGljOjMwMDIxNzA5MjI0NDEzMjo6MTo6&url=%2FTAGDO-Regular-Causal-Trouser-Jeans-Pocket-5170-Beige-28%2Fdp%2FB0CYH9WSPS%2Fref%3Dsxin_15_pa_sp_search_thematic_sspa%3Fcontent-id%3Damzn1.sym.cd33fa60-47cd-49f3-80b8-24b1f0cbef97%253Aamzn1.sym.cd33fa60-47cd-49f3-80b8-24b1f0cbef97%26crid%3D24IEEX0MBW072%26cv_ct_cx%3Djeans%26dib%3DeyJ2IjoiMSJ9.JqiXJlv8DJ4B8kO5Jykma1xRJTGOTsesW_Bmn_6-n35uFYSqx1vX-pqWp4I4JnA_.0jSTjpQVQaTCvPjLoneX4gTsU6y-eBIV72ffuB10JWU%26dib_tag%3Dse%26keywords%3Djeans%26pd_rd_i%3DB0CYH9WSPS%26pd_rd_r%3D300a8249-9296-46b7-be92-81c488f4df4c%26pd_rd_w%3DA1Rm2%26pd_rd_wg%3DA6QEr%26pf_rd_p%3Dcd33fa60-47cd-49f3-80b8-24b1f0cbef97%26pf_rd_r%3DQZNRHBQ61C582DFFT8AV%26qid%3D1728139528%26sbo%3DRZvfv%252F%252FHxDF%252BO5021pAnSA%253D%253D%26sprefix%3Djeans%252Caps%252C212%26sr%3D1-2-ced4eeeb-b190-41d6-902a-1ecb3fb8b7c4-spons%26sp_csd%3Dd2lkZ2V0TmFtZT1zcF9zZWFyY2hfdGhlbWF0aWM%26psc%3D1,TAGDO,"₹449₹449 M.R.P: ₹1,999₹1,999 (78% off)",M.R.P: ,TAGDO,4.3 out of 5 stars 119  ,FREE Delivery by Amazon
454,https://www.amazon.in/Levis-Mens-Jeans-18298-1251_Washed-Black_34/dp/B09Z75FPV9/ref=sr_1_61?crid=24IEEX0MBW072&dib=eyJ2IjoiMSJ9.iOTPPIxnfvom1gEgKyfiocFu74GJgNhnnRwwmbWhS_xNlVOrqwev6QwGP61rrA5qkUSg18Q0MX2VqnHHUaItuKcZ6PPyMJivGudalMdldO8MPnix58MQjqVAjt7uBq1bZFWgw6D4LpCD4awD4k5Xk6w2TnjMfdEPiJz2juDEfwXsT-MTmEw5F1QgQceaz673lm3fNUi_55Ma18Rgc049gDwa7cWngMJWbHAkif10o93BhJXIY2aYoZNW34WenVibPW59I3Y9_-eQiBHr0HhqjUuz1NSolPPNTtP5lYnQ5i4.0ZbmuhyKk-Sk4FOeOjeyk0eYDwBJxwxvsIkAbpjs7Fw&dib_tag=se&keywords=jeans&qid=1728139548&sprefix=jeans%2Caps%2C212&sr=8-61,Levi's,"₹1,529₹1,529 M.R.P: ₹3,399₹3,399 (55% off)",100+ bought in past month,Levi's,3.7 out of 5 stars 586  , FREE Delivery by Amazon
455,https://www.amazon.in/KOTTY-Womens-Cotton-Lycra-Jeans/dp/B09174LR32/ref=sr_1_62?crid=24IEEX0MBW072&dib=eyJ2IjoiMSJ9.iOTPPIxnfvom1gEgKyfiocFu74GJgNhnnRwwmbWhS_xNlVOrqwev6QwGP61rrA5qkUSg18Q0MX2VqnHHUaItuKcZ6PPyMJivGudalMdldO8MPnix58MQjqVAjt7uBq1bZFWgw6D4LpCD4awD4k5Xk6w2TnjMfdEPiJz2juDEfwXsT-MTmEw5F1QgQceaz673lm3fNUi_55Ma18Rgc049gDwa7cWngMJWbHAkif10o93BhJXIY2aYoZNW34WenVibPW59I3Y9_-eQiBHr0HhqjUuz1NSolPPNTtP5lYnQ5i4.0ZbmuhyKk-Sk4FOeOjeyk0eYDwBJxwxvsIkAbpjs7Fw&dib_tag=se&keywords=jeans&qid=1728139548&sprefix=jeans%2Caps%2C212&sr=8-62,KOTTY,"₹399₹399 M.R.P: ₹1,999₹1,999 (80% off)",200+ bought in past month,KOTTY,3.8 out of 5 stars 190  ,FREE Delivery by Amazon
456,https://www.amazon.in/KETCH-Mens-Skinny-Jeans-KHJN000207_Blue_34/dp/B0B7S5M1DN/ref=sr_1_63?crid=24IEEX0MBW072&dib=eyJ2IjoiMSJ9.iOTPPIxnfvom1gEgKyfiocFu74GJgNhnnRwwmbWhS_xNlVOrqwev6QwGP61rrA5qkUSg18Q0MX2VqnHHUaItuKcZ6PPyMJivGudalMdldO8MPnix58MQjqVAjt7uBq1bZFWgw6D4LpCD4awD4k5Xk6w2TnjMfdEPiJz2juDEfwXsT-MTmEw5F1QgQceaz673lm3fNUi_55Ma18Rgc049gDwa7cWngMJWbHAkif10o93BhJXIY2aYoZNW34WenVibPW59I3Y9_-eQiBHr0HhqjUuz1NSolPPNTtP5lYnQ5i4.0ZbmuhyKk-Sk4FOeOjeyk0eYDwBJxwxvsIkAbpjs7Fw&dib_tag=se&keywords=jeans&qid=1728139548&sprefix=jeans%2Caps%2C212&sr=8-63,KETCH,"₹539₹539 M.R.P: ₹1,799₹1,799 (70% off)",100+ bought in past month,KETCH,3.3 out of 5 stars 251  , FREE Delivery by Amazon
457,https://www.amazon.in/Peter-England-Skinny-Jeans-PJDNPSKPQ40380_Navy_34/dp/B0BKQ9C3QC/ref=sr_1_64?crid=24IEEX0MBW072&dib=eyJ2IjoiMSJ9.iOTPPIxnfvom1gEgKyfiocFu74GJgNhnnRwwmbWhS_xNlVOrqwev6QwGP61rrA5qkUSg18Q0MX2VqnHHUaItuKcZ6PPyMJivGudalMdldO8MPnix58MQjqVAjt7uBq1bZFWgw6D4LpCD4awD4k5Xk6w2TnjMfdEPiJz2juDEfwXsT-MTmEw5F1QgQceaz673lm3fNUi_55Ma18Rgc049gDwa7cWngMJWbHAkif10o93BhJXIY2aYoZNW34WenVibPW59I3Y9_-eQiBHr0HhqjUuz1NSolPPNTtP5lYnQ5i4.0ZbmuhyKk-Sk4FOeOjeyk0eYDwBJxwxvsIkAbpjs7Fw&dib_tag=se&keywords=jeans&qid=1728139548&sprefix=jeans%2Caps%2C212&sr=8-64,Peter England,"₹899₹899 M.R.P: ₹1,999₹1,999 (55% off)",100+ bought in past month,Peter England,3.7 out of 5 stars 193  , FREE Delivery by Amazon
458,https://www.amazon.in/GRECIILOOKS-Mens-Regular-Jeans-GL-MJ-01_Black_34/dp/B0CKR5KN7L/ref=sr_1_66?crid=24IEEX0MBW072&dib=eyJ2IjoiMSJ9.iOTPPIxnfvom1gEgKyfiocFu74GJgNhnnRwwmbWhS_xNlVOrqwev6QwGP61rrA5qkUSg18Q0MX2VqnHHUaItuKcZ6PPyMJivGudalMdldO8MPnix58MQjqVAjt7uBq1bZFWgw6D4LpCD4awD4k5Xk6w2TnjMfdEPiJz2juDEfwXsT-MTmEw5F1QgQceaz673lm3fNUi_55Ma18Rgc049gDwa7cWngMJWbHAkif10o93BhJXIY2aYoZNW34WenVibPW59I3Y9_-eQiBHr0HhqjUuz1NSolPPNTtP5lYnQ5i4.0ZbmuhyKk-Sk4FOeOjeyk0eYDwBJxwxvsIkAbpjs7Fw&dib_tag=se&keywords=jeans&qid=1728139548&sprefix=jeans%2Caps%2C212&sr=8-66,GRECIILOOKS,"₹599₹599 M.R.P: ₹2,299₹2,299 (74% off)",200+ bought in past month,GRECIILOOKS,3.9 out of 5 stars 495  , FREE Delivery by Amazon
459,https://www.amazon.in/Lymio-Jeans-Cargo-09-10-Blue/dp/B0D6N7Z3NC/ref=sr_1_67?crid=24IEEX0MBW072&dib=eyJ2IjoiMSJ9.iOTPPIxnfvom1gEgKyfiocFu74GJgNhnnRwwmbWhS_xNlVOrqwev6QwGP61rrA5qkUSg18Q0MX2VqnHHUaItuKcZ6PPyMJivGudalMdldO8MPnix58MQjqVAjt7uBq1bZFWgw6D4LpCD4awD4k5Xk6w2TnjMfdEPiJz2juDEfwXsT-MTmEw5F1QgQceaz673lm3fNUi_55Ma18Rgc049gDwa7cWngMJWbHAkif10o93BhJXIY2aYoZNW34WenVibPW59I3Y9_-eQiBHr0HhqjUuz1NSolPPNTtP5lYnQ5i4.0ZbmuhyKk-Sk4FOeOjeyk0eYDwBJxwxvsIkAbpjs7Fw&dib_tag=se&keywords=jeans&qid=1728139548&sprefix=jeans%2Caps%2C212&sr=8-67,Lymio,"₹699₹699 M.R.P: ₹3,999₹3,999 (83% off)",200+ bought in past month,Lymio,4.0 out of 5 stars 243  , FREE Delivery by Amazon
460,https://www.amazon.in/sspa/click?ie=UTF8&spc=MTo3NzA4MzM0MzgxNDA1Mjk3OjE3MjgxMzk1Mjg6c3Bfc2VhcmNoX3RoZW1hdGljOjIwMTYzMjk1ODI1MDk4OjoyOjo&url=%2FM-R-Fashion-Regular-Stretch%2Fdp%2FB07NM9VR5H%2Fref%3Dsxin_15_pa_sp_search_thematic_sspa%3Fcontent-id%3Damzn1.sym.cd33fa60-47cd-49f3-80b8-24b1f0cbef97%253Aamzn1.sym.cd33fa60-47cd-49f3-80b8-24b1f0cbef97%26crid%3D24IEEX0MBW072%26cv_ct_cx%3Djeans%26dib%3DeyJ2IjoiMSJ9.JqiXJlv8DJ4B8kO5Jykma1xRJTGOTsesW_Bmn_6-n35uFYSqx1vX-pqWp4I4JnA_.0jSTjpQVQaTCvPjLoneX4gTsU6y-eBIV72ffuB10JWU%26dib_tag%3Dse%26keywords%3Djeans%26pd_rd_i%3DB07NM9VR5H%26pd_rd_r%3D300a8249-9296-46b7-be92-81c488f4df4c%26pd_rd_w%3DA1Rm2%26pd_rd_wg%3DA6QEr%26pf_rd_p%3Dcd33fa60-47cd-49f3-80b8-24b1f0cbef97%26pf_rd_r%3DQZNRHBQ61C582DFFT8AV%26qid%3D1728139528%26sbo%3DRZvfv%252F%252FHxDF%252BO5021pAnSA%253D%253D%26sprefix%3Djeans%252Caps%252C212%26sr%3D1-3-ced4eeeb-b190-41d6-902a-1ecb3fb8b7c4-spons%26sp_csd%3Dd2lkZ2V0TmFtZT1zcF9zZWFyY2hfdGhlbWF0aWM%26psc%3D1,M. R. Fashion,"₹809₹809 M.R.P: ₹1,499₹1,499 (46% off)",M.R.P: ,M. R. Fashion,4.0 out of 5 stars 155  , 
461,https://www.amazon.in/sspa/click?ie=UTF8&spc=MTo3NjkyMDQ1MDI0NzAxMTU6MTcyODEzOTU0ODpzcF9tdGY6MzAwMTU5MzE2NDM1NDMyOjowOjo&url=%2FLevis-Mens-Jeans-18298-1257_Mid-Indigo_32%2Fdp%2FB09Z77HGDR%2Fref%3Dsr_1_70_sspa%3Fcrid%3D24IEEX0MBW072%26dib%3DeyJ2IjoiMSJ9.iOTPPIxnfvom1gEgKyfiocFu74GJgNhnnRwwmbWhS_xNlVOrqwev6QwGP61rrA5qkUSg18Q0MX2VqnHHUaItuKcZ6PPyMJivGudalMdldO8MPnix58MQjqVAjt7uBq1bZFWgw6D4LpCD4awD4k5Xk6w2TnjMfdEPiJz2juDEfwXsT-MTmEw5F1QgQceaz673lm3fNUi_55Ma18Rgc049gDwa7cWngMJWbHAkif10o93BhJXIY2aYoZNW34WenVibPW59I3Y9_-eQiBHr0HhqjUuz1NSolPPNTtP5lYnQ5i4.0ZbmuhyKk-Sk4FOeOjeyk0eYDwBJxwxvsIkAbpjs7Fw%26dib_tag%3Dse%26keywords%3Djeans%26qid%3D1728139548%26sprefix%3Djeans%252Caps%252C212%26sr%3D8-70-spons%26sp_csd%3Dd2lkZ2V0TmFtZT1zcF9tdGY%26psc%3D1,Levi's,"₹1,529₹1,529 M.R.P: ₹3,399₹3,399 (55% off)",200+ bought in past month,Levi's,3.7 out of 5 stars 586  , FREE Delivery by Amazon
462,https://www.amazon.in/sspa/click?ie=UTF8&spc=MTo3NjkyMDQ1MDI0NzAxMTU6MTcyODEzOTU0ODpzcF9tdGY6MzAwMjQzMDUyNzU0OTMyOjowOjo&url=%2FAllen-Solly-Skinny-Jeans-ALDNVSKFT51745_Navy_34%2Fdp%2FB099NT8XGH%2Fref%3Dsr_1_71_sspa%3Fcrid%3D24IEEX0MBW072%26dib%3DeyJ2IjoiMSJ9.iOTPPIxnfvom1gEgKyfiocFu74GJgNhnnRwwmbWhS_xNlVOrqwev6QwGP61rrA5qkUSg18Q0MX2VqnHHUaItuKcZ6PPyMJivGudalMdldO8MPnix58MQjqVAjt7uBq1bZFWgw6D4LpCD4awD4k5Xk6w2TnjMfdEPiJz2juDEfwXsT-MTmEw5F1QgQceaz673lm3fNUi_55Ma18Rgc049gDwa7cWngMJWbHAkif10o93BhJXIY2aYoZNW34WenVibPW59I3Y9_-eQiBHr0HhqjUuz1NSolPPNTtP5lYnQ5i4.0ZbmuhyKk-Sk4FOeOjeyk0eYDwBJxwxvsIkAbpjs7Fw%26dib_tag%3Dse%26keywords%3Djeans%26qid%3D1728139548%26sprefix%3Djeans%252Caps%252C212%26sr%3D8-71-spons%26sp_csd%3Dd2lkZ2V0TmFtZT1zcF9tdGY%26psc%3D1,Allen Solly,"₹879₹879 M.R.P: ₹2,199₹2,199 (60% off)",100+ bought in past month,Allen Solly,3.5 out of 5 stars 395  , FREE Delivery by Amazon
463,https://www.amazon.in/Ben-Martin-Stretchable-Cotton-JJ3-23/dp/B0CZHRRPVT/ref=sr_1_74?crid=24IEEX0MBW072&dib=eyJ2IjoiMSJ9.iOTPPIxnfvom1gEgKyfiocFu74GJgNhnnRwwmbWhS_xNlVOrqwev6QwGP61rrA5qkUSg18Q0MX2VqnHHUaItuKcZ6PPyMJivGudalMdldO8MPnix58MQjqVAjt7uBq1bZFWgw6D4LpCD4awD4k5Xk6w2TnjMfdEPiJz2juDEfwXsT-MTmEw5F1QgQceaz673lm3fNUi_55Ma18Rgc049gDwa7cWngMJWbHAkif10o93BhJXIY2aYoZNW34WenVibPW59I3Y9_-eQiBHr0HhqjUuz1NSolPPNTtP5lYnQ5i4.0ZbmuhyKk-Sk4FOeOjeyk0eYDwBJxwxvsIkAbpjs7Fw&dib_tag=se&keywords=jeans&qid=1728139548&sprefix=jeans%2Caps%2C212&sr=8-74,Ben Martin,"₹499₹499 M.R.P: ₹2,999₹2,999 (83% off)",M.R.P: ,Ben Martin,4.1 out of 5 stars 22  , FREE Delivery by Amazon
464,https://www.amazon.in/Urbano-Plus-Regular-Stretchable-plusepsp-mblue-42/dp/B098P7QDTH/ref=sr_1_75?crid=24IEEX0MBW072&dib=eyJ2IjoiMSJ9.iOTPPIxnfvom1gEgKyfiocFu74GJgNhnnRwwmbWhS_xNlVOrqwev6QwGP61rrA5qkUSg18Q0MX2VqnHHUaItuKcZ6PPyMJivGudalMdldO8MPnix58MQjqVAjt7uBq1bZFWgw6D4LpCD4awD4k5Xk6w2TnjMfdEPiJz2juDEfwXsT-MTmEw5F1QgQceaz673lm3fNUi_55Ma18Rgc049gDwa7cWngMJWbHAkif10o93BhJXIY2aYoZNW34WenVibPW59I3Y9_-eQiBHr0HhqjUuz1NSolPPNTtP5lYnQ5i4.0ZbmuhyKk-Sk4FOeOjeyk0eYDwBJxwxvsIkAbpjs7Fw&dib_tag=se&keywords=jeans&qid=1728139548&sprefix=jeans%2Caps%2C212&sr=8-75,Urbano Plus,"₹647₹647 M.R.P: ₹1,599₹1,599 (60% off)",50+ bought in past month,Urbano Plus,4.0 out of 5 stars 48  , FREE Delivery by Amazon
465,https://www.amazon.in/Nifty-Womens-Straight-Boyfriend-Jean_1439_BLK_30_Black_30/dp/B09SDBW51Q/ref=sr_1_77?crid=24IEEX0MBW072&dib=eyJ2IjoiMSJ9.iOTPPIxnfvom1gEgKyfiocFu74GJgNhnnRwwmbWhS_xNlVOrqwev6QwGP61rrA5qkUSg18Q0MX2VqnHHUaItuKcZ6PPyMJivGudalMdldO8MPnix58MQjqVAjt7uBq1bZFWgw6D4LpCD4awD4k5Xk6w2TnjMfdEPiJz2juDEfwXsT-MTmEw5F1QgQceaz673lm3fNUi_55Ma18Rgc049gDwa7cWngMJWbHAkif10o93BhJXIY2aYoZNW34WenVibPW59I3Y9_-eQiBHr0HhqjUuz1NSolPPNTtP5lYnQ5i4.0ZbmuhyKk-Sk4FOeOjeyk0eYDwBJxwxvsIkAbpjs7Fw&dib_tag=se&keywords=jeans&qid=1728139548&sprefix=jeans%2Caps%2C212&sr=8-77,Nifty,"₹396₹396 M.R.P: ₹1,299₹1,299 (70% off)",100+ bought in past month,Nifty,"3.7 out of 5 stars 1,832  ",FREE Delivery by Amazon
466,https://www.amazon.in/KOTTY-Womens-Cotton-Lycra-Jeans/dp/B0917747CV/ref=sr_1_78?crid=24IEEX0MBW072&dib=eyJ2IjoiMSJ9.iOTPPIxnfvom1gEgKyfiocFu74GJgNhnnRwwmbWhS_xNlVOrqwev6QwGP61rrA5qkUSg18Q0MX2VqnHHUaItuKcZ6PPyMJivGudalMdldO8MPnix58MQjqVAjt7uBq1bZFWgw6D4LpCD4awD4k5Xk6w2TnjMfdEPiJz2juDEfwXsT-MTmEw5F1QgQceaz673lm3fNUi_55Ma18Rgc049gDwa7cWngMJWbHAkif10o93BhJXIY2aYoZNW34WenVibPW59I3Y9_-eQiBHr0HhqjUuz1NSolPPNTtP5lYnQ5i4.0ZbmuhyKk-Sk4FOeOjeyk0eYDwBJxwxvsIkAbpjs7Fw&dib_tag=se&keywords=jeans&qid=1728139548&sprefix=jeans%2Caps%2C212&sr=8-78,KOTTY,"₹449₹449 M.R.P: ₹1,999₹1,999 (78% off)",200+ bought in past month,KOTTY,"3.7 out of 5 stars 5,032  ",FREE Delivery by Amazon
