,link,title,price,previous_month_bought_count,card_offer,review_rating,delivery_detail
0,https://www.amazon.in/sspa/click?ie=UTF8&spc=MTo0Mzc4MTE5OTY1Njg3NzQ3OjE3MjgxMTM0MDg6c3BfYXRmOjMwMDM1MTQ4MTk3OTczMjo6MDo6&url=%2FApple-iPhone-16-128-GB%2Fdp%2FB0DGJHBX5Y%2Fref%3Dsr_1_1_sspa%3Fcrid%3D1L0Q91SOR1BM2%26dib%3DeyJ2IjoiMSJ9.YFHwfIh7GPJJ09bm1bBID_cftDp0afCxSRg3FN_lte1Rdqt5mg0Jx-TgDfx26Db3KQU1JO2tAF7pm-1gfG8MtzfxHlpgvazcRpgxNuuVFttuqLhrcaxp-Ld6M3GLfrx3fDP5xfBpL4ScKlFfbrSxXRyDX9VWbu_X7Xq3bgWwHhRWosAjnCAKcGU1quDOoO_Dy7EncmeSfy_UFCn5cEafdJeM3DlDTdqvQZcn6Vmj2_k.gLzcl7owOgyvjofPvY-GTIHcfhOU5iMgTDNesnqX70k%26dib_tag%3Dse%26keywords%3Dsmart%2Bphone%26qid%3D1728113408%26sprefix%3Dsmatrphone%252Caps%252C218%26sr%3D8-1-spons%26sp_csd%3Dd2lkZ2V0TmFtZT1zcF9hdGY%26psc%3D1,Apple iPhone 16 (128 GB) - Black  ,"₹79,900₹79,900",500+ bought in past month,10% Off on Select Bank Cards10% Off on Select Bank Cards,4.8 out of 5 stars 16  ," FREE delivery Mon, 14 Oct Or fastest delivery Tomorrow, 6 Oct "
1,https://www.amazon.in/sspa/click?ie=UTF8&spc=MTo0Mzc4MTE5OTY1Njg3NzQ3OjE3MjgxMTM0MDg6c3BfYXRmOjIwMDc5NjgyODUxMTAzOjowOjo&url=%2FApple-iPhone-13-128GB-Midnight%2Fdp%2FB09G9HD6PD%2Fref%3Dsr_1_2_sspa%3Fcrid%3D1L0Q91SOR1BM2%26dib%3DeyJ2IjoiMSJ9.YFHwfIh7GPJJ09bm1bBID_cftDp0afCxSRg3FN_lte1Rdqt5mg0Jx-TgDfx26Db3KQU1JO2tAF7pm-1gfG8MtzfxHlpgvazcRpgxNuuVFttuqLhrcaxp-Ld6M3GLfrx3fDP5xfBpL4ScKlFfbrSxXRyDX9VWbu_X7Xq3bgWwHhRWosAjnCAKcGU1quDOoO_Dy7EncmeSfy_UFCn5cEafdJeM3DlDTdqvQZcn6Vmj2_k.gLzcl7owOgyvjofPvY-GTIHcfhOU5iMgTDNesnqX70k%26dib_tag%3Dse%26keywords%3Dsmart%2Bphone%26qid%3D1728113408%26sprefix%3Dsmatrphone%252Caps%252C218%26sr%3D8-2-spons%26sp_csd%3Dd2lkZ2V0TmFtZT1zcF9hdGY%26psc%3D1,Apple iPhone 13 (128GB) - Midnight  ,"₹42,999₹42,999 M.R.P: ₹59,600₹59,600 (28% off)",5K+ bought in past month,Flat INR 500 Off on SBICardsFlat INR 500 Off on SBICards,"4.5 out of 5 stars 29,593  "," FREE delivery Thu, 10 Oct Or fastest delivery Tomorrow, 6 Oct "
2,https://www.amazon.in/sspa/click?ie=UTF8&spc=MTo0Mzc4MTE5OTY1Njg3NzQ3OjE3MjgxMTM0MDg6c3BfbXRmOjMwMDA1NzU5NDU0MzEzMjo6MDo6&url=%2FApple-iPhone-15-Pro-Max%2Fdp%2FB0CHXB2R62%2Fref%3Dsr_1_11_sspa%3Fcrid%3D1L0Q91SOR1BM2%26dib%3DeyJ2IjoiMSJ9.YFHwfIh7GPJJ09bm1bBID_cftDp0afCxSRg3FN_lte1Rdqt5mg0Jx-TgDfx26Db3KQU1JO2tAF7pm-1gfG8MtzfxHlpgvazcRpgxNuuVFttuqLhrcaxp-Ld6M3GLfrx3fDP5xfBpL4ScKlFfbrSxXRyDX9VWbu_X7Xq3bgWwHhRWosAjnCAKcGU1quDOoO_Dy7EncmeSfy_UFCn5cEafdJeM3DlDTdqvQZcn6Vmj2_k.gLzcl7owOgyvjofPvY-GTIHcfhOU5iMgTDNesnqX70k%26dib_tag%3Dse%26keywords%3Dsmart%2Bphone%26qid%3D1728113408%26sprefix%3Dsmatrphone%252Caps%252C218%26sr%3D8-11-spons%26sp_csd%3Dd2lkZ2V0TmFtZT1zcF9tdGY%26psc%3D1,Apple iPhone 15 Pro Max (1 TB) - Blue Titanium  ,"₹1,74,900₹1,74,900 M.R.P: ₹1,99,999₹1,99,999 (13% off)",M.R.P: ,10% Off on Select Bank Cards10% Off on Select Bank Cards,4.4 out of 5 stars 348  ," FREE delivery Tue, 8 Oct Or fastest delivery Tomorrow, 6 Oct "
3,https://www.amazon.in/Apple-iPhone-15-128-GB/dp/B0CHX6NQMD/ref=sr_1_77?crid=1L0Q91SOR1BM2&dib=eyJ2IjoiMSJ9.bLU23IuECdzkEtPRsTDdfknd0-Lzi9A1tzI9tl0kEbxYGptpBt1TjD5Ia9nt1kRi2sVpg6RyJ3I5roU-HIJExlWfeD-x0ZK0eQ-p34Mav86nfO0ntmsm1mwd8FsAR-GvjJ3lR2TlL4iXwnb8YxGPRbH_8sv8wwm91A_8ufXr-CMzRNl55SxpwbCYbpQWbmYEeeWJUcQ3q_5gpetVfAiq8iIsPGzCWjX4rlPlhF0zsTk.GxD0Fl4Ww4uDNLE3xj5fdoHMLHHAQ_d-wnxEyCrqgik&dib_tag=se&keywords=smart+phone&qid=1728113423&sprefix=smatrphone%2Caps%2C218&sr=8-77,Apple iPhone 15 (128 GB) - Green  ,"₹67,900₹67,900 M.R.P: ₹79,900₹79,900 (15% off)",200+ bought in past month,Flat INR 3000 Off on SBICardsFlat INR 3000 Off on SBICards,"4.5 out of 5 stars 2,255  "," FREE delivery Mon, 7 Oct Or fastest delivery Tomorrow, 6 Oct "
4,https://www.amazon.in/Nokia-Powered-Snapdragon%C2%AE-Virtual-Upgrades/dp/B0CVL9MSCK/ref=sr_1_78?crid=1L0Q91SOR1BM2&dib=eyJ2IjoiMSJ9.bLU23IuECdzkEtPRsTDdfknd0-Lzi9A1tzI9tl0kEbxYGptpBt1TjD5Ia9nt1kRi2sVpg6RyJ3I5roU-HIJExlWfeD-x0ZK0eQ-p34Mav86nfO0ntmsm1mwd8FsAR-GvjJ3lR2TlL4iXwnb8YxGPRbH_8sv8wwm91A_8ufXr-CMzRNl55SxpwbCYbpQWbmYEeeWJUcQ3q_5gpetVfAiq8iIsPGzCWjX4rlPlhF0zsTk.GxD0Fl4Ww4uDNLE3xj5fdoHMLHHAQ_d-wnxEyCrqgik&dib_tag=se&keywords=smart+phone&qid=1728113423&sprefix=smatrphone%2Caps%2C218&sr=8-78,Nokia G42 5G Powered by Snapdragon® 480 Plus 5G | 50MP Triple Rear AI Camera | 6GB RAM (4GB RAM + 2GB Virtual RAM) | 128GB Storage | 3-Day Battery Life | 2 Years of Android Upgrades | SO Grey  ,"₹9,999₹9,999 M.R.P: ₹12,999₹12,999 (23% off)",400+ bought in past month,10% Off on Select Bank Cards10% Off on Select Bank Cards,"3.8 out of 5 stars 5,143  "," FREE delivery Thu, 10 Oct Or fastest delivery Tomorrow, 6 Oct "
5,https://www.amazon.in/Memory-Fusion-Charging-Display-Meadow/dp/B0CG398BKV/ref=sr_1_79?crid=1L0Q91SOR1BM2&dib=eyJ2IjoiMSJ9.bLU23IuECdzkEtPRsTDdfknd0-Lzi9A1tzI9tl0kEbxYGptpBt1TjD5Ia9nt1kRi2sVpg6RyJ3I5roU-HIJExlWfeD-x0ZK0eQ-p34Mav86nfO0ntmsm1mwd8FsAR-GvjJ3lR2TlL4iXwnb8YxGPRbH_8sv8wwm91A_8ufXr-CMzRNl55SxpwbCYbpQWbmYEeeWJUcQ3q_5gpetVfAiq8iIsPGzCWjX4rlPlhF0zsTk.GxD0Fl4Ww4uDNLE3xj5fdoHMLHHAQ_d-wnxEyCrqgik&dib_tag=se&keywords=smart+phone&qid=1728113423&sprefix=smatrphone%2Caps%2C218&sr=8-79,"itel Aura 05i (2GB RAM + 32GB ROM, Upto 4GB RAM with Memory Fusion | Type C Fast Charging | 6.6"" HD+ Display)- Meadow Green  ","₹5,695₹5,695 M.R.P: ₹6,499₹6,499 (12% off)",50+ bought in past month,10% Off on Select Bank Cards10% Off on Select Bank Cards,3.9 out of 5 stars 30  ," FREE delivery Tue, 8 Oct Or fastest delivery Tomorrow, 6 Oct "
6,https://www.amazon.in/Samsung-Thunder-Storage-Corning-Gorilla/dp/B0D7Z8CJP8/ref=sr_1_80?crid=1L0Q91SOR1BM2&dib=eyJ2IjoiMSJ9.bLU23IuECdzkEtPRsTDdfknd0-Lzi9A1tzI9tl0kEbxYGptpBt1TjD5Ia9nt1kRi2sVpg6RyJ3I5roU-HIJExlWfeD-x0ZK0eQ-p34Mav86nfO0ntmsm1mwd8FsAR-GvjJ3lR2TlL4iXwnb8YxGPRbH_8sv8wwm91A_8ufXr-CMzRNl55SxpwbCYbpQWbmYEeeWJUcQ3q_5gpetVfAiq8iIsPGzCWjX4rlPlhF0zsTk.GxD0Fl4Ww4uDNLE3xj5fdoHMLHHAQ_d-wnxEyCrqgik&dib_tag=se&keywords=smart+phone&qid=1728113423&sprefix=smatrphone%2Caps%2C218&sr=8-80,"Samsung Galaxy M35 5G (Thunder Grey,6GB RAM,128GB Storage)| Corning Gorilla Glass Victus+| AnTuTu Score 595K+ | Vapour Cooling Chamber | 6000mAh Battery | 120Hz Super AMOLED Display| Without Charger  ","₹14,999₹14,999 M.R.P: ₹24,499₹24,499 (39% off)",5K+ bought in past month,10% Off on Select Bank Cards10% Off on Select Bank Cards,"4.1 out of 5 stars 1,981  "," FREE delivery Tue, 8 Oct Or fastest delivery Tomorrow, 6 Oct "
7,https://www.amazon.in/Motorola-Expandable-MediaTek-Dimensity-Processor/dp/B0D3BJ3719/ref=sr_1_81?crid=1L0Q91SOR1BM2&dib=eyJ2IjoiMSJ9.bLU23IuECdzkEtPRsTDdfknd0-Lzi9A1tzI9tl0kEbxYGptpBt1TjD5Ia9nt1kRi2sVpg6RyJ3I5roU-HIJExlWfeD-x0ZK0eQ-p34Mav86nfO0ntmsm1mwd8FsAR-GvjJ3lR2TlL4iXwnb8YxGPRbH_8sv8wwm91A_8ufXr-CMzRNl55SxpwbCYbpQWbmYEeeWJUcQ3q_5gpetVfAiq8iIsPGzCWjX4rlPlhF0zsTk.GxD0Fl4Ww4uDNLE3xj5fdoHMLHHAQ_d-wnxEyCrqgik&dib_tag=se&keywords=smart+phone&qid=1728113423&sprefix=smatrphone%2Caps%2C218&sr=8-81,"Motorola G64 5G (Ice Lilac, 12GB RAM, 256GB Storage) | Expandable Upto 2TB | Upto 24GB RAM with RAM Boost | 50MP (OIS) + 8MP | 16MP Front Camera | MediaTek Dimensity 7025 Processor | 6000 mAh Battery  ","₹17,600₹17,600 M.R.P: ₹19,999₹19,999 (12% off)",500+ bought in past month,10% Off on Select Bank Cards10% Off on Select Bank Cards,3.8 out of 5 stars 87  ," FREE delivery Tue, 8 Oct Or fastest delivery Tomorrow, 6 Oct "
8,https://www.amazon.in/Redmi-Storage-Bezel-Less-Slimmest-Pro-Grade/dp/B0CQPGG8KG/ref=sr_1_83?crid=1L0Q91SOR1BM2&dib=eyJ2IjoiMSJ9.bLU23IuECdzkEtPRsTDdfknd0-Lzi9A1tzI9tl0kEbxYGptpBt1TjD5Ia9nt1kRi2sVpg6RyJ3I5roU-HIJExlWfeD-x0ZK0eQ-p34Mav86nfO0ntmsm1mwd8FsAR-GvjJ3lR2TlL4iXwnb8YxGPRbH_8sv8wwm91A_8ufXr-CMzRNl55SxpwbCYbpQWbmYEeeWJUcQ3q_5gpetVfAiq8iIsPGzCWjX4rlPlhF0zsTk.GxD0Fl4Ww4uDNLE3xj5fdoHMLHHAQ_d-wnxEyCrqgik&dib_tag=se&keywords=smart+phone&qid=1728113423&sprefix=smatrphone%2Caps%2C218&sr=8-83,"Redmi Note 13 5G (Arctic White, 6GB RAM, 128GB Storage) | 5G Ready | 120Hz Bezel-Less AMOLED | 7.mm Slimmest Note Ever | 108MP Pro-Grade Camera  ","₹15,999₹15,999 M.R.P: ₹20,999₹20,999 (24% off)",2K+ bought in past month,Flat INR 1000 Off on ALL BanksCardsFlat INR 1000 Off on ALL BanksCards,"3.7 out of 5 stars 5,134  "," FREE delivery Mon, 7 Oct Or fastest delivery Tomorrow, 6 Oct "
9,https://www.amazon.in/sspa/click?ie=UTF8&spc=MTozODc2Njc3MTU4NjUyNjI3OjE3MjgxMTM0MjM6c3BfYnRmOjMwMDA1NzU5NDU0MTgzMjo6MDo6&url=%2FApple-iPhone-Pro-Max-256%2Fdp%2FB0CHX1K2ZC%2Fref%3Dsr_1_85_sspa%3Fcrid%3D1L0Q91SOR1BM2%26dib%3DeyJ2IjoiMSJ9.bLU23IuECdzkEtPRsTDdfknd0-Lzi9A1tzI9tl0kEbxYGptpBt1TjD5Ia9nt1kRi2sVpg6RyJ3I5roU-HIJExlWfeD-x0ZK0eQ-p34Mav86nfO0ntmsm1mwd8FsAR-GvjJ3lR2TlL4iXwnb8YxGPRbH_8sv8wwm91A_8ufXr-CMzRNl55SxpwbCYbpQWbmYEeeWJUcQ3q_5gpetVfAiq8iIsPGzCWjX4rlPlhF0zsTk.GxD0Fl4Ww4uDNLE3xj5fdoHMLHHAQ_d-wnxEyCrqgik%26dib_tag%3Dse%26keywords%3Dsmart%2Bphone%26qid%3D1728113423%26sprefix%3Dsmatrphone%252Caps%252C218%26sr%3D8-85-spons%26sp_csd%3Dd2lkZ2V0TmFtZT1zcF9idGY%26psc%3D1,Apple iPhone 15 Pro Max (256 GB) - Blue Titanium  ,"₹1,34,900₹1,34,900 M.R.P: ₹1,59,900₹1,59,900 (16% off)",50+ bought in past month,10% Off on Select Bank Cards10% Off on Select Bank Cards,4.4 out of 5 stars 348  ," FREE delivery Tue, 8 Oct Or fastest delivery Tomorrow, 6 Oct "
10,https://www.amazon.in/sspa/click?ie=UTF8&spc=MTozODc2Njc3MTU4NjUyNjI3OjE3MjgxMTM0MjM6c3BfYnRmOjMwMDM1MTQ4MTk3OTIzMjo6MDo6&url=%2FApple-iPhone-Plus-128-Ultramarine%2Fdp%2FB0DGJ65N7V%2Fref%3Dsr_1_86_sspa%3Fcrid%3D1L0Q91SOR1BM2%26dib%3DeyJ2IjoiMSJ9.bLU23IuECdzkEtPRsTDdfknd0-Lzi9A1tzI9tl0kEbxYGptpBt1TjD5Ia9nt1kRi2sVpg6RyJ3I5roU-HIJExlWfeD-x0ZK0eQ-p34Mav86nfO0ntmsm1mwd8FsAR-GvjJ3lR2TlL4iXwnb8YxGPRbH_8sv8wwm91A_8ufXr-CMzRNl55SxpwbCYbpQWbmYEeeWJUcQ3q_5gpetVfAiq8iIsPGzCWjX4rlPlhF0zsTk.GxD0Fl4Ww4uDNLE3xj5fdoHMLHHAQ_d-wnxEyCrqgik%26dib_tag%3Dse%26keywords%3Dsmart%2Bphone%26qid%3D1728113423%26sprefix%3Dsmatrphone%252Caps%252C218%26sr%3D8-86-spons%26sp_csd%3Dd2lkZ2V0TmFtZT1zcF9idGY%26psc%3D1,Apple iPhone 16 Plus (128 GB) - Ultramarine  ,"₹89,900₹89,900",300+ bought in past month,10% Off on Select Bank Cards10% Off on Select Bank Cards,4.1 out of 5 stars 21  ," FREE delivery Tue, 8 Oct Or fastest delivery Tomorrow, 6 Oct "
11,https://www.amazon.in/sspa/click?ie=UTF8&spc=MTo0Mzc4MTE5OTY1Njg3NzQ3OjE3MjgxMTM0MDg6c3BfbXRmOjMwMDA1NzU5NDUzNzczMjo6MDo6&url=%2FApple-iPhone-15-128-GB%2Fdp%2FB0CHX1W1XY%2Fref%3Dsr_1_12_sspa%3Fcrid%3D1L0Q91SOR1BM2%26dib%3DeyJ2IjoiMSJ9.YFHwfIh7GPJJ09bm1bBID_cftDp0afCxSRg3FN_lte1Rdqt5mg0Jx-TgDfx26Db3KQU1JO2tAF7pm-1gfG8MtzfxHlpgvazcRpgxNuuVFttuqLhrcaxp-Ld6M3GLfrx3fDP5xfBpL4ScKlFfbrSxXRyDX9VWbu_X7Xq3bgWwHhRWosAjnCAKcGU1quDOoO_Dy7EncmeSfy_UFCn5cEafdJeM3DlDTdqvQZcn6Vmj2_k.gLzcl7owOgyvjofPvY-GTIHcfhOU5iMgTDNesnqX70k%26dib_tag%3Dse%26keywords%3Dsmart%2Bphone%26qid%3D1728113408%26sprefix%3Dsmatrphone%252Caps%252C218%26sr%3D8-12-spons%26sp_csd%3Dd2lkZ2V0TmFtZT1zcF9tdGY%26psc%3D1,Apple iPhone 15 (128 GB) - Black  ,"₹69,900₹69,900 M.R.P: ₹79,600₹79,600 (12% off)",500+ bought in past month,Flat INR 3000 Off on SBICardsFlat INR 3000 Off on SBICards,"4.5 out of 5 stars 2,255  "," FREE delivery Tue, 8 Oct Or fastest delivery Tomorrow, 6 Oct "
12,https://www.amazon.in/sspa/click?ie=UTF8&spc=MToxNjA3MTk2NjQ4NjAwNzIzOjE3MjgxMTM0Mjc6c3BfYXRmX25leHQ6MjAwNzk2ODI4NTEzMDM6OjA6Og&url=%2FApple-iPhone-13-128GB-Starlight%2Fdp%2FB09G9D8KRQ%2Fref%3Dsr_1_81_sspa%3Fcrid%3D1L0Q91SOR1BM2%26dib%3DeyJ2IjoiMSJ9.WVKHAkK85Be39u9ZAbOxvVAbt-jlMQLskyj4i3I_FOkNnpTGA-DCziPJYkwAiNHoRtCD7cRmRL_yaf2kPEuEMFEnxIYY13_Pd_GChHJt7dscTnXlxUw_M0rE9dxyCJxraiKjHQegBsAQwcOBPMP8EpUzzAEByT9N61v86iM-iOpV7o7VVRHqm50ML6Xwap47MrORry6kwfz60L_bFGMsFafLLvWHnABjzaIEhTm3HO8.iluD8OUFrv-bzEtPF81jaC_j36FjGNp7vq3fHsKNkNA%26dib_tag%3Dse%26keywords%3Dsmart%2Bphone%26qid%3D1728113427%26sprefix%3Dsmatrphone%252Caps%252C218%26sr%3D8-81-spons%26sp_csd%3Dd2lkZ2V0TmFtZT1zcF9hdGZfbmV4dA%26psc%3D1,Apple iPhone 13 (128GB) - Starlight  ,"₹42,999₹42,999 M.R.P: ₹59,900₹59,900 (28% off)",5K+ bought in past month,Flat INR 500 Off on SBICardsFlat INR 500 Off on SBICards,"4.5 out of 5 stars 29,593  ",FREE delivery
13,https://www.amazon.in/iQOO-MediaTek-Dimesity-Processor-Smartphone/dp/B07WGPJPR3/ref=sr_1_83?crid=1L0Q91SOR1BM2&dib=eyJ2IjoiMSJ9.WVKHAkK85Be39u9ZAbOxvVAbt-jlMQLskyj4i3I_FOkNnpTGA-DCziPJYkwAiNHoRtCD7cRmRL_yaf2kPEuEMFEnxIYY13_Pd_GChHJt7dscTnXlxUw_M0rE9dxyCJxraiKjHQegBsAQwcOBPMP8EpUzzAEByT9N61v86iM-iOpV7o7VVRHqm50ML6Xwap47MrORry6kwfz60L_bFGMsFafLLvWHnABjzaIEhTm3HO8.iluD8OUFrv-bzEtPF81jaC_j36FjGNp7vq3fHsKNkNA&dib_tag=se&keywords=smart+phone&qid=1728113427&sprefix=smatrphone%2Caps%2C218&sr=8-83,"iQOO Z7 Pro 5G (Blue Lagoon, 8GB RAM, 256GB Storage) | 3D Curved AMOLED Display | 4nm MediaTek Dimesity 7200 5G Processor | 64MP Aura Light OIS Camera | Segment's Slimmest & Lightest Smartphone  ","₹21,999₹21,999 M.R.P: ₹27,999₹27,999 (21% off)",1K+ bought in past month,Flat  INR 250 Off on SBICardsFlat  INR 250 Off on SBICards,"4.3 out of 5 stars 7,441  "," FREE delivery Tue, 8 Oct Or fastest delivery Tomorrow, 6 Oct "
14,https://www.amazon.in/Redmi-Matte-Black-256GB-Storage/dp/B0BZWCJDRB/ref=sr_1_84?crid=1L0Q91SOR1BM2&dib=eyJ2IjoiMSJ9.WVKHAkK85Be39u9ZAbOxvVAbt-jlMQLskyj4i3I_FOkNnpTGA-DCziPJYkwAiNHoRtCD7cRmRL_yaf2kPEuEMFEnxIYY13_Pd_GChHJt7dscTnXlxUw_M0rE9dxyCJxraiKjHQegBsAQwcOBPMP8EpUzzAEByT9N61v86iM-iOpV7o7VVRHqm50ML6Xwap47MrORry6kwfz60L_bFGMsFafLLvWHnABjzaIEhTm3HO8.iluD8OUFrv-bzEtPF81jaC_j36FjGNp7vq3fHsKNkNA&dib_tag=se&keywords=smart+phone&qid=1728113427&sprefix=smatrphone%2Caps%2C218&sr=8-84,"Redmi Note 12 5G (Matte Black,8GB RAM, 256GB Storage)  ","₹16,449₹16,449 M.R.P: ₹23,999₹23,999 (31% off)",M.R.P: ,10% Off on Select Bank Cards10% Off on Select Bank Cards,3.9 out of 5 stars 606  ," FREE delivery Fri, 18 Oct Or fastest delivery Tomorrow, 6 Oct "
15,https://www.amazon.in/Redmi-Diamond-Largest-Display-Segment/dp/B0D78Y577J/ref=sr_1_85?crid=1L0Q91SOR1BM2&dib=eyJ2IjoiMSJ9.WVKHAkK85Be39u9ZAbOxvVAbt-jlMQLskyj4i3I_FOkNnpTGA-DCziPJYkwAiNHoRtCD7cRmRL_yaf2kPEuEMFEnxIYY13_Pd_GChHJt7dscTnXlxUw_M0rE9dxyCJxraiKjHQegBsAQwcOBPMP8EpUzzAEByT9N61v86iM-iOpV7o7VVRHqm50ML6Xwap47MrORry6kwfz60L_bFGMsFafLLvWHnABjzaIEhTm3HO8.iluD8OUFrv-bzEtPF81jaC_j36FjGNp7vq3fHsKNkNA&dib_tag=se&keywords=smart+phone&qid=1728113427&sprefix=smatrphone%2Caps%2C218&sr=8-85,"Redmi 13 5G, Black Diamond, 8GB+128GB | India Debut SD 4 Gen 2 AE | 108MP Pro Grade Camera | 6.79in Largest Display in Segment  ","₹14,999₹14,999",1K+ bought in past month,10% Off on Select Bank Cards10% Off on Select Bank Cards,"3.9 out of 5 stars 1,411  "," FREE delivery Tue, 8 Oct Or fastest delivery Tomorrow, 6 Oct "
16,https://www.amazon.in/realme-Storage-Chipset-Comfort-Display/dp/B0D9ND2LCZ/ref=sr_1_86?crid=1L0Q91SOR1BM2&dib=eyJ2IjoiMSJ9.WVKHAkK85Be39u9ZAbOxvVAbt-jlMQLskyj4i3I_FOkNnpTGA-DCziPJYkwAiNHoRtCD7cRmRL_yaf2kPEuEMFEnxIYY13_Pd_GChHJt7dscTnXlxUw_M0rE9dxyCJxraiKjHQegBsAQwcOBPMP8EpUzzAEByT9N61v86iM-iOpV7o7VVRHqm50ML6Xwap47MrORry6kwfz60L_bFGMsFafLLvWHnABjzaIEhTm3HO8.iluD8OUFrv-bzEtPF81jaC_j36FjGNp7vq3fHsKNkNA&dib_tag=se&keywords=smart+phone&qid=1728113427&sprefix=smatrphone%2Caps%2C218&sr=8-86,"realme NARZO N65 5G (Deep Green 8GB RAM, 128GB Storage) India's 1st D6300 5G Chipset | Ultra Slim 190g Design | 120Hz Eye Comfort Display | 50MP AI Camera| Charger in The Box  ","₹13,498₹13,498 M.R.P: ₹15,999₹15,999 (16% off)",500+ bought in past month,"₹1,500 off coupon appliedSave ₹1,500  with coupon ",4.1 out of 5 stars 922  ," FREE delivery Tue, 8 Oct Or fastest delivery Tomorrow, 6 Oct "
17,https://www.amazon.in/Memory-Fusion-Charging-Display-Crystal/dp/B0CMQS27NY/ref=sr_1_87?crid=1L0Q91SOR1BM2&dib=eyJ2IjoiMSJ9.WVKHAkK85Be39u9ZAbOxvVAbt-jlMQLskyj4i3I_FOkNnpTGA-DCziPJYkwAiNHoRtCD7cRmRL_yaf2kPEuEMFEnxIYY13_Pd_GChHJt7dscTnXlxUw_M0rE9dxyCJxraiKjHQegBsAQwcOBPMP8EpUzzAEByT9N61v86iM-iOpV7o7VVRHqm50ML6Xwap47MrORry6kwfz60L_bFGMsFafLLvWHnABjzaIEhTm3HO8.iluD8OUFrv-bzEtPF81jaC_j36FjGNp7vq3fHsKNkNA&dib_tag=se&keywords=smart+phone&qid=1728113427&sprefix=smatrphone%2Caps%2C218&sr=8-87,"itel Aura 05i (2GB RAM + 32GB ROM, Upto 4GB RAM with Memory Fusion | Type C Fast Charging | 6.6"" HD+ Display)- Crystal Blue  ","₹5,694₹5,694 M.R.P: ₹6,799₹6,799 (16% off)",50+ bought in past month,10% Off on Select Bank Cards10% Off on Select Bank Cards,3.9 out of 5 stars 30  ," FREE delivery Mon, 7 Oct Or fastest delivery Tomorrow, 6 Oct "
18,https://www.amazon.in/Redmi-Storage-Premium-Powerful-Processor/dp/B0D78W21GC/ref=sr_1_88?crid=1L0Q91SOR1BM2&dib=eyJ2IjoiMSJ9.WVKHAkK85Be39u9ZAbOxvVAbt-jlMQLskyj4i3I_FOkNnpTGA-DCziPJYkwAiNHoRtCD7cRmRL_yaf2kPEuEMFEnxIYY13_Pd_GChHJt7dscTnXlxUw_M0rE9dxyCJxraiKjHQegBsAQwcOBPMP8EpUzzAEByT9N61v86iM-iOpV7o7VVRHqm50ML6Xwap47MrORry6kwfz60L_bFGMsFafLLvWHnABjzaIEhTm3HO8.iluD8OUFrv-bzEtPF81jaC_j36FjGNp7vq3fHsKNkNA&dib_tag=se&keywords=smart+phone&qid=1728113427&sprefix=smatrphone%2Caps%2C218&sr=8-88,"Redmi A3X (Ocean Green, 3GB RAM, 64GB Storage) | Premium Halo Design | 90Hz Display | Powerful Octa Core Processor  ","₹6,570₹6,570 M.R.P: ₹9,999₹9,999 (34% off)",500+ bought in past month,Save extra with No Cost EMISave extra with No Cost EMI,3.6 out of 5 stars 62  ," FREE delivery Wed, 9 Oct Or fastest delivery Tomorrow, 6 Oct "
19,https://www.amazon.in/Vivo-Smartphone-Lotus-Purple-Storage/dp/B0DCGPNK12/ref=sr_1_89?crid=1L0Q91SOR1BM2&dib=eyJ2IjoiMSJ9.WVKHAkK85Be39u9ZAbOxvVAbt-jlMQLskyj4i3I_FOkNnpTGA-DCziPJYkwAiNHoRtCD7cRmRL_yaf2kPEuEMFEnxIYY13_Pd_GChHJt7dscTnXlxUw_M0rE9dxyCJxraiKjHQegBsAQwcOBPMP8EpUzzAEByT9N61v86iM-iOpV7o7VVRHqm50ML6Xwap47MrORry6kwfz60L_bFGMsFafLLvWHnABjzaIEhTm3HO8.iluD8OUFrv-bzEtPF81jaC_j36FjGNp7vq3fHsKNkNA&dib_tag=se&keywords=smart+phone&qid=1728113427&sprefix=smatrphone%2Caps%2C218&sr=8-89,"Vivo V40 5G Smartphone (Lotus Purple, 8GB RAM, 128GB Storage)  ","₹32,290₹32,290 M.R.P: ₹37,999₹37,999 (15% off)",500+ bought in past month,10% Off on Select Bank Cards10% Off on Select Bank Cards,3.3 out of 5 stars 5  ," FREE delivery Wed, 9 Oct Or fastest delivery Tomorrow, 6 Oct "
20,https://www.amazon.in/Lava-Yuva-Cosmic-Lavender-Fingerprint/dp/B0CT5T86RD/ref=sr_1_90?crid=1L0Q91SOR1BM2&dib=eyJ2IjoiMSJ9.WVKHAkK85Be39u9ZAbOxvVAbt-jlMQLskyj4i3I_FOkNnpTGA-DCziPJYkwAiNHoRtCD7cRmRL_yaf2kPEuEMFEnxIYY13_Pd_GChHJt7dscTnXlxUw_M0rE9dxyCJxraiKjHQegBsAQwcOBPMP8EpUzzAEByT9N61v86iM-iOpV7o7VVRHqm50ML6Xwap47MrORry6kwfz60L_bFGMsFafLLvWHnABjzaIEhTm3HO8.iluD8OUFrv-bzEtPF81jaC_j36FjGNp7vq3fHsKNkNA&dib_tag=se&keywords=smart+phone&qid=1728113427&sprefix=smatrphone%2Caps%2C218&sr=8-90,"Lava Yuva 3 (Cosmic Lavender,4+4*GB RAM,UFS 2.2 128GB Storage)|Premium Glossy Back|Octacore Processor|18W Fast Charging|90Hz Punch Hole Display|13MP AI Triple Camera|Side Fingerprint Sensor  ","₹6,699₹6,699 M.R.P: ₹7,999₹7,999 (16% off)",500+ bought in past month,10% Off on Select Bank Cards10% Off on Select Bank Cards,4.0 out of 5 stars 181  ," FREE delivery Tue, 8 Oct Or fastest delivery Tomorrow, 6 Oct "
21,https://www.amazon.in/Samsung-Storage-MediaTek-Dimensity-Security/dp/B0DGX9VVFV/ref=sr_1_13?crid=1L0Q91SOR1BM2&dib=eyJ2IjoiMSJ9.YFHwfIh7GPJJ09bm1bBID_cftDp0afCxSRg3FN_lte1Rdqt5mg0Jx-TgDfx26Db3KQU1JO2tAF7pm-1gfG8MtzfxHlpgvazcRpgxNuuVFttuqLhrcaxp-Ld6M3GLfrx3fDP5xfBpL4ScKlFfbrSxXRyDX9VWbu_X7Xq3bgWwHhRWosAjnCAKcGU1quDOoO_Dy7EncmeSfy_UFCn5cEafdJeM3DlDTdqvQZcn6Vmj2_k.gLzcl7owOgyvjofPvY-GTIHcfhOU5iMgTDNesnqX70k&dib_tag=se&keywords=smart+phone&qid=1728113408&sprefix=smatrphone%2Caps%2C218&sr=8-13,"Samsung Galaxy M15 5G Prime Edition (Blue Topaz,6GB RAM,128GB Storage) | Super AMOLED Display| 50MP Triple Cam| 6000mAh Battery| MediaTek Dimensity 6100+ | 4 Gen. OS Upgrade & 5 Year Security Update  ","₹11,999₹11,999 M.R.P: ₹16,999₹16,999 (29% off)",5K+ bought in past month,Flat INR 750 Off on SBICardsFlat INR 750 Off on SBICards,4.2 out of 5 stars 21  ," FREE delivery Tue, 8 Oct Or fastest delivery Tomorrow, 6 Oct "
22,https://www.amazon.in/sspa/click?ie=UTF8&spc=MToxNjA3MTk2NjQ4NjAwNzIzOjE3MjgxMTM0Mjc6c3BfbXRmOjMwMDA1NzU5NDUzODgzMjo6MDo6&url=%2FApple-iPhone-15-256-GB%2Fdp%2FB0CHX6N27Y%2Fref%3Dsr_1_91_sspa%3Fcrid%3D1L0Q91SOR1BM2%26dib%3DeyJ2IjoiMSJ9.WVKHAkK85Be39u9ZAbOxvVAbt-jlMQLskyj4i3I_FOkNnpTGA-DCziPJYkwAiNHoRtCD7cRmRL_yaf2kPEuEMFEnxIYY13_Pd_GChHJt7dscTnXlxUw_M0rE9dxyCJxraiKjHQegBsAQwcOBPMP8EpUzzAEByT9N61v86iM-iOpV7o7VVRHqm50ML6Xwap47MrORry6kwfz60L_bFGMsFafLLvWHnABjzaIEhTm3HO8.iluD8OUFrv-bzEtPF81jaC_j36FjGNp7vq3fHsKNkNA%26dib_tag%3Dse%26keywords%3Dsmart%2Bphone%26qid%3D1728113427%26sprefix%3Dsmatrphone%252Caps%252C218%26sr%3D8-91-spons%26sp_csd%3Dd2lkZ2V0TmFtZT1zcF9tdGY%26psc%3D1,Apple iPhone 15 (256 GB) - Blue  ,"₹77,900₹77,900 M.R.P: ₹89,600₹89,600 (13% off)",100+ bought in past month,Flat INR 3000 Off on SBICardsFlat INR 3000 Off on SBICards,"4.5 out of 5 stars 2,255  "," FREE delivery Tue, 8 Oct Or fastest delivery Tomorrow, 6 Oct "
23,https://www.amazon.in/sspa/click?ie=UTF8&spc=MToxNjA3MTk2NjQ4NjAwNzIzOjE3MjgxMTM0Mjc6c3BfbXRmOjMwMDA1NzU5NDU0MjgzMjo6MDo6&url=%2FApple-iPhone-Pro-Max-256%2Fdp%2FB0CHWV2WYK%2Fref%3Dsr_1_92_sspa%3Fcrid%3D1L0Q91SOR1BM2%26dib%3DeyJ2IjoiMSJ9.WVKHAkK85Be39u9ZAbOxvVAbt-jlMQLskyj4i3I_FOkNnpTGA-DCziPJYkwAiNHoRtCD7cRmRL_yaf2kPEuEMFEnxIYY13_Pd_GChHJt7dscTnXlxUw_M0rE9dxyCJxraiKjHQegBsAQwcOBPMP8EpUzzAEByT9N61v86iM-iOpV7o7VVRHqm50ML6Xwap47MrORry6kwfz60L_bFGMsFafLLvWHnABjzaIEhTm3HO8.iluD8OUFrv-bzEtPF81jaC_j36FjGNp7vq3fHsKNkNA%26dib_tag%3Dse%26keywords%3Dsmart%2Bphone%26qid%3D1728113427%26sprefix%3Dsmatrphone%252Caps%252C218%26sr%3D8-92-spons%26sp_csd%3Dd2lkZ2V0TmFtZT1zcF9tdGY%26psc%3D1,Apple iPhone 15 Pro Max (256 GB) - Black Titanium  ,"₹1,30,900₹1,30,900 M.R.P: ₹1,59,900₹1,59,900 (18% off)",100+ bought in past month,10% Off on Select Bank Cards10% Off on Select Bank Cards,4.4 out of 5 stars 348  ," FREE delivery Mon, 7 Oct Or fastest delivery Tomorrow, 6 Oct "
24,https://www.amazon.in/iQOO-Storage-Dimensity-Camera-Charger/dp/B07WHSNYL5/ref=sr_1_93?crid=1L0Q91SOR1BM2&dib=eyJ2IjoiMSJ9.WVKHAkK85Be39u9ZAbOxvVAbt-jlMQLskyj4i3I_FOkNnpTGA-DCziPJYkwAiNHoRtCD7cRmRL_yaf2kPEuEMFEnxIYY13_Pd_GChHJt7dscTnXlxUw_M0rE9dxyCJxraiKjHQegBsAQwcOBPMP8EpUzzAEByT9N61v86iM-iOpV7o7VVRHqm50ML6Xwap47MrORry6kwfz60L_bFGMsFafLLvWHnABjzaIEhTm3HO8.iluD8OUFrv-bzEtPF81jaC_j36FjGNp7vq3fHsKNkNA&dib_tag=se&keywords=smart+phone&qid=1728113427&sprefix=smatrphone%2Caps%2C218&sr=8-93,"iQOO Z9 Lite 5G (Aqua Flow, 6GB RAM, 128GB Storage) | Dimensity 6300 5G | 50MP Sony AI Camera | Charger in The Box | Rs 1000 Off on All Bank Cards  ","₹11,498₹11,498 M.R.P: ₹15,499₹15,499 (26% off)",5K+ bought in past month,Save extra with No Cost EMISave extra with No Cost EMI,"4.0 out of 5 stars 1,122  "," FREE delivery Mon, 7 Oct Or fastest delivery Tomorrow, 6 Oct "
25,https://www.amazon.in/Memory-Fusion-Charging-Display-Nebula/dp/B0CG29BQML/ref=sr_1_94?crid=1L0Q91SOR1BM2&dib=eyJ2IjoiMSJ9.WVKHAkK85Be39u9ZAbOxvVAbt-jlMQLskyj4i3I_FOkNnpTGA-DCziPJYkwAiNHoRtCD7cRmRL_yaf2kPEuEMFEnxIYY13_Pd_GChHJt7dscTnXlxUw_M0rE9dxyCJxraiKjHQegBsAQwcOBPMP8EpUzzAEByT9N61v86iM-iOpV7o7VVRHqm50ML6Xwap47MrORry6kwfz60L_bFGMsFafLLvWHnABjzaIEhTm3HO8.iluD8OUFrv-bzEtPF81jaC_j36FjGNp7vq3fHsKNkNA&dib_tag=se&keywords=smart+phone&qid=1728113427&sprefix=smatrphone%2Caps%2C218&sr=8-94,"itel Aura 05i (2GB RAM + 32GB ROM, Upto 4GB RAM with Memory Fusion | Type C Fast Charging | 6.6"" HD+ Display)- Nebula Black  ","₹5,695₹5,695 M.R.P: ₹6,799₹6,799 (16% off)",200+ bought in past month,10% Off on Select Bank Cards10% Off on Select Bank Cards,3.9 out of 5 stars 30  ," FREE delivery Mon, 7 Oct Or fastest delivery Tomorrow, 6 Oct "
26,https://www.amazon.in/OnePlus-Super-Silver-128GB-Storage/dp/B0D5YCYS1G/ref=sr_1_96?crid=1L0Q91SOR1BM2&dib=eyJ2IjoiMSJ9.WVKHAkK85Be39u9ZAbOxvVAbt-jlMQLskyj4i3I_FOkNnpTGA-DCziPJYkwAiNHoRtCD7cRmRL_yaf2kPEuEMFEnxIYY13_Pd_GChHJt7dscTnXlxUw_M0rE9dxyCJxraiKjHQegBsAQwcOBPMP8EpUzzAEByT9N61v86iM-iOpV7o7VVRHqm50ML6Xwap47MrORry6kwfz60L_bFGMsFafLLvWHnABjzaIEhTm3HO8.iluD8OUFrv-bzEtPF81jaC_j36FjGNp7vq3fHsKNkNA&dib_tag=se&keywords=smart+phone&qid=1728113427&sprefix=smatrphone%2Caps%2C218&sr=8-96,"OnePlus Nord CE4 Lite 5G (Super Silver, 8GB RAM, 128GB Storage)  ","₹19,998₹19,998 M.R.P: ₹20,999₹20,999 (5% off)",5K+ bought in past month,"₹1,000 off coupon appliedSave ₹1,000  with coupon ","4.1 out of 5 stars 1,978  ",FREE delivery
27,https://www.amazon.in/Samsung-Moonlight-Storage-Corning-Gorilla/dp/B0D7Z8GTQN/ref=sr_1_97?crid=1L0Q91SOR1BM2&dib=eyJ2IjoiMSJ9.WVKHAkK85Be39u9ZAbOxvVAbt-jlMQLskyj4i3I_FOkNnpTGA-DCziPJYkwAiNHoRtCD7cRmRL_yaf2kPEuEMFEnxIYY13_Pd_GChHJt7dscTnXlxUw_M0rE9dxyCJxraiKjHQegBsAQwcOBPMP8EpUzzAEByT9N61v86iM-iOpV7o7VVRHqm50ML6Xwap47MrORry6kwfz60L_bFGMsFafLLvWHnABjzaIEhTm3HO8.iluD8OUFrv-bzEtPF81jaC_j36FjGNp7vq3fHsKNkNA&dib_tag=se&keywords=smart+phone&qid=1728113427&sprefix=smatrphone%2Caps%2C218&sr=8-97,"Samsung Galaxy M35 5G (Moonlight Blue,8GB RAM,256GB Storage)| Corning Gorilla Glass Victus+| AnTuTu Score 595K+ | Vapour Cooling Chamber | 6000mAh Battery | 120Hz Super AMOLED Display| Without Charger  ","₹19,499₹19,499 M.R.P: ₹27,499₹27,499 (29% off)",4K+ bought in past month,10% Off on Select Bank Cards10% Off on Select Bank Cards,"4.1 out of 5 stars 1,981  "," FREE delivery Thu, 10 Oct Or fastest delivery Tomorrow, 6 Oct "
28,https://www.amazon.in/Redmi-Midnight-Storage-Powerful-Processor/dp/B0D78VYHPY/ref=sr_1_98?crid=1L0Q91SOR1BM2&dib=eyJ2IjoiMSJ9.WVKHAkK85Be39u9ZAbOxvVAbt-jlMQLskyj4i3I_FOkNnpTGA-DCziPJYkwAiNHoRtCD7cRmRL_yaf2kPEuEMFEnxIYY13_Pd_GChHJt7dscTnXlxUw_M0rE9dxyCJxraiKjHQegBsAQwcOBPMP8EpUzzAEByT9N61v86iM-iOpV7o7VVRHqm50ML6Xwap47MrORry6kwfz60L_bFGMsFafLLvWHnABjzaIEhTm3HO8.iluD8OUFrv-bzEtPF81jaC_j36FjGNp7vq3fHsKNkNA&dib_tag=se&keywords=smart+phone&qid=1728113427&sprefix=smatrphone%2Caps%2C218&sr=8-98,"Redmi A3X (Midnight Black, 3GB RAM, 64GB Storage) | Premium Halo Design | 90Hz Display | Powerful Octa Core Processor  ","₹6,597₹6,597 M.R.P: ₹9,999₹9,999 (34% off)",400+ bought in past month,Save extra with No Cost EMISave extra with No Cost EMI,3.6 out of 5 stars 62  ," FREE delivery Wed, 9 Oct Or fastest delivery Tomorrow, 6 Oct "
29,https://www.amazon.in/realme-Storage-Display-Dimensity-Charger/dp/B0D3WXQN8N/ref=sr_1_99?crid=1L0Q91SOR1BM2&dib=eyJ2IjoiMSJ9.WVKHAkK85Be39u9ZAbOxvVAbt-jlMQLskyj4i3I_FOkNnpTGA-DCziPJYkwAiNHoRtCD7cRmRL_yaf2kPEuEMFEnxIYY13_Pd_GChHJt7dscTnXlxUw_M0rE9dxyCJxraiKjHQegBsAQwcOBPMP8EpUzzAEByT9N61v86iM-iOpV7o7VVRHqm50ML6Xwap47MrORry6kwfz60L_bFGMsFafLLvWHnABjzaIEhTm3HO8.iluD8OUFrv-bzEtPF81jaC_j36FjGNp7vq3fHsKNkNA&dib_tag=se&keywords=smart+phone&qid=1728113427&sprefix=smatrphone%2Caps%2C218&sr=8-99,"realme NARZO 70x 5G (Ice Blue, 8GB RAM,128GB Storage)|120Hz Ultra Smooth Display|Dimensity 6100+ 6nm 5G|50MP AI Camera|45W Charger in The Box  ","₹13,498₹13,498 M.R.P: ₹18,999₹18,999 (29% off)",5K+ bought in past month,"₹2,000 off coupon appliedSave ₹2,000  with coupon ","4.0 out of 5 stars 2,085  "," FREE delivery Tue, 8 Oct Or fastest delivery Tomorrow, 6 Oct "
30,https://www.amazon.in/5000mAh-Fingerprint-Octa-Core-Processor-Starlish/dp/B0CRZ5RS37/ref=sr_1_100?crid=1L0Q91SOR1BM2&dib=eyJ2IjoiMSJ9.WVKHAkK85Be39u9ZAbOxvVAbt-jlMQLskyj4i3I_FOkNnpTGA-DCziPJYkwAiNHoRtCD7cRmRL_yaf2kPEuEMFEnxIYY13_Pd_GChHJt7dscTnXlxUw_M0rE9dxyCJxraiKjHQegBsAQwcOBPMP8EpUzzAEByT9N61v86iM-iOpV7o7VVRHqm50ML6Xwap47MrORry6kwfz60L_bFGMsFafLLvWHnABjzaIEhTm3HO8.iluD8OUFrv-bzEtPF81jaC_j36FjGNp7vq3fHsKNkNA&dib_tag=se&keywords=smart+phone&qid=1728113427&sprefix=smatrphone%2Caps%2C218&sr=8-100,"itel A70 (4GB RAM, 64GB ROM) Upto 12GB RAM with Memory Fusion | 13MP Dual Rear Camera & 8MP Front Camera | 5000mAh with Type-C | Dynamic Bar | Side Fingerprint | Octa-Core Processor | Starlish Black  ","₹6,415₹6,415 M.R.P: ₹7,299₹7,299 (12% off)",100+ bought in past month,10% Off on Select Bank Cards10% Off on Select Bank Cards,"3.9 out of 5 stars 1,308  "," FREE delivery Tue, 8 Oct Or fastest delivery Tomorrow, 6 Oct "
31,https://www.amazon.in/POCO-C61-Ethereal-Blue-64GB/dp/B0CYBLHZPW/ref=sr_1_14?crid=1L0Q91SOR1BM2&dib=eyJ2IjoiMSJ9.YFHwfIh7GPJJ09bm1bBID_cftDp0afCxSRg3FN_lte1Rdqt5mg0Jx-TgDfx26Db3KQU1JO2tAF7pm-1gfG8MtzfxHlpgvazcRpgxNuuVFttuqLhrcaxp-Ld6M3GLfrx3fDP5xfBpL4ScKlFfbrSxXRyDX9VWbu_X7Xq3bgWwHhRWosAjnCAKcGU1quDOoO_Dy7EncmeSfy_UFCn5cEafdJeM3DlDTdqvQZcn6Vmj2_k.gLzcl7owOgyvjofPvY-GTIHcfhOU5iMgTDNesnqX70k&dib_tag=se&keywords=smart+phone&qid=1728113408&sprefix=smatrphone%2Caps%2C218&sr=8-14,POCO C61 Ethereal Blue 4GB RAM 64GB ROM  ,"₹6,299₹6,299 M.R.P: ₹8,999₹8,999 (30% off)",3K+ bought in past month,Save extra with No Cost EMISave extra with No Cost EMI,3.5 out of 5 stars 27  ," FREE delivery Tue, 8 Oct Or fastest delivery Tomorrow, 6 Oct "
32,https://www.amazon.in/sspa/click?ie=UTF8&spc=MToxNjA3MTk2NjQ4NjAwNzIzOjE3MjgxMTM0Mjc6c3BfYnRmOjMwMDA1NzU5NDUzOTgzMjo6MDo6&url=%2FApple-iPhone-15-Plus-128%2Fdp%2FB0CHWZCY43%2Fref%3Dsr_1_101_sspa%3Fcrid%3D1L0Q91SOR1BM2%26dib%3DeyJ2IjoiMSJ9.WVKHAkK85Be39u9ZAbOxvVAbt-jlMQLskyj4i3I_FOkNnpTGA-DCziPJYkwAiNHoRtCD7cRmRL_yaf2kPEuEMFEnxIYY13_Pd_GChHJt7dscTnXlxUw_M0rE9dxyCJxraiKjHQegBsAQwcOBPMP8EpUzzAEByT9N61v86iM-iOpV7o7VVRHqm50ML6Xwap47MrORry6kwfz60L_bFGMsFafLLvWHnABjzaIEhTm3HO8.iluD8OUFrv-bzEtPF81jaC_j36FjGNp7vq3fHsKNkNA%26dib_tag%3Dse%26keywords%3Dsmart%2Bphone%26qid%3D1728113427%26sprefix%3Dsmatrphone%252Caps%252C218%26sr%3D8-101-spons%26sp_csd%3Dd2lkZ2V0TmFtZT1zcF9idGY%26psc%3D1,Apple iPhone 15 Plus (128 GB) - Green  ,"₹76,900₹76,900 M.R.P: ₹89,600₹89,600 (14% off)",M.R.P: ,Flat INR 3000 Off on SBICardsFlat INR 3000 Off on SBICards,"4.6 out of 5 stars 1,018  "," FREE delivery Mon, 7 Oct Or fastest delivery Tomorrow, 6 Oct "
33,https://www.amazon.in/sspa/click?ie=UTF8&spc=MToxNjA3MTk2NjQ4NjAwNzIzOjE3MjgxMTM0Mjc6c3BfYnRmOjIwMTExMjExMjQzNzk4OjowOjo&url=%2FApple-iPhone-Plus-128GB-Midnight%2Fdp%2FB0BDJKL7KM%2Fref%3Dsr_1_102_sspa%3Fcrid%3D1L0Q91SOR1BM2%26dib%3DeyJ2IjoiMSJ9.WVKHAkK85Be39u9ZAbOxvVAbt-jlMQLskyj4i3I_FOkNnpTGA-DCziPJYkwAiNHoRtCD7cRmRL_yaf2kPEuEMFEnxIYY13_Pd_GChHJt7dscTnXlxUw_M0rE9dxyCJxraiKjHQegBsAQwcOBPMP8EpUzzAEByT9N61v86iM-iOpV7o7VVRHqm50ML6Xwap47MrORry6kwfz60L_bFGMsFafLLvWHnABjzaIEhTm3HO8.iluD8OUFrv-bzEtPF81jaC_j36FjGNp7vq3fHsKNkNA%26dib_tag%3Dse%26keywords%3Dsmart%2Bphone%26qid%3D1728113427%26sprefix%3Dsmatrphone%252Caps%252C218%26sr%3D8-102-spons%26sp_csd%3Dd2lkZ2V0TmFtZT1zcF9idGY%26psc%3D1,Apple iPhone 14 Plus (128 GB) - Midnight  ,"₹69,900₹69,900 M.R.P: ₹79,600₹79,600 (12% off)",100+ bought in past month,Flat INR 3000 Off on SBICardsFlat INR 3000 Off on SBICards,"4.5 out of 5 stars 2,012  "," FREE delivery Tue, 8 Oct Or fastest delivery Tomorrow, 6 Oct "
34,https://www.amazon.in/sspa/click?ie=UTF8&spc=MTo1NjQ3ODY4MTM4MDI5MTAyOjE3MjgxMTM0MzA6c3BfYXRmX25leHQ6MjAwNzk2ODI4NTEyMDM6OjA6Og&url=%2FApple-iPhone-13-128GB-Pink%2Fdp%2FB09G9FPGTN%2Fref%3Dsr_1_97_sspa%3Fcrid%3D1L0Q91SOR1BM2%26dib%3DeyJ2IjoiMSJ9.8KNCha1XNNxjDQhWc-O1FNeldQoUxcnige21O_64efci34HLzZbrS2fN5ETl63fltPpGOBqjFI8SwkUmfrBwIAwH6tf3z1pHAI24NFD2MwizOCYuDK1glafMjw0pFy6BV59K8I1biCVmAU8SpenikaAAWW8sBRepCcRrHr2sGG8PYDJdxfCWyn2jjRtLpZxeGcK9lKQeq2bEcpNwLn16Q5nimb-1pf0fFQIvFK-tJ_4.RRjVBmj-OjQKcuL4tI7hVloW7rAzP4igSdNF4yIqfcI%26dib_tag%3Dse%26keywords%3Dsmart%2Bphone%26qid%3D1728113430%26sprefix%3Dsmatrphone%252Caps%252C218%26sr%3D8-97-spons%26sp_csd%3Dd2lkZ2V0TmFtZT1zcF9hdGZfbmV4dA%26psc%3D1,Apple iPhone 13 (128GB) - Pink  ,"₹42,999₹42,999 M.R.P: ₹59,900₹59,900 (28% off)",5K+ bought in past month,Flat INR 500 Off on SBICardsFlat INR 500 Off on SBICards,"4.5 out of 5 stars 29,593  "," FREE delivery Fri, 11 Oct Or fastest delivery Tomorrow, 6 Oct "
35,https://www.amazon.in/sspa/click?ie=UTF8&spc=MTo1NjQ3ODY4MTM4MDI5MTAyOjE3MjgxMTM0MzA6c3BfYXRmX25leHQ6MjAxMTEyMTEyNDc2OTg6OjA6Og&url=%2FApple-iPhone-14-128GB-Blue%2Fdp%2FB0BDK62PDX%2Fref%3Dsr_1_98_sspa%3Fcrid%3D1L0Q91SOR1BM2%26dib%3DeyJ2IjoiMSJ9.8KNCha1XNNxjDQhWc-O1FNeldQoUxcnige21O_64efci34HLzZbrS2fN5ETl63fltPpGOBqjFI8SwkUmfrBwIAwH6tf3z1pHAI24NFD2MwizOCYuDK1glafMjw0pFy6BV59K8I1biCVmAU8SpenikaAAWW8sBRepCcRrHr2sGG8PYDJdxfCWyn2jjRtLpZxeGcK9lKQeq2bEcpNwLn16Q5nimb-1pf0fFQIvFK-tJ_4.RRjVBmj-OjQKcuL4tI7hVloW7rAzP4igSdNF4yIqfcI%26dib_tag%3Dse%26keywords%3Dsmart%2Bphone%26qid%3D1728113430%26sprefix%3Dsmatrphone%252Caps%252C218%26sr%3D8-98-spons%26sp_csd%3Dd2lkZ2V0TmFtZT1zcF9hdGZfbmV4dA%26psc%3D1,Apple iPhone 14 (128 GB) - Blue  ,"₹59,900₹59,900 M.R.P: ₹69,600₹69,600 (14% off)",300+ bought in past month,Flat INR 3000 Off on SBICardsFlat INR 3000 Off on SBICards,"4.5 out of 5 stars 5,570  "," FREE delivery Tue, 8 Oct Or fastest delivery Tomorrow, 6 Oct "
36,https://www.amazon.in/realme-Twilight-Storage-5000mAh-Durable/dp/B0D54F4B44/ref=sr_1_99?crid=1L0Q91SOR1BM2&dib=eyJ2IjoiMSJ9.8KNCha1XNNxjDQhWc-O1FNeldQoUxcnige21O_64efci34HLzZbrS2fN5ETl63fltPpGOBqjFI8SwkUmfrBwIAwH6tf3z1pHAI24NFD2MwizOCYuDK1glafMjw0pFy6BV59K8I1biCVmAU8SpenikaAAWW8sBRepCcRrHr2sGG8PYDJdxfCWyn2jjRtLpZxeGcK9lKQeq2bEcpNwLn16Q5nimb-1pf0fFQIvFK-tJ_4.RRjVBmj-OjQKcuL4tI7hVloW7rAzP4igSdNF4yIqfcI&dib_tag=se&keywords=smart+phone&qid=1728113430&sprefix=smatrphone%2Caps%2C218&sr=8-99,"realme NARZO N63 (Twilight Purple,4GB RAM+128GB Storage) 45W Fast Charge | 5000mAh Durable Battery | 7.74mm Ultra Slim | 50MP AI Camera | AI Boost  ","₹7,999₹7,999 M.R.P: ₹10,999₹10,999 (27% off)",2K+ bought in past month,Save extra with No Cost EMISave extra with No Cost EMI,3.9 out of 5 stars 634  ," FREE delivery Fri, 11 Oct "
37,https://www.amazon.in/Samsung-Galaxy-Smartphone-Marble-Storage/dp/B0CS69DGSW/ref=sr_1_101?crid=1L0Q91SOR1BM2&dib=eyJ2IjoiMSJ9.8KNCha1XNNxjDQhWc-O1FNeldQoUxcnige21O_64efci34HLzZbrS2fN5ETl63fltPpGOBqjFI8SwkUmfrBwIAwH6tf3z1pHAI24NFD2MwizOCYuDK1glafMjw0pFy6BV59K8I1biCVmAU8SpenikaAAWW8sBRepCcRrHr2sGG8PYDJdxfCWyn2jjRtLpZxeGcK9lKQeq2bEcpNwLn16Q5nimb-1pf0fFQIvFK-tJ_4.RRjVBmj-OjQKcuL4tI7hVloW7rAzP4igSdNF4yIqfcI&dib_tag=se&keywords=smart+phone&qid=1728113430&sprefix=smatrphone%2Caps%2C218&sr=8-101,"Samsung Galaxy S24 5G AI Smartphone (Marble Gray, 8GB, 128GB Storage)  ","₹62,999₹62,999 M.R.P: ₹74,999₹74,999 (16% off)",500+ bought in past month,Save extra with No Cost EMISave extra with No Cost EMI,4.0 out of 5 stars 332  ," FREE delivery Tue, 8 Oct Or fastest delivery Tomorrow, 6 Oct "
38,https://www.amazon.in/Lava-Blaze-5G-Green-Expandable/dp/B0BSTVXFWD/ref=sr_1_102?crid=1L0Q91SOR1BM2&dib=eyJ2IjoiMSJ9.8KNCha1XNNxjDQhWc-O1FNeldQoUxcnige21O_64efci34HLzZbrS2fN5ETl63fltPpGOBqjFI8SwkUmfrBwIAwH6tf3z1pHAI24NFD2MwizOCYuDK1glafMjw0pFy6BV59K8I1biCVmAU8SpenikaAAWW8sBRepCcRrHr2sGG8PYDJdxfCWyn2jjRtLpZxeGcK9lKQeq2bEcpNwLn16Q5nimb-1pf0fFQIvFK-tJ_4.RRjVBmj-OjQKcuL4tI7hVloW7rAzP4igSdNF4yIqfcI&dib_tag=se&keywords=smart+phone&qid=1728113430&sprefix=smatrphone%2Caps%2C218&sr=8-102,"Lava Blaze 5G (Glass Green, 6GB RAM, UFS 2.2 128GB Storage) | 5G Ready | 50MP AI Triple Camera | Upto 11GB Expandable RAM | Charger Included | Clean Android (No Bloatware)  ","₹9,299₹9,299 M.R.P: ₹16,349₹16,349 (43% off)",1K+ bought in past month,10% Off on Select Bank Cards10% Off on Select Bank Cards,"4.0 out of 5 stars 5,918  "," FREE delivery Tue, 8 Oct Or fastest delivery Tomorrow, 6 Oct "
39,https://www.amazon.in/Fantasy-Storage-Charging-Multi-Colored-Interface/dp/B0CC31RKH5/ref=sr_1_103?crid=1L0Q91SOR1BM2&dib=eyJ2IjoiMSJ9.8KNCha1XNNxjDQhWc-O1FNeldQoUxcnige21O_64efci34HLzZbrS2fN5ETl63fltPpGOBqjFI8SwkUmfrBwIAwH6tf3z1pHAI24NFD2MwizOCYuDK1glafMjw0pFy6BV59K8I1biCVmAU8SpenikaAAWW8sBRepCcRrHr2sGG8PYDJdxfCWyn2jjRtLpZxeGcK9lKQeq2bEcpNwLn16Q5nimb-1pf0fFQIvFK-tJ_4.RRjVBmj-OjQKcuL4tI7hVloW7rAzP4igSdNF4yIqfcI&dib_tag=se&keywords=smart+phone&qid=1728113430&sprefix=smatrphone%2Caps%2C218&sr=8-103,"TECNO Pova 5 Pro 5G (Silver Fantasy, 8GB RAM,256GB Storage)| Segment 1st 68W Ultra Fast Charging | India's 1st Multi-colored Backlit ARC Interface | 50MP AI Dual Camera |6.78”FHD+ Dot-in Display  ","₹15,999₹15,999 M.R.P: ₹20,999₹20,999 (24% off)",100+ bought in past month,10% Off on Select Bank Cards10% Off on Select Bank Cards,"4.0 out of 5 stars 6,056  "," FREE delivery Tue, 8 Oct Or fastest delivery Tomorrow, 6 Oct "
40,https://www.amazon.in/realme-Dimensity-Processor-Ultra-Slim-SUPERVOOC/dp/B0CZNTGPKX/ref=sr_1_104?crid=1L0Q91SOR1BM2&dib=eyJ2IjoiMSJ9.8KNCha1XNNxjDQhWc-O1FNeldQoUxcnige21O_64efci34HLzZbrS2fN5ETl63fltPpGOBqjFI8SwkUmfrBwIAwH6tf3z1pHAI24NFD2MwizOCYuDK1glafMjw0pFy6BV59K8I1biCVmAU8SpenikaAAWW8sBRepCcRrHr2sGG8PYDJdxfCWyn2jjRtLpZxeGcK9lKQeq2bEcpNwLn16Q5nimb-1pf0fFQIvFK-tJ_4.RRjVBmj-OjQKcuL4tI7hVloW7rAzP4igSdNF4yIqfcI&dib_tag=se&keywords=smart+phone&qid=1728113430&sprefix=smatrphone%2Caps%2C218&sr=8-104,"realme 12x 5G (Woodland Green, 6GB RAM, 128GB Storage) | Upto 12GB (6+6GB) Dynamic RAM | Dimensity 6100+ Processor | 50 MP AI Camera | 7.69 mm Ultra-Slim Trendy Watch Design | 45 W SUPERVOOC Charge  ","₹12,530₹12,530 M.R.P: ₹17,999₹17,999 (30% off)",1K+ bought in past month,10% Off on Select Bank Cards10% Off on Select Bank Cards,4.0 out of 5 stars 557  ," FREE delivery Wed, 9 Oct Or fastest delivery Tomorrow, 6 Oct "
41,https://www.amazon.in/Redmi-Storage-Premium-Powerful-Processor/dp/B0D78WD7PY/ref=sr_1_15?crid=1L0Q91SOR1BM2&dib=eyJ2IjoiMSJ9.YFHwfIh7GPJJ09bm1bBID_cftDp0afCxSRg3FN_lte1Rdqt5mg0Jx-TgDfx26Db3KQU1JO2tAF7pm-1gfG8MtzfxHlpgvazcRpgxNuuVFttuqLhrcaxp-Ld6M3GLfrx3fDP5xfBpL4ScKlFfbrSxXRyDX9VWbu_X7Xq3bgWwHhRWosAjnCAKcGU1quDOoO_Dy7EncmeSfy_UFCn5cEafdJeM3DlDTdqvQZcn6Vmj2_k.gLzcl7owOgyvjofPvY-GTIHcfhOU5iMgTDNesnqX70k&dib_tag=se&keywords=smart+phone&qid=1728113408&sprefix=smatrphone%2Caps%2C218&sr=8-15,"Redmi A3X (Olive Green, 3GB RAM, 64GB Storage) | Premium Halo Design | 90Hz Display | Powerful Octa Core Processor  ","₹6,570₹6,570 M.R.P: ₹9,999₹9,999 (34% off)",500+ bought in past month,Save extra with No Cost EMISave extra with No Cost EMI,3.6 out of 5 stars 62  ," FREE delivery Wed, 9 Oct Or fastest delivery Tomorrow, 6 Oct "
42,https://www.amazon.in/Vivo-Smartphone-Lotus-Purple-Storage/dp/B0DCGNMXDD/ref=sr_1_105?crid=1L0Q91SOR1BM2&dib=eyJ2IjoiMSJ9.8KNCha1XNNxjDQhWc-O1FNeldQoUxcnige21O_64efci34HLzZbrS2fN5ETl63fltPpGOBqjFI8SwkUmfrBwIAwH6tf3z1pHAI24NFD2MwizOCYuDK1glafMjw0pFy6BV59K8I1biCVmAU8SpenikaAAWW8sBRepCcRrHr2sGG8PYDJdxfCWyn2jjRtLpZxeGcK9lKQeq2bEcpNwLn16Q5nimb-1pf0fFQIvFK-tJ_4.RRjVBmj-OjQKcuL4tI7hVloW7rAzP4igSdNF4yIqfcI&dib_tag=se&keywords=smart+phone&qid=1728113430&sprefix=smatrphone%2Caps%2C218&sr=8-105,"Vivo V40 5G Smartphone (Lotus Purple, 8GB RAM, 256GB Storage)  ","₹35,140₹35,140 M.R.P: ₹42,999₹42,999 (18% off)",500+ bought in past month,10% Off on Select Bank Cards10% Off on Select Bank Cards,5.0 out of 5 stars 4  ," FREE delivery Tue, 8 Oct Or fastest delivery Tomorrow, 6 Oct "
43,https://www.amazon.in/Midnight-Ultra-Bounce-Anti-Drop-Display-5800mAh/dp/B0CSDQ434W/ref=sr_1_106?crid=1L0Q91SOR1BM2&dib=eyJ2IjoiMSJ9.8KNCha1XNNxjDQhWc-O1FNeldQoUxcnige21O_64efci34HLzZbrS2fN5ETl63fltPpGOBqjFI8SwkUmfrBwIAwH6tf3z1pHAI24NFD2MwizOCYuDK1glafMjw0pFy6BV59K8I1biCVmAU8SpenikaAAWW8sBRepCcRrHr2sGG8PYDJdxfCWyn2jjRtLpZxeGcK9lKQeq2bEcpNwLn16Q5nimb-1pf0fFQIvFK-tJ_4.RRjVBmj-OjQKcuL4tI7hVloW7rAzP4igSdNF4yIqfcI&dib_tag=se&keywords=smart+phone&qid=1728113430&sprefix=smatrphone%2Caps%2C218&sr=8-106,"HONOR X9b 5G (Midnight Black, 8GB + 256GB) | India's First Ultra-Bounce Anti-Drop Curved AMOLED Display | 5800mAh Battery | 108MP Primary Camera | Without Charger  ","₹19,998₹19,998 M.R.P: ₹30,999₹30,999 (35% off)",500+ bought in past month,Save extra with No Cost EMISave extra with No Cost EMI,"3.7 out of 5 stars 1,713  "," FREE delivery Mon, 7 Oct Or fastest delivery Tomorrow, 6 Oct "
44,https://www.amazon.in/sspa/click?ie=UTF8&spc=MTo1NjQ3ODY4MTM4MDI5MTAyOjE3MjgxMTM0MzA6c3BfbXRmOjMwMDA1NzU5NDUzNzYzMjo6MDo6&url=%2FApple-iPhone-15-128-GB%2Fdp%2FB0CHX3TW6X%2Fref%3Dsr_1_107_sspa%3Fcrid%3D1L0Q91SOR1BM2%26dib%3DeyJ2IjoiMSJ9.8KNCha1XNNxjDQhWc-O1FNeldQoUxcnige21O_64efci34HLzZbrS2fN5ETl63fltPpGOBqjFI8SwkUmfrBwIAwH6tf3z1pHAI24NFD2MwizOCYuDK1glafMjw0pFy6BV59K8I1biCVmAU8SpenikaAAWW8sBRepCcRrHr2sGG8PYDJdxfCWyn2jjRtLpZxeGcK9lKQeq2bEcpNwLn16Q5nimb-1pf0fFQIvFK-tJ_4.RRjVBmj-OjQKcuL4tI7hVloW7rAzP4igSdNF4yIqfcI%26dib_tag%3Dse%26keywords%3Dsmart%2Bphone%26qid%3D1728113430%26sprefix%3Dsmatrphone%252Caps%252C218%26sr%3D8-107-spons%26sp_csd%3Dd2lkZ2V0TmFtZT1zcF9tdGY%26psc%3D1,Apple iPhone 15 (128 GB) - Pink  ,"₹69,900₹69,900 M.R.P: ₹79,600₹79,600 (12% off)",200+ bought in past month,Flat INR 3000 Off on SBICardsFlat INR 3000 Off on SBICards,"4.5 out of 5 stars 2,255  "," FREE delivery Tue, 8 Oct Or fastest delivery Tomorrow, 6 Oct "
45,https://www.amazon.in/sspa/click?ie=UTF8&spc=MTo1NjQ3ODY4MTM4MDI5MTAyOjE3MjgxMTM0MzA6c3BfbXRmOjMwMDA1NzU5NDU0MDQzMjo6MDo6&url=%2FApple-iPhone-15-Pro-512%2Fdp%2FB0CHWYHQTH%2Fref%3Dsr_1_108_sspa%3Fcrid%3D1L0Q91SOR1BM2%26dib%3DeyJ2IjoiMSJ9.8KNCha1XNNxjDQhWc-O1FNeldQoUxcnige21O_64efci34HLzZbrS2fN5ETl63fltPpGOBqjFI8SwkUmfrBwIAwH6tf3z1pHAI24NFD2MwizOCYuDK1glafMjw0pFy6BV59K8I1biCVmAU8SpenikaAAWW8sBRepCcRrHr2sGG8PYDJdxfCWyn2jjRtLpZxeGcK9lKQeq2bEcpNwLn16Q5nimb-1pf0fFQIvFK-tJ_4.RRjVBmj-OjQKcuL4tI7hVloW7rAzP4igSdNF4yIqfcI%26dib_tag%3Dse%26keywords%3Dsmart%2Bphone%26qid%3D1728113430%26sprefix%3Dsmatrphone%252Caps%252C218%26sr%3D8-108-spons%26sp_csd%3Dd2lkZ2V0TmFtZT1zcF9tdGY%26psc%3D1,Apple iPhone 15 Pro (512 GB) - Natural Titanium  ,"₹1,39,900₹1,39,900 M.R.P: ₹1,64,900₹1,64,900 (15% off)",M.R.P: ,10% Off on Select Bank Cards10% Off on Select Bank Cards,4.3 out of 5 stars 337  ," FREE delivery Fri, 11 Oct "
46,https://www.amazon.in/OnePlus-Nord-Surge-128GB-Storage/dp/B0C9QS5G2R/ref=sr_1_109?crid=1L0Q91SOR1BM2&dib=eyJ2IjoiMSJ9.8KNCha1XNNxjDQhWc-O1FNeldQoUxcnige21O_64efci34HLzZbrS2fN5ETl63fltPpGOBqjFI8SwkUmfrBwIAwH6tf3z1pHAI24NFD2MwizOCYuDK1glafMjw0pFy6BV59K8I1biCVmAU8SpenikaAAWW8sBRepCcRrHr2sGG8PYDJdxfCWyn2jjRtLpZxeGcK9lKQeq2bEcpNwLn16Q5nimb-1pf0fFQIvFK-tJ_4.RRjVBmj-OjQKcuL4tI7hVloW7rAzP4igSdNF4yIqfcI&dib_tag=se&keywords=smart+phone&qid=1728113430&sprefix=smatrphone%2Caps%2C218&sr=8-109,"OnePlus Nord CE 3 5G (Aqua Surge, 8GB RAM, 128GB Storage)  ","₹16,999₹16,999 M.R.P: ₹26,999₹26,999 (37% off)",5K+ bought in past month,10% Off on Select Bank Cards10% Off on Select Bank Cards,"4.2 out of 5 stars 14,649  "," FREE delivery Tue, 8 Oct Or fastest delivery Tomorrow, 6 Oct "
47,https://www.amazon.in/Midnight-Advanced-Features-Powerful-Processor/dp/B0DCZL2R8L/ref=sr_1_110?crid=1L0Q91SOR1BM2&dib=eyJ2IjoiMSJ9.8KNCha1XNNxjDQhWc-O1FNeldQoUxcnige21O_64efci34HLzZbrS2fN5ETl63fltPpGOBqjFI8SwkUmfrBwIAwH6tf3z1pHAI24NFD2MwizOCYuDK1glafMjw0pFy6BV59K8I1biCVmAU8SpenikaAAWW8sBRepCcRrHr2sGG8PYDJdxfCWyn2jjRtLpZxeGcK9lKQeq2bEcpNwLn16Q5nimb-1pf0fFQIvFK-tJ_4.RRjVBmj-OjQKcuL4tI7hVloW7rAzP4igSdNF4yIqfcI&dib_tag=se&keywords=smart+phone&qid=1728113430&sprefix=smatrphone%2Caps%2C218&sr=8-110,"TECNO POVA 6 NEO (Midnight Shadow, 8GB+256GB)| Advanced AI Features | 108MP Ultra Clear AI Camera | D6300 Powerful Processor | 5 Year Lag Free Fluency | 5000 mAh Battery | in Build Infrared and NFC  ","₹13,999₹13,999 M.R.P: ₹16,999₹16,999 (18% off)",1K+ bought in past month,"₹1,000 off coupon appliedSave ₹1,000  with coupon ",4.4 out of 5 stars 59  ," FREE delivery Thu, 10 Oct Or fastest delivery Tomorrow, 6 Oct "
48,https://www.amazon.in/Nothing-Phone-White-256GB-Storage/dp/B0CX6XB653/ref=sr_1_112?crid=1L0Q91SOR1BM2&dib=eyJ2IjoiMSJ9.8KNCha1XNNxjDQhWc-O1FNeldQoUxcnige21O_64efci34HLzZbrS2fN5ETl63fltPpGOBqjFI8SwkUmfrBwIAwH6tf3z1pHAI24NFD2MwizOCYuDK1glafMjw0pFy6BV59K8I1biCVmAU8SpenikaAAWW8sBRepCcRrHr2sGG8PYDJdxfCWyn2jjRtLpZxeGcK9lKQeq2bEcpNwLn16Q5nimb-1pf0fFQIvFK-tJ_4.RRjVBmj-OjQKcuL4tI7hVloW7rAzP4igSdNF4yIqfcI&dib_tag=se&keywords=smart+phone&qid=1728113430&sprefix=smatrphone%2Caps%2C218&sr=8-112,"Nothing Phone 2a 5G (White, 8GB RAM, 256GB Storage)  ","₹23,585₹23,585 M.R.P: ₹27,999₹27,999 (16% off)",300+ bought in past month,10% Off on Select Bank Cards10% Off on Select Bank Cards,4.1 out of 5 stars 638  ," FREE delivery Wed, 9 Oct Or fastest delivery Tomorrow, 6 Oct "
49,https://www.amazon.in/Lava-O2-Imperial-Green-Expandable/dp/B0CVL7G8GG/ref=sr_1_113?crid=1L0Q91SOR1BM2&dib=eyJ2IjoiMSJ9.8KNCha1XNNxjDQhWc-O1FNeldQoUxcnige21O_64efci34HLzZbrS2fN5ETl63fltPpGOBqjFI8SwkUmfrBwIAwH6tf3z1pHAI24NFD2MwizOCYuDK1glafMjw0pFy6BV59K8I1biCVmAU8SpenikaAAWW8sBRepCcRrHr2sGG8PYDJdxfCWyn2jjRtLpZxeGcK9lKQeq2bEcpNwLn16Q5nimb-1pf0fFQIvFK-tJ_4.RRjVBmj-OjQKcuL4tI7hVloW7rAzP4igSdNF4yIqfcI&dib_tag=se&keywords=smart+phone&qid=1728113430&sprefix=smatrphone%2Caps%2C218&sr=8-113,"Lava O2 (Imperial Green, 8GB RAM, UFS 2.2 128GB Storage) |AG Glass Back|T616 Octacore Processor|18W Fast Charging|6.5 inch 90Hz Punch Hole Display|50MP AI Dual Camera|Upto 16GB Expandable RAM  ","₹7,999₹7,999 M.R.P: ₹9,999₹9,999 (20% off)",1K+ bought in past month,10% Off on Select Bank Cards10% Off on Select Bank Cards,3.7 out of 5 stars 413  ," FREE delivery Mon, 7 Oct Or fastest delivery Tomorrow, 6 Oct "
50,https://www.amazon.in/Serenity-Expandable-Industry-RGBW-Pro-Ultra-Wide/dp/B0C5XN5GX2/ref=sr_1_114?crid=1L0Q91SOR1BM2&dib=eyJ2IjoiMSJ9.8KNCha1XNNxjDQhWc-O1FNeldQoUxcnige21O_64efci34HLzZbrS2fN5ETl63fltPpGOBqjFI8SwkUmfrBwIAwH6tf3z1pHAI24NFD2MwizOCYuDK1glafMjw0pFy6BV59K8I1biCVmAU8SpenikaAAWW8sBRepCcRrHr2sGG8PYDJdxfCWyn2jjRtLpZxeGcK9lKQeq2bEcpNwLn16Q5nimb-1pf0fFQIvFK-tJ_4.RRjVBmj-OjQKcuL4tI7hVloW7rAzP4igSdNF4yIqfcI&dib_tag=se&keywords=smart+phone&qid=1728113430&sprefix=smatrphone%2Caps%2C218&sr=8-114,"TECNO Camon 20 Premier 5G (Serenity Blue, 8GB RAM,512GB Storage)|8GB Expandable RAM| Industry 1st 50MP RGBW-Pro Camera| Segment 1st 108MP Ultra-Wide Macro Lens |6.67"" 120Hz, 10bit AMOLED in-Display  ","₹16,999₹16,999 M.R.P: ₹41,999₹41,999 (60% off)",1K+ bought in past month,10% Off on Select Bank Cards10% Off on Select Bank Cards,4.0 out of 5 stars 244  ," FREE delivery Thu, 10 Oct Or fastest delivery Tomorrow, 6 Oct "
51,https://www.amazon.in/Storage-Additional-Exchange-Without-Charger/dp/B07WHQZ93Z/ref=sr_1_16?crid=1L0Q91SOR1BM2&dib=eyJ2IjoiMSJ9.YFHwfIh7GPJJ09bm1bBID_cftDp0afCxSRg3FN_lte1Rdqt5mg0Jx-TgDfx26Db3KQU1JO2tAF7pm-1gfG8MtzfxHlpgvazcRpgxNuuVFttuqLhrcaxp-Ld6M3GLfrx3fDP5xfBpL4ScKlFfbrSxXRyDX9VWbu_X7Xq3bgWwHhRWosAjnCAKcGU1quDOoO_Dy7EncmeSfy_UFCn5cEafdJeM3DlDTdqvQZcn6Vmj2_k.gLzcl7owOgyvjofPvY-GTIHcfhOU5iMgTDNesnqX70k&dib_tag=se&keywords=smart+phone&qid=1728113408&sprefix=smatrphone%2Caps%2C218&sr=8-16,"vivo Y18i (Space Black, 4GB RAM, 64GB Storage) with No Cost EMI/Additional Exchange Offers |Without Charger  ","₹7,999₹7,999 M.R.P: ₹11,999₹11,999 (33% off)",500+ bought in past month,Save extra with No Cost EMISave extra with No Cost EMI,3.3 out of 5 stars 19  ," FREE delivery Mon, 7 Oct Or fastest delivery Tomorrow, 6 Oct "
52,https://www.amazon.in/POCO-Snowstorm-White-RAM-Storage/dp/B0CSSD9QJR/ref=sr_1_115?crid=1L0Q91SOR1BM2&dib=eyJ2IjoiMSJ9.8KNCha1XNNxjDQhWc-O1FNeldQoUxcnige21O_64efci34HLzZbrS2fN5ETl63fltPpGOBqjFI8SwkUmfrBwIAwH6tf3z1pHAI24NFD2MwizOCYuDK1glafMjw0pFy6BV59K8I1biCVmAU8SpenikaAAWW8sBRepCcRrHr2sGG8PYDJdxfCWyn2jjRtLpZxeGcK9lKQeq2bEcpNwLn16Q5nimb-1pf0fFQIvFK-tJ_4.RRjVBmj-OjQKcuL4tI7hVloW7rAzP4igSdNF4yIqfcI&dib_tag=se&keywords=smart+phone&qid=1728113430&sprefix=smatrphone%2Caps%2C218&sr=8-115,"POCO X6 5G (Snowstorm White, 12 GB RAM 512 GB Storage)  ","₹18,999₹18,999 M.R.P: ₹27,999₹27,999 (32% off)",1K+ bought in past month,10% Off on Select Bank Cards10% Off on Select Bank Cards,4.0 out of 5 stars 923  ," FREE delivery Mon, 7 Oct Or fastest delivery Tomorrow, 6 Oct "
53,https://www.amazon.in/OnePlus-Nord-Lite-128GB-Storage/dp/B0D5YFZ946/ref=sr_1_116?crid=1L0Q91SOR1BM2&dib=eyJ2IjoiMSJ9.8KNCha1XNNxjDQhWc-O1FNeldQoUxcnige21O_64efci34HLzZbrS2fN5ETl63fltPpGOBqjFI8SwkUmfrBwIAwH6tf3z1pHAI24NFD2MwizOCYuDK1glafMjw0pFy6BV59K8I1biCVmAU8SpenikaAAWW8sBRepCcRrHr2sGG8PYDJdxfCWyn2jjRtLpZxeGcK9lKQeq2bEcpNwLn16Q5nimb-1pf0fFQIvFK-tJ_4.RRjVBmj-OjQKcuL4tI7hVloW7rAzP4igSdNF4yIqfcI&dib_tag=se&keywords=smart+phone&qid=1728113430&sprefix=smatrphone%2Caps%2C218&sr=8-116,"OnePlus Nord CE4 Lite 5G (Mega Blue, 8GB RAM, 128GB Storage)  ","₹19,998₹19,998 M.R.P: ₹20,999₹20,999 (5% off)",5K+ bought in past month,"₹1,000 off coupon appliedSave ₹1,000  with coupon ","4.1 out of 5 stars 1,978  "," FREE delivery Tue, 8 Oct Or fastest delivery Tomorrow, 6 Oct "
54,https://www.amazon.in/sspa/click?ie=UTF8&spc=MTo1NjQ3ODY4MTM4MDI5MTAyOjE3MjgxMTM0MzA6c3BfYnRmOjMwMDA1NzU5NDU0MjAzMjo6MDo6&url=%2FApple-iPhone-Pro-Max-512%2Fdp%2FB0CHX7FDD7%2Fref%3Dsr_1_118_sspa%3Fcrid%3D1L0Q91SOR1BM2%26dib%3DeyJ2IjoiMSJ9.8KNCha1XNNxjDQhWc-O1FNeldQoUxcnige21O_64efci34HLzZbrS2fN5ETl63fltPpGOBqjFI8SwkUmfrBwIAwH6tf3z1pHAI24NFD2MwizOCYuDK1glafMjw0pFy6BV59K8I1biCVmAU8SpenikaAAWW8sBRepCcRrHr2sGG8PYDJdxfCWyn2jjRtLpZxeGcK9lKQeq2bEcpNwLn16Q5nimb-1pf0fFQIvFK-tJ_4.RRjVBmj-OjQKcuL4tI7hVloW7rAzP4igSdNF4yIqfcI%26dib_tag%3Dse%26keywords%3Dsmart%2Bphone%26qid%3D1728113430%26sprefix%3Dsmatrphone%252Caps%252C218%26sr%3D8-118-spons%26sp_csd%3Dd2lkZ2V0TmFtZT1zcF9idGY%26psc%3D1,Apple iPhone 15 Pro Max (512 GB) - White Titanium  ,"₹1,54,900₹1,54,900 M.R.P: ₹1,79,900₹1,79,900 (14% off)",M.R.P: ,10% Off on Select Bank Cards10% Off on Select Bank Cards,4.4 out of 5 stars 348  ," FREE delivery Thu, 10 Oct Or fastest delivery Tomorrow, 6 Oct "
55,https://www.amazon.in/sspa/click?ie=UTF8&spc=MTo0MzY0MzE0NDc5OTYzMTIzOjE3MjgxMTM0MzM6c3BfYXRmX25leHQ6MzAwMDU3NTk0NTQxMjMyOjowOjo&url=%2FApple-iPhone-15-Pro-TB%2Fdp%2FB0CHX7V9V9%2Fref%3Dsr_1_113_sspa%3Fcrid%3D1L0Q91SOR1BM2%26dib%3DeyJ2IjoiMSJ9.D65NXuAF_3Rl781N9h75kslmR9Wan3ZGt92bmliHDkRl9t2ajyVRBL51QEDELh4GsG535Nv5DRo4Zasw4GCPTJC4GAloa73AVvR_HAlkKWkoANi1TUPxl050a3E7Ub0WKIm5eqD8T2I1HxQUWyfnpnKzwRelJYoz1zP-ApYUdy-0jBenAi5F8WIbk0nitTNhcZ-op_UuPURBpsSjl4zBvBEMKgP0MkWpXLau4IcUyrE.xdJ5546p1O6qWZsieKYvS3UB5MAsq5Lw5pRVDG_hLz4%26dib_tag%3Dse%26keywords%3Dsmart%2Bphone%26qid%3D1728113433%26sprefix%3Dsmatrphone%252Caps%252C218%26sr%3D8-113-spons%26sp_csd%3Dd2lkZ2V0TmFtZT1zcF9hdGZfbmV4dA%26psc%3D1,Apple iPhone 15 Pro (1 TB) - Blue Titanium  ,"₹1,59,900₹1,59,900 M.R.P: ₹1,84,900₹1,84,900 (14% off)",M.R.P: ,10% Off on Select Bank Cards10% Off on Select Bank Cards,4.3 out of 5 stars 337  ," FREE delivery Tue, 8 Oct Or fastest delivery Tomorrow, 6 Oct "
56,https://www.amazon.in/sspa/click?ie=UTF8&spc=MTo0MzY0MzE0NDc5OTYzMTIzOjE3MjgxMTM0MzM6c3BfYXRmX25leHQ6MjAxMTEyMTEyNDc1OTg6OjA6Og&url=%2FApple-iPhone-512GB-Product-RED%2Fdp%2FB0BDHY3LFJ%2Fref%3Dsr_1_114_sspa%3Fcrid%3D1L0Q91SOR1BM2%26dib%3DeyJ2IjoiMSJ9.D65NXuAF_3Rl781N9h75kslmR9Wan3ZGt92bmliHDkRl9t2ajyVRBL51QEDELh4GsG535Nv5DRo4Zasw4GCPTJC4GAloa73AVvR_HAlkKWkoANi1TUPxl050a3E7Ub0WKIm5eqD8T2I1HxQUWyfnpnKzwRelJYoz1zP-ApYUdy-0jBenAi5F8WIbk0nitTNhcZ-op_UuPURBpsSjl4zBvBEMKgP0MkWpXLau4IcUyrE.xdJ5546p1O6qWZsieKYvS3UB5MAsq5Lw5pRVDG_hLz4%26dib_tag%3Dse%26keywords%3Dsmart%2Bphone%26qid%3D1728113433%26sprefix%3Dsmatrphone%252Caps%252C218%26sr%3D8-114-spons%26sp_csd%3Dd2lkZ2V0TmFtZT1zcF9hdGZfbmV4dA%26psc%3D1,Apple iPhone 14 (512 GB) - (Product) RED  ,"₹89,900₹89,900 M.R.P: ₹99,900₹99,900 (10% off)",M.R.P: ,Flat INR 3000 Off on SBICardsFlat INR 3000 Off on SBICards,"4.5 out of 5 stars 5,570  "," FREE delivery Thu, 10 Oct Or fastest delivery Tomorrow, 6 Oct "
57,https://www.amazon.in/OnePlus-Mercurial-Silver-256GB-Storage/dp/B0D7VJ72XK/ref=sr_1_115?crid=1L0Q91SOR1BM2&dib=eyJ2IjoiMSJ9.D65NXuAF_3Rl781N9h75kslmR9Wan3ZGt92bmliHDkRl9t2ajyVRBL51QEDELh4GsG535Nv5DRo4Zasw4GCPTJC4GAloa73AVvR_HAlkKWkoANi1TUPxl050a3E7Ub0WKIm5eqD8T2I1HxQUWyfnpnKzwRelJYoz1zP-ApYUdy-0jBenAi5F8WIbk0nitTNhcZ-op_UuPURBpsSjl4zBvBEMKgP0MkWpXLau4IcUyrE.xdJ5546p1O6qWZsieKYvS3UB5MAsq5Lw5pRVDG_hLz4&dib_tag=se&keywords=smart+phone&qid=1728113433&sprefix=smatrphone%2Caps%2C218&sr=8-115,"OnePlus Nord 4 5G (Mercurial Silver, 12GB RAM, 256GB Storage)  ","₹35,998₹35,998",1K+ bought in past month,"₹2,000 off coupon appliedSave ₹2,000  with coupon ",4.2 out of 5 stars 821  ," FREE delivery Tue, 8 Oct Or fastest delivery Tomorrow, 6 Oct "
58,https://www.amazon.in/realme-Storage-Flagship-Chipset-Brightest/dp/B0D3J8HYDD/ref=sr_1_116?crid=1L0Q91SOR1BM2&dib=eyJ2IjoiMSJ9.D65NXuAF_3Rl781N9h75kslmR9Wan3ZGt92bmliHDkRl9t2ajyVRBL51QEDELh4GsG535Nv5DRo4Zasw4GCPTJC4GAloa73AVvR_HAlkKWkoANi1TUPxl050a3E7Ub0WKIm5eqD8T2I1HxQUWyfnpnKzwRelJYoz1zP-ApYUdy-0jBenAi5F8WIbk0nitTNhcZ-op_UuPURBpsSjl4zBvBEMKgP0MkWpXLau4IcUyrE.xdJ5546p1O6qWZsieKYvS3UB5MAsq5Lw5pRVDG_hLz4&dib_tag=se&keywords=smart+phone&qid=1728113433&sprefix=smatrphone%2Caps%2C218&sr=8-116,"realme GT 6T 5G (Fluid Silver,12GB RAM+256GB Storage) | India's 1st 7+ Gen 3 Flagship Chipset | 1.5M + AnTuTu Score | 5500mAh+120W | The World's Brightest Flagship Display  ","₹34,998₹34,998 M.R.P: ₹37,999₹37,999 (8% off)",1K+ bought in past month,"₹4,000 off coupon appliedSave ₹4,000  with coupon ","4.3 out of 5 stars 1,787  "," FREE delivery Tue, 8 Oct Or fastest delivery Tomorrow, 6 Oct "
59,https://www.amazon.in/realme-Segments-Dimensity-Motorsports-Inspired/dp/B0DDTXJ2MX/ref=sr_1_117?crid=1L0Q91SOR1BM2&dib=eyJ2IjoiMSJ9.D65NXuAF_3Rl781N9h75kslmR9Wan3ZGt92bmliHDkRl9t2ajyVRBL51QEDELh4GsG535Nv5DRo4Zasw4GCPTJC4GAloa73AVvR_HAlkKWkoANi1TUPxl050a3E7Ub0WKIm5eqD8T2I1HxQUWyfnpnKzwRelJYoz1zP-ApYUdy-0jBenAi5F8WIbk0nitTNhcZ-op_UuPURBpsSjl4zBvBEMKgP0MkWpXLau4IcUyrE.xdJ5546p1O6qWZsieKYvS3UB5MAsq5Lw5pRVDG_hLz4&dib_tag=se&keywords=smart+phone&qid=1728113433&sprefix=smatrphone%2Caps%2C218&sr=8-117,"realme NARZO 70 Turbo 5G (Turbo Yellow,6GB RAM,128GB Storage) | Segment's Fastest Dimensity 7300 Energy 5G Chipset | Motorsports Inspired Design  ","₹16,998₹16,998 M.R.P: ₹19,999₹19,999 (15% off)",5K+ bought in past month,"₹2,000 off coupon appliedSave ₹2,000  with coupon ",4.4 out of 5 stars 382  ," FREE delivery Tue, 8 Oct Or fastest delivery Tomorrow, 6 Oct "
60,https://www.amazon.in/iQOO-Titanium-Ultra-Thin-Dimesity-Processor/dp/B07WHS99FG/ref=sr_1_118?crid=1L0Q91SOR1BM2&dib=eyJ2IjoiMSJ9.D65NXuAF_3Rl781N9h75kslmR9Wan3ZGt92bmliHDkRl9t2ajyVRBL51QEDELh4GsG535Nv5DRo4Zasw4GCPTJC4GAloa73AVvR_HAlkKWkoANi1TUPxl050a3E7Ub0WKIm5eqD8T2I1HxQUWyfnpnKzwRelJYoz1zP-ApYUdy-0jBenAi5F8WIbk0nitTNhcZ-op_UuPURBpsSjl4zBvBEMKgP0MkWpXLau4IcUyrE.xdJ5546p1O6qWZsieKYvS3UB5MAsq5Lw5pRVDG_hLz4&dib_tag=se&keywords=smart+phone&qid=1728113433&sprefix=smatrphone%2Caps%2C218&sr=8-118,"iQOO Z9s 5G (Titanium Matte, 8GB RAM, 128GB Storage) | 120 Hz 3D Curved AMOLED Display | 5500 mAh Ultra-Thin Battery | Dimesity 7300 5G Processor | Sony IMX882 OIS Camera with Aura Light  ","₹19,998₹19,998 M.R.P: ₹25,999₹25,999 (23% off)",5K+ bought in past month,Flat  INR 1000 Off on SBICardsFlat  INR 1000 Off on SBICards,4.4 out of 5 stars 521  ,FREE delivery
61,https://www.amazon.in/POCO-Orion-Blue-128GB-Storage/dp/B0CQVRKCSY/ref=sr_1_17?crid=1L0Q91SOR1BM2&dib=eyJ2IjoiMSJ9.YFHwfIh7GPJJ09bm1bBID_cftDp0afCxSRg3FN_lte1Rdqt5mg0Jx-TgDfx26Db3KQU1JO2tAF7pm-1gfG8MtzfxHlpgvazcRpgxNuuVFttuqLhrcaxp-Ld6M3GLfrx3fDP5xfBpL4ScKlFfbrSxXRyDX9VWbu_X7Xq3bgWwHhRWosAjnCAKcGU1quDOoO_Dy7EncmeSfy_UFCn5cEafdJeM3DlDTdqvQZcn6Vmj2_k.gLzcl7owOgyvjofPvY-GTIHcfhOU5iMgTDNesnqX70k&dib_tag=se&keywords=smart+phone&qid=1728113408&sprefix=smatrphone%2Caps%2C218&sr=8-17,"POCO M6 5G (Orion Blue, 6GB RAM, 128GB Storage)  ","₹9,499₹9,499 M.R.P: ₹13,999₹13,999 (32% off)",4K+ bought in past month,Save extra with No Cost EMISave extra with No Cost EMI,"3.9 out of 5 stars 1,745  "," FREE delivery Tue, 8 Oct Or fastest delivery Tomorrow, 6 Oct "
62,https://www.amazon.in/Itel-A70-Smartphone/dp/B0CQ7NF3X9/ref=sr_1_119?crid=1L0Q91SOR1BM2&dib=eyJ2IjoiMSJ9.D65NXuAF_3Rl781N9h75kslmR9Wan3ZGt92bmliHDkRl9t2ajyVRBL51QEDELh4GsG535Nv5DRo4Zasw4GCPTJC4GAloa73AVvR_HAlkKWkoANi1TUPxl050a3E7Ub0WKIm5eqD8T2I1HxQUWyfnpnKzwRelJYoz1zP-ApYUdy-0jBenAi5F8WIbk0nitTNhcZ-op_UuPURBpsSjl4zBvBEMKgP0MkWpXLau4IcUyrE.xdJ5546p1O6qWZsieKYvS3UB5MAsq5Lw5pRVDG_hLz4&dib_tag=se&keywords=smart+phone&qid=1728113433&sprefix=smatrphone%2Caps%2C218&sr=8-119,Itel A70 Smartphone  ,"₹6,699₹6,699 M.R.P: ₹9,999₹9,999 (33% off)",300+ bought in past month,10% Off on Select Bank Cards10% Off on Select Bank Cards,3.9 out of 5 stars 173  ," FREE delivery Mon, 7 Oct Or fastest delivery Tomorrow, 6 Oct "
63,https://www.amazon.in/OPPO-Nebula-Red-128GB-Storage/dp/B0D9HPWZS1/ref=sr_1_120?crid=1L0Q91SOR1BM2&dib=eyJ2IjoiMSJ9.D65NXuAF_3Rl781N9h75kslmR9Wan3ZGt92bmliHDkRl9t2ajyVRBL51QEDELh4GsG535Nv5DRo4Zasw4GCPTJC4GAloa73AVvR_HAlkKWkoANi1TUPxl050a3E7Ub0WKIm5eqD8T2I1HxQUWyfnpnKzwRelJYoz1zP-ApYUdy-0jBenAi5F8WIbk0nitTNhcZ-op_UuPURBpsSjl4zBvBEMKgP0MkWpXLau4IcUyrE.xdJ5546p1O6qWZsieKYvS3UB5MAsq5Lw5pRVDG_hLz4&dib_tag=se&keywords=smart+phone&qid=1728113433&sprefix=smatrphone%2Caps%2C218&sr=8-120,"OPPO A3 5G (Nebula Red, 6GB RAM, 128GB Storage)  ","₹15,999₹15,999 M.R.P: ₹19,999₹19,999 (20% off)",300+ bought in past month,Flat INR 250 Off on SBICardsFlat INR 250 Off on SBICards,4.4 out of 5 stars 13  ," FREE delivery Tue, 8 Oct Or fastest delivery Tomorrow, 6 Oct "
64,https://www.amazon.in/realme-Segments-Dimensity-Motorsports-Inspired/dp/B0DDTZF6G1/ref=sr_1_121?crid=1L0Q91SOR1BM2&dib=eyJ2IjoiMSJ9.D65NXuAF_3Rl781N9h75kslmR9Wan3ZGt92bmliHDkRl9t2ajyVRBL51QEDELh4GsG535Nv5DRo4Zasw4GCPTJC4GAloa73AVvR_HAlkKWkoANi1TUPxl050a3E7Ub0WKIm5eqD8T2I1HxQUWyfnpnKzwRelJYoz1zP-ApYUdy-0jBenAi5F8WIbk0nitTNhcZ-op_UuPURBpsSjl4zBvBEMKgP0MkWpXLau4IcUyrE.xdJ5546p1O6qWZsieKYvS3UB5MAsq5Lw5pRVDG_hLz4&dib_tag=se&keywords=smart+phone&qid=1728113433&sprefix=smatrphone%2Caps%2C218&sr=8-121,"realme NARZO 70 Turbo 5G (Turbo Purple,6GB RAM,128GB Storage) | Segment's Fastest Dimensity 7300 Energy 5G Chipset | Motorsports Inspired Design  ","₹16,998₹16,998 M.R.P: ₹19,999₹19,999 (15% off)",5K+ bought in past month,"₹2,000 off coupon appliedSave ₹2,000  with coupon ",4.4 out of 5 stars 382  ," FREE delivery Tue, 8 Oct Or fastest delivery Tomorrow, 6 Oct "
65,https://www.amazon.in/Samsung-Thunder-Storage-Corning-Gorilla/dp/B0D812G7FL/ref=sr_1_122?crid=1L0Q91SOR1BM2&dib=eyJ2IjoiMSJ9.D65NXuAF_3Rl781N9h75kslmR9Wan3ZGt92bmliHDkRl9t2ajyVRBL51QEDELh4GsG535Nv5DRo4Zasw4GCPTJC4GAloa73AVvR_HAlkKWkoANi1TUPxl050a3E7Ub0WKIm5eqD8T2I1HxQUWyfnpnKzwRelJYoz1zP-ApYUdy-0jBenAi5F8WIbk0nitTNhcZ-op_UuPURBpsSjl4zBvBEMKgP0MkWpXLau4IcUyrE.xdJ5546p1O6qWZsieKYvS3UB5MAsq5Lw5pRVDG_hLz4&dib_tag=se&keywords=smart+phone&qid=1728113433&sprefix=smatrphone%2Caps%2C218&sr=8-122,"Samsung Galaxy M35 5G (Thunder Grey,8GB RAM,256GB Storage)| Corning Gorilla Glass Victus+| AnTuTu Score 595K+ | Vapour Cooling Chamber | 6000mAh Battery | 120Hz Super AMOLED Display| Without Charger  ","₹19,499₹19,499 M.R.P: ₹27,499₹27,499 (29% off)",2K+ bought in past month,10% Off on Select Bank Cards10% Off on Select Bank Cards,"4.1 out of 5 stars 1,981  "," FREE delivery Thu, 10 Oct Or fastest delivery Tomorrow, 6 Oct "
66,https://www.amazon.in/sspa/click?ie=UTF8&spc=MTo0MzY0MzE0NDc5OTYzMTIzOjE3MjgxMTM0MzM6c3BfbXRmOjMwMDM1MTQ4MTk3OTEzMjo6MDo6&url=%2FApple-iPhone-16-Plus-128%2Fdp%2FB0DGJBY734%2Fref%3Dsr_1_123_sspa%3Fcrid%3D1L0Q91SOR1BM2%26dib%3DeyJ2IjoiMSJ9.D65NXuAF_3Rl781N9h75kslmR9Wan3ZGt92bmliHDkRl9t2ajyVRBL51QEDELh4GsG535Nv5DRo4Zasw4GCPTJC4GAloa73AVvR_HAlkKWkoANi1TUPxl050a3E7Ub0WKIm5eqD8T2I1HxQUWyfnpnKzwRelJYoz1zP-ApYUdy-0jBenAi5F8WIbk0nitTNhcZ-op_UuPURBpsSjl4zBvBEMKgP0MkWpXLau4IcUyrE.xdJ5546p1O6qWZsieKYvS3UB5MAsq5Lw5pRVDG_hLz4%26dib_tag%3Dse%26keywords%3Dsmart%2Bphone%26qid%3D1728113433%26sprefix%3Dsmatrphone%252Caps%252C218%26sr%3D8-123-spons%26sp_csd%3Dd2lkZ2V0TmFtZT1zcF9tdGY%26psc%3D1,Apple iPhone 16 Plus (128 GB) - Black  ,"₹89,900₹89,900",200+ bought in past month,10% Off on Select Bank Cards10% Off on Select Bank Cards,4.1 out of 5 stars 21  ," FREE delivery Tue, 8 Oct Or fastest delivery Tomorrow, 6 Oct "
67,https://www.amazon.in/sspa/click?ie=UTF8&spc=MTo0MzY0MzE0NDc5OTYzMTIzOjE3MjgxMTM0MzM6c3BfbXRmOjIwMDc5NjgyODUxNjAzOjowOjo&url=%2FApple-iPhone-13-256GB-Midnight%2Fdp%2FB09G9BQS98%2Fref%3Dsr_1_124_sspa%3Fcrid%3D1L0Q91SOR1BM2%26dib%3DeyJ2IjoiMSJ9.D65NXuAF_3Rl781N9h75kslmR9Wan3ZGt92bmliHDkRl9t2ajyVRBL51QEDELh4GsG535Nv5DRo4Zasw4GCPTJC4GAloa73AVvR_HAlkKWkoANi1TUPxl050a3E7Ub0WKIm5eqD8T2I1HxQUWyfnpnKzwRelJYoz1zP-ApYUdy-0jBenAi5F8WIbk0nitTNhcZ-op_UuPURBpsSjl4zBvBEMKgP0MkWpXLau4IcUyrE.xdJ5546p1O6qWZsieKYvS3UB5MAsq5Lw5pRVDG_hLz4%26dib_tag%3Dse%26keywords%3Dsmart%2Bphone%26qid%3D1728113433%26sprefix%3Dsmatrphone%252Caps%252C218%26sr%3D8-124-spons%26sp_csd%3Dd2lkZ2V0TmFtZT1zcF9tdGY%26psc%3D1,Apple iPhone 13 (256GB) - Midnight  ,"₹53,999₹53,999 M.R.P: ₹69,900₹69,900 (23% off)",500+ bought in past month,Flat INR 500 Off on SBICardsFlat INR 500 Off on SBICards,"4.5 out of 5 stars 29,593  "," FREE delivery Tue, 8 Oct Or fastest delivery Tomorrow, 6 Oct "
68,https://www.amazon.in/OnePlus-Sonic-Black-128GB-Storage/dp/B0BSNP46QP/ref=sr_1_125?crid=1L0Q91SOR1BM2&dib=eyJ2IjoiMSJ9.D65NXuAF_3Rl781N9h75kslmR9Wan3ZGt92bmliHDkRl9t2ajyVRBL51QEDELh4GsG535Nv5DRo4Zasw4GCPTJC4GAloa73AVvR_HAlkKWkoANi1TUPxl050a3E7Ub0WKIm5eqD8T2I1HxQUWyfnpnKzwRelJYoz1zP-ApYUdy-0jBenAi5F8WIbk0nitTNhcZ-op_UuPURBpsSjl4zBvBEMKgP0MkWpXLau4IcUyrE.xdJ5546p1O6qWZsieKYvS3UB5MAsq5Lw5pRVDG_hLz4&dib_tag=se&keywords=smart+phone&qid=1728113433&sprefix=smatrphone%2Caps%2C218&sr=8-125,"OnePlus 11R 5G (Sonic Black, 8GB RAM, 128GB Storage)  ","₹27,997₹27,997 M.R.P: ₹39,999₹39,999 (30% off)",5K+ bought in past month,10% Off on Select Bank Cards10% Off on Select Bank Cards,"4.4 out of 5 stars 17,626  "," FREE delivery Tue, 8 Oct Or fastest delivery Tomorrow, 6 Oct "
69,https://www.amazon.in/Storage-Additional-Exchange-Without-Charger/dp/B07WGN5S8R/ref=sr_1_126?crid=1L0Q91SOR1BM2&dib=eyJ2IjoiMSJ9.D65NXuAF_3Rl781N9h75kslmR9Wan3ZGt92bmliHDkRl9t2ajyVRBL51QEDELh4GsG535Nv5DRo4Zasw4GCPTJC4GAloa73AVvR_HAlkKWkoANi1TUPxl050a3E7Ub0WKIm5eqD8T2I1HxQUWyfnpnKzwRelJYoz1zP-ApYUdy-0jBenAi5F8WIbk0nitTNhcZ-op_UuPURBpsSjl4zBvBEMKgP0MkWpXLau4IcUyrE.xdJ5546p1O6qWZsieKYvS3UB5MAsq5Lw5pRVDG_hLz4&dib_tag=se&keywords=smart+phone&qid=1728113433&sprefix=smatrphone%2Caps%2C218&sr=8-126,"vivo Y18 (Gem Green, 4GB RAM, 64GB Storage) with No Cost EMI/Additional Exchange Offers | Without Charger  ","₹8,499₹8,499 M.R.P: ₹12,999₹12,999 (35% off)",500+ bought in past month,10% Off on Select Bank Cards10% Off on Select Bank Cards,3.6 out of 5 stars 31  ,FREE delivery
70,https://www.amazon.in/Redmi-Purple-Storage-Flagship-TurboCharge/dp/B0CRQFC3MN/ref=sr_1_127?crid=1L0Q91SOR1BM2&dib=eyJ2IjoiMSJ9.D65NXuAF_3Rl781N9h75kslmR9Wan3ZGt92bmliHDkRl9t2ajyVRBL51QEDELh4GsG535Nv5DRo4Zasw4GCPTJC4GAloa73AVvR_HAlkKWkoANi1TUPxl050a3E7Ub0WKIm5eqD8T2I1HxQUWyfnpnKzwRelJYoz1zP-ApYUdy-0jBenAi5F8WIbk0nitTNhcZ-op_UuPURBpsSjl4zBvBEMKgP0MkWpXLau4IcUyrE.xdJ5546p1O6qWZsieKYvS3UB5MAsq5Lw5pRVDG_hLz4&dib_tag=se&keywords=smart+phone&qid=1728113433&sprefix=smatrphone%2Caps%2C218&sr=8-127,"Redmi Note 13 Pro (Coral Purple, 12GB RAM, 256GB Storage) | 1.5K AMOLED | 200MP Hi-Res Camera | Flagship 4nm SD 7s Gen 2 | 67W TurboCharge  ","₹25,999₹25,999 M.R.P: ₹32,999₹32,999 (21% off)",1K+ bought in past month,Save extra with No Cost EMISave extra with No Cost EMI,"4.0 out of 5 stars 1,070  "," FREE delivery Tue, 8 Oct Or fastest delivery Tomorrow, 6 Oct "
71,https://www.amazon.in/Memory-Fusion-Charger-Battery-Dynamic/dp/B0CSKJZD2L/ref=sr_1_128?crid=1L0Q91SOR1BM2&dib=eyJ2IjoiMSJ9.D65NXuAF_3Rl781N9h75kslmR9Wan3ZGt92bmliHDkRl9t2ajyVRBL51QEDELh4GsG535Nv5DRo4Zasw4GCPTJC4GAloa73AVvR_HAlkKWkoANi1TUPxl050a3E7Ub0WKIm5eqD8T2I1HxQUWyfnpnKzwRelJYoz1zP-ApYUdy-0jBenAi5F8WIbk0nitTNhcZ-op_UuPURBpsSjl4zBvBEMKgP0MkWpXLau4IcUyrE.xdJ5546p1O6qWZsieKYvS3UB5MAsq5Lw5pRVDG_hLz4&dib_tag=se&keywords=smart+phone&qid=1728113433&sprefix=smatrphone%2Caps%2C218&sr=8-128,itel P55+ 4G | Upto 16GB RAM with Memory Fusion & 256GB ROM| 50MP AI Dual Rear Camera & 8MP Front Camera| 45W Charger with 5000 mAh Battery | Dynamic Bar|UFS 2.2| Meteor Black  ,"₹7,699₹7,699 M.R.P: ₹13,999₹13,999 (45% off)",300+ bought in past month,10% Off on Select Bank Cards10% Off on Select Bank Cards,3.9 out of 5 stars 108  ," FREE delivery Tue, 8 Oct Or fastest delivery Tomorrow, 6 Oct "
72,https://www.amazon.in/Samsung-Celestial-MediaTek-Dimensity-Security/dp/B0DGXB3KPQ/ref=sr_1_18?crid=1L0Q91SOR1BM2&dib=eyJ2IjoiMSJ9.YFHwfIh7GPJJ09bm1bBID_cftDp0afCxSRg3FN_lte1Rdqt5mg0Jx-TgDfx26Db3KQU1JO2tAF7pm-1gfG8MtzfxHlpgvazcRpgxNuuVFttuqLhrcaxp-Ld6M3GLfrx3fDP5xfBpL4ScKlFfbrSxXRyDX9VWbu_X7Xq3bgWwHhRWosAjnCAKcGU1quDOoO_Dy7EncmeSfy_UFCn5cEafdJeM3DlDTdqvQZcn6Vmj2_k.gLzcl7owOgyvjofPvY-GTIHcfhOU5iMgTDNesnqX70k&dib_tag=se&keywords=smart+phone&qid=1728113408&sprefix=smatrphone%2Caps%2C218&sr=8-18,"Samsung Galaxy M15 5G Prime Edition (Celestial Blue,8GB RAM,128GB Storage)| Super AMOLED Display| 50MP Triple Cam| 6000mAh Battery| MediaTek Dimensity 6100+| 4 Gen. OS Upgrade & 5 Year Security Update  ","₹13,499₹13,499 M.R.P: ₹17,999₹17,999 (25% off)",2K+ bought in past month,₹250 off coupon appliedSave ₹250  with coupon ,4.2 out of 5 stars 21  ," FREE delivery Tue, 8 Oct Or fastest delivery Tomorrow, 6 Oct "
73,https://www.amazon.in/Redmi-Storage-Premium-Powerful-Processor/dp/B0D78WZHRT/ref=sr_1_129?crid=1L0Q91SOR1BM2&dib=eyJ2IjoiMSJ9.D65NXuAF_3Rl781N9h75kslmR9Wan3ZGt92bmliHDkRl9t2ajyVRBL51QEDELh4GsG535Nv5DRo4Zasw4GCPTJC4GAloa73AVvR_HAlkKWkoANi1TUPxl050a3E7Ub0WKIm5eqD8T2I1HxQUWyfnpnKzwRelJYoz1zP-ApYUdy-0jBenAi5F8WIbk0nitTNhcZ-op_UuPURBpsSjl4zBvBEMKgP0MkWpXLau4IcUyrE.xdJ5546p1O6qWZsieKYvS3UB5MAsq5Lw5pRVDG_hLz4&dib_tag=se&keywords=smart+phone&qid=1728113433&sprefix=smatrphone%2Caps%2C218&sr=8-129,"Redmi A3X (Starry White, 3GB RAM, 64GB Storage) | Premium Halo Design | 90Hz Display | Powerful Octa Core Processor  ","₹6,485₹6,485 M.R.P: ₹9,999₹9,999 (35% off)",200+ bought in past month,Save extra with No Cost EMISave extra with No Cost EMI,3.6 out of 5 stars 62  ," FREE delivery Thu, 10 Oct Or fastest delivery Tomorrow, 6 Oct "
74,https://www.amazon.in/Memory-Fusion-Charger-Battery-Dynamic/dp/B0CSKJZH44/ref=sr_1_130?crid=1L0Q91SOR1BM2&dib=eyJ2IjoiMSJ9.D65NXuAF_3Rl781N9h75kslmR9Wan3ZGt92bmliHDkRl9t2ajyVRBL51QEDELh4GsG535Nv5DRo4Zasw4GCPTJC4GAloa73AVvR_HAlkKWkoANi1TUPxl050a3E7Ub0WKIm5eqD8T2I1HxQUWyfnpnKzwRelJYoz1zP-ApYUdy-0jBenAi5F8WIbk0nitTNhcZ-op_UuPURBpsSjl4zBvBEMKgP0MkWpXLau4IcUyrE.xdJ5546p1O6qWZsieKYvS3UB5MAsq5Lw5pRVDG_hLz4&dib_tag=se&keywords=smart+phone&qid=1728113433&sprefix=smatrphone%2Caps%2C218&sr=8-130,itel P55+ 4G | Upto 16GB RAM with Memory Fusion & 256GB ROM| 50MP AI Dual Rear Camera & 8MP Front Camera| 45W Charger with 5000 mAh Battery | Dynamic Bar|UFS 2.2| Royal Green  ,"₹7,699₹7,699 M.R.P: ₹13,999₹13,999 (45% off)",500+ bought in past month,10% Off on Select Bank Cards10% Off on Select Bank Cards,3.9 out of 5 stars 108  ," FREE delivery Sun, 13 Oct Or fastest delivery Tomorrow, 6 Oct "
75,https://www.amazon.in/Redmi-Black-Diamond-6GB-128GB/dp/B0D78WKY12/ref=sr_1_131?crid=1L0Q91SOR1BM2&dib=eyJ2IjoiMSJ9.D65NXuAF_3Rl781N9h75kslmR9Wan3ZGt92bmliHDkRl9t2ajyVRBL51QEDELh4GsG535Nv5DRo4Zasw4GCPTJC4GAloa73AVvR_HAlkKWkoANi1TUPxl050a3E7Ub0WKIm5eqD8T2I1HxQUWyfnpnKzwRelJYoz1zP-ApYUdy-0jBenAi5F8WIbk0nitTNhcZ-op_UuPURBpsSjl4zBvBEMKgP0MkWpXLau4IcUyrE.xdJ5546p1O6qWZsieKYvS3UB5MAsq5Lw5pRVDG_hLz4&dib_tag=se&keywords=smart+phone&qid=1728113433&sprefix=smatrphone%2Caps%2C218&sr=8-131,Redmi 13 5g Black Diamond 6GB 128GB  ,"₹13,499₹13,499",5K+ bought in past month,"₹1,000 off coupon appliedSave ₹1,000  with coupon ","3.9 out of 5 stars 1,411  "," FREE delivery Thu, 10 Oct Or fastest delivery Tomorrow, 6 Oct "
76,https://www.amazon.in/iQOO-Storage-Dimensity-Camera-Charger/dp/B07WFPLL2H/ref=sr_1_132?crid=1L0Q91SOR1BM2&dib=eyJ2IjoiMSJ9.D65NXuAF_3Rl781N9h75kslmR9Wan3ZGt92bmliHDkRl9t2ajyVRBL51QEDELh4GsG535Nv5DRo4Zasw4GCPTJC4GAloa73AVvR_HAlkKWkoANi1TUPxl050a3E7Ub0WKIm5eqD8T2I1HxQUWyfnpnKzwRelJYoz1zP-ApYUdy-0jBenAi5F8WIbk0nitTNhcZ-op_UuPURBpsSjl4zBvBEMKgP0MkWpXLau4IcUyrE.xdJ5546p1O6qWZsieKYvS3UB5MAsq5Lw5pRVDG_hLz4&dib_tag=se&keywords=smart+phone&qid=1728113433&sprefix=smatrphone%2Caps%2C218&sr=8-132,"iQOO Z9 Lite 5G (Mocha Brown, 4GB RAM, 128GB Storage) | Dimensity 6300 5G | 50MP Sony AI Camera | Charger in The Box | Rs 1000 Off on All Bank Cards  ","₹10,498₹10,498 M.R.P: ₹14,499₹14,499 (28% off)",5K+ bought in past month,Save extra with No Cost EMISave extra with No Cost EMI,"4.0 out of 5 stars 1,122  "," FREE delivery Thu, 10 Oct Or fastest delivery Tomorrow, 6 Oct "
77,https://www.amazon.in/sspa/click?ie=UTF8&spc=MTo0MzY0MzE0NDc5OTYzMTIzOjE3MjgxMTM0MzM6c3BfYnRmOjMwMDA1NzU5NDU0MjkzMjo6MDo6&url=%2FApple-iPhone-Pro-Max-512%2Fdp%2FB0CHX5R7C2%2Fref%3Dsr_1_133_sspa%3Fcrid%3D1L0Q91SOR1BM2%26dib%3DeyJ2IjoiMSJ9.D65NXuAF_3Rl781N9h75kslmR9Wan3ZGt92bmliHDkRl9t2ajyVRBL51QEDELh4GsG535Nv5DRo4Zasw4GCPTJC4GAloa73AVvR_HAlkKWkoANi1TUPxl050a3E7Ub0WKIm5eqD8T2I1HxQUWyfnpnKzwRelJYoz1zP-ApYUdy-0jBenAi5F8WIbk0nitTNhcZ-op_UuPURBpsSjl4zBvBEMKgP0MkWpXLau4IcUyrE.xdJ5546p1O6qWZsieKYvS3UB5MAsq5Lw5pRVDG_hLz4%26dib_tag%3Dse%26keywords%3Dsmart%2Bphone%26qid%3D1728113433%26sprefix%3Dsmatrphone%252Caps%252C218%26sr%3D8-133-spons%26sp_csd%3Dd2lkZ2V0TmFtZT1zcF9idGY%26psc%3D1,Apple iPhone 15 Pro Max (512 GB) - Natural Titanium  ,"₹1,54,900₹1,54,900 M.R.P: ₹1,79,900₹1,79,900 (14% off)",M.R.P: ,10% Off on Select Bank Cards10% Off on Select Bank Cards,4.4 out of 5 stars 348  ," FREE delivery Thu, 10 Oct Or fastest delivery Tomorrow, 6 Oct "
78,https://www.amazon.in/sspa/click?ie=UTF8&spc=MTo0MzY0MzE0NDc5OTYzMTIzOjE3MjgxMTM0MzM6c3BfYnRmOjMwMDA1NzU5NDU0MDAzMjo6MDo6&url=%2FApple-iPhone-15-Plus-128%2Fdp%2FB0CHXCR9CX%2Fref%3Dsr_1_134_sspa%3Fcrid%3D1L0Q91SOR1BM2%26dib%3DeyJ2IjoiMSJ9.D65NXuAF_3Rl781N9h75kslmR9Wan3ZGt92bmliHDkRl9t2ajyVRBL51QEDELh4GsG535Nv5DRo4Zasw4GCPTJC4GAloa73AVvR_HAlkKWkoANi1TUPxl050a3E7Ub0WKIm5eqD8T2I1HxQUWyfnpnKzwRelJYoz1zP-ApYUdy-0jBenAi5F8WIbk0nitTNhcZ-op_UuPURBpsSjl4zBvBEMKgP0MkWpXLau4IcUyrE.xdJ5546p1O6qWZsieKYvS3UB5MAsq5Lw5pRVDG_hLz4%26dib_tag%3Dse%26keywords%3Dsmart%2Bphone%26qid%3D1728113433%26sprefix%3Dsmatrphone%252Caps%252C218%26sr%3D8-134-spons%26sp_csd%3Dd2lkZ2V0TmFtZT1zcF9idGY%26psc%3D1,Apple iPhone 15 Plus (128 GB) - Black  ,"₹76,900₹76,900 M.R.P: ₹89,600₹89,600 (14% off)",100+ bought in past month,Flat INR 3000 Off on SBICardsFlat INR 3000 Off on SBICards,"4.6 out of 5 stars 1,018  "," FREE delivery Mon, 7 Oct Or fastest delivery Tomorrow, 6 Oct "
79,https://www.amazon.in/sspa/click?ie=UTF8&spc=MTozNzQzNDAxMTA3NTk4ODA3OjE3MjgxMTM0MzY6c3BfYXRmX25leHQ6MjAwNzk2ODI4NTE3MDM6OjA6Og&url=%2FApple-iPhone-13-256GB-Pink%2Fdp%2FB09G9HRYFZ%2Fref%3Dsr_1_129_sspa%3Fcrid%3D1L0Q91SOR1BM2%26dib%3DeyJ2IjoiMSJ9.-VI7imeTrq601_I0tut-F5qcGn00zzRzCEa6h0wx842cyl-RfgL3QwXSuqX3Oy3BvQV1d1PiYarYObrWb6eGAhAbZ1lMRNBTuxKEYVmjqgtcaIEMjo8Yo0BW8-oVyWHJXUttZpAS6ZpTHrTjunaXcqAbRC-4ECaowaH-rp9q1SjpUd87whpOe_MD8m9HBDfX_a0y93Hhj5W903SEMuMf4IU9dQlWz5l01V_RR8EPgTY.9hUcn4Tz_Zo6Gn4R55YGJUqyLQxuax5PaJx6rBPuGug%26dib_tag%3Dse%26keywords%3Dsmart%2Bphone%26qid%3D1728113435%26sprefix%3Dsmatrphone%252Caps%252C218%26sr%3D8-129-spons%26sp_csd%3Dd2lkZ2V0TmFtZT1zcF9hdGZfbmV4dA%26psc%3D1,Apple iPhone 13 (256GB) - Pink  ,"₹53,999₹53,999 M.R.P: ₹69,900₹69,900 (23% off)",3K+ bought in past month,Flat INR 500 Off on SBICardsFlat INR 500 Off on SBICards,"4.5 out of 5 stars 29,593  "," FREE delivery Tue, 8 Oct Or fastest delivery Tomorrow, 6 Oct "
80,https://www.amazon.in/sspa/click?ie=UTF8&spc=MTozNzQzNDAxMTA3NTk4ODA3OjE3MjgxMTM0MzY6c3BfYXRmX25leHQ6MzAwMDU3NTk0NTQyNjMyOjowOjo&url=%2FApple-iPhone-Pro-Max-512%2Fdp%2FB0CHX3X7TL%2Fref%3Dsr_1_130_sspa%3Fcrid%3D1L0Q91SOR1BM2%26dib%3DeyJ2IjoiMSJ9.-VI7imeTrq601_I0tut-F5qcGn00zzRzCEa6h0wx842cyl-RfgL3QwXSuqX3Oy3BvQV1d1PiYarYObrWb6eGAhAbZ1lMRNBTuxKEYVmjqgtcaIEMjo8Yo0BW8-oVyWHJXUttZpAS6ZpTHrTjunaXcqAbRC-4ECaowaH-rp9q1SjpUd87whpOe_MD8m9HBDfX_a0y93Hhj5W903SEMuMf4IU9dQlWz5l01V_RR8EPgTY.9hUcn4Tz_Zo6Gn4R55YGJUqyLQxuax5PaJx6rBPuGug%26dib_tag%3Dse%26keywords%3Dsmart%2Bphone%26qid%3D1728113435%26sprefix%3Dsmatrphone%252Caps%252C218%26sr%3D8-130-spons%26sp_csd%3Dd2lkZ2V0TmFtZT1zcF9hdGZfbmV4dA%26psc%3D1,Apple iPhone 15 Pro Max (512 GB) - Black Titanium  ,"₹1,54,900₹1,54,900 M.R.P: ₹1,79,900₹1,79,900 (14% off)",M.R.P: ,10% Off on Select Bank Cards10% Off on Select Bank Cards,4.4 out of 5 stars 348  ," FREE delivery Thu, 10 Oct Or fastest delivery Tomorrow, 6 Oct "
81,https://www.amazon.in/Oneplus-Celadon-Marble-128Gb-Storage/dp/B0CX58MTNN/ref=sr_1_131?crid=1L0Q91SOR1BM2&dib=eyJ2IjoiMSJ9.-VI7imeTrq601_I0tut-F5qcGn00zzRzCEa6h0wx842cyl-RfgL3QwXSuqX3Oy3BvQV1d1PiYarYObrWb6eGAhAbZ1lMRNBTuxKEYVmjqgtcaIEMjo8Yo0BW8-oVyWHJXUttZpAS6ZpTHrTjunaXcqAbRC-4ECaowaH-rp9q1SjpUd87whpOe_MD8m9HBDfX_a0y93Hhj5W903SEMuMf4IU9dQlWz5l01V_RR8EPgTY.9hUcn4Tz_Zo6Gn4R55YGJUqyLQxuax5PaJx6rBPuGug&dib_tag=se&keywords=smart+phone&qid=1728113435&sprefix=smatrphone%2Caps%2C218&sr=8-131,"Oneplus Nord CE4 (Celadon Marble, 8GB RAM, 128Gb Storage)  ","₹23,499₹23,499 M.R.P: ₹24,999₹24,999 (6% off)",5K+ bought in past month,₹500 off coupon appliedSave ₹500  with coupon ,"4.2 out of 5 stars 4,886  "," FREE delivery Thu, 10 Oct Or fastest delivery Tomorrow, 6 Oct "
82,https://www.amazon.in/Redmi-Storage-Bezel-Less-Slimmest-Pro-Grade/dp/B0CQPHWB81/ref=sr_1_132?crid=1L0Q91SOR1BM2&dib=eyJ2IjoiMSJ9.-VI7imeTrq601_I0tut-F5qcGn00zzRzCEa6h0wx842cyl-RfgL3QwXSuqX3Oy3BvQV1d1PiYarYObrWb6eGAhAbZ1lMRNBTuxKEYVmjqgtcaIEMjo8Yo0BW8-oVyWHJXUttZpAS6ZpTHrTjunaXcqAbRC-4ECaowaH-rp9q1SjpUd87whpOe_MD8m9HBDfX_a0y93Hhj5W903SEMuMf4IU9dQlWz5l01V_RR8EPgTY.9hUcn4Tz_Zo6Gn4R55YGJUqyLQxuax5PaJx6rBPuGug&dib_tag=se&keywords=smart+phone&qid=1728113435&sprefix=smatrphone%2Caps%2C218&sr=8-132,"Redmi Note 13 5G (Arctic White, 12GB RAM, 256GB Storage) | 5G Ready | 120Hz Bezel-Less AMOLED | 7.mm Slimmest Note Ever | 108MP Pro-Grade Camera  ","₹18,999₹18,999 M.R.P: ₹24,999₹24,999 (24% off)",500+ bought in past month,Flat INR 1000 Off on ALL BanksCardsFlat INR 1000 Off on ALL BanksCards,"3.7 out of 5 stars 5,134  "," FREE delivery Mon, 7 Oct Or fastest delivery Tomorrow, 6 Oct "
83,https://www.amazon.in/POCO-C65-Pastel-Blue-128GB/dp/B0CQG4RX37/ref=sr_1_19?crid=1L0Q91SOR1BM2&dib=eyJ2IjoiMSJ9.YFHwfIh7GPJJ09bm1bBID_cftDp0afCxSRg3FN_lte1Rdqt5mg0Jx-TgDfx26Db3KQU1JO2tAF7pm-1gfG8MtzfxHlpgvazcRpgxNuuVFttuqLhrcaxp-Ld6M3GLfrx3fDP5xfBpL4ScKlFfbrSxXRyDX9VWbu_X7Xq3bgWwHhRWosAjnCAKcGU1quDOoO_Dy7EncmeSfy_UFCn5cEafdJeM3DlDTdqvQZcn6Vmj2_k.gLzcl7owOgyvjofPvY-GTIHcfhOU5iMgTDNesnqX70k&dib_tag=se&keywords=smart+phone&qid=1728113408&sprefix=smatrphone%2Caps%2C218&sr=8-19,POCO C65 (Pastel Blue 4GB RAM 128GB Storage)  ,"₹6,799₹6,799 M.R.P: ₹10,999₹10,999 (38% off)",5K+ bought in past month,Service: Installation,"4.0 out of 5 stars 2,477  ",FREE delivery
84,https://www.amazon.in/OnePlus-Sunset-Dune-256GB-Storage/dp/B0D7W9R1HM/ref=sr_1_133?crid=1L0Q91SOR1BM2&dib=eyJ2IjoiMSJ9.-VI7imeTrq601_I0tut-F5qcGn00zzRzCEa6h0wx842cyl-RfgL3QwXSuqX3Oy3BvQV1d1PiYarYObrWb6eGAhAbZ1lMRNBTuxKEYVmjqgtcaIEMjo8Yo0BW8-oVyWHJXUttZpAS6ZpTHrTjunaXcqAbRC-4ECaowaH-rp9q1SjpUd87whpOe_MD8m9HBDfX_a0y93Hhj5W903SEMuMf4IU9dQlWz5l01V_RR8EPgTY.9hUcn4Tz_Zo6Gn4R55YGJUqyLQxuax5PaJx6rBPuGug&dib_tag=se&keywords=smart+phone&qid=1728113435&sprefix=smatrphone%2Caps%2C218&sr=8-133,"OnePlus 12R (Sunset Dune, 8GB RAM, 256GB Storage)  ","₹37,998₹37,998 M.R.P: ₹42,999₹42,999 (12% off)",4K+ bought in past month,Save extra with No Cost EMISave extra with No Cost EMI,"4.3 out of 5 stars 3,402  "," FREE delivery Mon, 7 Oct Or fastest delivery Tomorrow, 6 Oct "
85,https://www.amazon.in/5000mAh-Charging-Fingerprint-Octa-Core-Processor/dp/B0CRZ39414/ref=sr_1_134?crid=1L0Q91SOR1BM2&dib=eyJ2IjoiMSJ9.-VI7imeTrq601_I0tut-F5qcGn00zzRzCEa6h0wx842cyl-RfgL3QwXSuqX3Oy3BvQV1d1PiYarYObrWb6eGAhAbZ1lMRNBTuxKEYVmjqgtcaIEMjo8Yo0BW8-oVyWHJXUttZpAS6ZpTHrTjunaXcqAbRC-4ECaowaH-rp9q1SjpUd87whpOe_MD8m9HBDfX_a0y93Hhj5W903SEMuMf4IU9dQlWz5l01V_RR8EPgTY.9hUcn4Tz_Zo6Gn4R55YGJUqyLQxuax5PaJx6rBPuGug&dib_tag=se&keywords=smart+phone&qid=1728113435&sprefix=smatrphone%2Caps%2C218&sr=8-134,itel A70 | 12GB* RAM + 64GB ROM| 13MP Dual Rear Camera & 8MP Front Camera | 5000mAh Battery with Type-C Charging | Dynamic Bar | Side Fingerprint Sensor | Octa-Core Processor | Azure Blue  ,"₹6,499₹6,499 M.R.P: ₹7,299₹7,299 (11% off)",100+ bought in past month,10% Off on Select Bank Cards10% Off on Select Bank Cards,"3.9 out of 5 stars 1,308  "," FREE delivery Tue, 8 Oct Or fastest delivery Tomorrow, 6 Oct "
86,https://www.amazon.in/POCO-Snowstorm-White-RAM-Storage/dp/B0CSDQVGZ1/ref=sr_1_135?crid=1L0Q91SOR1BM2&dib=eyJ2IjoiMSJ9.-VI7imeTrq601_I0tut-F5qcGn00zzRzCEa6h0wx842cyl-RfgL3QwXSuqX3Oy3BvQV1d1PiYarYObrWb6eGAhAbZ1lMRNBTuxKEYVmjqgtcaIEMjo8Yo0BW8-oVyWHJXUttZpAS6ZpTHrTjunaXcqAbRC-4ECaowaH-rp9q1SjpUd87whpOe_MD8m9HBDfX_a0y93Hhj5W903SEMuMf4IU9dQlWz5l01V_RR8EPgTY.9hUcn4Tz_Zo6Gn4R55YGJUqyLQxuax5PaJx6rBPuGug&dib_tag=se&keywords=smart+phone&qid=1728113435&sprefix=smatrphone%2Caps%2C218&sr=8-135,"POCO X6 5G (Snowstorm White, 12 GB RAM 256 GB Storage)  ","₹17,499₹17,499 M.R.P: ₹26,999₹26,999 (35% off)",500+ bought in past month,10% Off on Select Bank Cards10% Off on Select Bank Cards,4.0 out of 5 stars 923  ," FREE delivery Thu, 10 Oct Or fastest delivery Tomorrow, 6 Oct "
87,https://www.amazon.in/Redmi-Startrail-Storage-MediaTek-Dimensity/dp/B0CNX7K9NC/ref=sr_1_136?crid=1L0Q91SOR1BM2&dib=eyJ2IjoiMSJ9.-VI7imeTrq601_I0tut-F5qcGn00zzRzCEa6h0wx842cyl-RfgL3QwXSuqX3Oy3BvQV1d1PiYarYObrWb6eGAhAbZ1lMRNBTuxKEYVmjqgtcaIEMjo8Yo0BW8-oVyWHJXUttZpAS6ZpTHrTjunaXcqAbRC-4ECaowaH-rp9q1SjpUd87whpOe_MD8m9HBDfX_a0y93Hhj5W903SEMuMf4IU9dQlWz5l01V_RR8EPgTY.9hUcn4Tz_Zo6Gn4R55YGJUqyLQxuax5PaJx6rBPuGug&dib_tag=se&keywords=smart+phone&qid=1728113435&sprefix=smatrphone%2Caps%2C218&sr=8-136,"Redmi 13C 5G (Startrail Silver, 8GB RAM, 256GB Storage) | MediaTek Dimensity 6100+ 5G | 90Hz Display  ","₹13,499₹13,499 M.R.P: ₹17,999₹17,999 (25% off)",1K+ bought in past month,10% Off on Select Bank Cards10% Off on Select Bank Cards,"4.0 out of 5 stars 8,112  "," FREE delivery Thu, 10 Oct Or fastest delivery Tomorrow, 6 Oct "
88,https://www.amazon.in/Lava-Yuva-Eclipse-Black-Fingerprint/dp/B0CT5W2T2F/ref=sr_1_137?crid=1L0Q91SOR1BM2&dib=eyJ2IjoiMSJ9.-VI7imeTrq601_I0tut-F5qcGn00zzRzCEa6h0wx842cyl-RfgL3QwXSuqX3Oy3BvQV1d1PiYarYObrWb6eGAhAbZ1lMRNBTuxKEYVmjqgtcaIEMjo8Yo0BW8-oVyWHJXUttZpAS6ZpTHrTjunaXcqAbRC-4ECaowaH-rp9q1SjpUd87whpOe_MD8m9HBDfX_a0y93Hhj5W903SEMuMf4IU9dQlWz5l01V_RR8EPgTY.9hUcn4Tz_Zo6Gn4R55YGJUqyLQxuax5PaJx6rBPuGug&dib_tag=se&keywords=smart+phone&qid=1728113435&sprefix=smatrphone%2Caps%2C218&sr=8-137,"Lava Yuva 3 (Eclipse Black,4+4*GB RAM,UFS 2.2 128GB Storage)|Premium Glossy Back|Octacore Processor|18W Fast Charging|90Hz Punch Hole Display|13MP AI Triple Camera|Side Fingerprint Sensor  ","₹6,699₹6,699 M.R.P: ₹8,499₹8,499 (21% off)",400+ bought in past month,10% Off on Select Bank Cards10% Off on Select Bank Cards,4.0 out of 5 stars 181  ," FREE delivery Tue, 8 Oct Or fastest delivery Tomorrow, 6 Oct "
89,https://www.amazon.in/realme-Dimensity-Processor-Ultra-Slim-SUPERVOOC/dp/B0CZLKKVWR/ref=sr_1_138?crid=1L0Q91SOR1BM2&dib=eyJ2IjoiMSJ9.-VI7imeTrq601_I0tut-F5qcGn00zzRzCEa6h0wx842cyl-RfgL3QwXSuqX3Oy3BvQV1d1PiYarYObrWb6eGAhAbZ1lMRNBTuxKEYVmjqgtcaIEMjo8Yo0BW8-oVyWHJXUttZpAS6ZpTHrTjunaXcqAbRC-4ECaowaH-rp9q1SjpUd87whpOe_MD8m9HBDfX_a0y93Hhj5W903SEMuMf4IU9dQlWz5l01V_RR8EPgTY.9hUcn4Tz_Zo6Gn4R55YGJUqyLQxuax5PaJx6rBPuGug&dib_tag=se&keywords=smart+phone&qid=1728113435&sprefix=smatrphone%2Caps%2C218&sr=8-138,"realme 12x 5G (Twilight Purple, 8GB RAM, 128GB Storage) | Upto 16GB (8+8GB) Dynamic RAM | Dimensity 6100+ Processor | 50 MP AI Camera | 7.69 mm Ultra-Slim Trendy Watch Design | 45 W SUPERVOOC Charge  ","₹12,719₹12,719 M.R.P: ₹18,999₹18,999 (33% off)",500+ bought in past month,10% Off on Select Bank Cards10% Off on Select Bank Cards,4.0 out of 5 stars 557  ," FREE delivery Wed, 9 Oct Or fastest delivery Tomorrow, 6 Oct "
90,https://www.amazon.in/sspa/click?ie=UTF8&spc=MTozNzQzNDAxMTA3NTk4ODA3OjE3MjgxMTM0MzY6c3BfbXRmOjIwMTExMjExMjQ4NDk4OjowOjo&url=%2FApple-iPhone-14-512GB-Purple%2Fdp%2FB0BDJYHP2H%2Fref%3Dsr_1_139_sspa%3Fcrid%3D1L0Q91SOR1BM2%26dib%3DeyJ2IjoiMSJ9.-VI7imeTrq601_I0tut-F5qcGn00zzRzCEa6h0wx842cyl-RfgL3QwXSuqX3Oy3BvQV1d1PiYarYObrWb6eGAhAbZ1lMRNBTuxKEYVmjqgtcaIEMjo8Yo0BW8-oVyWHJXUttZpAS6ZpTHrTjunaXcqAbRC-4ECaowaH-rp9q1SjpUd87whpOe_MD8m9HBDfX_a0y93Hhj5W903SEMuMf4IU9dQlWz5l01V_RR8EPgTY.9hUcn4Tz_Zo6Gn4R55YGJUqyLQxuax5PaJx6rBPuGug%26dib_tag%3Dse%26keywords%3Dsmart%2Bphone%26qid%3D1728113435%26sprefix%3Dsmatrphone%252Caps%252C218%26sr%3D8-139-spons%26sp_csd%3Dd2lkZ2V0TmFtZT1zcF9tdGY%26psc%3D1,Apple iPhone 14 (512 GB) - Purple  ,"₹89,900₹89,900 M.R.P: ₹99,900₹99,900 (10% off)",M.R.P: ,Flat INR 3000 Off on SBICardsFlat INR 3000 Off on SBICards,"4.5 out of 5 stars 5,570  "," FREE delivery Tue, 8 Oct Or fastest delivery Tomorrow, 6 Oct "
91,https://www.amazon.in/sspa/click?ie=UTF8&spc=MTozNzQzNDAxMTA3NTk4ODA3OjE3MjgxMTM0MzY6c3BfbXRmOjMwMDA1NzU5NDUzOTYzMjo6MDo6&url=%2FApple-iPhone-15-512-GB%2Fdp%2FB0CHWWNKS6%2Fref%3Dsr_1_140_sspa%3Fcrid%3D1L0Q91SOR1BM2%26dib%3DeyJ2IjoiMSJ9.-VI7imeTrq601_I0tut-F5qcGn00zzRzCEa6h0wx842cyl-RfgL3QwXSuqX3Oy3BvQV1d1PiYarYObrWb6eGAhAbZ1lMRNBTuxKEYVmjqgtcaIEMjo8Yo0BW8-oVyWHJXUttZpAS6ZpTHrTjunaXcqAbRC-4ECaowaH-rp9q1SjpUd87whpOe_MD8m9HBDfX_a0y93Hhj5W903SEMuMf4IU9dQlWz5l01V_RR8EPgTY.9hUcn4Tz_Zo6Gn4R55YGJUqyLQxuax5PaJx6rBPuGug%26dib_tag%3Dse%26keywords%3Dsmart%2Bphone%26qid%3D1728113435%26sprefix%3Dsmatrphone%252Caps%252C218%26sr%3D8-140-spons%26sp_csd%3Dd2lkZ2V0TmFtZT1zcF9tdGY%26psc%3D1,Apple iPhone 15 (512 GB) - Pink  ,"₹99,900₹99,900 M.R.P: ₹1,09,900₹1,09,900 (9% off)",M.R.P: ,Flat INR 3000 Off on SBICardsFlat INR 3000 Off on SBICards,"4.5 out of 5 stars 2,255  "," FREE delivery Thu, 10 Oct Or fastest delivery Tomorrow, 6 Oct "
92,https://www.amazon.in/Advanced-Features-Powerful-Processor-Infrared/dp/B0DCZNK5JY/ref=sr_1_141?crid=1L0Q91SOR1BM2&dib=eyJ2IjoiMSJ9.-VI7imeTrq601_I0tut-F5qcGn00zzRzCEa6h0wx842cyl-RfgL3QwXSuqX3Oy3BvQV1d1PiYarYObrWb6eGAhAbZ1lMRNBTuxKEYVmjqgtcaIEMjo8Yo0BW8-oVyWHJXUttZpAS6ZpTHrTjunaXcqAbRC-4ECaowaH-rp9q1SjpUd87whpOe_MD8m9HBDfX_a0y93Hhj5W903SEMuMf4IU9dQlWz5l01V_RR8EPgTY.9hUcn4Tz_Zo6Gn4R55YGJUqyLQxuax5PaJx6rBPuGug&dib_tag=se&keywords=smart+phone&qid=1728113435&sprefix=smatrphone%2Caps%2C218&sr=8-141,"TECNO POVA 6 NEO (Aurora Cloud, 8GB+256GB)| Advanced AI Features | 108MP Ultra Clear AI Camera | D6300 Powerful Processor | 5 Year Lag Free Fluency | 5000 mAh Battery | in Build Infrared and NFC  ","₹13,999₹13,999 M.R.P: ₹16,999₹16,999 (18% off)",1K+ bought in past month,"₹1,000 off coupon appliedSave ₹1,000  with coupon ",4.4 out of 5 stars 59  ," FREE delivery Tue, 8 Oct Or fastest delivery Tomorrow, 6 Oct "
93,https://www.amazon.in/realme-Storage-Chipset-Comfort-Display/dp/B0D3GZ7G25/ref=sr_1_142?crid=1L0Q91SOR1BM2&dib=eyJ2IjoiMSJ9.-VI7imeTrq601_I0tut-F5qcGn00zzRzCEa6h0wx842cyl-RfgL3QwXSuqX3Oy3BvQV1d1PiYarYObrWb6eGAhAbZ1lMRNBTuxKEYVmjqgtcaIEMjo8Yo0BW8-oVyWHJXUttZpAS6ZpTHrTjunaXcqAbRC-4ECaowaH-rp9q1SjpUd87whpOe_MD8m9HBDfX_a0y93Hhj5W903SEMuMf4IU9dQlWz5l01V_RR8EPgTY.9hUcn4Tz_Zo6Gn4R55YGJUqyLQxuax5PaJx6rBPuGug&dib_tag=se&keywords=smart+phone&qid=1728113435&sprefix=smatrphone%2Caps%2C218&sr=8-142,"realme NARZO N65 5G (Amber Gold 4GB RAM, 128GB Storage) India's 1st D6300 5G Chipset | Ultra Slim Design | 120Hz Eye Comfort Display | 50MP AI Camera| Charger in The Box  ","₹10,499₹10,499 M.R.P: ₹13,999₹13,999 (25% off)",4K+ bought in past month,₹750 off coupon appliedSave ₹750  with coupon ,4.1 out of 5 stars 922  ," FREE delivery Mon, 7 Oct Or fastest delivery Tomorrow, 6 Oct "
94,https://www.amazon.in/realme-Leather-Storage-5000mAh-Durable/dp/B0D54DBLRV/ref=sr_1_20?crid=1L0Q91SOR1BM2&dib=eyJ2IjoiMSJ9.YFHwfIh7GPJJ09bm1bBID_cftDp0afCxSRg3FN_lte1Rdqt5mg0Jx-TgDfx26Db3KQU1JO2tAF7pm-1gfG8MtzfxHlpgvazcRpgxNuuVFttuqLhrcaxp-Ld6M3GLfrx3fDP5xfBpL4ScKlFfbrSxXRyDX9VWbu_X7Xq3bgWwHhRWosAjnCAKcGU1quDOoO_Dy7EncmeSfy_UFCn5cEafdJeM3DlDTdqvQZcn6Vmj2_k.gLzcl7owOgyvjofPvY-GTIHcfhOU5iMgTDNesnqX70k&dib_tag=se&keywords=smart+phone&qid=1728113408&sprefix=smatrphone%2Caps%2C218&sr=8-20,"realme NARZO N63 (Leather Blue, 4GB RAM+64GB Storage) 45W Fast Charge | 5000mAh Durable Battery | 7.74mm Ultra Slim | 50MP AI Camera | AI Boost  ","₹7,199₹7,199 M.R.P: ₹9,999₹9,999 (28% off)",4K+ bought in past month,Save extra with No Cost EMISave extra with No Cost EMI,3.9 out of 5 stars 634  ," FREE delivery Tue, 8 Oct Or fastest delivery Tomorrow, 6 Oct "
95,https://www.amazon.in/Samsung-Daybreak-Storage-Corning-Gorilla/dp/B0D7Z8FJZ9/ref=sr_1_143?crid=1L0Q91SOR1BM2&dib=eyJ2IjoiMSJ9.-VI7imeTrq601_I0tut-F5qcGn00zzRzCEa6h0wx842cyl-RfgL3QwXSuqX3Oy3BvQV1d1PiYarYObrWb6eGAhAbZ1lMRNBTuxKEYVmjqgtcaIEMjo8Yo0BW8-oVyWHJXUttZpAS6ZpTHrTjunaXcqAbRC-4ECaowaH-rp9q1SjpUd87whpOe_MD8m9HBDfX_a0y93Hhj5W903SEMuMf4IU9dQlWz5l01V_RR8EPgTY.9hUcn4Tz_Zo6Gn4R55YGJUqyLQxuax5PaJx6rBPuGug&dib_tag=se&keywords=smart+phone&qid=1728113435&sprefix=smatrphone%2Caps%2C218&sr=8-143,"Samsung Galaxy M35 5G (Daybreak Blue,8GB RAM,128GB Storage)| Corning Gorilla Glass Victus+| AnTuTu Score 595K+ | Vapour Cooling Chamber | 6000mAh Battery | 120Hz Super AMOLED Display| Without Charger  ","₹16,499₹16,499 M.R.P: ₹25,999₹25,999 (37% off)",5K+ bought in past month,10% Off on Select Bank Cards10% Off on Select Bank Cards,"4.1 out of 5 stars 1,981  "," FREE delivery Tue, 8 Oct Or fastest delivery Tomorrow, 6 Oct "
96,https://www.amazon.in/Nokia-Battery-Virtual-Camera-Portrait/dp/B0C4PYBM81/ref=sr_1_144?crid=1L0Q91SOR1BM2&dib=eyJ2IjoiMSJ9.-VI7imeTrq601_I0tut-F5qcGn00zzRzCEa6h0wx842cyl-RfgL3QwXSuqX3Oy3BvQV1d1PiYarYObrWb6eGAhAbZ1lMRNBTuxKEYVmjqgtcaIEMjo8Yo0BW8-oVyWHJXUttZpAS6ZpTHrTjunaXcqAbRC-4ECaowaH-rp9q1SjpUd87whpOe_MD8m9HBDfX_a0y93Hhj5W903SEMuMf4IU9dQlWz5l01V_RR8EPgTY.9hUcn4Tz_Zo6Gn4R55YGJUqyLQxuax5PaJx6rBPuGug&dib_tag=se&keywords=smart+phone&qid=1728113435&sprefix=smatrphone%2Caps%2C218&sr=8-144,Nokia C22 | 3-Day Battery Life | 4GB RAM (2GB RAM + 2GB Virtual RAM) | 13 MP Dual Rear AI Camera with Night & Portrait Mode | IP52 | Purple  ,"₹6,299₹6,299 M.R.P: ₹8,999₹8,999 (30% off)",M.R.P: ,10% Off on Select Bank Cards10% Off on Select Bank Cards,2.7 out of 5 stars 43  ," FREE delivery Wed, 9 Oct Or fastest delivery Tomorrow, 6 Oct "
97,https://www.amazon.in/Himalayan-Storage-Additional-Exchange-Offers/dp/B07WHPLH6D/ref=sr_1_145?crid=1L0Q91SOR1BM2&dib=eyJ2IjoiMSJ9.-VI7imeTrq601_I0tut-F5qcGn00zzRzCEa6h0wx842cyl-RfgL3QwXSuqX3Oy3BvQV1d1PiYarYObrWb6eGAhAbZ1lMRNBTuxKEYVmjqgtcaIEMjo8Yo0BW8-oVyWHJXUttZpAS6ZpTHrTjunaXcqAbRC-4ECaowaH-rp9q1SjpUd87whpOe_MD8m9HBDfX_a0y93Hhj5W903SEMuMf4IU9dQlWz5l01V_RR8EPgTY.9hUcn4Tz_Zo6Gn4R55YGJUqyLQxuax5PaJx6rBPuGug&dib_tag=se&keywords=smart+phone&qid=1728113435&sprefix=smatrphone%2Caps%2C218&sr=8-145,"vivo Y58 5G (Himalayan Blue, 8GB RAM, 128GB Storage) with No Cost EMI/Additional Exchange Offers  ","₹18,499₹18,499 M.R.P: ₹23,999₹23,999 (23% off)",300+ bought in past month,Flat INR 250 Off on SBICardsFlat INR 250 Off on SBICards,4.2 out of 5 stars 29  ," FREE delivery Mon, 7 Oct Or fastest delivery Tomorrow, 6 Oct "
98,https://www.amazon.in/OnePlus-Nord-Pastel-256GB-Storage/dp/B0BY8JV4PX/ref=sr_1_146?crid=1L0Q91SOR1BM2&dib=eyJ2IjoiMSJ9.-VI7imeTrq601_I0tut-F5qcGn00zzRzCEa6h0wx842cyl-RfgL3QwXSuqX3Oy3BvQV1d1PiYarYObrWb6eGAhAbZ1lMRNBTuxKEYVmjqgtcaIEMjo8Yo0BW8-oVyWHJXUttZpAS6ZpTHrTjunaXcqAbRC-4ECaowaH-rp9q1SjpUd87whpOe_MD8m9HBDfX_a0y93Hhj5W903SEMuMf4IU9dQlWz5l01V_RR8EPgTY.9hUcn4Tz_Zo6Gn4R55YGJUqyLQxuax5PaJx6rBPuGug&dib_tag=se&keywords=smart+phone&qid=1728113435&sprefix=smatrphone%2Caps%2C218&sr=8-146,"OnePlus Nord CE 3 Lite 5G (Pastel Lime, 8GB RAM, 256GB Storage)  ","₹18,790₹18,790 M.R.P: ₹21,999₹21,999 (15% off)",1K+ bought in past month,10% Off on Select Bank Cards10% Off on Select Bank Cards,"4.2 out of 5 stars 6,864  "," FREE delivery Thu, 10 Oct Or fastest delivery Tomorrow, 6 Oct "
99,https://www.amazon.in/Moonlight-Storage-SUPERVOOC-Additional-Exchange/dp/B0D6R9XCXX/ref=sr_1_147?crid=1L0Q91SOR1BM2&dib=eyJ2IjoiMSJ9.-VI7imeTrq601_I0tut-F5qcGn00zzRzCEa6h0wx842cyl-RfgL3QwXSuqX3Oy3BvQV1d1PiYarYObrWb6eGAhAbZ1lMRNBTuxKEYVmjqgtcaIEMjo8Yo0BW8-oVyWHJXUttZpAS6ZpTHrTjunaXcqAbRC-4ECaowaH-rp9q1SjpUd87whpOe_MD8m9HBDfX_a0y93Hhj5W903SEMuMf4IU9dQlWz5l01V_RR8EPgTY.9hUcn4Tz_Zo6Gn4R55YGJUqyLQxuax5PaJx6rBPuGug&dib_tag=se&keywords=smart+phone&qid=1728113435&sprefix=smatrphone%2Caps%2C218&sr=8-147,"OPPO A3 Pro 5G (Moonlight Purple, 8GB RAM, 256GB Storage)|6.67” HD+ 120Hz Refresh Rate Screen | 45W SUPERVOOC|with No Cost EMI/Additional Exchange Offers  ","₹19,999₹19,999 M.R.P: ₹22,999₹22,999 (13% off)",300+ bought in past month,Flat INR 250 Off on SBICardsFlat INR 250 Off on SBICards,3.9 out of 5 stars 111  ," FREE delivery Mon, 7 Oct Or fastest delivery Tomorrow, 6 Oct "
100,https://www.amazon.in/OnePlus-Super-Silver-256GB-Storage/dp/B0D5YD7QSS/ref=sr_1_148?crid=1L0Q91SOR1BM2&dib=eyJ2IjoiMSJ9.-VI7imeTrq601_I0tut-F5qcGn00zzRzCEa6h0wx842cyl-RfgL3QwXSuqX3Oy3BvQV1d1PiYarYObrWb6eGAhAbZ1lMRNBTuxKEYVmjqgtcaIEMjo8Yo0BW8-oVyWHJXUttZpAS6ZpTHrTjunaXcqAbRC-4ECaowaH-rp9q1SjpUd87whpOe_MD8m9HBDfX_a0y93Hhj5W903SEMuMf4IU9dQlWz5l01V_RR8EPgTY.9hUcn4Tz_Zo6Gn4R55YGJUqyLQxuax5PaJx6rBPuGug&dib_tag=se&keywords=smart+phone&qid=1728113435&sprefix=smatrphone%2Caps%2C218&sr=8-148,"OnePlus Nord CE4 Lite 5G (Super Silver, 8GB RAM, 256GB Storage)  ","₹22,998₹22,998 M.R.P: ₹23,999₹23,999 (4% off)",5K+ bought in past month,"₹1,000 off coupon appliedSave ₹1,000  with coupon ","4.1 out of 5 stars 1,978  "," FREE delivery Thu, 10 Oct Or fastest delivery Tomorrow, 6 Oct "
101,https://www.amazon.in/sspa/click?ie=UTF8&spc=MTozNzQzNDAxMTA3NTk4ODA3OjE3MjgxMTM0MzY6c3BfYnRmOjMwMDA1NzU5NDUzOTEzMjo6MDo6&url=%2FApple-iPhone-15-Pro-256%2Fdp%2FB0CHX6M6C8%2Fref%3Dsr_1_149_sspa%3Fcrid%3D1L0Q91SOR1BM2%26dib%3DeyJ2IjoiMSJ9.-VI7imeTrq601_I0tut-F5qcGn00zzRzCEa6h0wx842cyl-RfgL3QwXSuqX3Oy3BvQV1d1PiYarYObrWb6eGAhAbZ1lMRNBTuxKEYVmjqgtcaIEMjo8Yo0BW8-oVyWHJXUttZpAS6ZpTHrTjunaXcqAbRC-4ECaowaH-rp9q1SjpUd87whpOe_MD8m9HBDfX_a0y93Hhj5W903SEMuMf4IU9dQlWz5l01V_RR8EPgTY.9hUcn4Tz_Zo6Gn4R55YGJUqyLQxuax5PaJx6rBPuGug%26dib_tag%3Dse%26keywords%3Dsmart%2Bphone%26qid%3D1728113435%26sprefix%3Dsmatrphone%252Caps%252C218%26sr%3D8-149-spons%26sp_csd%3Dd2lkZ2V0TmFtZT1zcF9idGY%26psc%3D1,Apple iPhone 15 Pro (256 GB) - Black Titanium  ,"₹1,19,900₹1,19,900 M.R.P: ₹1,39,800₹1,39,800 (14% off)",100+ bought in past month,10% Off on Select Bank Cards10% Off on Select Bank Cards,4.3 out of 5 stars 337  ,FREE delivery
102,https://www.amazon.in/sspa/click?ie=UTF8&spc=MTozNzQzNDAxMTA3NTk4ODA3OjE3MjgxMTM0MzY6c3BfYnRmOjMwMDA1NzU5NDU0MDczMjo6MDo6&url=%2FApple-iPhone-15-Plus-128%2Fdp%2FB0CHWYXK1R%2Fref%3Dsr_1_150_sspa%3Fcrid%3D1L0Q91SOR1BM2%26dib%3DeyJ2IjoiMSJ9.-VI7imeTrq601_I0tut-F5qcGn00zzRzCEa6h0wx842cyl-RfgL3QwXSuqX3Oy3BvQV1d1PiYarYObrWb6eGAhAbZ1lMRNBTuxKEYVmjqgtcaIEMjo8Yo0BW8-oVyWHJXUttZpAS6ZpTHrTjunaXcqAbRC-4ECaowaH-rp9q1SjpUd87whpOe_MD8m9HBDfX_a0y93Hhj5W903SEMuMf4IU9dQlWz5l01V_RR8EPgTY.9hUcn4Tz_Zo6Gn4R55YGJUqyLQxuax5PaJx6rBPuGug%26dib_tag%3Dse%26keywords%3Dsmart%2Bphone%26qid%3D1728113435%26sprefix%3Dsmatrphone%252Caps%252C218%26sr%3D8-150-spons%26sp_csd%3Dd2lkZ2V0TmFtZT1zcF9idGY%26psc%3D1,Apple iPhone 15 Plus (128 GB) - Pink  ,"₹76,900₹76,900 M.R.P: ₹89,600₹89,600 (14% off)",100+ bought in past month,Flat INR 3000 Off on SBICardsFlat INR 3000 Off on SBICards,"4.6 out of 5 stars 1,018  "," FREE delivery Mon, 7 Oct Or fastest delivery Tomorrow, 6 Oct "
103,https://www.amazon.in/sspa/click?ie=UTF8&spc=MTo3OTA0NTg0OTUxMjk4NzQ0OjE3MjgxMTM0NDA6c3BfYXRmX25leHQ6MjAwNzk2ODI4NTE1MDM6OjA6Og&url=%2FApple-iPhone-13-256GB-Blue%2Fdp%2FB09G93H3BR%2Fref%3Dsr_1_145_sspa%3Fcrid%3D1L0Q91SOR1BM2%26dib%3DeyJ2IjoiMSJ9.uS1GtU1B5cZg16FCzwi83eG2h7CcIFCcDFSV3Y-deaZjqwu-yP9Inp2VvSDOkMzABb8QNIOuuPw58znGaDGF6jmr6BS-ztZpN6kN7dVHs-AhdljsLe-uL6ZuJimHMbE0uuC5eE75pX_0-J0ce4e3YCGsA3350u1Pmafp6Ftq3rCFkWVmnaUQ53D6sJOJwQhIOTFgX7BFyra7CssbOPP1VVzUsV8AbG0G0kzlAmPhpt4.y3sOnTObu91IYxt02vwa1ggNuxSHdJWiVbZ7HWvYBjw%26dib_tag%3Dse%26keywords%3Dsmart%2Bphone%26qid%3D1728113440%26sprefix%3Dsmatrphone%252Caps%252C218%26sr%3D8-145-spons%26sp_csd%3Dd2lkZ2V0TmFtZT1zcF9hdGZfbmV4dA%26psc%3D1,Apple iPhone 13 (256GB) - Blue  ,"₹53,999₹53,999 M.R.P: ₹69,900₹69,900 (23% off)",1K+ bought in past month,Flat INR 500 Off on SBICardsFlat INR 500 Off on SBICards,"4.5 out of 5 stars 29,593  "," FREE delivery Tue, 8 Oct Or fastest delivery Tomorrow, 6 Oct "
104,https://www.amazon.in/Samsung-Storage-Display-Charging-Security/dp/B0DFY3XCB6/ref=sr_1_3?crid=1L0Q91SOR1BM2&dib=eyJ2IjoiMSJ9.YFHwfIh7GPJJ09bm1bBID_cftDp0afCxSRg3FN_lte1Rdqt5mg0Jx-TgDfx26Db3KQU1JO2tAF7pm-1gfG8MtzfxHlpgvazcRpgxNuuVFttuqLhrcaxp-Ld6M3GLfrx3fDP5xfBpL4ScKlFfbrSxXRyDX9VWbu_X7Xq3bgWwHhRWosAjnCAKcGU1quDOoO_Dy7EncmeSfy_UFCn5cEafdJeM3DlDTdqvQZcn6Vmj2_k.gLzcl7owOgyvjofPvY-GTIHcfhOU5iMgTDNesnqX70k&dib_tag=se&keywords=smart+phone&qid=1728113408&sprefix=smatrphone%2Caps%2C218&sr=8-3,"Samsung Galaxy M05 (Mint Green, 4GB RAM, 64 GB Storage) | 50MP Dual Camera | Bigger 6.7"" HD+ Display | 5000mAh Battery | 25W Fast Charging | 2 Gen OS Upgrade & 4 Year Security Update | Without Charger  ","₹6,499₹6,499 M.R.P: ₹9,999₹9,999 (35% off)",5K+ bought in past month,Service: Installation,3.7 out of 5 stars 68  ," FREE delivery Wed, 16 Oct Or fastest delivery Tomorrow, 6 Oct "
105,https://www.amazon.in/sspa/click?ie=UTF8&spc=MTo0Mzc4MTE5OTY1Njg3NzQ3OjE3MjgxMTM0MDg6c3BfYnRmOjIwMTExMjExMjQ4Mjk4OjowOjo&url=%2FApple-iPhone-14-128GB-Purple%2Fdp%2FB0BDJ213TX%2Fref%3Dsr_1_21_sspa%3Fcrid%3D1L0Q91SOR1BM2%26dib%3DeyJ2IjoiMSJ9.YFHwfIh7GPJJ09bm1bBID_cftDp0afCxSRg3FN_lte1Rdqt5mg0Jx-TgDfx26Db3KQU1JO2tAF7pm-1gfG8MtzfxHlpgvazcRpgxNuuVFttuqLhrcaxp-Ld6M3GLfrx3fDP5xfBpL4ScKlFfbrSxXRyDX9VWbu_X7Xq3bgWwHhRWosAjnCAKcGU1quDOoO_Dy7EncmeSfy_UFCn5cEafdJeM3DlDTdqvQZcn6Vmj2_k.gLzcl7owOgyvjofPvY-GTIHcfhOU5iMgTDNesnqX70k%26dib_tag%3Dse%26keywords%3Dsmart%2Bphone%26qid%3D1728113408%26sprefix%3Dsmatrphone%252Caps%252C218%26sr%3D8-21-spons%26sp_csd%3Dd2lkZ2V0TmFtZT1zcF9idGY%26psc%3D1,Apple iPhone 14 (128 GB) - Purple  ,"₹59,900₹59,900 M.R.P: ₹69,600₹69,600 (14% off)",200+ bought in past month,Flat INR 3000 Off on SBICardsFlat INR 3000 Off on SBICards,"4.5 out of 5 stars 5,570  "," FREE delivery Tue, 8 Oct Or fastest delivery Tomorrow, 6 Oct "
106,https://www.amazon.in/iQOO-MediaTek-Dimesity-Processor-Smartphone/dp/B07WGPKLFL/ref=sr_1_147?crid=1L0Q91SOR1BM2&dib=eyJ2IjoiMSJ9.uS1GtU1B5cZg16FCzwi83eG2h7CcIFCcDFSV3Y-deaZjqwu-yP9Inp2VvSDOkMzABb8QNIOuuPw58znGaDGF6jmr6BS-ztZpN6kN7dVHs-AhdljsLe-uL6ZuJimHMbE0uuC5eE75pX_0-J0ce4e3YCGsA3350u1Pmafp6Ftq3rCFkWVmnaUQ53D6sJOJwQhIOTFgX7BFyra7CssbOPP1VVzUsV8AbG0G0kzlAmPhpt4.y3sOnTObu91IYxt02vwa1ggNuxSHdJWiVbZ7HWvYBjw&dib_tag=se&keywords=smart+phone&qid=1728113440&sprefix=smatrphone%2Caps%2C218&sr=8-147,"iQOO Z7 Pro 5G (Blue Lagoon, 8GB RAM, 128GB Storage) | 3D Curved AMOLED Display | 4nm MediaTek Dimesity 7200 5G Processor | 64MP Aura Light OIS Camera | Segment's Slimmest & Lightest Smartphone  ","₹20,999₹20,999 M.R.P: ₹26,999₹26,999 (22% off)",500+ bought in past month,Flat  INR 250 Off on SBICardsFlat  INR 250 Off on SBICards,"4.4 out of 5 stars 6,743  "," FREE delivery Tue, 8 Oct Or fastest delivery Tomorrow, 6 Oct "
107,https://www.amazon.in/iQOO-Storage-Dimensity-Camera-Charger/dp/B07WJTB99S/ref=sr_1_148?crid=1L0Q91SOR1BM2&dib=eyJ2IjoiMSJ9.uS1GtU1B5cZg16FCzwi83eG2h7CcIFCcDFSV3Y-deaZjqwu-yP9Inp2VvSDOkMzABb8QNIOuuPw58znGaDGF6jmr6BS-ztZpN6kN7dVHs-AhdljsLe-uL6ZuJimHMbE0uuC5eE75pX_0-J0ce4e3YCGsA3350u1Pmafp6Ftq3rCFkWVmnaUQ53D6sJOJwQhIOTFgX7BFyra7CssbOPP1VVzUsV8AbG0G0kzlAmPhpt4.y3sOnTObu91IYxt02vwa1ggNuxSHdJWiVbZ7HWvYBjw&dib_tag=se&keywords=smart+phone&qid=1728113440&sprefix=smatrphone%2Caps%2C218&sr=8-148,"iQOO Z9 Lite 5G (Aqua Flow, 4GB RAM, 128GB Storage) | Dimensity 6300 5G | 50MP Sony AI Camera | Charger in The Box | Rs 1000 Off on All Bank Cards  ","₹10,498₹10,498 M.R.P: ₹14,499₹14,499 (28% off)",5K+ bought in past month,Save extra with No Cost EMISave extra with No Cost EMI,"4.0 out of 5 stars 1,122  "," FREE delivery Thu, 10 Oct Or fastest delivery Tomorrow, 6 Oct "
108,https://www.amazon.in/Infinix-Storage-Battery-Android-Camera/dp/B0CW5YM6ZM/ref=sr_1_149?crid=1L0Q91SOR1BM2&dib=eyJ2IjoiMSJ9.uS1GtU1B5cZg16FCzwi83eG2h7CcIFCcDFSV3Y-deaZjqwu-yP9Inp2VvSDOkMzABb8QNIOuuPw58znGaDGF6jmr6BS-ztZpN6kN7dVHs-AhdljsLe-uL6ZuJimHMbE0uuC5eE75pX_0-J0ce4e3YCGsA3350u1Pmafp6Ftq3rCFkWVmnaUQ53D6sJOJwQhIOTFgX7BFyra7CssbOPP1VVzUsV8AbG0G0kzlAmPhpt4.y3sOnTObu91IYxt02vwa1ggNuxSHdJWiVbZ7HWvYBjw&dib_tag=se&keywords=smart+phone&qid=1728113440&sprefix=smatrphone%2Caps%2C218&sr=8-149,Infinix Smart 8 8GB RAM 128GB Storage | 5000 mAh Heavy Battery | Android 13 Go | 50MP + AI Camera | Dual Sim (Timber Black)  ,"₹7,930₹7,930 M.R.P: ₹10,999₹10,999 (28% off)",100+ bought in past month,10% Off on Select Bank Cards10% Off on Select Bank Cards,3.5 out of 5 stars 74  ," FREE delivery Tue, 8 Oct Or fastest delivery Tomorrow, 6 Oct "
109,https://www.amazon.in/realme-Storage-Flagship-Chipset-Brightest/dp/B0D3J6NDYS/ref=sr_1_150?crid=1L0Q91SOR1BM2&dib=eyJ2IjoiMSJ9.uS1GtU1B5cZg16FCzwi83eG2h7CcIFCcDFSV3Y-deaZjqwu-yP9Inp2VvSDOkMzABb8QNIOuuPw58znGaDGF6jmr6BS-ztZpN6kN7dVHs-AhdljsLe-uL6ZuJimHMbE0uuC5eE75pX_0-J0ce4e3YCGsA3350u1Pmafp6Ftq3rCFkWVmnaUQ53D6sJOJwQhIOTFgX7BFyra7CssbOPP1VVzUsV8AbG0G0kzlAmPhpt4.y3sOnTObu91IYxt02vwa1ggNuxSHdJWiVbZ7HWvYBjw&dib_tag=se&keywords=smart+phone&qid=1728113440&sprefix=smatrphone%2Caps%2C218&sr=8-150,"realme GT 6T 5G (Fluid Silver,12GB RAM+512GB Storage) | India's 1st 7+ Gen 3 Flagship Chipset | 1.5M+AnTuTu Score | 5500mAh+120W | The World's Brightest Flagship Display  ","₹38,998₹38,998 M.R.P: ₹41,999₹41,999 (7% off)",400+ bought in past month,"₹4,000 off coupon appliedSave ₹4,000  with coupon ","4.3 out of 5 stars 1,787  "," FREE delivery Tue, 8 Oct Or fastest delivery Tomorrow, 6 Oct "
110,https://www.amazon.in/iQOO-Graphene-Dimensity-Processor-Brightness/dp/B07WFPL2VW/ref=sr_1_151?crid=1L0Q91SOR1BM2&dib=eyJ2IjoiMSJ9.uS1GtU1B5cZg16FCzwi83eG2h7CcIFCcDFSV3Y-deaZjqwu-yP9Inp2VvSDOkMzABb8QNIOuuPw58znGaDGF6jmr6BS-ztZpN6kN7dVHs-AhdljsLe-uL6ZuJimHMbE0uuC5eE75pX_0-J0ce4e3YCGsA3350u1Pmafp6Ftq3rCFkWVmnaUQ53D6sJOJwQhIOTFgX7BFyra7CssbOPP1VVzUsV8AbG0G0kzlAmPhpt4.y3sOnTObu91IYxt02vwa1ggNuxSHdJWiVbZ7HWvYBjw&dib_tag=se&keywords=smart+phone&qid=1728113440&sprefix=smatrphone%2Caps%2C218&sr=8-151,"iQOO Z9 5G (Graphene Blue, 8GB RAM, 128GB Storage) | Dimensity 7200 5G Processor | Sony IMX882 OIS Camera | 120Hz AMOLED with 1800 nits Local Peak Brightness | 44W Charger in The Box  ","₹18,499₹18,499 M.R.P: ₹24,999₹24,999 (26% off)",4K+ bought in past month,Flat  INR 1500 Off on SBICardsFlat  INR 1500 Off on SBICards,"4.2 out of 5 stars 4,680  "," FREE delivery Tue, 8 Oct Or fastest delivery Tomorrow, 6 Oct "
111,https://www.amazon.in/iQOO-Storage-Snapdragon-6000mAh-FlashCharge/dp/B07WHRHBLH/ref=sr_1_152?crid=1L0Q91SOR1BM2&dib=eyJ2IjoiMSJ9.uS1GtU1B5cZg16FCzwi83eG2h7CcIFCcDFSV3Y-deaZjqwu-yP9Inp2VvSDOkMzABb8QNIOuuPw58znGaDGF6jmr6BS-ztZpN6kN7dVHs-AhdljsLe-uL6ZuJimHMbE0uuC5eE75pX_0-J0ce4e3YCGsA3350u1Pmafp6Ftq3rCFkWVmnaUQ53D6sJOJwQhIOTFgX7BFyra7CssbOPP1VVzUsV8AbG0G0kzlAmPhpt4.y3sOnTObu91IYxt02vwa1ggNuxSHdJWiVbZ7HWvYBjw&dib_tag=se&keywords=smart+phone&qid=1728113440&sprefix=smatrphone%2Caps%2C218&sr=8-152,"iQOO Z9x 5G (Storm Grey, 6GB RAM, 128GB Storage) | Snapdragon 6 Gen 1 with 560k+ AnTuTu Score | 6000mAh Battery with 7.99mm Slim Design | 44W FlashCharge  ","₹13,999₹13,999 M.R.P: ₹18,999₹18,999 (26% off)",5K+ bought in past month,₹500 off coupon appliedSave ₹500  with coupon ,"4.1 out of 5 stars 3,353  "," FREE delivery Sun, 13 Oct "
112,https://www.amazon.in/iQOO-Storage-Snapdragon-6000mAh-FlashCharge/dp/B07WHPLH66/ref=sr_1_153?crid=1L0Q91SOR1BM2&dib=eyJ2IjoiMSJ9.uS1GtU1B5cZg16FCzwi83eG2h7CcIFCcDFSV3Y-deaZjqwu-yP9Inp2VvSDOkMzABb8QNIOuuPw58znGaDGF6jmr6BS-ztZpN6kN7dVHs-AhdljsLe-uL6ZuJimHMbE0uuC5eE75pX_0-J0ce4e3YCGsA3350u1Pmafp6Ftq3rCFkWVmnaUQ53D6sJOJwQhIOTFgX7BFyra7CssbOPP1VVzUsV8AbG0G0kzlAmPhpt4.y3sOnTObu91IYxt02vwa1ggNuxSHdJWiVbZ7HWvYBjw&dib_tag=se&keywords=smart+phone&qid=1728113440&sprefix=smatrphone%2Caps%2C218&sr=8-153,"iQOO Z9x 5G (Storm Grey, 8GB RAM, 128GB Storage) | Snapdragon 6 Gen 1 with 560k+ AnTuTu Score | 6000mAh Battery with 7.99mm Slim Design | 44W FlashCharge  ","₹15,499₹15,499 M.R.P: ₹19,999₹19,999 (23% off)",3K+ bought in past month,₹500 off coupon appliedSave ₹500  with coupon ,"4.1 out of 5 stars 3,353  "," FREE delivery Mon, 7 Oct Or fastest delivery Tomorrow, 6 Oct "
113,https://www.amazon.in/Moto-G85-256-Cobalt-Blue/dp/B0D9GLW54J/ref=sr_1_154?crid=1L0Q91SOR1BM2&dib=eyJ2IjoiMSJ9.uS1GtU1B5cZg16FCzwi83eG2h7CcIFCcDFSV3Y-deaZjqwu-yP9Inp2VvSDOkMzABb8QNIOuuPw58znGaDGF6jmr6BS-ztZpN6kN7dVHs-AhdljsLe-uL6ZuJimHMbE0uuC5eE75pX_0-J0ce4e3YCGsA3350u1Pmafp6Ftq3rCFkWVmnaUQ53D6sJOJwQhIOTFgX7BFyra7CssbOPP1VVzUsV8AbG0G0kzlAmPhpt4.y3sOnTObu91IYxt02vwa1ggNuxSHdJWiVbZ7HWvYBjw&dib_tag=se&keywords=smart+phone&qid=1728113440&sprefix=smatrphone%2Caps%2C218&sr=8-154,"Moto G85 5G (256, Cobalt Blue, New)  ","₹21,675₹21,675 M.R.P: ₹32,999₹32,999 (34% off)",500+ bought in past month,10% Off on Select Bank Cards10% Off on Select Bank Cards,3.9 out of 5 stars 101  ," FREE delivery Thu, 10 Oct Or fastest delivery Tomorrow, 6 Oct "
114,https://www.amazon.in/sspa/click?ie=UTF8&spc=MTo3OTA0NTg0OTUxMjk4NzQ0OjE3MjgxMTM0NDA6c3BfbXRmOjMwMDA1NzU5NDU0MTczMjo6MDo6&url=%2FApple-iPhone-Pro-Max-512%2Fdp%2FB0CHXCWTMW%2Fref%3Dsr_1_155_sspa%3Fcrid%3D1L0Q91SOR1BM2%26dib%3DeyJ2IjoiMSJ9.uS1GtU1B5cZg16FCzwi83eG2h7CcIFCcDFSV3Y-deaZjqwu-yP9Inp2VvSDOkMzABb8QNIOuuPw58znGaDGF6jmr6BS-ztZpN6kN7dVHs-AhdljsLe-uL6ZuJimHMbE0uuC5eE75pX_0-J0ce4e3YCGsA3350u1Pmafp6Ftq3rCFkWVmnaUQ53D6sJOJwQhIOTFgX7BFyra7CssbOPP1VVzUsV8AbG0G0kzlAmPhpt4.y3sOnTObu91IYxt02vwa1ggNuxSHdJWiVbZ7HWvYBjw%26dib_tag%3Dse%26keywords%3Dsmart%2Bphone%26qid%3D1728113440%26sprefix%3Dsmatrphone%252Caps%252C218%26sr%3D8-155-spons%26sp_csd%3Dd2lkZ2V0TmFtZT1zcF9tdGY%26psc%3D1,Apple iPhone 15 Pro Max (512 GB) - Blue Titanium  ,"₹1,54,900₹1,54,900 M.R.P: ₹1,79,900₹1,79,900 (14% off)",M.R.P: ,10% Off on Select Bank Cards10% Off on Select Bank Cards,4.4 out of 5 stars 348  ," FREE delivery Fri, 11 Oct Or fastest delivery Tomorrow, 6 Oct "
115,https://www.amazon.in/sspa/click?ie=UTF8&spc=MTo3OTA0NTg0OTUxMjk4NzQ0OjE3MjgxMTM0NDA6c3BfbXRmOjIwMTExMjExMjQ4MDk4OjowOjo&url=%2FApple-iPhone-14-256GB-Midnight%2Fdp%2FB0BDJ6N5D6%2Fref%3Dsr_1_156_sspa%3Fcrid%3D1L0Q91SOR1BM2%26dib%3DeyJ2IjoiMSJ9.uS1GtU1B5cZg16FCzwi83eG2h7CcIFCcDFSV3Y-deaZjqwu-yP9Inp2VvSDOkMzABb8QNIOuuPw58znGaDGF6jmr6BS-ztZpN6kN7dVHs-AhdljsLe-uL6ZuJimHMbE0uuC5eE75pX_0-J0ce4e3YCGsA3350u1Pmafp6Ftq3rCFkWVmnaUQ53D6sJOJwQhIOTFgX7BFyra7CssbOPP1VVzUsV8AbG0G0kzlAmPhpt4.y3sOnTObu91IYxt02vwa1ggNuxSHdJWiVbZ7HWvYBjw%26dib_tag%3Dse%26keywords%3Dsmart%2Bphone%26qid%3D1728113440%26sprefix%3Dsmatrphone%252Caps%252C218%26sr%3D8-156-spons%26sp_csd%3Dd2lkZ2V0TmFtZT1zcF9tdGY%26psc%3D1,Apple iPhone 14 (256 GB) - Midnight  ,"₹69,900₹69,900 M.R.P: ₹89,900₹89,900 (22% off)",M.R.P: ,Flat INR 3000 Off on SBICardsFlat INR 3000 Off on SBICards,"4.5 out of 5 stars 5,570  "," FREE delivery Thu, 10 Oct Or fastest delivery Tomorrow, 6 Oct "
116,https://www.amazon.in/sspa/click?ie=UTF8&spc=MTo0Mzc4MTE5OTY1Njg3NzQ3OjE3MjgxMTM0MDg6c3BfYnRmOjMwMDA1NzU5NDU0MDgzMjo6MDo6&url=%2FApple-iPhone-15-Plus-128%2Fdp%2FB0CHX6X2WW%2Fref%3Dsr_1_22_sspa%3Fcrid%3D1L0Q91SOR1BM2%26dib%3DeyJ2IjoiMSJ9.YFHwfIh7GPJJ09bm1bBID_cftDp0afCxSRg3FN_lte1Rdqt5mg0Jx-TgDfx26Db3KQU1JO2tAF7pm-1gfG8MtzfxHlpgvazcRpgxNuuVFttuqLhrcaxp-Ld6M3GLfrx3fDP5xfBpL4ScKlFfbrSxXRyDX9VWbu_X7Xq3bgWwHhRWosAjnCAKcGU1quDOoO_Dy7EncmeSfy_UFCn5cEafdJeM3DlDTdqvQZcn6Vmj2_k.gLzcl7owOgyvjofPvY-GTIHcfhOU5iMgTDNesnqX70k%26dib_tag%3Dse%26keywords%3Dsmart%2Bphone%26qid%3D1728113408%26sprefix%3Dsmatrphone%252Caps%252C218%26sr%3D8-22-spons%26sp_csd%3Dd2lkZ2V0TmFtZT1zcF9idGY%26psc%3D1,Apple iPhone 15 Plus (128 GB) - Blue  ,"₹76,900₹76,900 M.R.P: ₹89,600₹89,600 (14% off)",100+ bought in past month,Flat INR 3000 Off on SBICardsFlat INR 3000 Off on SBICards,"4.6 out of 5 stars 1,018  "," FREE delivery Tue, 8 Oct Or fastest delivery Tomorrow, 6 Oct "
117,https://www.amazon.in/Vivo-T3-Lite-Smartphone-Majestic/dp/B0D9MPS3WL/ref=sr_1_157?crid=1L0Q91SOR1BM2&dib=eyJ2IjoiMSJ9.uS1GtU1B5cZg16FCzwi83eG2h7CcIFCcDFSV3Y-deaZjqwu-yP9Inp2VvSDOkMzABb8QNIOuuPw58znGaDGF6jmr6BS-ztZpN6kN7dVHs-AhdljsLe-uL6ZuJimHMbE0uuC5eE75pX_0-J0ce4e3YCGsA3350u1Pmafp6Ftq3rCFkWVmnaUQ53D6sJOJwQhIOTFgX7BFyra7CssbOPP1VVzUsV8AbG0G0kzlAmPhpt4.y3sOnTObu91IYxt02vwa1ggNuxSHdJWiVbZ7HWvYBjw&dib_tag=se&keywords=smart+phone&qid=1728113440&sprefix=smatrphone%2Caps%2C218&sr=8-157,"Vivo T3 Lite 5G Smartphone (Majestic Black, 4GB Ram 128GB Storage)  ","₹11,990₹11,990 M.R.P: ₹14,499₹14,499 (17% off)",300+ bought in past month,10% Off on Select Bank Cards10% Off on Select Bank Cards,3.6 out of 5 stars 8  ," FREE delivery Sat, 19 Oct Or fastest delivery Tomorrow, 6 Oct "
118,https://www.amazon.in/Fantasy-Storage-Charging-Multi-Colored-Interface/dp/B0CC2Z4GMN/ref=sr_1_158?crid=1L0Q91SOR1BM2&dib=eyJ2IjoiMSJ9.uS1GtU1B5cZg16FCzwi83eG2h7CcIFCcDFSV3Y-deaZjqwu-yP9Inp2VvSDOkMzABb8QNIOuuPw58znGaDGF6jmr6BS-ztZpN6kN7dVHs-AhdljsLe-uL6ZuJimHMbE0uuC5eE75pX_0-J0ce4e3YCGsA3350u1Pmafp6Ftq3rCFkWVmnaUQ53D6sJOJwQhIOTFgX7BFyra7CssbOPP1VVzUsV8AbG0G0kzlAmPhpt4.y3sOnTObu91IYxt02vwa1ggNuxSHdJWiVbZ7HWvYBjw&dib_tag=se&keywords=smart+phone&qid=1728113440&sprefix=smatrphone%2Caps%2C218&sr=8-158,"TECNO Pova 5 Pro 5G (Silver Fantasy, 8GB RAM,128GB Storage)| Segment 1st 68W Ultra Fast Charging | India's 1st Multi-colored Backlit ARC Interface | 50MP AI Dual Camera | 6.78”FHD+ Dot-in Display  ","₹13,999₹13,999 M.R.P: ₹19,999₹19,999 (30% off)",500+ bought in past month,"₹1,500 off coupon appliedSave ₹1,500  with coupon ","4.0 out of 5 stars 6,056  "," FREE delivery Thu, 10 Oct Or fastest delivery Tomorrow, 6 Oct "
119,https://www.amazon.in/Redmi-Note-Sunrise-128GB-Storage/dp/B0CC4XR7PM/ref=sr_1_159?crid=1L0Q91SOR1BM2&dib=eyJ2IjoiMSJ9.uS1GtU1B5cZg16FCzwi83eG2h7CcIFCcDFSV3Y-deaZjqwu-yP9Inp2VvSDOkMzABb8QNIOuuPw58znGaDGF6jmr6BS-ztZpN6kN7dVHs-AhdljsLe-uL6ZuJimHMbE0uuC5eE75pX_0-J0ce4e3YCGsA3350u1Pmafp6Ftq3rCFkWVmnaUQ53D6sJOJwQhIOTFgX7BFyra7CssbOPP1VVzUsV8AbG0G0kzlAmPhpt4.y3sOnTObu91IYxt02vwa1ggNuxSHdJWiVbZ7HWvYBjw&dib_tag=se&keywords=smart+phone&qid=1728113440&sprefix=smatrphone%2Caps%2C218&sr=8-159,"Redmi Note 12 5G (Sunrise Gold, 6GB RAM, 128GB Storage)  ","₹13,490₹13,490 M.R.P: ₹21,999₹21,999 (39% off)",50+ bought in past month,10% Off on Select Bank Cards10% Off on Select Bank Cards,3.9 out of 5 stars 196  ," FREE delivery Thu, 10 Oct Or fastest delivery Tomorrow, 6 Oct "
120,https://www.amazon.in/Vivo-Mobile-Storage-Additional-Exchange/dp/B07WHRHBLY/ref=sr_1_160?crid=1L0Q91SOR1BM2&dib=eyJ2IjoiMSJ9.uS1GtU1B5cZg16FCzwi83eG2h7CcIFCcDFSV3Y-deaZjqwu-yP9Inp2VvSDOkMzABb8QNIOuuPw58znGaDGF6jmr6BS-ztZpN6kN7dVHs-AhdljsLe-uL6ZuJimHMbE0uuC5eE75pX_0-J0ce4e3YCGsA3350u1Pmafp6Ftq3rCFkWVmnaUQ53D6sJOJwQhIOTFgX7BFyra7CssbOPP1VVzUsV8AbG0G0kzlAmPhpt4.y3sOnTObu91IYxt02vwa1ggNuxSHdJWiVbZ7HWvYBjw&dib_tag=se&keywords=smart+phone&qid=1728113440&sprefix=smatrphone%2Caps%2C218&sr=8-160,"Vivo Y200 5G Mobile (Jungle Green, 8GB RAM, 256GB Storage) with No Cost EMI/Additional Exchange Offers  ","₹22,999₹22,999 M.R.P: ₹28,999₹28,999 (21% off)",300+ bought in past month,Flat INR 750 Off on SBICardsFlat INR 750 Off on SBICards,3.8 out of 5 stars 201  ," FREE delivery Mon, 7 Oct Or fastest delivery Tomorrow, 6 Oct "
121,https://www.amazon.in/iQOO-Storage-Snapdragon-6000mAh-FlashCharge/dp/B07WFPMJBH/ref=sr_1_161?crid=1L0Q91SOR1BM2&dib=eyJ2IjoiMSJ9.uS1GtU1B5cZg16FCzwi83eG2h7CcIFCcDFSV3Y-deaZjqwu-yP9Inp2VvSDOkMzABb8QNIOuuPw58znGaDGF6jmr6BS-ztZpN6kN7dVHs-AhdljsLe-uL6ZuJimHMbE0uuC5eE75pX_0-J0ce4e3YCGsA3350u1Pmafp6Ftq3rCFkWVmnaUQ53D6sJOJwQhIOTFgX7BFyra7CssbOPP1VVzUsV8AbG0G0kzlAmPhpt4.y3sOnTObu91IYxt02vwa1ggNuxSHdJWiVbZ7HWvYBjw&dib_tag=se&keywords=smart+phone&qid=1728113440&sprefix=smatrphone%2Caps%2C218&sr=8-161,"iQOO Z9x 5G (Storm Grey, 4GB RAM, 128GB Storage) | Snapdragon 6 Gen 1 with 560k+ AnTuTu Score | 6000mAh Battery with 7.99mm Slim Design | 44W FlashCharge  ","₹12,499₹12,499 M.R.P: ₹17,999₹17,999 (31% off)",2K+ bought in past month,₹500 off coupon appliedSave ₹500  with coupon ,"4.1 out of 5 stars 3,353  "," FREE delivery Mon, 7 Oct Or fastest delivery Tomorrow, 6 Oct "
122,https://www.amazon.in/Lava-Blaze-Pro-128GB-Storage/dp/B0CBJX7N6S/ref=sr_1_162?crid=1L0Q91SOR1BM2&dib=eyJ2IjoiMSJ9.uS1GtU1B5cZg16FCzwi83eG2h7CcIFCcDFSV3Y-deaZjqwu-yP9Inp2VvSDOkMzABb8QNIOuuPw58znGaDGF6jmr6BS-ztZpN6kN7dVHs-AhdljsLe-uL6ZuJimHMbE0uuC5eE75pX_0-J0ce4e3YCGsA3350u1Pmafp6Ftq3rCFkWVmnaUQ53D6sJOJwQhIOTFgX7BFyra7CssbOPP1VVzUsV8AbG0G0kzlAmPhpt4.y3sOnTObu91IYxt02vwa1ggNuxSHdJWiVbZ7HWvYBjw&dib_tag=se&keywords=smart+phone&qid=1728113440&sprefix=smatrphone%2Caps%2C218&sr=8-162,"Lava Blaze 2 Pro (8 GB RAM, 128GB UFS Storage) - Cool Green|50 MP AI Triple Camera |18W Fast Charger| 6.5 inch(16.5cm) Display with 5000 mAh Battery| Upto 16GB Expandable RAM  ","₹7,519₹7,519 M.R.P: ₹11,999₹11,999 (37% off)",50+ bought in past month,10% Off on Select Bank Cards10% Off on Select Bank Cards,4.0 out of 5 stars 15  ," FREE delivery Tue, 8 Oct Or fastest delivery Tomorrow, 6 Oct "
123,https://www.amazon.in/Toughest-Featured-SUPERVOOC-Additional-Exchange/dp/B0D53B6HVF/ref=sr_1_163?crid=1L0Q91SOR1BM2&dib=eyJ2IjoiMSJ9.uS1GtU1B5cZg16FCzwi83eG2h7CcIFCcDFSV3Y-deaZjqwu-yP9Inp2VvSDOkMzABb8QNIOuuPw58znGaDGF6jmr6BS-ztZpN6kN7dVHs-AhdljsLe-uL6ZuJimHMbE0uuC5eE75pX_0-J0ce4e3YCGsA3350u1Pmafp6Ftq3rCFkWVmnaUQ53D6sJOJwQhIOTFgX7BFyra7CssbOPP1VVzUsV8AbG0G0kzlAmPhpt4.y3sOnTObu91IYxt02vwa1ggNuxSHdJWiVbZ7HWvYBjw&dib_tag=se&keywords=smart+phone&qid=1728113440&sprefix=smatrphone%2Caps%2C218&sr=8-163,"OPPO F27 Pro+ 5G (Dusk Pink, 8GB RAM, 128GB Storage) | 6.7"" FHD+ AMOLED Toughest 3D Curved Display|64MP AI Featured Camera|IP69 | 67W SUPERVOOC| with No Cost EMI/Additional Exchange Offers  ","₹27,999₹27,999 M.R.P: ₹32,999₹32,999 (15% off)",100+ bought in past month,Flat INR 1550 Off on SBICardsFlat INR 1550 Off on SBICards,4.0 out of 5 stars 264  ," FREE delivery Tue, 8 Oct Or fastest delivery Tomorrow, 6 Oct "
124,https://www.amazon.in/realme-Storage-Chipset-Comfort-Display/dp/B0D9NFLZMQ/ref=sr_1_164?crid=1L0Q91SOR1BM2&dib=eyJ2IjoiMSJ9.uS1GtU1B5cZg16FCzwi83eG2h7CcIFCcDFSV3Y-deaZjqwu-yP9Inp2VvSDOkMzABb8QNIOuuPw58znGaDGF6jmr6BS-ztZpN6kN7dVHs-AhdljsLe-uL6ZuJimHMbE0uuC5eE75pX_0-J0ce4e3YCGsA3350u1Pmafp6Ftq3rCFkWVmnaUQ53D6sJOJwQhIOTFgX7BFyra7CssbOPP1VVzUsV8AbG0G0kzlAmPhpt4.y3sOnTObu91IYxt02vwa1ggNuxSHdJWiVbZ7HWvYBjw&dib_tag=se&keywords=smart+phone&qid=1728113440&sprefix=smatrphone%2Caps%2C218&sr=8-164,"realme NARZO N65 5G (Amber Gold 8GB RAM, 128GB Storage) India's 1st D6300 5G Chipset | Ultra Slim Design | 120Hz Eye Comfort Display | 50MP AI Camera| Charger in The Box  ","₹13,498₹13,498 M.R.P: ₹15,999₹15,999 (16% off)",500+ bought in past month,"₹1,500 off coupon appliedSave ₹1,500  with coupon ",4.1 out of 5 stars 922  ," FREE delivery Tue, 8 Oct Or fastest delivery Tomorrow, 6 Oct "
125,https://www.amazon.in/sspa/click?ie=UTF8&spc=MTo3OTA0NTg0OTUxMjk4NzQ0OjE3MjgxMTM0NDA6c3BfYnRmOjMwMDA1NzU5NDUzODYzMjo6MDo6&url=%2FApple-iPhone-15-512-GB%2Fdp%2FB0CHX9MF1L%2Fref%3Dsr_1_165_sspa%3Fcrid%3D1L0Q91SOR1BM2%26dib%3DeyJ2IjoiMSJ9.uS1GtU1B5cZg16FCzwi83eG2h7CcIFCcDFSV3Y-deaZjqwu-yP9Inp2VvSDOkMzABb8QNIOuuPw58znGaDGF6jmr6BS-ztZpN6kN7dVHs-AhdljsLe-uL6ZuJimHMbE0uuC5eE75pX_0-J0ce4e3YCGsA3350u1Pmafp6Ftq3rCFkWVmnaUQ53D6sJOJwQhIOTFgX7BFyra7CssbOPP1VVzUsV8AbG0G0kzlAmPhpt4.y3sOnTObu91IYxt02vwa1ggNuxSHdJWiVbZ7HWvYBjw%26dib_tag%3Dse%26keywords%3Dsmart%2Bphone%26qid%3D1728113440%26sprefix%3Dsmatrphone%252Caps%252C218%26sr%3D8-165-spons%26sp_csd%3Dd2lkZ2V0TmFtZT1zcF9idGY%26psc%3D1,Apple iPhone 15 (512 GB) - Black  ,"₹99,900₹99,900 M.R.P: ₹1,09,900₹1,09,900 (9% off)",M.R.P: ,Flat INR 3000 Off on SBICardsFlat INR 3000 Off on SBICards,"4.5 out of 5 stars 2,255  "," FREE delivery Tue, 8 Oct Or fastest delivery Tomorrow, 6 Oct "
126,https://www.amazon.in/sspa/click?ie=UTF8&spc=MTo3OTA0NTg0OTUxMjk4NzQ0OjE3MjgxMTM0NDA6c3BfYnRmOjIwMTExMjExMjQ0Mzk4OjowOjo&url=%2FApple-iPhone-Plus-128GB-Starlight%2Fdp%2FB0BDJFTGK6%2Fref%3Dsr_1_166_sspa%3Fcrid%3D1L0Q91SOR1BM2%26dib%3DeyJ2IjoiMSJ9.uS1GtU1B5cZg16FCzwi83eG2h7CcIFCcDFSV3Y-deaZjqwu-yP9Inp2VvSDOkMzABb8QNIOuuPw58znGaDGF6jmr6BS-ztZpN6kN7dVHs-AhdljsLe-uL6ZuJimHMbE0uuC5eE75pX_0-J0ce4e3YCGsA3350u1Pmafp6Ftq3rCFkWVmnaUQ53D6sJOJwQhIOTFgX7BFyra7CssbOPP1VVzUsV8AbG0G0kzlAmPhpt4.y3sOnTObu91IYxt02vwa1ggNuxSHdJWiVbZ7HWvYBjw%26dib_tag%3Dse%26keywords%3Dsmart%2Bphone%26qid%3D1728113440%26sprefix%3Dsmatrphone%252Caps%252C218%26sr%3D8-166-spons%26sp_csd%3Dd2lkZ2V0TmFtZT1zcF9idGY%26psc%3D1,Apple iPhone 14 Plus (128 GB) - Starlight  ,"₹69,900₹69,900 M.R.P: ₹79,600₹79,600 (12% off)",100+ bought in past month,Flat INR 3000 Off on SBICardsFlat INR 3000 Off on SBICards,"4.5 out of 5 stars 2,012  "," FREE delivery Tue, 8 Oct Or fastest delivery Tomorrow, 6 Oct "
127,https://www.amazon.in/sspa/click?ie=UTF8&spc=MTo1OTcwNzc0OTI3NDQyNjc0OjE3MjgxMTM0MTE6c3BfYXRmX25leHQ6MzAwMzUxNDgxOTgwODMyOjowOjo&url=%2FApple-iPhone-16-128-GB%2Fdp%2FB0DGJ8YZDF%2Fref%3Dsr_1_17_sspa%3Fcrid%3D1L0Q91SOR1BM2%26dib%3DeyJ2IjoiMSJ9.dqonNPfjw7iOCXnMTXwHu_MY-u3AGV2FUF0KlLqMSR-jTTAm1mLQKUvhds1Bkj-gohtKKVqaLUj6F6kx_-8FUxjA6OYeXvWcpegarsOylNT5AWE8BI0AtVoWPFL_5m0tQE8qGbWNXQQT2ImqDb9lSG0muX6tCDLQoNgl45uvXJDHo3Sb1yFXJmsLz3de7ehSktbBjLoYMcS0pWTCdEO2EtJ81gk6Jsc1AS6qKB5IkZI.scNLIHri4NCnnnnDRVvC2MvU2yhX5UjtUwKk0k05W6A%26dib_tag%3Dse%26keywords%3Dsmart%2Bphone%26qid%3D1728113411%26sprefix%3Dsmatrphone%252Caps%252C218%26sr%3D8-17-spons%26sp_csd%3Dd2lkZ2V0TmFtZT1zcF9hdGZfbmV4dA%26psc%3D1,Apple iPhone 16 (128 GB) - Pink  ,"₹79,900₹79,900",500+ bought in past month,10% Off on Select Bank Cards10% Off on Select Bank Cards,4.8 out of 5 stars 16  ," FREE delivery Tue, 8 Oct Or fastest delivery Tomorrow, 6 Oct "
128,https://www.amazon.in/sspa/click?ie=UTF8&spc=MTo0MTkwNDM2MDY5NDg4MDg4OjE3MjgxMTM0NDQ6c3BfYXRmX25leHQ6MjAxMTEyMTEyNDc4OTg6OjA6Og&url=%2FApple-iPhone-14-512GB-Blue%2Fdp%2FB0BDJH3V3Q%2Fref%3Dsr_1_161_sspa%3Fcrid%3D1L0Q91SOR1BM2%26dib%3DeyJ2IjoiMSJ9.TgnJwx2JGvTPJtdgpV3Hin62harzzlz33mQ7V1kWkdiHvEcY3_ZGXY16ndkN4CsPVg7WyOfA9_57rO-he9jJdtRF1jFimTwCccqoVYB-d0rUF_sfjCBhVNAgfecswAMbkOlxTGpaYiVky88gVV9aaVJn5QSSdVD6FpEsnbLq1ncXED4eeNjKMKVrkl3OYVR_z3M27Tki1E00RGmAuTUS5f62SgDZOCIJ8Lq92qHSse8.gch8c4EkNyWDpGO0_y2jPJn2iFM4QaPCjmfmtc6oTOY%26dib_tag%3Dse%26keywords%3Dsmart%2Bphone%26qid%3D1728113444%26sprefix%3Dsmatrphone%252Caps%252C218%26sr%3D8-161-spons%26sp_csd%3Dd2lkZ2V0TmFtZT1zcF9hdGZfbmV4dA%26psc%3D1,Apple iPhone 14 (512 GB) - Blue  ,"₹89,900₹89,900 M.R.P: ₹99,900₹99,900 (10% off)",M.R.P: ,Flat INR 3000 Off on SBICardsFlat INR 3000 Off on SBICards,"4.5 out of 5 stars 5,570  "," FREE delivery Thu, 10 Oct Or fastest delivery Tomorrow, 6 Oct "
129,https://www.amazon.in/sspa/click?ie=UTF8&spc=MTo0MTkwNDM2MDY5NDg4MDg4OjE3MjgxMTM0NDQ6c3BfYXRmX25leHQ6MzAwMTUyODEwNzQ0ODMyOjowOjo&url=%2FRedmi-Purple-Storage-Flagship-TurboCharge%2Fdp%2FB0CRQG58T8%2Fref%3Dsr_1_162_sspa%3Fcrid%3D1L0Q91SOR1BM2%26dib%3DeyJ2IjoiMSJ9.TgnJwx2JGvTPJtdgpV3Hin62harzzlz33mQ7V1kWkdiHvEcY3_ZGXY16ndkN4CsPVg7WyOfA9_57rO-he9jJdtRF1jFimTwCccqoVYB-d0rUF_sfjCBhVNAgfecswAMbkOlxTGpaYiVky88gVV9aaVJn5QSSdVD6FpEsnbLq1ncXED4eeNjKMKVrkl3OYVR_z3M27Tki1E00RGmAuTUS5f62SgDZOCIJ8Lq92qHSse8.gch8c4EkNyWDpGO0_y2jPJn2iFM4QaPCjmfmtc6oTOY%26dib_tag%3Dse%26keywords%3Dsmart%2Bphone%26qid%3D1728113444%26sprefix%3Dsmatrphone%252Caps%252C218%26sr%3D8-162-spons%26sp_csd%3Dd2lkZ2V0TmFtZT1zcF9hdGZfbmV4dA%26psc%3D1,"Redmi Note 13 Pro (Coral Purple, 8GB RAM, 128GB Storage) | 1.5K AMOLED | 200MP Hi-Res Camera | Flagship 4nm SD 7s Gen 2 | 67W TurboCharge  ","₹22,999₹22,999 M.R.P: ₹28,999₹28,999 (21% off)",1K+ bought in past month,Save extra with No Cost EMISave extra with No Cost EMI,"4.0 out of 5 stars 1,070  "," FREE delivery Tue, 8 Oct Or fastest delivery Tomorrow, 6 Oct "
130,https://www.amazon.in/HMD-Segment-Primary-Display-Storage/dp/B0D93WGXC9/ref=sr_1_163?crid=1L0Q91SOR1BM2&dib=eyJ2IjoiMSJ9.TgnJwx2JGvTPJtdgpV3Hin62harzzlz33mQ7V1kWkdiHvEcY3_ZGXY16ndkN4CsPVg7WyOfA9_57rO-he9jJdtRF1jFimTwCccqoVYB-d0rUF_sfjCBhVNAgfecswAMbkOlxTGpaYiVky88gVV9aaVJn5QSSdVD6FpEsnbLq1ncXED4eeNjKMKVrkl3OYVR_z3M27Tki1E00RGmAuTUS5f62SgDZOCIJ8Lq92qHSse8.gch8c4EkNyWDpGO0_y2jPJn2iFM4QaPCjmfmtc6oTOY&dib_tag=se&keywords=smart+phone&qid=1728113444&sprefix=smatrphone%2Caps%2C218&sr=8-163,HMD Crest Max 5G | Segment 1st 50 MP Front Cam | Triple Rear AI Cam with 64 MP Primary Sony Sensor | FHD+ OLED Display | 8 GB RAM & 256 GB Storage | Android 14 | 33W Fast Charger in Box | Deep Purple  ,"₹16,499₹16,499 M.R.P: ₹22,499₹22,499 (27% off)",500+ bought in past month,10% Off on Select Bank Cards10% Off on Select Bank Cards,3.6 out of 5 stars 360  ," FREE delivery Mon, 7 Oct Or fastest delivery Tomorrow, 6 Oct "
131,https://www.amazon.in/POCO-Power-Black-128GB-Storage/dp/B0CDRVG19T/ref=sr_1_164?crid=1L0Q91SOR1BM2&dib=eyJ2IjoiMSJ9.TgnJwx2JGvTPJtdgpV3Hin62harzzlz33mQ7V1kWkdiHvEcY3_ZGXY16ndkN4CsPVg7WyOfA9_57rO-he9jJdtRF1jFimTwCccqoVYB-d0rUF_sfjCBhVNAgfecswAMbkOlxTGpaYiVky88gVV9aaVJn5QSSdVD6FpEsnbLq1ncXED4eeNjKMKVrkl3OYVR_z3M27Tki1E00RGmAuTUS5f62SgDZOCIJ8Lq92qHSse8.gch8c4EkNyWDpGO0_y2jPJn2iFM4QaPCjmfmtc6oTOY&dib_tag=se&keywords=smart+phone&qid=1728113444&sprefix=smatrphone%2Caps%2C218&sr=8-164,POCO M6 Pro 5G (128 GB) (6 GB RAM) (Power Black)  ,"₹11,499₹11,499 M.R.P: ₹16,999₹16,999 (32% off)",1K+ bought in past month,10% Off on Select Bank Cards10% Off on Select Bank Cards,"3.9 out of 5 stars 4,791  "," FREE delivery Thu, 10 Oct Or fastest delivery Tomorrow, 6 Oct "
132,https://www.amazon.in/Storage-Additional-Exchange-Without-Charger/dp/B07WHR5DTJ/ref=sr_1_165?crid=1L0Q91SOR1BM2&dib=eyJ2IjoiMSJ9.TgnJwx2JGvTPJtdgpV3Hin62harzzlz33mQ7V1kWkdiHvEcY3_ZGXY16ndkN4CsPVg7WyOfA9_57rO-he9jJdtRF1jFimTwCccqoVYB-d0rUF_sfjCBhVNAgfecswAMbkOlxTGpaYiVky88gVV9aaVJn5QSSdVD6FpEsnbLq1ncXED4eeNjKMKVrkl3OYVR_z3M27Tki1E00RGmAuTUS5f62SgDZOCIJ8Lq92qHSse8.gch8c4EkNyWDpGO0_y2jPJn2iFM4QaPCjmfmtc6oTOY&dib_tag=se&keywords=smart+phone&qid=1728113444&sprefix=smatrphone%2Caps%2C218&sr=8-165,"vivo Y18 (Gem Green, 4GB RAM, 128GB Storage) with No Cost EMI/Additional Exchange Offers | Without Charger  ","₹9,499₹9,499 M.R.P: ₹13,999₹13,999 (32% off)",200+ bought in past month,10% Off on Select Bank Cards10% Off on Select Bank Cards,3.6 out of 5 stars 31  ,FREE delivery
133,https://www.amazon.in/Emerald-Portrait-SUPERVOOC-Additional-Exchange/dp/B0DCGH5H2T/ref=sr_1_166?crid=1L0Q91SOR1BM2&dib=eyJ2IjoiMSJ9.TgnJwx2JGvTPJtdgpV3Hin62harzzlz33mQ7V1kWkdiHvEcY3_ZGXY16ndkN4CsPVg7WyOfA9_57rO-he9jJdtRF1jFimTwCccqoVYB-d0rUF_sfjCBhVNAgfecswAMbkOlxTGpaYiVky88gVV9aaVJn5QSSdVD6FpEsnbLq1ncXED4eeNjKMKVrkl3OYVR_z3M27Tki1E00RGmAuTUS5f62SgDZOCIJ8Lq92qHSse8.gch8c4EkNyWDpGO0_y2jPJn2iFM4QaPCjmfmtc6oTOY&dib_tag=se&keywords=smart+phone&qid=1728113444&sprefix=smatrphone%2Caps%2C218&sr=8-166,"OPPO F27 5G (Emerald Green, 8GB RAM, 128GB Storage) | 6.67"" FHD+ AMOLED Display|32MP Sony IMX615 Selfie Camera |AI Portrait Expert| 45W SUPERVOOC| with No Cost EMI/Additional Exchange Offers  ","₹20,999₹20,999 M.R.P: ₹25,999₹25,999 (19% off)",300+ bought in past month,Flat INR 850 Off on SBICardsFlat INR 850 Off on SBICards,3.3 out of 5 stars 29  ," FREE delivery Mon, 7 Oct Or fastest delivery Tomorrow, 6 Oct "
134,https://www.amazon.in/realme-Segments-Dimensity-Motorsports-Inspired/dp/B0DDTXNGYN/ref=sr_1_168?crid=1L0Q91SOR1BM2&dib=eyJ2IjoiMSJ9.TgnJwx2JGvTPJtdgpV3Hin62harzzlz33mQ7V1kWkdiHvEcY3_ZGXY16ndkN4CsPVg7WyOfA9_57rO-he9jJdtRF1jFimTwCccqoVYB-d0rUF_sfjCBhVNAgfecswAMbkOlxTGpaYiVky88gVV9aaVJn5QSSdVD6FpEsnbLq1ncXED4eeNjKMKVrkl3OYVR_z3M27Tki1E00RGmAuTUS5f62SgDZOCIJ8Lq92qHSse8.gch8c4EkNyWDpGO0_y2jPJn2iFM4QaPCjmfmtc6oTOY&dib_tag=se&keywords=smart+phone&qid=1728113444&sprefix=smatrphone%2Caps%2C218&sr=8-168,"realme NARZO 70 Turbo 5G (Turbo Purple,8GB RAM,128GB Storage) | Segment's Fastest Dimensity 7300 Energy 5G Chipset | Motorsports Inspired Design  ","₹17,998₹17,998 M.R.P: ₹20,999₹20,999 (14% off)",4K+ bought in past month,"₹2,000 off coupon appliedSave ₹2,000  with coupon ",4.4 out of 5 stars 382  ," FREE delivery Mon, 7 Oct Or fastest delivery Tomorrow, 6 Oct "
135,https://www.amazon.in/realme-Storage-Dimensity-Chipset-Flagship/dp/B0CW61C6LK/ref=sr_1_170?crid=1L0Q91SOR1BM2&dib=eyJ2IjoiMSJ9.TgnJwx2JGvTPJtdgpV3Hin62harzzlz33mQ7V1kWkdiHvEcY3_ZGXY16ndkN4CsPVg7WyOfA9_57rO-he9jJdtRF1jFimTwCccqoVYB-d0rUF_sfjCBhVNAgfecswAMbkOlxTGpaYiVky88gVV9aaVJn5QSSdVD6FpEsnbLq1ncXED4eeNjKMKVrkl3OYVR_z3M27Tki1E00RGmAuTUS5f62SgDZOCIJ8Lq92qHSse8.gch8c4EkNyWDpGO0_y2jPJn2iFM4QaPCjmfmtc6oTOY&dib_tag=se&keywords=smart+phone&qid=1728113444&sprefix=smatrphone%2Caps%2C218&sr=8-170,"realme NARZO 70 Pro 5G (Glass Green, 8GB RAM,256GB Storage) Dimensity 7050 5G Chipset | Horizon Glass Design | Segment 1st Flagship Sony IMX890 OIS Camera  ","₹18,998₹18,998 M.R.P: ₹26,999₹26,999 (30% off)",5K+ bought in past month,10% Off on Select Bank Cards10% Off on Select Bank Cards,"4.1 out of 5 stars 4,652  "," FREE delivery Fri, 11 Oct Or fastest delivery Mon, 7 Oct "
136,https://www.amazon.in/sspa/click?ie=UTF8&spc=MTo1OTcwNzc0OTI3NDQyNjc0OjE3MjgxMTM0MTE6c3BfYXRmX25leHQ6MjAwNzk2ODI4NTA5MDM6OjA6Og&url=%2FApple-iPhone-13-128GB-Product%2Fdp%2FB09G99CW2N%2Fref%3Dsr_1_18_sspa%3Fcrid%3D1L0Q91SOR1BM2%26dib%3DeyJ2IjoiMSJ9.dqonNPfjw7iOCXnMTXwHu_MY-u3AGV2FUF0KlLqMSR-jTTAm1mLQKUvhds1Bkj-gohtKKVqaLUj6F6kx_-8FUxjA6OYeXvWcpegarsOylNT5AWE8BI0AtVoWPFL_5m0tQE8qGbWNXQQT2ImqDb9lSG0muX6tCDLQoNgl45uvXJDHo3Sb1yFXJmsLz3de7ehSktbBjLoYMcS0pWTCdEO2EtJ81gk6Jsc1AS6qKB5IkZI.scNLIHri4NCnnnnDRVvC2MvU2yhX5UjtUwKk0k05W6A%26dib_tag%3Dse%26keywords%3Dsmart%2Bphone%26qid%3D1728113411%26sprefix%3Dsmatrphone%252Caps%252C218%26sr%3D8-18-spons%26sp_csd%3Dd2lkZ2V0TmFtZT1zcF9hdGZfbmV4dA%26psc%3D1,Apple iPhone 13 (128GB) - (Product) RED  ,"₹41,999₹41,999 M.R.P: ₹59,900₹59,900 (30% off)",5K+ bought in past month,Flat INR 500 Off on SBICardsFlat INR 500 Off on SBICards,"4.5 out of 5 stars 29,593  "," FREE delivery Wed, 16 Oct Or fastest delivery Tomorrow, 6 Oct "
137,https://www.amazon.in/sspa/click?ie=UTF8&spc=MTo0MTkwNDM2MDY5NDg4MDg4OjE3MjgxMTM0NDQ6c3BfbXRmOjMwMDA1NzU5NDU0MTkzMjo6MDo6&url=%2FApple-iPhone-Pro-Max-256%2Fdp%2FB0CHWWW471%2Fref%3Dsr_1_171_sspa%3Fcrid%3D1L0Q91SOR1BM2%26dib%3DeyJ2IjoiMSJ9.TgnJwx2JGvTPJtdgpV3Hin62harzzlz33mQ7V1kWkdiHvEcY3_ZGXY16ndkN4CsPVg7WyOfA9_57rO-he9jJdtRF1jFimTwCccqoVYB-d0rUF_sfjCBhVNAgfecswAMbkOlxTGpaYiVky88gVV9aaVJn5QSSdVD6FpEsnbLq1ncXED4eeNjKMKVrkl3OYVR_z3M27Tki1E00RGmAuTUS5f62SgDZOCIJ8Lq92qHSse8.gch8c4EkNyWDpGO0_y2jPJn2iFM4QaPCjmfmtc6oTOY%26dib_tag%3Dse%26keywords%3Dsmart%2Bphone%26qid%3D1728113444%26sprefix%3Dsmatrphone%252Caps%252C218%26sr%3D8-171-spons%26sp_csd%3Dd2lkZ2V0TmFtZT1zcF9tdGY%26psc%3D1,Apple iPhone 15 Pro Max (256 GB) - White Titanium  ,"₹1,30,900₹1,30,900 M.R.P: ₹1,54,000₹1,54,000 (15% off)",50+ bought in past month,10% Off on Select Bank Cards10% Off on Select Bank Cards,4.4 out of 5 stars 348  ," FREE delivery Mon, 7 Oct Or fastest delivery Tomorrow, 6 Oct "
138,https://www.amazon.in/sspa/click?ie=UTF8&spc=MTo0MTkwNDM2MDY5NDg4MDg4OjE3MjgxMTM0NDQ6c3BfbXRmOjMwMDIzMzcwOTAwMDUzMjo6MDo6&url=%2FRedmi-Scarlet-Storage-Flagship-TurboCharge%2Fdp%2FB0D66RJRGL%2Fref%3Dsr_1_172_sspa%3Fcrid%3D1L0Q91SOR1BM2%26dib%3DeyJ2IjoiMSJ9.TgnJwx2JGvTPJtdgpV3Hin62harzzlz33mQ7V1kWkdiHvEcY3_ZGXY16ndkN4CsPVg7WyOfA9_57rO-he9jJdtRF1jFimTwCccqoVYB-d0rUF_sfjCBhVNAgfecswAMbkOlxTGpaYiVky88gVV9aaVJn5QSSdVD6FpEsnbLq1ncXED4eeNjKMKVrkl3OYVR_z3M27Tki1E00RGmAuTUS5f62SgDZOCIJ8Lq92qHSse8.gch8c4EkNyWDpGO0_y2jPJn2iFM4QaPCjmfmtc6oTOY%26dib_tag%3Dse%26keywords%3Dsmart%2Bphone%26qid%3D1728113444%26sprefix%3Dsmatrphone%252Caps%252C218%26sr%3D8-172-spons%26sp_csd%3Dd2lkZ2V0TmFtZT1zcF9tdGY%26psc%3D1,"Redmi Note 13 Pro (Scarlet Red, 8GB RAM, 128GB Storage) | 1.5K AMOLED | 200MP Hi-Res Camera | Flagship 4nm SD 7s Gen 2 | 67W TurboCharge  ","₹21,835₹21,835 M.R.P: ₹28,999₹28,999 (25% off)",200+ bought in past month,Save extra with No Cost EMISave extra with No Cost EMI,4.4 out of 5 stars 36  ," FREE delivery Wed, 9 Oct Or fastest delivery Tomorrow, 6 Oct "
139,https://www.amazon.in/Sundarbans-Storage-Additional-Exchange-Offers/dp/B07WHSQ5X3/ref=sr_1_173?crid=1L0Q91SOR1BM2&dib=eyJ2IjoiMSJ9.TgnJwx2JGvTPJtdgpV3Hin62harzzlz33mQ7V1kWkdiHvEcY3_ZGXY16ndkN4CsPVg7WyOfA9_57rO-he9jJdtRF1jFimTwCccqoVYB-d0rUF_sfjCBhVNAgfecswAMbkOlxTGpaYiVky88gVV9aaVJn5QSSdVD6FpEsnbLq1ncXED4eeNjKMKVrkl3OYVR_z3M27Tki1E00RGmAuTUS5f62SgDZOCIJ8Lq92qHSse8.gch8c4EkNyWDpGO0_y2jPJn2iFM4QaPCjmfmtc6oTOY&dib_tag=se&keywords=smart+phone&qid=1728113444&sprefix=smatrphone%2Caps%2C218&sr=8-173,"vivo Y58 5G (Sundarbans Green, 8GB RAM, 128GB Storage) with No Cost EMI/Additional Exchange Offers  ","₹18,499₹18,499 M.R.P: ₹23,999₹23,999 (23% off)",400+ bought in past month,Flat INR 250 Off on SBICardsFlat INR 250 Off on SBICards,4.2 out of 5 stars 29  ," FREE delivery Mon, 7 Oct Or fastest delivery Tomorrow, 6 Oct "
140,https://www.amazon.in/SAMSUNG-Galaxy-S23-Graphite-Storage/dp/B0CJXQX3MB/ref=sr_1_174?crid=1L0Q91SOR1BM2&dib=eyJ2IjoiMSJ9.TgnJwx2JGvTPJtdgpV3Hin62harzzlz33mQ7V1kWkdiHvEcY3_ZGXY16ndkN4CsPVg7WyOfA9_57rO-he9jJdtRF1jFimTwCccqoVYB-d0rUF_sfjCBhVNAgfecswAMbkOlxTGpaYiVky88gVV9aaVJn5QSSdVD6FpEsnbLq1ncXED4eeNjKMKVrkl3OYVR_z3M27Tki1E00RGmAuTUS5f62SgDZOCIJ8Lq92qHSse8.gch8c4EkNyWDpGO0_y2jPJn2iFM4QaPCjmfmtc6oTOY&dib_tag=se&keywords=smart+phone&qid=1728113444&sprefix=smatrphone%2Caps%2C218&sr=8-174,SAMSUNG Galaxy S23 FE 5G (Graphite 128 GB Storage) (8 GB RAM)  ,"₹29,999₹29,999 M.R.P: ₹79,999₹79,999 (63% off)",4K+ bought in past month,10% Off on Select Bank Cards10% Off on Select Bank Cards,3.7 out of 5 stars 694  ," FREE delivery Tue, 8 Oct Or fastest delivery Tomorrow, 6 Oct "
141,https://www.amazon.in/Micromax-Green-4GB-64GB-Storage/dp/B09RV7G1XQ/ref=sr_1_175?crid=1L0Q91SOR1BM2&dib=eyJ2IjoiMSJ9.TgnJwx2JGvTPJtdgpV3Hin62harzzlz33mQ7V1kWkdiHvEcY3_ZGXY16ndkN4CsPVg7WyOfA9_57rO-he9jJdtRF1jFimTwCccqoVYB-d0rUF_sfjCBhVNAgfecswAMbkOlxTGpaYiVky88gVV9aaVJn5QSSdVD6FpEsnbLq1ncXED4eeNjKMKVrkl3OYVR_z3M27Tki1E00RGmAuTUS5f62SgDZOCIJ8Lq92qHSse8.gch8c4EkNyWDpGO0_y2jPJn2iFM4QaPCjmfmtc6oTOY&dib_tag=se&keywords=smart+phone&qid=1728113444&sprefix=smatrphone%2Caps%2C218&sr=8-175,"Micromax in 2B (Green, 6GB RAM, 64GB Storage)  ","₹6,899₹6,899 M.R.P: ₹11,999₹11,999 (43% off)",M.R.P: ,10% Off on Select Bank Cards10% Off on Select Bank Cards,3.1 out of 5 stars 19  ," FREE delivery Thu, 10 Oct Or fastest delivery Tomorrow, 6 Oct "
142,https://www.amazon.in/realme-Starry-Gold-128GB-Storage/dp/B0DDRT74C9/ref=sr_1_176?crid=1L0Q91SOR1BM2&dib=eyJ2IjoiMSJ9.TgnJwx2JGvTPJtdgpV3Hin62harzzlz33mQ7V1kWkdiHvEcY3_ZGXY16ndkN4CsPVg7WyOfA9_57rO-he9jJdtRF1jFimTwCccqoVYB-d0rUF_sfjCBhVNAgfecswAMbkOlxTGpaYiVky88gVV9aaVJn5QSSdVD6FpEsnbLq1ncXED4eeNjKMKVrkl3OYVR_z3M27Tki1E00RGmAuTUS5f62SgDZOCIJ8Lq92qHSse8.gch8c4EkNyWDpGO0_y2jPJn2iFM4QaPCjmfmtc6oTOY&dib_tag=se&keywords=smart+phone&qid=1728113444&sprefix=smatrphone%2Caps%2C218&sr=8-176,"realme C63 5G (Starry Gold, 6GB RAM, 128GB Storage)  ","₹11,146₹11,146 M.R.P: ₹14,999₹14,999 (26% off)",300+ bought in past month,10% Off on Select Bank Cards10% Off on Select Bank Cards,5.0 out of 5 stars 1  ," FREE delivery Wed, 9 Oct Or fastest delivery Tomorrow, 6 Oct "
143,https://www.amazon.in/Vivo-T3x-Celestial-Green-128/dp/B07WDKKJWK/ref=sr_1_177?crid=1L0Q91SOR1BM2&dib=eyJ2IjoiMSJ9.TgnJwx2JGvTPJtdgpV3Hin62harzzlz33mQ7V1kWkdiHvEcY3_ZGXY16ndkN4CsPVg7WyOfA9_57rO-he9jJdtRF1jFimTwCccqoVYB-d0rUF_sfjCBhVNAgfecswAMbkOlxTGpaYiVky88gVV9aaVJn5QSSdVD6FpEsnbLq1ncXED4eeNjKMKVrkl3OYVR_z3M27Tki1E00RGmAuTUS5f62SgDZOCIJ8Lq92qHSse8.gch8c4EkNyWDpGO0_y2jPJn2iFM4QaPCjmfmtc6oTOY&dib_tag=se&keywords=smart+phone&qid=1728113444&sprefix=smatrphone%2Caps%2C218&sr=8-177,"Vivo T3x 5G (Celestial Green, 128 GB) (6 GB RAM)  ","₹15,295₹15,295 M.R.P: ₹18,999₹18,999 (19% off)",1K+ bought in past month,10% Off on Select Bank Cards10% Off on Select Bank Cards,4.4 out of 5 stars 27  ," FREE delivery Wed, 9 Oct Or fastest delivery Tomorrow, 6 Oct "
144,https://www.amazon.in/Xiaomi-Storage-Professional-Optics-AMOLED/dp/B0CW3JRLH1/ref=sr_1_178?crid=1L0Q91SOR1BM2&dib=eyJ2IjoiMSJ9.TgnJwx2JGvTPJtdgpV3Hin62harzzlz33mQ7V1kWkdiHvEcY3_ZGXY16ndkN4CsPVg7WyOfA9_57rO-he9jJdtRF1jFimTwCccqoVYB-d0rUF_sfjCBhVNAgfecswAMbkOlxTGpaYiVky88gVV9aaVJn5QSSdVD6FpEsnbLq1ncXED4eeNjKMKVrkl3OYVR_z3M27Tki1E00RGmAuTUS5f62SgDZOCIJ8Lq92qHSse8.gch8c4EkNyWDpGO0_y2jPJn2iFM4QaPCjmfmtc6oTOY&dib_tag=se&keywords=smart+phone&qid=1728113444&sprefix=smatrphone%2Caps%2C218&sr=8-178,"Xiaomi 14 (Black, 12GB RAM, 512GB Storage) | 50MP Leica Professional Optics | 120 Hz 1.5K LTPO AMOLED | SD 8 Gen 3 Hyper OS  ","₹47,999₹47,999 M.R.P: ₹79,999₹79,999 (40% off)",2K+ bought in past month,10% Off on Select Bank Cards10% Off on Select Bank Cards,4.2 out of 5 stars 300  ," FREE delivery Tue, 8 Oct Or fastest delivery Tomorrow, 6 Oct "
145,https://www.amazon.in/Moonlight-6-7-inch-Quad-Curved-Display-AI-Powered/dp/B0D6VGQDF4/ref=sr_1_179?crid=1L0Q91SOR1BM2&dib=eyJ2IjoiMSJ9.TgnJwx2JGvTPJtdgpV3Hin62harzzlz33mQ7V1kWkdiHvEcY3_ZGXY16ndkN4CsPVg7WyOfA9_57rO-he9jJdtRF1jFimTwCccqoVYB-d0rUF_sfjCBhVNAgfecswAMbkOlxTGpaYiVky88gVV9aaVJn5QSSdVD6FpEsnbLq1ncXED4eeNjKMKVrkl3OYVR_z3M27Tki1E00RGmAuTUS5f62SgDZOCIJ8Lq92qHSse8.gch8c4EkNyWDpGO0_y2jPJn2iFM4QaPCjmfmtc6oTOY&dib_tag=se&keywords=smart+phone&qid=1728113444&sprefix=smatrphone%2Caps%2C218&sr=8-179,"HONOR 200 5G (Moonlight White, 8GB + 256GB) | 6.7-inch AMOLED Quad-Curved Display | Dual OIS 50MP + 50MP + 12MP Camera | 50MP Selfie Camera | AI-Powered MagicOS 8.0 | Without Charger  ","₹27,998₹27,998 M.R.P: ₹39,999₹39,999 (30% off)",500+ bought in past month,Save extra with No Cost EMISave extra with No Cost EMI,4.4 out of 5 stars 206  ," FREE delivery Tue, 8 Oct Or fastest delivery Tomorrow, 6 Oct "
146,https://www.amazon.in/Lava-Blaze-5G-Blue-Expandable/dp/B0BSTTK7HS/ref=sr_1_180?crid=1L0Q91SOR1BM2&dib=eyJ2IjoiMSJ9.TgnJwx2JGvTPJtdgpV3Hin62harzzlz33mQ7V1kWkdiHvEcY3_ZGXY16ndkN4CsPVg7WyOfA9_57rO-he9jJdtRF1jFimTwCccqoVYB-d0rUF_sfjCBhVNAgfecswAMbkOlxTGpaYiVky88gVV9aaVJn5QSSdVD6FpEsnbLq1ncXED4eeNjKMKVrkl3OYVR_z3M27Tki1E00RGmAuTUS5f62SgDZOCIJ8Lq92qHSse8.gch8c4EkNyWDpGO0_y2jPJn2iFM4QaPCjmfmtc6oTOY&dib_tag=se&keywords=smart+phone&qid=1728113444&sprefix=smatrphone%2Caps%2C218&sr=8-180,"Lava Blaze 5G (Glass Blue, 6GB RAM, UFS 2.2 128GB Storage) | 5G Ready | 50MP AI Triple Camera | Upto 11GB Expandable RAM | Charger Included | Clean Android (No Bloatware)  ","₹9,299₹9,299 M.R.P: ₹16,349₹16,349 (43% off)",100+ bought in past month,10% Off on Select Bank Cards10% Off on Select Bank Cards,"4.0 out of 5 stars 5,374  "," FREE delivery Tue, 8 Oct Or fastest delivery Tomorrow, 6 Oct "
147,https://www.amazon.in/Samsung-Storage-MediaTek-Dimensity-Security/dp/B0DGX9F1WK/ref=sr_1_19?crid=1L0Q91SOR1BM2&dib=eyJ2IjoiMSJ9.dqonNPfjw7iOCXnMTXwHu_MY-u3AGV2FUF0KlLqMSR-jTTAm1mLQKUvhds1Bkj-gohtKKVqaLUj6F6kx_-8FUxjA6OYeXvWcpegarsOylNT5AWE8BI0AtVoWPFL_5m0tQE8qGbWNXQQT2ImqDb9lSG0muX6tCDLQoNgl45uvXJDHo3Sb1yFXJmsLz3de7ehSktbBjLoYMcS0pWTCdEO2EtJ81gk6Jsc1AS6qKB5IkZI.scNLIHri4NCnnnnDRVvC2MvU2yhX5UjtUwKk0k05W6A&dib_tag=se&keywords=smart+phone&qid=1728113411&sprefix=smatrphone%2Caps%2C218&sr=8-19,"Samsung Galaxy M15 5G Prime Edition (Stone Grey,8GB RAM,128GB Storage)| Super AMOLED Display| 50MP Triple Cam| 6000mAh Battery| MediaTek Dimensity 6100+| 4 Gen. OS Upgrade & 5 Year Security Update  ","₹13,499₹13,499 M.R.P: ₹17,999₹17,999 (25% off)",2K+ bought in past month,₹250 off coupon appliedSave ₹250  with coupon ,4.2 out of 5 stars 21  ," FREE delivery Tue, 8 Oct Or fastest delivery Tomorrow, 6 Oct "
148,https://www.amazon.in/sspa/click?ie=UTF8&spc=MTo0MTkwNDM2MDY5NDg4MDg4OjE3MjgxMTM0NDQ6c3BfYnRmOjMwMDM0NTE5NTYyNTEzMjo6MDo6&url=%2FLava-Yuva-Galaxy-White-Fingerprint%2Fdp%2FB0CT5SL8R2%2Fref%3Dsr_1_182_sspa%3Fcrid%3D1L0Q91SOR1BM2%26dib%3DeyJ2IjoiMSJ9.TgnJwx2JGvTPJtdgpV3Hin62harzzlz33mQ7V1kWkdiHvEcY3_ZGXY16ndkN4CsPVg7WyOfA9_57rO-he9jJdtRF1jFimTwCccqoVYB-d0rUF_sfjCBhVNAgfecswAMbkOlxTGpaYiVky88gVV9aaVJn5QSSdVD6FpEsnbLq1ncXED4eeNjKMKVrkl3OYVR_z3M27Tki1E00RGmAuTUS5f62SgDZOCIJ8Lq92qHSse8.gch8c4EkNyWDpGO0_y2jPJn2iFM4QaPCjmfmtc6oTOY%26dib_tag%3Dse%26keywords%3Dsmart%2Bphone%26qid%3D1728113444%26sprefix%3Dsmatrphone%252Caps%252C218%26sr%3D8-182-spons%26sp_csd%3Dd2lkZ2V0TmFtZT1zcF9idGY%26psc%3D1,"Lava Yuva 3 (Galaxy White,4+4*GB RAM,UFS 2.2 128GB Storage)|Premium Glossy Back|Octacore Processor|18W Fast Charging|90Hz Punch Hole Display|13MP AI Triple Camera|Side Fingerprint Sensor  ","₹6,699₹6,699 M.R.P: ₹8,499₹8,499 (21% off)",400+ bought in past month,10% Off on Select Bank Cards10% Off on Select Bank Cards,4.0 out of 5 stars 181  ," FREE delivery Fri, 11 Oct Or fastest delivery Tomorrow, 6 Oct "
149,https://www.amazon.in/sspa/click?ie=UTF8&spc=MTo2NDg5ODA5MjI0OTI2MjI2OjE3MjgxMTM0NDc6c3BfYXRmX25leHQ6MzAwMDU3NTk0NTM3ODMyOjowOjo&url=%2FApple-iPhone-15-128-GB%2Fdp%2FB0CHX6NQMD%2Fref%3Dsr_1_177_sspa%3Fcrid%3D1L0Q91SOR1BM2%26dib%3DeyJ2IjoiMSJ9.8yALyduI9Yg27RtITJIm99a-NsnudXxcfZ0mk_HsS9DJbs3RQMispmvnAibtjnzxLNyPA0xskaxD4rAq6OthRJje95DtgrSgy3of7xD7H4-NfEVyn4oZyduLj583uQBGGovgLX3F6mF_ct4GC67UTSCK_8dwCjouAJ1iMpt3toZhTl2BbJoEWdpk115wGxN-k8b7-gNgWnoWiZPJqDbBsvOTHcY2HDeNd5U_En1YMoM.VR8_q5cOJYq8t-tff3k9Mibn2W8JCb7MKUUan7aWdwA%26dib_tag%3Dse%26keywords%3Dsmart%2Bphone%26qid%3D1728113447%26sprefix%3Dsmatrphone%252Caps%252C218%26sr%3D8-177-spons%26sp_csd%3Dd2lkZ2V0TmFtZT1zcF9hdGZfbmV4dA%26psc%3D1,Apple iPhone 15 (128 GB) - Green  ,"₹67,900₹67,900 M.R.P: ₹79,900₹79,900 (15% off)",200+ bought in past month,Flat INR 3000 Off on SBICardsFlat INR 3000 Off on SBICards,"4.5 out of 5 stars 2,255  "," FREE delivery Mon, 7 Oct Or fastest delivery Tomorrow, 6 Oct "
150,https://www.amazon.in/sspa/click?ie=UTF8&spc=MTo2NDg5ODA5MjI0OTI2MjI2OjE3MjgxMTM0NDc6c3BfYXRmX25leHQ6MjAxMTEyMTEyNDc5OTg6OjA6Og&url=%2FApple-iPhone-14-128GB-Midnight%2Fdp%2FB0BDHX8Z63%2Fref%3Dsr_1_178_sspa%3Fcrid%3D1L0Q91SOR1BM2%26dib%3DeyJ2IjoiMSJ9.8yALyduI9Yg27RtITJIm99a-NsnudXxcfZ0mk_HsS9DJbs3RQMispmvnAibtjnzxLNyPA0xskaxD4rAq6OthRJje95DtgrSgy3of7xD7H4-NfEVyn4oZyduLj583uQBGGovgLX3F6mF_ct4GC67UTSCK_8dwCjouAJ1iMpt3toZhTl2BbJoEWdpk115wGxN-k8b7-gNgWnoWiZPJqDbBsvOTHcY2HDeNd5U_En1YMoM.VR8_q5cOJYq8t-tff3k9Mibn2W8JCb7MKUUan7aWdwA%26dib_tag%3Dse%26keywords%3Dsmart%2Bphone%26qid%3D1728113447%26sprefix%3Dsmatrphone%252Caps%252C218%26sr%3D8-178-spons%26sp_csd%3Dd2lkZ2V0TmFtZT1zcF9hdGZfbmV4dA%26psc%3D1,Apple iPhone 14 (128 GB) - Midnight  ,"₹59,900₹59,900 M.R.P: ₹69,600₹69,600 (14% off)",200+ bought in past month,Flat INR 3000 Off on SBICardsFlat INR 3000 Off on SBICards,"4.5 out of 5 stars 5,570  "," FREE delivery Mon, 7 Oct Or fastest delivery Tomorrow, 6 Oct "
151,https://www.amazon.in/POCO-Skyline-Blue-RAM-Storage/dp/B0D41M2TMD/ref=sr_1_179?crid=1L0Q91SOR1BM2&dib=eyJ2IjoiMSJ9.8yALyduI9Yg27RtITJIm99a-NsnudXxcfZ0mk_HsS9DJbs3RQMispmvnAibtjnzxLNyPA0xskaxD4rAq6OthRJje95DtgrSgy3of7xD7H4-NfEVyn4oZyduLj583uQBGGovgLX3F6mF_ct4GC67UTSCK_8dwCjouAJ1iMpt3toZhTl2BbJoEWdpk115wGxN-k8b7-gNgWnoWiZPJqDbBsvOTHcY2HDeNd5U_En1YMoM.VR8_q5cOJYq8t-tff3k9Mibn2W8JCb7MKUUan7aWdwA&dib_tag=se&keywords=smart+phone&qid=1728113447&sprefix=smatrphone%2Caps%2C218&sr=8-179,"POCO X6 5G (Skyline Blue, 8 GB RAM 256 GB Storage)  ","₹15,999₹15,999 M.R.P: ₹24,999₹24,999 (36% off)",2K+ bought in past month,10% Off on Select Bank Cards10% Off on Select Bank Cards,4.0 out of 5 stars 923  ," FREE delivery Tue, 8 Oct Or fastest delivery Tomorrow, 6 Oct "
152,https://www.amazon.in/Motorola-Edge-125W-Charger-Lavender/dp/B0D37WRCP1/ref=sr_1_180?crid=1L0Q91SOR1BM2&dib=eyJ2IjoiMSJ9.8yALyduI9Yg27RtITJIm99a-NsnudXxcfZ0mk_HsS9DJbs3RQMispmvnAibtjnzxLNyPA0xskaxD4rAq6OthRJje95DtgrSgy3of7xD7H4-NfEVyn4oZyduLj583uQBGGovgLX3F6mF_ct4GC67UTSCK_8dwCjouAJ1iMpt3toZhTl2BbJoEWdpk115wGxN-k8b7-gNgWnoWiZPJqDbBsvOTHcY2HDeNd5U_En1YMoM.VR8_q5cOJYq8t-tff3k9Mibn2W8JCb7MKUUan7aWdwA&dib_tag=se&keywords=smart+phone&qid=1728113447&sprefix=smatrphone%2Caps%2C218&sr=8-180,"Motorola Edge 50 Pro 5G with 125W Charger (Luxe Lavender, 256 GB) (12 GB RAM)  ","₹32,050₹32,050 M.R.P: ₹41,999₹41,999 (24% off)",1K+ bought in past month,10% Off on Select Bank Cards10% Off on Select Bank Cards,3.4 out of 5 stars 115  ," FREE delivery Tue, 8 Oct Or fastest delivery Tomorrow, 6 Oct "
153,https://www.amazon.in/Redmi-Midnight-Storage-Powerful-Processor/dp/B0CV3J345X/ref=sr_1_181?crid=1L0Q91SOR1BM2&dib=eyJ2IjoiMSJ9.8yALyduI9Yg27RtITJIm99a-NsnudXxcfZ0mk_HsS9DJbs3RQMispmvnAibtjnzxLNyPA0xskaxD4rAq6OthRJje95DtgrSgy3of7xD7H4-NfEVyn4oZyduLj583uQBGGovgLX3F6mF_ct4GC67UTSCK_8dwCjouAJ1iMpt3toZhTl2BbJoEWdpk115wGxN-k8b7-gNgWnoWiZPJqDbBsvOTHcY2HDeNd5U_En1YMoM.VR8_q5cOJYq8t-tff3k9Mibn2W8JCb7MKUUan7aWdwA&dib_tag=se&keywords=smart+phone&qid=1728113447&sprefix=smatrphone%2Caps%2C218&sr=8-181,"Redmi A3 (Midnight Black, 6GB RAM, 128GB Storage) | Premium Halo Design | 90Hz Display | Powerful 4G G36 Processor  ","₹8,999₹8,999 M.R.P: ₹11,999₹11,999 (25% off)",50+ bought in past month,Service: Installation,3.6 out of 5 stars 456  ," FREE delivery Tue, 8 Oct Or fastest delivery Tomorrow, 6 Oct "
154,https://www.amazon.in/SAMSUNG-Galaxy-S23-Purple-Storage/dp/B0CJXQV9R2/ref=sr_1_182?crid=1L0Q91SOR1BM2&dib=eyJ2IjoiMSJ9.8yALyduI9Yg27RtITJIm99a-NsnudXxcfZ0mk_HsS9DJbs3RQMispmvnAibtjnzxLNyPA0xskaxD4rAq6OthRJje95DtgrSgy3of7xD7H4-NfEVyn4oZyduLj583uQBGGovgLX3F6mF_ct4GC67UTSCK_8dwCjouAJ1iMpt3toZhTl2BbJoEWdpk115wGxN-k8b7-gNgWnoWiZPJqDbBsvOTHcY2HDeNd5U_En1YMoM.VR8_q5cOJYq8t-tff3k9Mibn2W8JCb7MKUUan7aWdwA&dib_tag=se&keywords=smart+phone&qid=1728113447&sprefix=smatrphone%2Caps%2C218&sr=8-182,SAMSUNG Galaxy S23 FE 5G (Purple 128 GB Storage) (8 GB RAM)  ,"₹29,999₹29,999 M.R.P: ₹79,999₹79,999 (63% off)",1K+ bought in past month,10% Off on Select Bank Cards10% Off on Select Bank Cards,3.7 out of 5 stars 694  ," FREE delivery Tue, 8 Oct Or fastest delivery Tomorrow, 6 Oct "
155,https://www.amazon.in/realme-Woodland-Green-128GB-Storage/dp/B0CZLMNMF1/ref=sr_1_183?crid=1L0Q91SOR1BM2&dib=eyJ2IjoiMSJ9.8yALyduI9Yg27RtITJIm99a-NsnudXxcfZ0mk_HsS9DJbs3RQMispmvnAibtjnzxLNyPA0xskaxD4rAq6OthRJje95DtgrSgy3of7xD7H4-NfEVyn4oZyduLj583uQBGGovgLX3F6mF_ct4GC67UTSCK_8dwCjouAJ1iMpt3toZhTl2BbJoEWdpk115wGxN-k8b7-gNgWnoWiZPJqDbBsvOTHcY2HDeNd5U_En1YMoM.VR8_q5cOJYq8t-tff3k9Mibn2W8JCb7MKUUan7aWdwA&dib_tag=se&keywords=smart+phone&qid=1728113447&sprefix=smatrphone%2Caps%2C218&sr=8-183,"realme 12X 5G (Woodland Green, 8GB RAM, 128GB Storage)  ","₹12,795₹12,795 M.R.P: ₹18,999₹18,999 (33% off)",400+ bought in past month,10% Off on Select Bank Cards10% Off on Select Bank Cards,4.0 out of 5 stars 557  ," FREE delivery Wed, 9 Oct Or fastest delivery Tomorrow, 6 Oct "
156,https://www.amazon.in/POCO-Storage-Dimensity-Processor-Charging/dp/B0CY9C2KPS/ref=sr_1_184?crid=1L0Q91SOR1BM2&dib=eyJ2IjoiMSJ9.8yALyduI9Yg27RtITJIm99a-NsnudXxcfZ0mk_HsS9DJbs3RQMispmvnAibtjnzxLNyPA0xskaxD4rAq6OthRJje95DtgrSgy3of7xD7H4-NfEVyn4oZyduLj583uQBGGovgLX3F6mF_ct4GC67UTSCK_8dwCjouAJ1iMpt3toZhTl2BbJoEWdpk115wGxN-k8b7-gNgWnoWiZPJqDbBsvOTHcY2HDeNd5U_En1YMoM.VR8_q5cOJYq8t-tff3k9Mibn2W8JCb7MKUUan7aWdwA&dib_tag=se&keywords=smart+phone&qid=1728113447&sprefix=smatrphone%2Caps%2C218&sr=8-184,"POCO X6 Neo 5G (Astral Black, 8GB RAM, 128GB Storage) | Dimensity 6080 Processor | 5000 mAh Battery + 33W Fast Charging | 108MP + 2MP Rear Camera & 16MP Front Camera  ","₹12,999₹12,999 M.R.P: ₹19,999₹19,999 (35% off)",2K+ bought in past month,10% Off on Select Bank Cards10% Off on Select Bank Cards,3.7 out of 5 stars 152  ," FREE delivery Tue, 8 Oct Or fastest delivery Tomorrow, 6 Oct "
157,https://www.amazon.in/POCO-Mirror-Black-RAM-Storage/dp/B0CT3SB6F5/ref=sr_1_20?crid=1L0Q91SOR1BM2&dib=eyJ2IjoiMSJ9.dqonNPfjw7iOCXnMTXwHu_MY-u3AGV2FUF0KlLqMSR-jTTAm1mLQKUvhds1Bkj-gohtKKVqaLUj6F6kx_-8FUxjA6OYeXvWcpegarsOylNT5AWE8BI0AtVoWPFL_5m0tQE8qGbWNXQQT2ImqDb9lSG0muX6tCDLQoNgl45uvXJDHo3Sb1yFXJmsLz3de7ehSktbBjLoYMcS0pWTCdEO2EtJ81gk6Jsc1AS6qKB5IkZI.scNLIHri4NCnnnnDRVvC2MvU2yhX5UjtUwKk0k05W6A&dib_tag=se&keywords=smart+phone&qid=1728113411&sprefix=smatrphone%2Caps%2C218&sr=8-20,"POCO X6 5G (Mirror Black, 12 GB RAM 512 GB Storage)  ","₹18,999₹18,999 M.R.P: ₹27,999₹27,999 (32% off)",1K+ bought in past month,10% Off on Select Bank Cards10% Off on Select Bank Cards,4.0 out of 5 stars 923  ," FREE delivery Thu, 10 Oct Or fastest delivery Tomorrow, 6 Oct "
158,https://www.amazon.in/Moonlight-Storage-SUPERVOOC-Additional-Exchange/dp/B0D6R8PGSB/ref=sr_1_185?crid=1L0Q91SOR1BM2&dib=eyJ2IjoiMSJ9.8yALyduI9Yg27RtITJIm99a-NsnudXxcfZ0mk_HsS9DJbs3RQMispmvnAibtjnzxLNyPA0xskaxD4rAq6OthRJje95DtgrSgy3of7xD7H4-NfEVyn4oZyduLj583uQBGGovgLX3F6mF_ct4GC67UTSCK_8dwCjouAJ1iMpt3toZhTl2BbJoEWdpk115wGxN-k8b7-gNgWnoWiZPJqDbBsvOTHcY2HDeNd5U_En1YMoM.VR8_q5cOJYq8t-tff3k9Mibn2W8JCb7MKUUan7aWdwA&dib_tag=se&keywords=smart+phone&qid=1728113447&sprefix=smatrphone%2Caps%2C218&sr=8-185,"OPPO A3 Pro 5G (Moonlight Purple, 8GB RAM, 128GB Storage)|6.67” HD+ 120Hz Refresh Rate Screen | 45W SUPERVOOC|with No Cost EMI/Additional Exchange Offers  ","₹17,999₹17,999 M.R.P: ₹20,999₹20,999 (14% off)",500+ bought in past month,10% Off on Select Bank Cards10% Off on Select Bank Cards,3.9 out of 5 stars 111  ," FREE delivery Tue, 8 Oct Or fastest delivery Tomorrow, 6 Oct "
159,https://www.amazon.in/Redmi-Coral-Purple-Storage-Without/dp/B0CXX3YJM8/ref=sr_1_186?crid=1L0Q91SOR1BM2&dib=eyJ2IjoiMSJ9.8yALyduI9Yg27RtITJIm99a-NsnudXxcfZ0mk_HsS9DJbs3RQMispmvnAibtjnzxLNyPA0xskaxD4rAq6OthRJje95DtgrSgy3of7xD7H4-NfEVyn4oZyduLj583uQBGGovgLX3F6mF_ct4GC67UTSCK_8dwCjouAJ1iMpt3toZhTl2BbJoEWdpk115wGxN-k8b7-gNgWnoWiZPJqDbBsvOTHcY2HDeNd5U_En1YMoM.VR8_q5cOJYq8t-tff3k9Mibn2W8JCb7MKUUan7aWdwA&dib_tag=se&keywords=smart+phone&qid=1728113447&sprefix=smatrphone%2Caps%2C218&sr=8-186,"Redmi Note 13 Pro (Coral Purple, 8GB RAM, 128GB Storage) Without Offer  ","₹20,560₹20,560 M.R.P: ₹28,999₹28,999 (29% off)",100+ bought in past month,10% Off on Select Bank Cards10% Off on Select Bank Cards,"4.0 out of 5 stars 1,070  "," FREE delivery Tue, 8 Oct Or fastest delivery Tomorrow, 6 Oct "
160,https://www.amazon.in/sspa/click?ie=UTF8&spc=MTo2NDg5ODA5MjI0OTI2MjI2OjE3MjgxMTM0NDc6c3BfbXRmOjMwMDA1NzU5NDU0MjczMjo6MDo6&url=%2FApple-iPhone-Pro-Max-256%2Fdp%2FB0CHX68YG9%2Fref%3Dsr_1_187_sspa%3Fcrid%3D1L0Q91SOR1BM2%26dib%3DeyJ2IjoiMSJ9.8yALyduI9Yg27RtITJIm99a-NsnudXxcfZ0mk_HsS9DJbs3RQMispmvnAibtjnzxLNyPA0xskaxD4rAq6OthRJje95DtgrSgy3of7xD7H4-NfEVyn4oZyduLj583uQBGGovgLX3F6mF_ct4GC67UTSCK_8dwCjouAJ1iMpt3toZhTl2BbJoEWdpk115wGxN-k8b7-gNgWnoWiZPJqDbBsvOTHcY2HDeNd5U_En1YMoM.VR8_q5cOJYq8t-tff3k9Mibn2W8JCb7MKUUan7aWdwA%26dib_tag%3Dse%26keywords%3Dsmart%2Bphone%26qid%3D1728113447%26sprefix%3Dsmatrphone%252Caps%252C218%26sr%3D8-187-spons%26sp_csd%3Dd2lkZ2V0TmFtZT1zcF9tdGY%26psc%3D1,Apple iPhone 15 Pro Max (256 GB) - Natural Titanium  ,"₹1,34,900₹1,34,900 M.R.P: ₹1,59,900₹1,59,900 (16% off)",100+ bought in past month,10% Off on Select Bank Cards10% Off on Select Bank Cards,4.4 out of 5 stars 348  ," FREE delivery Mon, 7 Oct Or fastest delivery Tomorrow, 6 Oct "
161,https://www.amazon.in/sspa/click?ie=UTF8&spc=MTo2NDg5ODA5MjI0OTI2MjI2OjE3MjgxMTM0NDc6c3BfbXRmOjIwMDc5NjgyODUxODAzOjowOjo&url=%2FApple-iPhone-13-256GB-Starlight%2Fdp%2FB09G9BFKZN%2Fref%3Dsr_1_188_sspa%3Fcrid%3D1L0Q91SOR1BM2%26dib%3DeyJ2IjoiMSJ9.8yALyduI9Yg27RtITJIm99a-NsnudXxcfZ0mk_HsS9DJbs3RQMispmvnAibtjnzxLNyPA0xskaxD4rAq6OthRJje95DtgrSgy3of7xD7H4-NfEVyn4oZyduLj583uQBGGovgLX3F6mF_ct4GC67UTSCK_8dwCjouAJ1iMpt3toZhTl2BbJoEWdpk115wGxN-k8b7-gNgWnoWiZPJqDbBsvOTHcY2HDeNd5U_En1YMoM.VR8_q5cOJYq8t-tff3k9Mibn2W8JCb7MKUUan7aWdwA%26dib_tag%3Dse%26keywords%3Dsmart%2Bphone%26qid%3D1728113447%26sprefix%3Dsmatrphone%252Caps%252C218%26sr%3D8-188-spons%26sp_csd%3Dd2lkZ2V0TmFtZT1zcF9tdGY%26psc%3D1,Apple iPhone 13 (256GB) - Starlight  ,"₹53,999₹53,999 M.R.P: ₹69,900₹69,900 (23% off)",2K+ bought in past month,Flat INR 500 Off on SBICardsFlat INR 500 Off on SBICards,"4.5 out of 5 stars 29,593  "," FREE delivery Tue, 8 Oct Or fastest delivery Tomorrow, 6 Oct "
162,https://www.amazon.in/Lava-Storage-Display-Dimensity-Processor/dp/B0CTZM5B5J/ref=sr_1_189?crid=1L0Q91SOR1BM2&dib=eyJ2IjoiMSJ9.8yALyduI9Yg27RtITJIm99a-NsnudXxcfZ0mk_HsS9DJbs3RQMispmvnAibtjnzxLNyPA0xskaxD4rAq6OthRJje95DtgrSgy3of7xD7H4-NfEVyn4oZyduLj583uQBGGovgLX3F6mF_ct4GC67UTSCK_8dwCjouAJ1iMpt3toZhTl2BbJoEWdpk115wGxN-k8b7-gNgWnoWiZPJqDbBsvOTHcY2HDeNd5U_En1YMoM.VR8_q5cOJYq8t-tff3k9Mibn2W8JCb7MKUUan7aWdwA&dib_tag=se&keywords=smart+phone&qid=1728113447&sprefix=smatrphone%2Caps%2C218&sr=8-189,"Lava Blaze Curve 5G (Glass Iron, 8GB LPDDR5 RAM, UFS 3.1 128GB Storage) | 120Hz Curved Amoled Display |2.6GHz Dimensity 7050 6nm Processor | 64 MP Primary Sony Sensor  ","₹14,499₹14,499 M.R.P: ₹20,999₹20,999 (31% off)",500+ bought in past month,10% Off on Select Bank Cards10% Off on Select Bank Cards,3.7 out of 5 stars 468  ," FREE delivery Tue, 8 Oct Or fastest delivery Tomorrow, 6 Oct "
163,https://www.amazon.in/Redmi-Fusion-Storage-Mediatek-HyperCharge/dp/B0CRQ8874B/ref=sr_1_190?crid=1L0Q91SOR1BM2&dib=eyJ2IjoiMSJ9.8yALyduI9Yg27RtITJIm99a-NsnudXxcfZ0mk_HsS9DJbs3RQMispmvnAibtjnzxLNyPA0xskaxD4rAq6OthRJje95DtgrSgy3of7xD7H4-NfEVyn4oZyduLj583uQBGGovgLX3F6mF_ct4GC67UTSCK_8dwCjouAJ1iMpt3toZhTl2BbJoEWdpk115wGxN-k8b7-gNgWnoWiZPJqDbBsvOTHcY2HDeNd5U_En1YMoM.VR8_q5cOJYq8t-tff3k9Mibn2W8JCb7MKUUan7aWdwA&dib_tag=se&keywords=smart+phone&qid=1728113447&sprefix=smatrphone%2Caps%2C218&sr=8-190,"Redmi Note 13 Pro+ (Fusion Purple, 12GB RAM, 512GB Storage) | World's First Mediatek 7200 Ultra 5G | 200MP Hi-Res Camera | 1.5K Curved AMOLED | 120W HyperCharge  ","₹31,999₹31,999 M.R.P: ₹37,999₹37,999 (16% off)",500+ bought in past month,Save extra with No Cost EMISave extra with No Cost EMI,3.8 out of 5 stars 687  ," FREE delivery Tue, 8 Oct Or fastest delivery Tomorrow, 6 Oct "
164,https://www.amazon.in/Redmi-Scarlet-Storage-Flagship-TurboCharge/dp/B0D66RJRGL/ref=sr_1_191?crid=1L0Q91SOR1BM2&dib=eyJ2IjoiMSJ9.8yALyduI9Yg27RtITJIm99a-NsnudXxcfZ0mk_HsS9DJbs3RQMispmvnAibtjnzxLNyPA0xskaxD4rAq6OthRJje95DtgrSgy3of7xD7H4-NfEVyn4oZyduLj583uQBGGovgLX3F6mF_ct4GC67UTSCK_8dwCjouAJ1iMpt3toZhTl2BbJoEWdpk115wGxN-k8b7-gNgWnoWiZPJqDbBsvOTHcY2HDeNd5U_En1YMoM.VR8_q5cOJYq8t-tff3k9Mibn2W8JCb7MKUUan7aWdwA&dib_tag=se&keywords=smart+phone&qid=1728113447&sprefix=smatrphone%2Caps%2C218&sr=8-191,"Redmi Note 13 Pro (Scarlet Red, 8GB RAM, 128GB Storage) | 1.5K AMOLED | 200MP Hi-Res Camera | Flagship 4nm SD 7s Gen 2 | 67W TurboCharge  ","₹21,835₹21,835 M.R.P: ₹28,999₹28,999 (25% off)",200+ bought in past month,Save extra with No Cost EMISave extra with No Cost EMI,4.4 out of 5 stars 36  ," FREE delivery Wed, 9 Oct Or fastest delivery Tomorrow, 6 Oct "
165,https://www.amazon.in/Mystery-Speakers-Fingerprint-Octa-Core-Processor/dp/B0CN1C2BG1/ref=sr_1_192?crid=1L0Q91SOR1BM2&dib=eyJ2IjoiMSJ9.8yALyduI9Yg27RtITJIm99a-NsnudXxcfZ0mk_HsS9DJbs3RQMispmvnAibtjnzxLNyPA0xskaxD4rAq6OthRJje95DtgrSgy3of7xD7H4-NfEVyn4oZyduLj583uQBGGovgLX3F6mF_ct4GC67UTSCK_8dwCjouAJ1iMpt3toZhTl2BbJoEWdpk115wGxN-k8b7-gNgWnoWiZPJqDbBsvOTHcY2HDeNd5U_En1YMoM.VR8_q5cOJYq8t-tff3k9Mibn2W8JCb7MKUUan7aWdwA&dib_tag=se&keywords=smart+phone&qid=1728113447&sprefix=smatrphone%2Caps%2C218&sr=8-192,"TECNO Spark GO 2024 | Mystery White, (4GB+64GB)| Segment First 90Hz Dot-in Display with Dynamic Port & Dual Speakers with DTS| 5000mAh| 10W Type-C| Fingerprint Sensor| Octa-Core Processor  ","₹6,899₹6,899 M.R.P: ₹7,999₹7,999 (14% off)",200+ bought in past month,10% Off on Select Bank Cards10% Off on Select Bank Cards,"4.1 out of 5 stars 1,152  "," FREE delivery Mon, 7 Oct Or fastest delivery Tomorrow, 6 Oct "
166,https://www.amazon.in/POCO-Martian-Dimensity-Processor-Charging/dp/B0CY9BX3S1/ref=sr_1_193?crid=1L0Q91SOR1BM2&dib=eyJ2IjoiMSJ9.8yALyduI9Yg27RtITJIm99a-NsnudXxcfZ0mk_HsS9DJbs3RQMispmvnAibtjnzxLNyPA0xskaxD4rAq6OthRJje95DtgrSgy3of7xD7H4-NfEVyn4oZyduLj583uQBGGovgLX3F6mF_ct4GC67UTSCK_8dwCjouAJ1iMpt3toZhTl2BbJoEWdpk115wGxN-k8b7-gNgWnoWiZPJqDbBsvOTHcY2HDeNd5U_En1YMoM.VR8_q5cOJYq8t-tff3k9Mibn2W8JCb7MKUUan7aWdwA&dib_tag=se&keywords=smart+phone&qid=1728113447&sprefix=smatrphone%2Caps%2C218&sr=8-193,"POCO X6 Neo 5G (Martian Orange, 8GB RAM, 128GB Storage) | Dimensity 6080 Processor | 5000 mAh Battery + 33W Fast Charging | 108MP + 2MP Rear Camera & 16MP Front Camera  ","₹12,999₹12,999 M.R.P: ₹19,999₹19,999 (35% off)",3K+ bought in past month,10% Off on Select Bank Cards10% Off on Select Bank Cards,3.7 out of 5 stars 152  ," FREE delivery Tue, 8 Oct Or fastest delivery Tomorrow, 6 Oct "
167,https://www.amazon.in/Spotlight-Portrait-Flagship-Display-AI-Powered/dp/B0D3RFLZLM/ref=sr_1_194?crid=1L0Q91SOR1BM2&dib=eyJ2IjoiMSJ9.8yALyduI9Yg27RtITJIm99a-NsnudXxcfZ0mk_HsS9DJbs3RQMispmvnAibtjnzxLNyPA0xskaxD4rAq6OthRJje95DtgrSgy3of7xD7H4-NfEVyn4oZyduLj583uQBGGovgLX3F6mF_ct4GC67UTSCK_8dwCjouAJ1iMpt3toZhTl2BbJoEWdpk115wGxN-k8b7-gNgWnoWiZPJqDbBsvOTHcY2HDeNd5U_En1YMoM.VR8_q5cOJYq8t-tff3k9Mibn2W8JCb7MKUUan7aWdwA&dib_tag=se&keywords=smart+phone&qid=1728113447&sprefix=smatrphone%2Caps%2C218&sr=8-194,"HONOR 200 Lite 5G (Cyan Lake, 8GB+256GB) | 108MP & 50MP Spotlight Portrait Camera | Flagship AMOLED Display | 3240Hz PWM Dimming | AI-Powered MagicOS 8.0 | Charger in The Box  ","₹17,998₹17,998 M.R.P: ₹24,999₹24,999 (28% off)",400+ bought in past month,10% Off on Select Bank Cards10% Off on Select Bank Cards,3.8 out of 5 stars 8  ," FREE delivery Tue, 8 Oct Or fastest delivery Tomorrow, 6 Oct "
168,https://www.amazon.in/realme-Storage-Display-Dimensity-Charger/dp/B0D3WVGD5H/ref=sr_1_21?crid=1L0Q91SOR1BM2&dib=eyJ2IjoiMSJ9.dqonNPfjw7iOCXnMTXwHu_MY-u3AGV2FUF0KlLqMSR-jTTAm1mLQKUvhds1Bkj-gohtKKVqaLUj6F6kx_-8FUxjA6OYeXvWcpegarsOylNT5AWE8BI0AtVoWPFL_5m0tQE8qGbWNXQQT2ImqDb9lSG0muX6tCDLQoNgl45uvXJDHo3Sb1yFXJmsLz3de7ehSktbBjLoYMcS0pWTCdEO2EtJ81gk6Jsc1AS6qKB5IkZI.scNLIHri4NCnnnnDRVvC2MvU2yhX5UjtUwKk0k05W6A&dib_tag=se&keywords=smart+phone&qid=1728113411&sprefix=smatrphone%2Caps%2C218&sr=8-21,"realme NARZO 70x 5G (Forest Green, 8GB RAM,128GB Storage) | 120Hz Ultra Smooth Display | Dimensity 6100+ 6nm 5G | 50MP AI Camera | 45W Charger in The Box  ","₹13,498₹13,498 M.R.P: ₹18,999₹18,999 (29% off)",5K+ bought in past month,"₹2,000 off coupon appliedSave ₹2,000  with coupon ","4.0 out of 5 stars 2,085  "," FREE delivery Wed, 16 Oct Or fastest delivery Tomorrow, 6 Oct "
169,https://www.amazon.in/CMF-NOTHING-Phone-Light-Green/dp/B0D9353XXP/ref=sr_1_195?crid=1L0Q91SOR1BM2&dib=eyJ2IjoiMSJ9.8yALyduI9Yg27RtITJIm99a-NsnudXxcfZ0mk_HsS9DJbs3RQMispmvnAibtjnzxLNyPA0xskaxD4rAq6OthRJje95DtgrSgy3of7xD7H4-NfEVyn4oZyduLj583uQBGGovgLX3F6mF_ct4GC67UTSCK_8dwCjouAJ1iMpt3toZhTl2BbJoEWdpk115wGxN-k8b7-gNgWnoWiZPJqDbBsvOTHcY2HDeNd5U_En1YMoM.VR8_q5cOJYq8t-tff3k9Mibn2W8JCb7MKUUan7aWdwA&dib_tag=se&keywords=smart+phone&qid=1728113447&sprefix=smatrphone%2Caps%2C218&sr=8-195,CMF BY NOTHING Phone 1 5G (128 GB) (6 GB RAM) (Light Green)  ,"₹15,480₹15,480 M.R.P: ₹19,999₹19,999 (23% off)",400+ bought in past month,10% Off on Select Bank Cards10% Off on Select Bank Cards,4.4 out of 5 stars 9  ," FREE delivery Thu, 10 Oct Or fastest delivery Tomorrow, 6 Oct "
170,https://www.amazon.in/iQOO-Snapdragon-processor-Supercomputing-Flagship/dp/B07WJVY42H/ref=sr_1_196?crid=1L0Q91SOR1BM2&dib=eyJ2IjoiMSJ9.8yALyduI9Yg27RtITJIm99a-NsnudXxcfZ0mk_HsS9DJbs3RQMispmvnAibtjnzxLNyPA0xskaxD4rAq6OthRJje95DtgrSgy3of7xD7H4-NfEVyn4oZyduLj583uQBGGovgLX3F6mF_ct4GC67UTSCK_8dwCjouAJ1iMpt3toZhTl2BbJoEWdpk115wGxN-k8b7-gNgWnoWiZPJqDbBsvOTHcY2HDeNd5U_En1YMoM.VR8_q5cOJYq8t-tff3k9Mibn2W8JCb7MKUUan7aWdwA&dib_tag=se&keywords=smart+phone&qid=1728113447&sprefix=smatrphone%2Caps%2C218&sr=8-196,"iQOO Neo9 Pro 5G (Fiery Red, 12GB RAM, 256GB Storage) | Snapdragon 8 Gen 2 Processor | Supercomputing Chip Q1 | Flagship Level Sony IMX920 Camera  ","₹37,999₹37,999 M.R.P: ₹44,999₹44,999 (16% off)",3K+ bought in past month,Flat  INR 1000 Off on SBICardsFlat  INR 1000 Off on SBICards,"4.3 out of 5 stars 3,323  "," FREE delivery Tue, 8 Oct Or fastest delivery Tomorrow, 6 Oct "
171,https://www.amazon.in/sspa/click?ie=UTF8&spc=MTo2NDg5ODA5MjI0OTI2MjI2OjE3MjgxMTM0NDc6c3BfYnRmOjMwMDA1NzU5NDU0MTYzMjo6MDo6&url=%2FApple-iPhone-15-Plus-512%2Fdp%2FB0CHX6V9HN%2Fref%3Dsr_1_197_sspa%3Fcrid%3D1L0Q91SOR1BM2%26dib%3DeyJ2IjoiMSJ9.8yALyduI9Yg27RtITJIm99a-NsnudXxcfZ0mk_HsS9DJbs3RQMispmvnAibtjnzxLNyPA0xskaxD4rAq6OthRJje95DtgrSgy3of7xD7H4-NfEVyn4oZyduLj583uQBGGovgLX3F6mF_ct4GC67UTSCK_8dwCjouAJ1iMpt3toZhTl2BbJoEWdpk115wGxN-k8b7-gNgWnoWiZPJqDbBsvOTHcY2HDeNd5U_En1YMoM.VR8_q5cOJYq8t-tff3k9Mibn2W8JCb7MKUUan7aWdwA%26dib_tag%3Dse%26keywords%3Dsmart%2Bphone%26qid%3D1728113447%26sprefix%3Dsmatrphone%252Caps%252C218%26sr%3D8-197-spons%26sp_csd%3Dd2lkZ2V0TmFtZT1zcF9idGY%26psc%3D1,Apple iPhone 15 Plus (512 GB) - Pink  ,"₹1,09,900₹1,09,900 M.R.P: ₹1,19,900₹1,19,900 (8% off)",M.R.P: ,Flat INR 3000 Off on SBICardsFlat INR 3000 Off on SBICards,"4.6 out of 5 stars 1,018  "," FREE delivery Thu, 10 Oct Or fastest delivery Tomorrow, 6 Oct "
172,https://www.amazon.in/sspa/click?ie=UTF8&spc=MTo2NDg5ODA5MjI0OTI2MjI2OjE3MjgxMTM0NDc6c3BfYnRmOjMwMDM0NTE5NTYyNDczMjo6MDo6&url=%2FLava-Yuva-Eclipse-Black-Fingerprint%2Fdp%2FB0CT5TDKVB%2Fref%3Dsr_1_198_sspa%3Fcrid%3D1L0Q91SOR1BM2%26dib%3DeyJ2IjoiMSJ9.8yALyduI9Yg27RtITJIm99a-NsnudXxcfZ0mk_HsS9DJbs3RQMispmvnAibtjnzxLNyPA0xskaxD4rAq6OthRJje95DtgrSgy3of7xD7H4-NfEVyn4oZyduLj583uQBGGovgLX3F6mF_ct4GC67UTSCK_8dwCjouAJ1iMpt3toZhTl2BbJoEWdpk115wGxN-k8b7-gNgWnoWiZPJqDbBsvOTHcY2HDeNd5U_En1YMoM.VR8_q5cOJYq8t-tff3k9Mibn2W8JCb7MKUUan7aWdwA%26dib_tag%3Dse%26keywords%3Dsmart%2Bphone%26qid%3D1728113447%26sprefix%3Dsmatrphone%252Caps%252C218%26sr%3D8-198-spons%26sp_csd%3Dd2lkZ2V0TmFtZT1zcF9idGY%26psc%3D1,"Lava Yuva 3 (Eclipse Black,4+4*GB RAM,UFS 2.2 64GB Storage)|Premium Glossy Back|Octacore Processor|18W Fast Charging|90Hz Punch Hole Display|13MP AI Triple Camera|Side Fingerprint Sensor  ","₹6,998₹6,998 M.R.P: ₹7,999₹7,999 (13% off)",M.R.P: ,10% Off on Select Bank Cards10% Off on Select Bank Cards,4.0 out of 5 stars 181  ," FREE delivery Mon, 7 Oct Or fastest delivery Tomorrow, 6 Oct "
173,https://www.amazon.in/sspa/click?ie=UTF8&spc=MTo2MzQ0MjkyNjk2MDU5MTI0OjE3MjgxMTM0NTA6c3BfYXRmX25leHQ6MzAwMzE1NzIxNTUwMTMyOjowOjo&url=%2FRedmi-Chromatic-Purple-128GB-Storage%2Fdp%2FB0D63995Z4%2Fref%3Dsr_1_194_sspa%3Fcrid%3D1L0Q91SOR1BM2%26dib%3DeyJ2IjoiMSJ9.ezovZLHIzPAfTx9-MgJLYQvTrAtppiE9_1vcbQSQ6uqyywepeYan2jESP0SgGjFKQ2F7vz953L165l_Pxp6VKGJHs-ZHh4ruK4tAvAVAIkT9O9fqpSit5CZhG6SZypcGyVdijdUTAIGL1pbGriYcq0RWaX9G_3DKpFzK7UYNn9kE-c-QSXn6a3gZ-83rloeJWxPgAs4Ft79kKSddCa2zGg76-j8jgmGVzgJctbna_lY.dWQwQIgJV5q993d3pQaEv7ZXgSL9pBj96g6vvjdaDyA%26dib_tag%3Dse%26keywords%3Dsmart%2Bphone%26qid%3D1728113450%26sprefix%3Dsmatrphone%252Caps%252C218%26sr%3D8-194-spons%26sp_csd%3Dd2lkZ2V0TmFtZT1zcF9hdGZfbmV4dA%26psc%3D1,"Redmi Note 13 5G (Chromatic Purple, 6GB RAM, 128GB Storage)  ","₹14,900₹14,900 M.R.P: ₹20,999₹20,999 (29% off)",1K+ bought in past month,Save extra with No Cost EMISave extra with No Cost EMI,"3.7 out of 5 stars 5,134  "," FREE delivery Wed, 9 Oct Or fastest delivery Tomorrow, 6 Oct "
174,https://www.amazon.in/realme-narzo-Pro-128-Green/dp/B0CHQKRVMQ/ref=sr_1_195?crid=1L0Q91SOR1BM2&dib=eyJ2IjoiMSJ9.ezovZLHIzPAfTx9-MgJLYQvTrAtppiE9_1vcbQSQ6uqyywepeYan2jESP0SgGjFKQ2F7vz953L165l_Pxp6VKGJHs-ZHh4ruK4tAvAVAIkT9O9fqpSit5CZhG6SZypcGyVdijdUTAIGL1pbGriYcq0RWaX9G_3DKpFzK7UYNn9kE-c-QSXn6a3gZ-83rloeJWxPgAs4Ft79kKSddCa2zGg76-j8jgmGVzgJctbna_lY.dWQwQIgJV5q993d3pQaEv7ZXgSL9pBj96g6vvjdaDyA&dib_tag=se&keywords=smart+phone&qid=1728113450&sprefix=smatrphone%2Caps%2C218&sr=8-195,"realme NARZO 70 Pro 5G (Glass Green, 8GB RAM,128GB Storage) Dimensity 7050 5G Chipset | Horizon Glass Design | Segment 1st Flagship Sony IMX890 OIS Camera  ","₹17,998₹17,998 M.R.P: ₹24,999₹24,999 (28% off)",2K+ bought in past month,10% Off on Select Bank Cards10% Off on Select Bank Cards,"4.1 out of 5 stars 4,652  "," FREE delivery Tue, 8 Oct Or fastest delivery Tomorrow, 6 Oct "
175,https://www.amazon.in/Redmi-Storage-Premium-Powerful-Processor/dp/B0CV3JC8ZQ/ref=sr_1_196?crid=1L0Q91SOR1BM2&dib=eyJ2IjoiMSJ9.ezovZLHIzPAfTx9-MgJLYQvTrAtppiE9_1vcbQSQ6uqyywepeYan2jESP0SgGjFKQ2F7vz953L165l_Pxp6VKGJHs-ZHh4ruK4tAvAVAIkT9O9fqpSit5CZhG6SZypcGyVdijdUTAIGL1pbGriYcq0RWaX9G_3DKpFzK7UYNn9kE-c-QSXn6a3gZ-83rloeJWxPgAs4Ft79kKSddCa2zGg76-j8jgmGVzgJctbna_lY.dWQwQIgJV5q993d3pQaEv7ZXgSL9pBj96g6vvjdaDyA&dib_tag=se&keywords=smart+phone&qid=1728113450&sprefix=smatrphone%2Caps%2C218&sr=8-196,"Redmi A3 (Lake Blue, 4GB RAM, 128GB Storage) | Premium Halo Design | 90Hz Display | Powerful 4G G36 Processor  ","₹7,999₹7,999 M.R.P: ₹10,999₹10,999 (27% off)",200+ bought in past month,Service: Installation,3.6 out of 5 stars 456  ," FREE delivery Thu, 10 Oct Or fastest delivery Tomorrow, 6 Oct "
176,https://www.amazon.in/Samsung-Awesome-Storage-Nightography-Corning/dp/B0CWPD9PTK/ref=sr_1_197?crid=1L0Q91SOR1BM2&dib=eyJ2IjoiMSJ9.ezovZLHIzPAfTx9-MgJLYQvTrAtppiE9_1vcbQSQ6uqyywepeYan2jESP0SgGjFKQ2F7vz953L165l_Pxp6VKGJHs-ZHh4ruK4tAvAVAIkT9O9fqpSit5CZhG6SZypcGyVdijdUTAIGL1pbGriYcq0RWaX9G_3DKpFzK7UYNn9kE-c-QSXn6a3gZ-83rloeJWxPgAs4Ft79kKSddCa2zGg76-j8jgmGVzgJctbna_lY.dWQwQIgJV5q993d3pQaEv7ZXgSL9pBj96g6vvjdaDyA&dib_tag=se&keywords=smart+phone&qid=1728113450&sprefix=smatrphone%2Caps%2C218&sr=8-197,"Samsung Galaxy A55 5G (Awesome Navy, 12GB RAM, 256GB Storage) | Metal Frame | 50 MP Main Camera (OIS) | Nightography | IP67 | Corning Gorilla Glass Victus+ | sAMOLED with Vision Booster  ","₹45,999₹45,999 M.R.P: ₹48,999₹48,999 (6% off)",300+ bought in past month,Save extra with No Cost EMISave extra with No Cost EMI,4.0 out of 5 stars 246  ," FREE delivery Mon, 7 Oct Or fastest delivery Tomorrow, 6 Oct "
177,https://www.amazon.in/Samsung-Awesome-Iceblue-Storage-Nightography/dp/B0CWPC2W5V/ref=sr_1_198?crid=1L0Q91SOR1BM2&dib=eyJ2IjoiMSJ9.ezovZLHIzPAfTx9-MgJLYQvTrAtppiE9_1vcbQSQ6uqyywepeYan2jESP0SgGjFKQ2F7vz953L165l_Pxp6VKGJHs-ZHh4ruK4tAvAVAIkT9O9fqpSit5CZhG6SZypcGyVdijdUTAIGL1pbGriYcq0RWaX9G_3DKpFzK7UYNn9kE-c-QSXn6a3gZ-83rloeJWxPgAs4Ft79kKSddCa2zGg76-j8jgmGVzgJctbna_lY.dWQwQIgJV5q993d3pQaEv7ZXgSL9pBj96g6vvjdaDyA&dib_tag=se&keywords=smart+phone&qid=1728113450&sprefix=smatrphone%2Caps%2C218&sr=8-198,"Samsung Galaxy A55 5G (Awesome Iceblue, 8GB RAM, 128GB Storage) | Metal Frame | 50 MP Main Camera (OIS) | Nightography | IP67 | Corning Gorilla Glass Victus+ | sAMOLED with Vision Booster  ","₹39,999₹39,999 M.R.P: ₹42,999₹42,999 (7% off)",300+ bought in past month,Save extra with No Cost EMISave extra with No Cost EMI,4.0 out of 5 stars 246  ," FREE delivery Tue, 8 Oct Or fastest delivery Tomorrow, 6 Oct "
178,https://www.amazon.in/Samsung-Storage-MediaTek-Dimensity-Security/dp/B0DGX92NBH/ref=sr_1_22?crid=1L0Q91SOR1BM2&dib=eyJ2IjoiMSJ9.dqonNPfjw7iOCXnMTXwHu_MY-u3AGV2FUF0KlLqMSR-jTTAm1mLQKUvhds1Bkj-gohtKKVqaLUj6F6kx_-8FUxjA6OYeXvWcpegarsOylNT5AWE8BI0AtVoWPFL_5m0tQE8qGbWNXQQT2ImqDb9lSG0muX6tCDLQoNgl45uvXJDHo3Sb1yFXJmsLz3de7ehSktbBjLoYMcS0pWTCdEO2EtJ81gk6Jsc1AS6qKB5IkZI.scNLIHri4NCnnnnDRVvC2MvU2yhX5UjtUwKk0k05W6A&dib_tag=se&keywords=smart+phone&qid=1728113411&sprefix=smatrphone%2Caps%2C218&sr=8-22,"Samsung Galaxy M15 5G Prime Edition (Stone Grey,4GB RAM,128GB Storage)| Super AMOLED Display| 50MP Triple Cam| 6000mAh Battery| MediaTek Dimensity 6100+| 4 Gen. OS Upgrade & 5 Year Security Update  ","₹10,999₹10,999 M.R.P: ₹15,999₹15,999 (31% off)",4K+ bought in past month,Flat INR 750 Off on SBICardsFlat INR 750 Off on SBICards,4.2 out of 5 stars 21  ," FREE delivery Tue, 8 Oct Or fastest delivery Tomorrow, 6 Oct "
179,https://www.amazon.in/Redmi-Chromatic-Purple-256GB-Storage/dp/B0D6392VSM/ref=sr_1_199?crid=1L0Q91SOR1BM2&dib=eyJ2IjoiMSJ9.ezovZLHIzPAfTx9-MgJLYQvTrAtppiE9_1vcbQSQ6uqyywepeYan2jESP0SgGjFKQ2F7vz953L165l_Pxp6VKGJHs-ZHh4ruK4tAvAVAIkT9O9fqpSit5CZhG6SZypcGyVdijdUTAIGL1pbGriYcq0RWaX9G_3DKpFzK7UYNn9kE-c-QSXn6a3gZ-83rloeJWxPgAs4Ft79kKSddCa2zGg76-j8jgmGVzgJctbna_lY.dWQwQIgJV5q993d3pQaEv7ZXgSL9pBj96g6vvjdaDyA&dib_tag=se&keywords=smart+phone&qid=1728113450&sprefix=smatrphone%2Caps%2C218&sr=8-199,"Redmi Note 13 5G (Chromatic Purple, 8GB RAM, 256GB Storage)  ","₹17,165₹17,165 M.R.P: ₹22,999₹22,999 (25% off)",500+ bought in past month,Save extra with No Cost EMISave extra with No Cost EMI,"3.7 out of 5 stars 5,134  "," FREE delivery Wed, 9 Oct Or fastest delivery Tomorrow, 6 Oct "
180,https://www.amazon.in/Vivo-Smartphone-Velvet-128GB-Storage/dp/B0D35GJPQQ/ref=sr_1_200?crid=1L0Q91SOR1BM2&dib=eyJ2IjoiMSJ9.ezovZLHIzPAfTx9-MgJLYQvTrAtppiE9_1vcbQSQ6uqyywepeYan2jESP0SgGjFKQ2F7vz953L165l_Pxp6VKGJHs-ZHh4ruK4tAvAVAIkT9O9fqpSit5CZhG6SZypcGyVdijdUTAIGL1pbGriYcq0RWaX9G_3DKpFzK7UYNn9kE-c-QSXn6a3gZ-83rloeJWxPgAs4Ft79kKSddCa2zGg76-j8jgmGVzgJctbna_lY.dWQwQIgJV5q993d3pQaEv7ZXgSL9pBj96g6vvjdaDyA&dib_tag=se&keywords=smart+phone&qid=1728113450&sprefix=smatrphone%2Caps%2C218&sr=8-200,"Vivo V30e 5G Smartphone (Velvet Red, 8GB RAM, 128GB Storage)  ","₹24,500₹24,500 M.R.P: ₹32,999₹32,999 (26% off)",200+ bought in past month,10% Off on Select Bank Cards10% Off on Select Bank Cards,4.2 out of 5 stars 62  ," FREE delivery Thu, 10 Oct Or fastest delivery Tomorrow, 6 Oct "
181,https://www.amazon.in/Vintage-Storage-Additional-Exchange-Without/dp/B07WHQD713/ref=sr_1_201?crid=1L0Q91SOR1BM2&dib=eyJ2IjoiMSJ9.ezovZLHIzPAfTx9-MgJLYQvTrAtppiE9_1vcbQSQ6uqyywepeYan2jESP0SgGjFKQ2F7vz953L165l_Pxp6VKGJHs-ZHh4ruK4tAvAVAIkT9O9fqpSit5CZhG6SZypcGyVdijdUTAIGL1pbGriYcq0RWaX9G_3DKpFzK7UYNn9kE-c-QSXn6a3gZ-83rloeJWxPgAs4Ft79kKSddCa2zGg76-j8jgmGVzgJctbna_lY.dWQwQIgJV5q993d3pQaEv7ZXgSL9pBj96g6vvjdaDyA&dib_tag=se&keywords=smart+phone&qid=1728113450&sprefix=smatrphone%2Caps%2C218&sr=8-201,"vivo Y28e 5G (Vintage Red, 4GB RAM, 128GB Storage) with No Cost EMI/Additional Exchange Offers | Without Charger  ","₹11,999₹11,999 M.R.P: ₹15,999₹15,999 (25% off)",200+ bought in past month,Save extra with No Cost EMISave extra with No Cost EMI,3.7 out of 5 stars 51  ," FREE delivery Mon, 7 Oct Or fastest delivery Tomorrow, 6 Oct "
182,https://www.amazon.in/Vivo-Smartphone-Ganges-256GB-Storage/dp/B0DCGMB22C/ref=sr_1_202?crid=1L0Q91SOR1BM2&dib=eyJ2IjoiMSJ9.ezovZLHIzPAfTx9-MgJLYQvTrAtppiE9_1vcbQSQ6uqyywepeYan2jESP0SgGjFKQ2F7vz953L165l_Pxp6VKGJHs-ZHh4ruK4tAvAVAIkT9O9fqpSit5CZhG6SZypcGyVdijdUTAIGL1pbGriYcq0RWaX9G_3DKpFzK7UYNn9kE-c-QSXn6a3gZ-83rloeJWxPgAs4Ft79kKSddCa2zGg76-j8jgmGVzgJctbna_lY.dWQwQIgJV5q993d3pQaEv7ZXgSL9pBj96g6vvjdaDyA&dib_tag=se&keywords=smart+phone&qid=1728113450&sprefix=smatrphone%2Caps%2C218&sr=8-202,"Vivo V40 5G Smartphone (Ganges Blue, 8GB RAM, 256GB Storage)  ","₹35,320₹35,320 M.R.P: ₹42,999₹42,999 (18% off)",200+ bought in past month,10% Off on Select Bank Cards10% Off on Select Bank Cards,4.5 out of 5 stars 6  ," FREE delivery Mon, 7 Oct Or fastest delivery Tomorrow, 6 Oct "
183,https://www.amazon.in/sspa/click?ie=UTF8&spc=MTo2MzQ0MjkyNjk2MDU5MTI0OjE3MjgxMTM0NTA6c3BfbXRmOjIwMDc5NjgyODUyMDAzOjowOjo&url=%2FApple-iPhone-13-512GB-Blue%2Fdp%2FB09G9JJT7M%2Fref%3Dsr_1_203_sspa%3Fcrid%3D1L0Q91SOR1BM2%26dib%3DeyJ2IjoiMSJ9.ezovZLHIzPAfTx9-MgJLYQvTrAtppiE9_1vcbQSQ6uqyywepeYan2jESP0SgGjFKQ2F7vz953L165l_Pxp6VKGJHs-ZHh4ruK4tAvAVAIkT9O9fqpSit5CZhG6SZypcGyVdijdUTAIGL1pbGriYcq0RWaX9G_3DKpFzK7UYNn9kE-c-QSXn6a3gZ-83rloeJWxPgAs4Ft79kKSddCa2zGg76-j8jgmGVzgJctbna_lY.dWQwQIgJV5q993d3pQaEv7ZXgSL9pBj96g6vvjdaDyA%26dib_tag%3Dse%26keywords%3Dsmart%2Bphone%26qid%3D1728113450%26sprefix%3Dsmatrphone%252Caps%252C218%26sr%3D8-203-spons%26sp_csd%3Dd2lkZ2V0TmFtZT1zcF9tdGY%26psc%3D1,Apple iPhone 13 (512GB) - Blue  ,"₹73,999₹73,999 M.R.P: ₹89,900₹89,900 (18% off)",M.R.P: ,Flat INR 500 Off on SBICardsFlat INR 500 Off on SBICards,"4.5 out of 5 stars 29,593  "," FREE delivery Sat, 19 Oct Or fastest delivery Tomorrow, 6 Oct "
184,https://www.amazon.in/sspa/click?ie=UTF8&spc=MTo2MzQ0MjkyNjk2MDU5MTI0OjE3MjgxMTM0NTA6c3BfbXRmOjMwMDA1NzU5NDU0MDIzMjo6MDo6&url=%2FApple-iPhone-15-Plus-256%2Fdp%2FB0CHX7STQQ%2Fref%3Dsr_1_204_sspa%3Fcrid%3D1L0Q91SOR1BM2%26dib%3DeyJ2IjoiMSJ9.ezovZLHIzPAfTx9-MgJLYQvTrAtppiE9_1vcbQSQ6uqyywepeYan2jESP0SgGjFKQ2F7vz953L165l_Pxp6VKGJHs-ZHh4ruK4tAvAVAIkT9O9fqpSit5CZhG6SZypcGyVdijdUTAIGL1pbGriYcq0RWaX9G_3DKpFzK7UYNn9kE-c-QSXn6a3gZ-83rloeJWxPgAs4Ft79kKSddCa2zGg76-j8jgmGVzgJctbna_lY.dWQwQIgJV5q993d3pQaEv7ZXgSL9pBj96g6vvjdaDyA%26dib_tag%3Dse%26keywords%3Dsmart%2Bphone%26qid%3D1728113450%26sprefix%3Dsmatrphone%252Caps%252C218%26sr%3D8-204-spons%26sp_csd%3Dd2lkZ2V0TmFtZT1zcF9tdGY%26psc%3D1,Apple iPhone 15 Plus (256 GB) - Pink  ,"₹89,900₹89,900 M.R.P: ₹99,900₹99,900 (10% off)",M.R.P: ,Flat INR 3000 Off on SBICardsFlat INR 3000 Off on SBICards,"4.6 out of 5 stars 1,018  ",FREE delivery
185,https://www.amazon.in/Redmi-Fusion-Storage-Mediatek-HyperCharge/dp/B0CRQ8Q3QP/ref=sr_1_205?crid=1L0Q91SOR1BM2&dib=eyJ2IjoiMSJ9.ezovZLHIzPAfTx9-MgJLYQvTrAtppiE9_1vcbQSQ6uqyywepeYan2jESP0SgGjFKQ2F7vz953L165l_Pxp6VKGJHs-ZHh4ruK4tAvAVAIkT9O9fqpSit5CZhG6SZypcGyVdijdUTAIGL1pbGriYcq0RWaX9G_3DKpFzK7UYNn9kE-c-QSXn6a3gZ-83rloeJWxPgAs4Ft79kKSddCa2zGg76-j8jgmGVzgJctbna_lY.dWQwQIgJV5q993d3pQaEv7ZXgSL9pBj96g6vvjdaDyA&dib_tag=se&keywords=smart+phone&qid=1728113450&sprefix=smatrphone%2Caps%2C218&sr=8-205,"Redmi Note 13 Pro+ (Fusion Purple, 8GB RAM, 256GB Storage) | World's First Mediatek 7200 Ultra 5G | 200MP Hi-Res Camera | 1.5K Curved AMOLED | 120W HyperCharge  ","₹27,999₹27,999 M.R.P: ₹33,999₹33,999 (18% off)",1K+ bought in past month,Save extra with No Cost EMISave extra with No Cost EMI,3.8 out of 5 stars 687  ," FREE delivery Mon, 7 Oct Or fastest delivery Tomorrow, 6 Oct "
186,https://www.amazon.in/Redmi-Purple-Storage-Flagship-TurboCharge/dp/B0CRQG58T8/ref=sr_1_206?crid=1L0Q91SOR1BM2&dib=eyJ2IjoiMSJ9.ezovZLHIzPAfTx9-MgJLYQvTrAtppiE9_1vcbQSQ6uqyywepeYan2jESP0SgGjFKQ2F7vz953L165l_Pxp6VKGJHs-ZHh4ruK4tAvAVAIkT9O9fqpSit5CZhG6SZypcGyVdijdUTAIGL1pbGriYcq0RWaX9G_3DKpFzK7UYNn9kE-c-QSXn6a3gZ-83rloeJWxPgAs4Ft79kKSddCa2zGg76-j8jgmGVzgJctbna_lY.dWQwQIgJV5q993d3pQaEv7ZXgSL9pBj96g6vvjdaDyA&dib_tag=se&keywords=smart+phone&qid=1728113450&sprefix=smatrphone%2Caps%2C218&sr=8-206,"Redmi Note 13 Pro (Coral Purple, 8GB RAM, 128GB Storage) | 1.5K AMOLED | 200MP Hi-Res Camera | Flagship 4nm SD 7s Gen 2 | 67W TurboCharge  ","₹22,999₹22,999 M.R.P: ₹28,999₹28,999 (21% off)",1K+ bought in past month,Save extra with No Cost EMISave extra with No Cost EMI,"4.0 out of 5 stars 1,070  "," FREE delivery Tue, 8 Oct Or fastest delivery Tomorrow, 6 Oct "
187,https://www.amazon.in/Storage-Refresh-SUPERVOOC-Additional-Exchange/dp/B0D9HMVKFG/ref=sr_1_207?crid=1L0Q91SOR1BM2&dib=eyJ2IjoiMSJ9.ezovZLHIzPAfTx9-MgJLYQvTrAtppiE9_1vcbQSQ6uqyywepeYan2jESP0SgGjFKQ2F7vz953L165l_Pxp6VKGJHs-ZHh4ruK4tAvAVAIkT9O9fqpSit5CZhG6SZypcGyVdijdUTAIGL1pbGriYcq0RWaX9G_3DKpFzK7UYNn9kE-c-QSXn6a3gZ-83rloeJWxPgAs4Ft79kKSddCa2zGg76-j8jgmGVzgJctbna_lY.dWQwQIgJV5q993d3pQaEv7ZXgSL9pBj96g6vvjdaDyA&dib_tag=se&keywords=smart+phone&qid=1728113450&sprefix=smatrphone%2Caps%2C218&sr=8-207,"OPPO A3X 5G (Starry Purple, 4GB RAM, 128GB Storage)|6.67” HD+ 120Hz Refresh Rate Screen | 45W SUPERVOOC|with No Cost EMI/Additional Exchange Offers  ","₹13,499₹13,499 M.R.P: ₹15,999₹15,999 (16% off)",400+ bought in past month,10% Off on Select Bank Cards10% Off on Select Bank Cards,3.6 out of 5 stars 48  ," FREE delivery Tue, 8 Oct Or fastest delivery Tomorrow, 6 Oct "
188,https://www.amazon.in/Lava-Storage-Display-Dimensity-Processor/dp/B0CTZLFLRV/ref=sr_1_208?crid=1L0Q91SOR1BM2&dib=eyJ2IjoiMSJ9.ezovZLHIzPAfTx9-MgJLYQvTrAtppiE9_1vcbQSQ6uqyywepeYan2jESP0SgGjFKQ2F7vz953L165l_Pxp6VKGJHs-ZHh4ruK4tAvAVAIkT9O9fqpSit5CZhG6SZypcGyVdijdUTAIGL1pbGriYcq0RWaX9G_3DKpFzK7UYNn9kE-c-QSXn6a3gZ-83rloeJWxPgAs4Ft79kKSddCa2zGg76-j8jgmGVzgJctbna_lY.dWQwQIgJV5q993d3pQaEv7ZXgSL9pBj96g6vvjdaDyA&dib_tag=se&keywords=smart+phone&qid=1728113450&sprefix=smatrphone%2Caps%2C218&sr=8-208,"Lava Blaze Curve 5G (Glass Iron, 8GB LPDDR5 RAM, UFS 3.1 256GB Storage) | 120Hz Curved Amoled Display |2.6GHz Dimensity 7050 6nm Processor | 64 MP Primary Sensor  ","₹16,499₹16,499 M.R.P: ₹21,999₹21,999 (25% off)",200+ bought in past month,10% Off on Select Bank Cards10% Off on Select Bank Cards,3.7 out of 5 stars 468  ," FREE delivery Tue, 8 Oct Or fastest delivery Tomorrow, 6 Oct "
189,https://www.amazon.in/Redmi-Storage-Premium-Powerful-Processor/dp/B0D78VJQ93/ref=sr_1_209?crid=1L0Q91SOR1BM2&dib=eyJ2IjoiMSJ9.ezovZLHIzPAfTx9-MgJLYQvTrAtppiE9_1vcbQSQ6uqyywepeYan2jESP0SgGjFKQ2F7vz953L165l_Pxp6VKGJHs-ZHh4ruK4tAvAVAIkT9O9fqpSit5CZhG6SZypcGyVdijdUTAIGL1pbGriYcq0RWaX9G_3DKpFzK7UYNn9kE-c-QSXn6a3gZ-83rloeJWxPgAs4Ft79kKSddCa2zGg76-j8jgmGVzgJctbna_lY.dWQwQIgJV5q993d3pQaEv7ZXgSL9pBj96g6vvjdaDyA&dib_tag=se&keywords=smart+phone&qid=1728113450&sprefix=smatrphone%2Caps%2C218&sr=8-209,"Redmi A3X (Ocean Green, 4GB RAM, 128GB Storage) | Premium Halo Design | 90Hz Display | Powerful Octa Core Processor  ","₹7,750₹7,750 M.R.P: ₹10,999₹10,999 (30% off)",100+ bought in past month,Save extra with No Cost EMISave extra with No Cost EMI,3.6 out of 5 stars 62  ," FREE delivery Wed, 9 Oct Or fastest delivery Tomorrow, 6 Oct "
190,https://www.amazon.in/realme-Storage-Dimensity-Motorsports-Inspired/dp/B0DDTZZG2X/ref=sr_1_210?crid=1L0Q91SOR1BM2&dib=eyJ2IjoiMSJ9.ezovZLHIzPAfTx9-MgJLYQvTrAtppiE9_1vcbQSQ6uqyywepeYan2jESP0SgGjFKQ2F7vz953L165l_Pxp6VKGJHs-ZHh4ruK4tAvAVAIkT9O9fqpSit5CZhG6SZypcGyVdijdUTAIGL1pbGriYcq0RWaX9G_3DKpFzK7UYNn9kE-c-QSXn6a3gZ-83rloeJWxPgAs4Ft79kKSddCa2zGg76-j8jgmGVzgJctbna_lY.dWQwQIgJV5q993d3pQaEv7ZXgSL9pBj96g6vvjdaDyA&dib_tag=se&keywords=smart+phone&qid=1728113450&sprefix=smatrphone%2Caps%2C218&sr=8-210,"realme NARZO 70 Turbo 5G (Turbo Green,12GB RAM, 256GB Storage) | Dimensity 7300 Energy 5G Chipset is Fastest chipset in This Segment | Motorsports Inspired Design  ","₹20,998₹20,998 M.R.P: ₹23,999₹23,999 (13% off)",500+ bought in past month,"₹2,000 off coupon appliedSave ₹2,000  with coupon ",4.4 out of 5 stars 382  ," FREE delivery Tue, 8 Oct Or fastest delivery Tomorrow, 6 Oct "
191,https://www.amazon.in/iQOO-Storage-Ultra-Thin-Dimesity-Processor/dp/B07WHS35V6/ref=sr_1_211?crid=1L0Q91SOR1BM2&dib=eyJ2IjoiMSJ9.ezovZLHIzPAfTx9-MgJLYQvTrAtppiE9_1vcbQSQ6uqyywepeYan2jESP0SgGjFKQ2F7vz953L165l_Pxp6VKGJHs-ZHh4ruK4tAvAVAIkT9O9fqpSit5CZhG6SZypcGyVdijdUTAIGL1pbGriYcq0RWaX9G_3DKpFzK7UYNn9kE-c-QSXn6a3gZ-83rloeJWxPgAs4Ft79kKSddCa2zGg76-j8jgmGVzgJctbna_lY.dWQwQIgJV5q993d3pQaEv7ZXgSL9pBj96g6vvjdaDyA&dib_tag=se&keywords=smart+phone&qid=1728113450&sprefix=smatrphone%2Caps%2C218&sr=8-211,"iQOO Z9s 5G (Onyx Green, 8GB RAM, 256GB Storage) | 120 Hz 3D Curved AMOLED Display | 5500 mAh Ultra-Thin Battery | Dimesity 7300 5G Processor | Sony IMX882 OIS Camera with Aura Light  ","₹21,998₹21,998 M.R.P: ₹27,999₹27,999 (21% off)",5K+ bought in past month,Flat  INR 1000 Off on SBICardsFlat  INR 1000 Off on SBICards,4.4 out of 5 stars 521  ," FREE delivery Tue, 8 Oct Or fastest delivery Tomorrow, 6 Oct "
192,https://www.amazon.in/POCO-Dimensity-Processor-Dual-Camera-Fingerprint/dp/B0CQVSKCBW/ref=sr_1_212?crid=1L0Q91SOR1BM2&dib=eyJ2IjoiMSJ9.ezovZLHIzPAfTx9-MgJLYQvTrAtppiE9_1vcbQSQ6uqyywepeYan2jESP0SgGjFKQ2F7vz953L165l_Pxp6VKGJHs-ZHh4ruK4tAvAVAIkT9O9fqpSit5CZhG6SZypcGyVdijdUTAIGL1pbGriYcq0RWaX9G_3DKpFzK7UYNn9kE-c-QSXn6a3gZ-83rloeJWxPgAs4Ft79kKSddCa2zGg76-j8jgmGVzgJctbna_lY.dWQwQIgJV5q993d3pQaEv7ZXgSL9pBj96g6vvjdaDyA&dib_tag=se&keywords=smart+phone&qid=1728113450&sprefix=smatrphone%2Caps%2C218&sr=8-212,"POCO M6 5G (Orion Blue, 4GB RAM, 128GB Storage) | MediaTek Dimensity 6100+ 5G Processor | 5000 mAh Battery + 18W Fast Charging | 50 MP AI Dual-Camera System & Side Fingerprint Sensor  ","₹9,249₹9,249 M.R.P: ₹12,999₹12,999 (29% off)",500+ bought in past month,Save extra with No Cost EMISave extra with No Cost EMI,"3.9 out of 5 stars 1,745  "," FREE delivery Tue, 8 Oct Or fastest delivery Tomorrow, 6 Oct "
193,https://www.amazon.in/sspa/click?ie=UTF8&spc=MTo2MzQ0MjkyNjk2MDU5MTI0OjE3MjgxMTM0NTA6c3BfYnRmOjMwMDE1MjgxMjczODUzMjo6MDo6&url=%2FRedmi-Fusion-Storage-Mediatek-HyperCharge%2Fdp%2FB0CRQ838Z9%2Fref%3Dsr_1_213_sspa%3Fcrid%3D1L0Q91SOR1BM2%26dib%3DeyJ2IjoiMSJ9.ezovZLHIzPAfTx9-MgJLYQvTrAtppiE9_1vcbQSQ6uqyywepeYan2jESP0SgGjFKQ2F7vz953L165l_Pxp6VKGJHs-ZHh4ruK4tAvAVAIkT9O9fqpSit5CZhG6SZypcGyVdijdUTAIGL1pbGriYcq0RWaX9G_3DKpFzK7UYNn9kE-c-QSXn6a3gZ-83rloeJWxPgAs4Ft79kKSddCa2zGg76-j8jgmGVzgJctbna_lY.dWQwQIgJV5q993d3pQaEv7ZXgSL9pBj96g6vvjdaDyA%26dib_tag%3Dse%26keywords%3Dsmart%2Bphone%26qid%3D1728113450%26sprefix%3Dsmatrphone%252Caps%252C218%26sr%3D8-213-spons%26sp_csd%3Dd2lkZ2V0TmFtZT1zcF9idGY%26psc%3D1,"Redmi Note 13 Pro+ (Fusion White, 8GB RAM, 256GB Storage) | World's First Mediatek 7200 Ultra 5G | 200MP Hi-Res Camera | 1.5K Curved AMOLED | 120W HyperCharge  ","₹27,999₹27,999 M.R.P: ₹33,999₹33,999 (18% off)",200+ bought in past month,Save extra with No Cost EMISave extra with No Cost EMI,3.8 out of 5 stars 687  ," FREE delivery Mon, 7 Oct Or fastest delivery Tomorrow, 6 Oct "
194,https://www.amazon.in/sspa/click?ie=UTF8&spc=MTo2MzQ0MjkyNjk2MDU5MTI0OjE3MjgxMTM0NTA6c3BfYnRmOjMwMDA1NzU5NDUzNzQzMjo6MDo6&url=%2FApple-iPhone-15-256-GB%2Fdp%2FB0CHX2WQLX%2Fref%3Dsr_1_214_sspa%3Fcrid%3D1L0Q91SOR1BM2%26dib%3DeyJ2IjoiMSJ9.ezovZLHIzPAfTx9-MgJLYQvTrAtppiE9_1vcbQSQ6uqyywepeYan2jESP0SgGjFKQ2F7vz953L165l_Pxp6VKGJHs-ZHh4ruK4tAvAVAIkT9O9fqpSit5CZhG6SZypcGyVdijdUTAIGL1pbGriYcq0RWaX9G_3DKpFzK7UYNn9kE-c-QSXn6a3gZ-83rloeJWxPgAs4Ft79kKSddCa2zGg76-j8jgmGVzgJctbna_lY.dWQwQIgJV5q993d3pQaEv7ZXgSL9pBj96g6vvjdaDyA%26dib_tag%3Dse%26keywords%3Dsmart%2Bphone%26qid%3D1728113450%26sprefix%3Dsmatrphone%252Caps%252C218%26sr%3D8-214-spons%26sp_csd%3Dd2lkZ2V0TmFtZT1zcF9idGY%26psc%3D1,Apple iPhone 15 (256 GB) - Black  ,"₹77,900₹77,900 M.R.P: ₹89,600₹89,600 (13% off)",200+ bought in past month,Flat INR 3000 Off on SBICardsFlat INR 3000 Off on SBICards,"4.5 out of 5 stars 2,255  "," FREE delivery Tue, 8 Oct Or fastest delivery Tomorrow, 6 Oct "
195,https://www.amazon.in/sspa/click?ie=UTF8&spc=MTo0ODI2OTQ3NzM1NDQ2NzQ4OjE3MjgxMTM0NTQ6c3BfYXRmX25leHQ6MjAxMTEyMTEyNDgxOTg6OjA6Og&url=%2FApple-iPhone-14-512GB-Midnight%2Fdp%2FB0BDJGX2XZ%2Fref%3Dsr_1_209_sspa%3Fcrid%3D1L0Q91SOR1BM2%26dib%3DeyJ2IjoiMSJ9.GOTgBnUl8DAwmt2yO77lfR58mmuCUWoK6SWXZTpLeqAWnjc7gABvriMvEwkC9-l8kTceBzu-5iLoeRN3_HtaLEGsP4hPv4QVvPXW1hEdUNmvesBmRRieLaaxVrV3UqjaFCDzR_lAF9nDLKowYSlUSaeiBvDBXraLCvSAsZ2zBtJbJTDMhMAcOO3R-X7KEGqQQAZ1lk7dM7CiA2P5TrKH1MXFEqp9jf8MmYRkguxOjVg.aY1uPU7anw5fMZbY6LJbytICiTQcM1P9uQs-Tp7pJqU%26dib_tag%3Dse%26keywords%3Dsmart%2Bphone%26qid%3D1728113454%26sprefix%3Dsmatrphone%252Caps%252C218%26sr%3D8-209-spons%26sp_csd%3Dd2lkZ2V0TmFtZT1zcF9hdGZfbmV4dA%26psc%3D1,Apple iPhone 14 (512 GB) - Midnight  ,"₹89,900₹89,900 M.R.P: ₹99,900₹99,900 (10% off)",M.R.P: ,Flat INR 3000 Off on SBICardsFlat INR 3000 Off on SBICards,"4.5 out of 5 stars 5,570  "," FREE delivery Tue, 8 Oct Or fastest delivery Tomorrow, 6 Oct "
196,https://www.amazon.in/sspa/click?ie=UTF8&spc=MTo0ODI2OTQ3NzM1NDQ2NzQ4OjE3MjgxMTM0NTQ6c3BfYXRmX25leHQ6MzAwMDU3NTk0NTM5NTMyOjowOjo&url=%2FApple-iPhone-15-512-GB%2Fdp%2FB0CHXB1PT6%2Fref%3Dsr_1_210_sspa%3Fcrid%3D1L0Q91SOR1BM2%26dib%3DeyJ2IjoiMSJ9.GOTgBnUl8DAwmt2yO77lfR58mmuCUWoK6SWXZTpLeqAWnjc7gABvriMvEwkC9-l8kTceBzu-5iLoeRN3_HtaLEGsP4hPv4QVvPXW1hEdUNmvesBmRRieLaaxVrV3UqjaFCDzR_lAF9nDLKowYSlUSaeiBvDBXraLCvSAsZ2zBtJbJTDMhMAcOO3R-X7KEGqQQAZ1lk7dM7CiA2P5TrKH1MXFEqp9jf8MmYRkguxOjVg.aY1uPU7anw5fMZbY6LJbytICiTQcM1P9uQs-Tp7pJqU%26dib_tag%3Dse%26keywords%3Dsmart%2Bphone%26qid%3D1728113454%26sprefix%3Dsmatrphone%252Caps%252C218%26sr%3D8-210-spons%26sp_csd%3Dd2lkZ2V0TmFtZT1zcF9hdGZfbmV4dA%26psc%3D1,Apple iPhone 15 (512 GB) - Blue  ,"₹99,900₹99,900 M.R.P: ₹1,09,900₹1,09,900 (9% off)",M.R.P: ,Flat INR 3000 Off on SBICardsFlat INR 3000 Off on SBICards,"4.5 out of 5 stars 2,255  "," FREE delivery Thu, 10 Oct Or fastest delivery Tomorrow, 6 Oct "
197,https://www.amazon.in/Samsung-Galaxy-F54-Meteor-Blue/dp/B0CCMVQZM3/ref=sr_1_211?crid=1L0Q91SOR1BM2&dib=eyJ2IjoiMSJ9.GOTgBnUl8DAwmt2yO77lfR58mmuCUWoK6SWXZTpLeqAWnjc7gABvriMvEwkC9-l8kTceBzu-5iLoeRN3_HtaLEGsP4hPv4QVvPXW1hEdUNmvesBmRRieLaaxVrV3UqjaFCDzR_lAF9nDLKowYSlUSaeiBvDBXraLCvSAsZ2zBtJbJTDMhMAcOO3R-X7KEGqQQAZ1lk7dM7CiA2P5TrKH1MXFEqp9jf8MmYRkguxOjVg.aY1uPU7anw5fMZbY6LJbytICiTQcM1P9uQs-Tp7pJqU&dib_tag=se&keywords=smart+phone&qid=1728113454&sprefix=smatrphone%2Caps%2C218&sr=8-211,Samsung Galaxy F54 5G (Meteor Blue) (256 GB ROM) (8 GB RAM)  ,"₹23,996₹23,996 M.R.P: ₹35,999₹35,999 (33% off)",400+ bought in past month,10% Off on Select Bank Cards10% Off on Select Bank Cards,3.7 out of 5 stars 498  ," FREE delivery Tue, 8 Oct Or fastest delivery Tomorrow, 6 Oct "
198,https://www.amazon.in/Redmi-Arctic-Storage-Flagship-TurboCharge/dp/B0CRQH5LGP/ref=sr_1_212?crid=1L0Q91SOR1BM2&dib=eyJ2IjoiMSJ9.GOTgBnUl8DAwmt2yO77lfR58mmuCUWoK6SWXZTpLeqAWnjc7gABvriMvEwkC9-l8kTceBzu-5iLoeRN3_HtaLEGsP4hPv4QVvPXW1hEdUNmvesBmRRieLaaxVrV3UqjaFCDzR_lAF9nDLKowYSlUSaeiBvDBXraLCvSAsZ2zBtJbJTDMhMAcOO3R-X7KEGqQQAZ1lk7dM7CiA2P5TrKH1MXFEqp9jf8MmYRkguxOjVg.aY1uPU7anw5fMZbY6LJbytICiTQcM1P9uQs-Tp7pJqU&dib_tag=se&keywords=smart+phone&qid=1728113454&sprefix=smatrphone%2Caps%2C218&sr=8-212,"Redmi Note 13 Pro (Arctic White, 12GB RAM, 256GB Storage) | 1.5K AMOLED | 200MP Hi-Res Camera | Flagship 4nm SD 7s Gen 2 | 67W TurboCharge  ","₹25,999₹25,999 M.R.P: ₹32,999₹32,999 (21% off)",200+ bought in past month,Save extra with No Cost EMISave extra with No Cost EMI,"4.0 out of 5 stars 1,070  "," FREE delivery Mon, 7 Oct Or fastest delivery Tomorrow, 6 Oct "
199,https://www.amazon.in/POCO-Dimensity-Processor-Dual-Camera-Fingerprint/dp/B0CQVPXW4C/ref=sr_1_24?crid=1L0Q91SOR1BM2&dib=eyJ2IjoiMSJ9.dqonNPfjw7iOCXnMTXwHu_MY-u3AGV2FUF0KlLqMSR-jTTAm1mLQKUvhds1Bkj-gohtKKVqaLUj6F6kx_-8FUxjA6OYeXvWcpegarsOylNT5AWE8BI0AtVoWPFL_5m0tQE8qGbWNXQQT2ImqDb9lSG0muX6tCDLQoNgl45uvXJDHo3Sb1yFXJmsLz3de7ehSktbBjLoYMcS0pWTCdEO2EtJ81gk6Jsc1AS6qKB5IkZI.scNLIHri4NCnnnnDRVvC2MvU2yhX5UjtUwKk0k05W6A&dib_tag=se&keywords=smart+phone&qid=1728113411&sprefix=smatrphone%2Caps%2C218&sr=8-24,"POCO M6 5G (Galactic Black,6GB RAM, 128GB Storage) | MediaTek Dimensity 6100+ 5G Processor | 5000 mAh Battery + 18W Fast Charging | 50 MP AI Dual-Camera System & Side Fingerprint Sensor  ","₹9,499₹9,499 M.R.P: ₹13,999₹13,999 (32% off)",5K+ bought in past month,Save extra with No Cost EMISave extra with No Cost EMI,"3.9 out of 5 stars 1,745  "," FREE delivery Tue, 8 Oct Or fastest delivery Tomorrow, 6 Oct "
200,https://www.amazon.in/Redmi-Storage-Bezel-Less-Slimmest-Pro-Grade/dp/B0CQPH2YSY/ref=sr_1_213?crid=1L0Q91SOR1BM2&dib=eyJ2IjoiMSJ9.GOTgBnUl8DAwmt2yO77lfR58mmuCUWoK6SWXZTpLeqAWnjc7gABvriMvEwkC9-l8kTceBzu-5iLoeRN3_HtaLEGsP4hPv4QVvPXW1hEdUNmvesBmRRieLaaxVrV3UqjaFCDzR_lAF9nDLKowYSlUSaeiBvDBXraLCvSAsZ2zBtJbJTDMhMAcOO3R-X7KEGqQQAZ1lk7dM7CiA2P5TrKH1MXFEqp9jf8MmYRkguxOjVg.aY1uPU7anw5fMZbY6LJbytICiTQcM1P9uQs-Tp7pJqU&dib_tag=se&keywords=smart+phone&qid=1728113454&sprefix=smatrphone%2Caps%2C218&sr=8-213,"Redmi Note 13 5G (Prism Gold, 8GB RAM, 256GB Storage) | 5G Ready | 120Hz Bezel-Less AMOLED | 7.mm Slimmest Note Ever | 108MP Pro-Grade Camera  ","₹17,999₹17,999 M.R.P: ₹22,999₹22,999 (22% off)",100+ bought in past month,Flat INR 1000 Off on ALL BanksCardsFlat INR 1000 Off on ALL BanksCards,"3.7 out of 5 stars 5,134  "," FREE delivery Mon, 7 Oct Or fastest delivery Tomorrow, 6 Oct "
201,https://www.amazon.in/HMD-Segment-Display-Storage-Midnight/dp/B0D93WPSR8/ref=sr_1_214?crid=1L0Q91SOR1BM2&dib=eyJ2IjoiMSJ9.GOTgBnUl8DAwmt2yO77lfR58mmuCUWoK6SWXZTpLeqAWnjc7gABvriMvEwkC9-l8kTceBzu-5iLoeRN3_HtaLEGsP4hPv4QVvPXW1hEdUNmvesBmRRieLaaxVrV3UqjaFCDzR_lAF9nDLKowYSlUSaeiBvDBXraLCvSAsZ2zBtJbJTDMhMAcOO3R-X7KEGqQQAZ1lk7dM7CiA2P5TrKH1MXFEqp9jf8MmYRkguxOjVg.aY1uPU7anw5fMZbY6LJbytICiTQcM1P9uQs-Tp7pJqU&dib_tag=se&keywords=smart+phone&qid=1728113454&sprefix=smatrphone%2Caps%2C218&sr=8-214,HMD Crest 5G | Segment First 50 MP Selfie Camera | 50 MP Dual Rear AI Camera | FHD+ OLED Display | 6 GB RAM & 128 GB Storage | Android 14 | 33W Fast Charger in Box | Midnight Blue  ,"₹14,499₹14,499 M.R.P: ₹18,999₹18,999 (24% off)",100+ bought in past month,10% Off on Select Bank Cards10% Off on Select Bank Cards,3.6 out of 5 stars 360  ," FREE delivery Mon, 7 Oct Or fastest delivery Tomorrow, 6 Oct "
202,https://www.amazon.in/6-7-inch-Quad-Curved-Display-AI-Powered-MagicOS/dp/B0D6VJCZW3/ref=sr_1_215?crid=1L0Q91SOR1BM2&dib=eyJ2IjoiMSJ9.GOTgBnUl8DAwmt2yO77lfR58mmuCUWoK6SWXZTpLeqAWnjc7gABvriMvEwkC9-l8kTceBzu-5iLoeRN3_HtaLEGsP4hPv4QVvPXW1hEdUNmvesBmRRieLaaxVrV3UqjaFCDzR_lAF9nDLKowYSlUSaeiBvDBXraLCvSAsZ2zBtJbJTDMhMAcOO3R-X7KEGqQQAZ1lk7dM7CiA2P5TrKH1MXFEqp9jf8MmYRkguxOjVg.aY1uPU7anw5fMZbY6LJbytICiTQcM1P9uQs-Tp7pJqU&dib_tag=se&keywords=smart+phone&qid=1728113454&sprefix=smatrphone%2Caps%2C218&sr=8-215,"HONOR 200 5G (Black, 12GB + 512GB) | 6.7-inch AMOLED Quad-Curved Display | Dual OIS 50MP + 50MP + 12MP Camera | 50MP Selfie Camera | AI-Powered MagicOS 8.0 | Without Charger  ","₹32,998₹32,998 M.R.P: ₹44,999₹44,999 (27% off)",100+ bought in past month,Save extra with No Cost EMISave extra with No Cost EMI,4.4 out of 5 stars 206  ," FREE delivery Mon, 7 Oct Or fastest delivery Tomorrow, 6 Oct "
203,https://www.amazon.in/POCO-Mirror-Black-RAM-Storage/dp/B0CSDS3XW1/ref=sr_1_216?crid=1L0Q91SOR1BM2&dib=eyJ2IjoiMSJ9.GOTgBnUl8DAwmt2yO77lfR58mmuCUWoK6SWXZTpLeqAWnjc7gABvriMvEwkC9-l8kTceBzu-5iLoeRN3_HtaLEGsP4hPv4QVvPXW1hEdUNmvesBmRRieLaaxVrV3UqjaFCDzR_lAF9nDLKowYSlUSaeiBvDBXraLCvSAsZ2zBtJbJTDMhMAcOO3R-X7KEGqQQAZ1lk7dM7CiA2P5TrKH1MXFEqp9jf8MmYRkguxOjVg.aY1uPU7anw5fMZbY6LJbytICiTQcM1P9uQs-Tp7pJqU&dib_tag=se&keywords=smart+phone&qid=1728113454&sprefix=smatrphone%2Caps%2C218&sr=8-216,"POCO X6 5G (Mirror Black, 12 GB RAM 256 GB Storage)  ","₹17,499₹17,499 M.R.P: ₹26,999₹26,999 (35% off)",1K+ bought in past month,10% Off on Select Bank Cards10% Off on Select Bank Cards,4.0 out of 5 stars 923  ," FREE delivery Thu, 10 Oct Or fastest delivery Tomorrow, 6 Oct "
204,https://www.amazon.in/Vivo-V30e-Smartphone-128GB-Storage/dp/B0D35CWYF6/ref=sr_1_217?crid=1L0Q91SOR1BM2&dib=eyJ2IjoiMSJ9.GOTgBnUl8DAwmt2yO77lfR58mmuCUWoK6SWXZTpLeqAWnjc7gABvriMvEwkC9-l8kTceBzu-5iLoeRN3_HtaLEGsP4hPv4QVvPXW1hEdUNmvesBmRRieLaaxVrV3UqjaFCDzR_lAF9nDLKowYSlUSaeiBvDBXraLCvSAsZ2zBtJbJTDMhMAcOO3R-X7KEGqQQAZ1lk7dM7CiA2P5TrKH1MXFEqp9jf8MmYRkguxOjVg.aY1uPU7anw5fMZbY6LJbytICiTQcM1P9uQs-Tp7pJqU&dib_tag=se&keywords=smart+phone&qid=1728113454&sprefix=smatrphone%2Caps%2C218&sr=8-217,"Vivo V30e 5G Smartphone (Silk Blue, 8GB RAM, 128GB Storage)  ","₹23,977₹23,977 M.R.P: ₹32,999₹32,999 (27% off)",100+ bought in past month,10% Off on Select Bank Cards10% Off on Select Bank Cards,4.2 out of 5 stars 62  ," FREE delivery Thu, 10 Oct Or fastest delivery Tomorrow, 6 Oct "
205,https://www.amazon.in/Emerald-Portrait-SUPERVOOC-Additional-Exchange/dp/B0DCGGP82Z/ref=sr_1_218?crid=1L0Q91SOR1BM2&dib=eyJ2IjoiMSJ9.GOTgBnUl8DAwmt2yO77lfR58mmuCUWoK6SWXZTpLeqAWnjc7gABvriMvEwkC9-l8kTceBzu-5iLoeRN3_HtaLEGsP4hPv4QVvPXW1hEdUNmvesBmRRieLaaxVrV3UqjaFCDzR_lAF9nDLKowYSlUSaeiBvDBXraLCvSAsZ2zBtJbJTDMhMAcOO3R-X7KEGqQQAZ1lk7dM7CiA2P5TrKH1MXFEqp9jf8MmYRkguxOjVg.aY1uPU7anw5fMZbY6LJbytICiTQcM1P9uQs-Tp7pJqU&dib_tag=se&keywords=smart+phone&qid=1728113454&sprefix=smatrphone%2Caps%2C218&sr=8-218,"OPPO F27 5G (Emerald Green, 8GB RAM, 256GB Storage) | 6.67"" FHD+ AMOLED Display|32MP Sony IMX615 Selfie Camera |AI Portrait Expert| 45W SUPERVOOC| with No Cost EMI/Additional Exchange Offers  ","₹22,999₹22,999 M.R.P: ₹28,999₹28,999 (21% off)",400+ bought in past month,Flat INR 1050 Off on SBICardsFlat INR 1050 Off on SBICards,3.3 out of 5 stars 29  ," FREE delivery Tue, 8 Oct Or fastest delivery Tomorrow, 6 Oct "
206,https://www.amazon.in/sspa/click?ie=UTF8&spc=MTo0ODI2OTQ3NzM1NDQ2NzQ4OjE3MjgxMTM0NTQ6c3BfbXRmOjMwMDM1MTQ4MTk3OTYzMjo6MDo6&url=%2FApple-iPhone-16-Plus-256%2Fdp%2FB0DGHT4K6Q%2Fref%3Dsr_1_219_sspa%3Fcrid%3D1L0Q91SOR1BM2%26dib%3DeyJ2IjoiMSJ9.GOTgBnUl8DAwmt2yO77lfR58mmuCUWoK6SWXZTpLeqAWnjc7gABvriMvEwkC9-l8kTceBzu-5iLoeRN3_HtaLEGsP4hPv4QVvPXW1hEdUNmvesBmRRieLaaxVrV3UqjaFCDzR_lAF9nDLKowYSlUSaeiBvDBXraLCvSAsZ2zBtJbJTDMhMAcOO3R-X7KEGqQQAZ1lk7dM7CiA2P5TrKH1MXFEqp9jf8MmYRkguxOjVg.aY1uPU7anw5fMZbY6LJbytICiTQcM1P9uQs-Tp7pJqU%26dib_tag%3Dse%26keywords%3Dsmart%2Bphone%26qid%3D1728113454%26sprefix%3Dsmatrphone%252Caps%252C218%26sr%3D8-219-spons%26sp_csd%3Dd2lkZ2V0TmFtZT1zcF9tdGY%26psc%3D1,Apple iPhone 16 Plus (256 GB) - Black  ,"₹99,900₹99,900",100+ bought in past month,10% Off on Select Bank Cards10% Off on Select Bank Cards,4.1 out of 5 stars 21  ," FREE delivery Tue, 8 Oct Or fastest delivery Tomorrow, 6 Oct "
207,https://www.amazon.in/Memory-Fusion-Charging-Display-Glorious/dp/B0CMQQ8VSZ/ref=sr_1_221?crid=1L0Q91SOR1BM2&dib=eyJ2IjoiMSJ9.GOTgBnUl8DAwmt2yO77lfR58mmuCUWoK6SWXZTpLeqAWnjc7gABvriMvEwkC9-l8kTceBzu-5iLoeRN3_HtaLEGsP4hPv4QVvPXW1hEdUNmvesBmRRieLaaxVrV3UqjaFCDzR_lAF9nDLKowYSlUSaeiBvDBXraLCvSAsZ2zBtJbJTDMhMAcOO3R-X7KEGqQQAZ1lk7dM7CiA2P5TrKH1MXFEqp9jf8MmYRkguxOjVg.aY1uPU7anw5fMZbY6LJbytICiTQcM1P9uQs-Tp7pJqU&dib_tag=se&keywords=smart+phone&qid=1728113454&sprefix=smatrphone%2Caps%2C218&sr=8-221,"itel Aura 05i (2GB RAM + 32GB ROM, Upto 4GB RAM with Memory Fusion | Type C Fast Charging | 6.6"" HD+ Display)- Glorious Orange  ","₹5,749₹5,749 M.R.P: ₹6,799₹6,799 (15% off)",50+ bought in past month,10% Off on Select Bank Cards10% Off on Select Bank Cards,3.9 out of 5 stars 30  ," FREE delivery Tue, 8 Oct Or fastest delivery Tomorrow, 6 Oct "
208,https://www.amazon.in/Redmi-Note-13-Midnight-TurboCharge/dp/B0CRQG5DWS/ref=sr_1_222?crid=1L0Q91SOR1BM2&dib=eyJ2IjoiMSJ9.GOTgBnUl8DAwmt2yO77lfR58mmuCUWoK6SWXZTpLeqAWnjc7gABvriMvEwkC9-l8kTceBzu-5iLoeRN3_HtaLEGsP4hPv4QVvPXW1hEdUNmvesBmRRieLaaxVrV3UqjaFCDzR_lAF9nDLKowYSlUSaeiBvDBXraLCvSAsZ2zBtJbJTDMhMAcOO3R-X7KEGqQQAZ1lk7dM7CiA2P5TrKH1MXFEqp9jf8MmYRkguxOjVg.aY1uPU7anw5fMZbY6LJbytICiTQcM1P9uQs-Tp7pJqU&dib_tag=se&keywords=smart+phone&qid=1728113454&sprefix=smatrphone%2Caps%2C218&sr=8-222,"Redmi Note 13 Pro (Midnight Black, 8GB RAM, 128GB Storage) | 1.5K AMOLED | 200MP Hi-Res Camera | Flagship 4nm SD 7s Gen 2 | 67W TurboCharge  ","₹22,999₹22,999 M.R.P: ₹28,999₹28,999 (21% off)",500+ bought in past month,Save extra with No Cost EMISave extra with No Cost EMI,"4.0 out of 5 stars 1,070  "," FREE delivery Mon, 7 Oct Or fastest delivery Tomorrow, 6 Oct "
209,https://www.amazon.in/realme-Storage-Comfort-Resistance-48-Month/dp/B0D9482G3M/ref=sr_1_4?crid=1L0Q91SOR1BM2&dib=eyJ2IjoiMSJ9.YFHwfIh7GPJJ09bm1bBID_cftDp0afCxSRg3FN_lte1Rdqt5mg0Jx-TgDfx26Db3KQU1JO2tAF7pm-1gfG8MtzfxHlpgvazcRpgxNuuVFttuqLhrcaxp-Ld6M3GLfrx3fDP5xfBpL4ScKlFfbrSxXRyDX9VWbu_X7Xq3bgWwHhRWosAjnCAKcGU1quDOoO_Dy7EncmeSfy_UFCn5cEafdJeM3DlDTdqvQZcn6Vmj2_k.gLzcl7owOgyvjofPvY-GTIHcfhOU5iMgTDNesnqX70k&dib_tag=se&keywords=smart+phone&qid=1728113408&sprefix=smatrphone%2Caps%2C218&sr=8-4,"realme NARZO N61 (Marble Black,6GB RAM+128GB Storage) 90Hz Eye Comfort Display | IP54 Dust & Water Resistance | 48-Month Fluency | Charger in The Box  ","₹8,498₹8,498 M.R.P: ₹10,999₹10,999 (23% off)",5K+ bought in past month,"₹1,000 off coupon appliedSave ₹1,000  with coupon ",4.1 out of 5 stars 349  ," FREE delivery Tue, 8 Oct Or fastest delivery Tomorrow, 6 Oct "
210,https://www.amazon.in/Samsung-Storage-MediaTek-Dimensity-Security/dp/B0DGXBSYHS/ref=sr_1_25?crid=1L0Q91SOR1BM2&dib=eyJ2IjoiMSJ9.dqonNPfjw7iOCXnMTXwHu_MY-u3AGV2FUF0KlLqMSR-jTTAm1mLQKUvhds1Bkj-gohtKKVqaLUj6F6kx_-8FUxjA6OYeXvWcpegarsOylNT5AWE8BI0AtVoWPFL_5m0tQE8qGbWNXQQT2ImqDb9lSG0muX6tCDLQoNgl45uvXJDHo3Sb1yFXJmsLz3de7ehSktbBjLoYMcS0pWTCdEO2EtJ81gk6Jsc1AS6qKB5IkZI.scNLIHri4NCnnnnDRVvC2MvU2yhX5UjtUwKk0k05W6A&dib_tag=se&keywords=smart+phone&qid=1728113411&sprefix=smatrphone%2Caps%2C218&sr=8-25,"Samsung Galaxy M15 5G Prime Edition (Stone Grey,6GB RAM,128GB Storage)| Super AMOLED Display| 50MP Triple Cam| 6000mAh Battery| MediaTek Dimensity 6100+| 4 Gen. OS Upgrade & 5 Year Security Update  ","₹11,999₹11,999 M.R.P: ₹16,999₹16,999 (29% off)",5K+ bought in past month,Flat INR 750 Off on SBICardsFlat INR 750 Off on SBICards,4.2 out of 5 stars 21  ,FREE delivery
211,https://www.amazon.in/POCO-Skyline-Blue-RAM-Storage/dp/B0D41KRRNM/ref=sr_1_223?crid=1L0Q91SOR1BM2&dib=eyJ2IjoiMSJ9.GOTgBnUl8DAwmt2yO77lfR58mmuCUWoK6SWXZTpLeqAWnjc7gABvriMvEwkC9-l8kTceBzu-5iLoeRN3_HtaLEGsP4hPv4QVvPXW1hEdUNmvesBmRRieLaaxVrV3UqjaFCDzR_lAF9nDLKowYSlUSaeiBvDBXraLCvSAsZ2zBtJbJTDMhMAcOO3R-X7KEGqQQAZ1lk7dM7CiA2P5TrKH1MXFEqp9jf8MmYRkguxOjVg.aY1uPU7anw5fMZbY6LJbytICiTQcM1P9uQs-Tp7pJqU&dib_tag=se&keywords=smart+phone&qid=1728113454&sprefix=smatrphone%2Caps%2C218&sr=8-223,"POCO X6 5G (Skyline Blue, 12 GB RAM 256 GB Storage)  ","₹17,499₹17,499 M.R.P: ₹26,999₹26,999 (35% off)",500+ bought in past month,10% Off on Select Bank Cards10% Off on Select Bank Cards,4.0 out of 5 stars 923  ," FREE delivery Tue, 8 Oct Or fastest delivery Tomorrow, 6 Oct "
212,https://www.amazon.in/Storage-Refresh-SUPERVOOC-Additional-Exchange/dp/B0D6R98C8F/ref=sr_1_224?crid=1L0Q91SOR1BM2&dib=eyJ2IjoiMSJ9.GOTgBnUl8DAwmt2yO77lfR58mmuCUWoK6SWXZTpLeqAWnjc7gABvriMvEwkC9-l8kTceBzu-5iLoeRN3_HtaLEGsP4hPv4QVvPXW1hEdUNmvesBmRRieLaaxVrV3UqjaFCDzR_lAF9nDLKowYSlUSaeiBvDBXraLCvSAsZ2zBtJbJTDMhMAcOO3R-X7KEGqQQAZ1lk7dM7CiA2P5TrKH1MXFEqp9jf8MmYRkguxOjVg.aY1uPU7anw5fMZbY6LJbytICiTQcM1P9uQs-Tp7pJqU&dib_tag=se&keywords=smart+phone&qid=1728113454&sprefix=smatrphone%2Caps%2C218&sr=8-224,"OPPO A3 Pro 5G (Starry Black, 8GB RAM, 256GB Storage)|6.67” HD+ 120Hz Refresh Rate Screen | 45W SUPERVOOC|with No Cost EMI/Additional Exchange Offers  ","₹19,999₹19,999 M.R.P: ₹22,999₹22,999 (13% off)",100+ bought in past month,Flat INR 250 Off on SBICardsFlat INR 250 Off on SBICards,3.9 out of 5 stars 111  ," FREE delivery Tue, 8 Oct Or fastest delivery Tomorrow, 6 Oct "
213,https://www.amazon.in/Oppo-Pearl-White-256GB-Storage/dp/B0CVN5VDY8/ref=sr_1_225?crid=1L0Q91SOR1BM2&dib=eyJ2IjoiMSJ9.GOTgBnUl8DAwmt2yO77lfR58mmuCUWoK6SWXZTpLeqAWnjc7gABvriMvEwkC9-l8kTceBzu-5iLoeRN3_HtaLEGsP4hPv4QVvPXW1hEdUNmvesBmRRieLaaxVrV3UqjaFCDzR_lAF9nDLKowYSlUSaeiBvDBXraLCvSAsZ2zBtJbJTDMhMAcOO3R-X7KEGqQQAZ1lk7dM7CiA2P5TrKH1MXFEqp9jf8MmYRkguxOjVg.aY1uPU7anw5fMZbY6LJbytICiTQcM1P9uQs-Tp7pJqU&dib_tag=se&keywords=smart+phone&qid=1728113454&sprefix=smatrphone%2Caps%2C218&sr=8-225,"Oppo Reno 11 Pro 5G (Pearl White, 12GB RAM 256GB Storage)  ","₹31,024₹31,024 M.R.P: ₹44,999₹44,999 (31% off)",50+ bought in past month,10% Off on Select Bank Cards10% Off on Select Bank Cards,3.3 out of 5 stars 15  ," FREE delivery Thu, 10 Oct Or fastest delivery Tomorrow, 6 Oct "
214,https://www.amazon.in/iQOO-Tornado-Storage-Snapdragon-FlashCharge/dp/B07WHS4MC4/ref=sr_1_226?crid=1L0Q91SOR1BM2&dib=eyJ2IjoiMSJ9.GOTgBnUl8DAwmt2yO77lfR58mmuCUWoK6SWXZTpLeqAWnjc7gABvriMvEwkC9-l8kTceBzu-5iLoeRN3_HtaLEGsP4hPv4QVvPXW1hEdUNmvesBmRRieLaaxVrV3UqjaFCDzR_lAF9nDLKowYSlUSaeiBvDBXraLCvSAsZ2zBtJbJTDMhMAcOO3R-X7KEGqQQAZ1lk7dM7CiA2P5TrKH1MXFEqp9jf8MmYRkguxOjVg.aY1uPU7anw5fMZbY6LJbytICiTQcM1P9uQs-Tp7pJqU&dib_tag=se&keywords=smart+phone&qid=1728113454&sprefix=smatrphone%2Caps%2C218&sr=8-226,"iQOO Z9x 5G (Tornado Green, 8GB RAM, 128GB Storage) | Snapdragon 6 Gen 1 with 560k+ AnTuTu Score | 6000mAh Battery with 7.99mm Slim Design | 44W FlashCharge  ","₹15,499₹15,499 M.R.P: ₹19,999₹19,999 (23% off)",4K+ bought in past month,₹500 off coupon appliedSave ₹500  with coupon ,"4.1 out of 5 stars 3,353  "," FREE delivery Tue, 8 Oct Or fastest delivery Tomorrow, 6 Oct "
215,https://www.amazon.in/iQOO-Tornado-Storage-Snapdragon-FlashCharge/dp/B07WDKKJ45/ref=sr_1_227?crid=1L0Q91SOR1BM2&dib=eyJ2IjoiMSJ9.GOTgBnUl8DAwmt2yO77lfR58mmuCUWoK6SWXZTpLeqAWnjc7gABvriMvEwkC9-l8kTceBzu-5iLoeRN3_HtaLEGsP4hPv4QVvPXW1hEdUNmvesBmRRieLaaxVrV3UqjaFCDzR_lAF9nDLKowYSlUSaeiBvDBXraLCvSAsZ2zBtJbJTDMhMAcOO3R-X7KEGqQQAZ1lk7dM7CiA2P5TrKH1MXFEqp9jf8MmYRkguxOjVg.aY1uPU7anw5fMZbY6LJbytICiTQcM1P9uQs-Tp7pJqU&dib_tag=se&keywords=smart+phone&qid=1728113454&sprefix=smatrphone%2Caps%2C218&sr=8-227,"iQOO Z9x 5G (Tornado Green, 4GB RAM, 128GB Storage) | Snapdragon 6 Gen 1 with 560k+ AnTuTu Score | 6000mAh Battery with 7.99mm Slim Design | 44W FlashCharge  ","₹12,499₹12,499 M.R.P: ₹17,999₹17,999 (31% off)",4K+ bought in past month,₹500 off coupon appliedSave ₹500  with coupon ,"4.1 out of 5 stars 3,353  "," FREE delivery Mon, 7 Oct Or fastest delivery Tomorrow, 6 Oct "
216,https://www.amazon.in/Redmi-Fusion-Storage-Mediatek-HyperCharge/dp/B0CRQ85N3F/ref=sr_1_228?crid=1L0Q91SOR1BM2&dib=eyJ2IjoiMSJ9.GOTgBnUl8DAwmt2yO77lfR58mmuCUWoK6SWXZTpLeqAWnjc7gABvriMvEwkC9-l8kTceBzu-5iLoeRN3_HtaLEGsP4hPv4QVvPXW1hEdUNmvesBmRRieLaaxVrV3UqjaFCDzR_lAF9nDLKowYSlUSaeiBvDBXraLCvSAsZ2zBtJbJTDMhMAcOO3R-X7KEGqQQAZ1lk7dM7CiA2P5TrKH1MXFEqp9jf8MmYRkguxOjVg.aY1uPU7anw5fMZbY6LJbytICiTQcM1P9uQs-Tp7pJqU&dib_tag=se&keywords=smart+phone&qid=1728113454&sprefix=smatrphone%2Caps%2C218&sr=8-228,"Redmi Note 13 Pro+ (Fusion White, 12GB RAM, 512GB Storage) | World's First Mediatek 7200 Ultra 5G | 200MP Hi-Res Camera | 1.5K Curved AMOLED | 120W HyperCharge  ","₹31,999₹31,999 M.R.P: ₹37,999₹37,999 (16% off)",100+ bought in past month,Save extra with No Cost EMISave extra with No Cost EMI,3.8 out of 5 stars 687  ," FREE delivery Mon, 7 Oct Or fastest delivery Tomorrow, 6 Oct "
217,https://www.amazon.in/sspa/click?ie=UTF8&spc=MTo0ODI2OTQ3NzM1NDQ2NzQ4OjE3MjgxMTM0NTQ6c3BfYnRmOjMwMDA1NzU5NDUzOTkzMjo6MDo6&url=%2FApple-iPhone-15-Plus-128%2Fdp%2FB0CHX3D519%2Fref%3Dsr_1_229_sspa%3Fcrid%3D1L0Q91SOR1BM2%26dib%3DeyJ2IjoiMSJ9.GOTgBnUl8DAwmt2yO77lfR58mmuCUWoK6SWXZTpLeqAWnjc7gABvriMvEwkC9-l8kTceBzu-5iLoeRN3_HtaLEGsP4hPv4QVvPXW1hEdUNmvesBmRRieLaaxVrV3UqjaFCDzR_lAF9nDLKowYSlUSaeiBvDBXraLCvSAsZ2zBtJbJTDMhMAcOO3R-X7KEGqQQAZ1lk7dM7CiA2P5TrKH1MXFEqp9jf8MmYRkguxOjVg.aY1uPU7anw5fMZbY6LJbytICiTQcM1P9uQs-Tp7pJqU%26dib_tag%3Dse%26keywords%3Dsmart%2Bphone%26qid%3D1728113454%26sprefix%3Dsmatrphone%252Caps%252C218%26sr%3D8-229-spons%26sp_csd%3Dd2lkZ2V0TmFtZT1zcF9idGY%26psc%3D1,Apple iPhone 15 Plus (128 GB) - Yellow  ,"₹79,900₹79,900 M.R.P: ₹89,900₹89,900 (11% off)",M.R.P: ,Flat INR 3000 Off on SBICardsFlat INR 3000 Off on SBICards,"4.6 out of 5 stars 1,018  "," FREE delivery Fri, 11 Oct "
218,https://www.amazon.in/sspa/click?ie=UTF8&spc=MTo0ODI2OTQ3NzM1NDQ2NzQ4OjE3MjgxMTM0NTQ6c3BfYnRmOjMwMDExODY0NjI2NDgzMjo6MDo6&url=%2FRedmi-Storage-Bezel-Less-Slimmest-Pro-Grade%2Fdp%2FB0CQPGG8KG%2Fref%3Dsr_1_230_sspa%3Fcrid%3D1L0Q91SOR1BM2%26dib%3DeyJ2IjoiMSJ9.GOTgBnUl8DAwmt2yO77lfR58mmuCUWoK6SWXZTpLeqAWnjc7gABvriMvEwkC9-l8kTceBzu-5iLoeRN3_HtaLEGsP4hPv4QVvPXW1hEdUNmvesBmRRieLaaxVrV3UqjaFCDzR_lAF9nDLKowYSlUSaeiBvDBXraLCvSAsZ2zBtJbJTDMhMAcOO3R-X7KEGqQQAZ1lk7dM7CiA2P5TrKH1MXFEqp9jf8MmYRkguxOjVg.aY1uPU7anw5fMZbY6LJbytICiTQcM1P9uQs-Tp7pJqU%26dib_tag%3Dse%26keywords%3Dsmart%2Bphone%26qid%3D1728113454%26sprefix%3Dsmatrphone%252Caps%252C218%26sr%3D8-230-spons%26sp_csd%3Dd2lkZ2V0TmFtZT1zcF9idGY%26psc%3D1,"Redmi Note 13 5G (Arctic White, 6GB RAM, 128GB Storage) | 5G Ready | 120Hz Bezel-Less AMOLED | 7.mm Slimmest Note Ever | 108MP Pro-Grade Camera  ","₹15,999₹15,999 M.R.P: ₹20,999₹20,999 (24% off)",2K+ bought in past month,Flat INR 1000 Off on ALL BanksCardsFlat INR 1000 Off on ALL BanksCards,"3.7 out of 5 stars 5,134  "," FREE delivery Mon, 7 Oct Or fastest delivery Tomorrow, 6 Oct "
219,https://www.amazon.in/sspa/click?ie=UTF8&spc=MToxODcyNDc2MDc0NzIyNjI5OjE3MjgxMTM0NTg6c3BfYXRmX25leHQ6MzAwMDU3NTk0NTM5NDMyOjowOjo&url=%2FApple-iPhone-15-256-GB%2Fdp%2FB0CHX8JCXN%2Fref%3Dsr_1_225_sspa%3Fcrid%3D1L0Q91SOR1BM2%26dib%3DeyJ2IjoiMSJ9.deujf9HqmR2-hj1LoYAKdRcWt8KIJayw7mOxguZoY5qoeQpJF45IxZdn63SlHd9egjKNjSnOMCQjE7v-rOD3feB7oCk0ZzjdxDWot0Vn6OIDWL_XmvX6ICM6X-TvlqRd3tIYjOs7EMqUNV4kEfbDDogWpJUqqABghmrCpVl3cuIbt4FArPQWjZIAh0_HgGZg25tNjSQ6v-fTxAszhwEf3BI-r7OlgHQEp9YUL-1T0U0.WhbqEhp8I2-IimyqJd6k13UcPQmK0iT7l1TGKvVCN6w%26dib_tag%3Dse%26keywords%3Dsmart%2Bphone%26qid%3D1728113458%26sprefix%3Dsmatrphone%252Caps%252C218%26sr%3D8-225-spons%26sp_csd%3Dd2lkZ2V0TmFtZT1zcF9hdGZfbmV4dA%26psc%3D1,Apple iPhone 15 (256 GB) - Yellow  ,"₹79,900₹79,900 M.R.P: ₹89,900₹89,900 (11% off)",M.R.P: ,Flat INR 3000 Off on SBICardsFlat INR 3000 Off on SBICards,"4.5 out of 5 stars 2,255  "," FREE delivery Thu, 10 Oct Or fastest delivery Tomorrow, 6 Oct "
220,https://www.amazon.in/sspa/click?ie=UTF8&spc=MToxODcyNDc2MDc0NzIyNjI5OjE3MjgxMTM0NTg6c3BfYXRmX25leHQ6MzAwMzUxNDgxOTgwMzMyOjowOjo&url=%2FApple-iPhone-16-128-GB%2Fdp%2FB0DGHZWBYB%2Fref%3Dsr_1_226_sspa%3Fcrid%3D1L0Q91SOR1BM2%26dib%3DeyJ2IjoiMSJ9.deujf9HqmR2-hj1LoYAKdRcWt8KIJayw7mOxguZoY5qoeQpJF45IxZdn63SlHd9egjKNjSnOMCQjE7v-rOD3feB7oCk0ZzjdxDWot0Vn6OIDWL_XmvX6ICM6X-TvlqRd3tIYjOs7EMqUNV4kEfbDDogWpJUqqABghmrCpVl3cuIbt4FArPQWjZIAh0_HgGZg25tNjSQ6v-fTxAszhwEf3BI-r7OlgHQEp9YUL-1T0U0.WhbqEhp8I2-IimyqJd6k13UcPQmK0iT7l1TGKvVCN6w%26dib_tag%3Dse%26keywords%3Dsmart%2Bphone%26qid%3D1728113458%26sprefix%3Dsmatrphone%252Caps%252C218%26sr%3D8-226-spons%26sp_csd%3Dd2lkZ2V0TmFtZT1zcF9hdGZfbmV4dA%26psc%3D1,Apple iPhone 16 (128 GB) - White  ,"₹79,900₹79,900",500+ bought in past month,10% Off on Select Bank Cards10% Off on Select Bank Cards,4.8 out of 5 stars 16  ," FREE delivery Tue, 8 Oct Or fastest delivery Tomorrow, 6 Oct "
221,https://www.amazon.in/Samsung-Storage-MediaTek-Dimensity-Security/dp/B0DGXB3RTG/ref=sr_1_26?crid=1L0Q91SOR1BM2&dib=eyJ2IjoiMSJ9.dqonNPfjw7iOCXnMTXwHu_MY-u3AGV2FUF0KlLqMSR-jTTAm1mLQKUvhds1Bkj-gohtKKVqaLUj6F6kx_-8FUxjA6OYeXvWcpegarsOylNT5AWE8BI0AtVoWPFL_5m0tQE8qGbWNXQQT2ImqDb9lSG0muX6tCDLQoNgl45uvXJDHo3Sb1yFXJmsLz3de7ehSktbBjLoYMcS0pWTCdEO2EtJ81gk6Jsc1AS6qKB5IkZI.scNLIHri4NCnnnnDRVvC2MvU2yhX5UjtUwKk0k05W6A&dib_tag=se&keywords=smart+phone&qid=1728113411&sprefix=smatrphone%2Caps%2C218&sr=8-26,"Samsung Galaxy M15 5G Prime Edition (Blue Topaz,4GB RAM,128GB Storage) | Super AMOLED Display| 50MP Triple Cam| 6000mAh Battery| MediaTek Dimensity 6100+ | 4 Gen. OS Upgrade & 5 Year Security Update  ","₹10,999₹10,999 M.R.P: ₹15,999₹15,999 (31% off)",5K+ bought in past month,Flat INR 750 Off on SBICardsFlat INR 750 Off on SBICards,4.2 out of 5 stars 21  ," FREE delivery Thu, 10 Oct Or fastest delivery Tomorrow, 6 Oct "
222,https://www.amazon.in/Redmi-Fusion-Storage-Mediatek-HyperCharge/dp/B0CRQ7QSZ7/ref=sr_1_227?crid=1L0Q91SOR1BM2&dib=eyJ2IjoiMSJ9.deujf9HqmR2-hj1LoYAKdRcWt8KIJayw7mOxguZoY5qoeQpJF45IxZdn63SlHd9egjKNjSnOMCQjE7v-rOD3feB7oCk0ZzjdxDWot0Vn6OIDWL_XmvX6ICM6X-TvlqRd3tIYjOs7EMqUNV4kEfbDDogWpJUqqABghmrCpVl3cuIbt4FArPQWjZIAh0_HgGZg25tNjSQ6v-fTxAszhwEf3BI-r7OlgHQEp9YUL-1T0U0.WhbqEhp8I2-IimyqJd6k13UcPQmK0iT7l1TGKvVCN6w&dib_tag=se&keywords=smart+phone&qid=1728113458&sprefix=smatrphone%2Caps%2C218&sr=8-227,"Redmi Note 13 Pro+ (Fusion Black, 8GB RAM, 256GB Storage) | World's First Mediatek 7200 Ultra 5G | 200MP Hi-Res Camera | 1.5K Curved AMOLED | 120W HyperCharge  ","₹27,999₹27,999 M.R.P: ₹33,999₹33,999 (18% off)",400+ bought in past month,Save extra with No Cost EMISave extra with No Cost EMI,3.8 out of 5 stars 687  ," FREE delivery Thu, 10 Oct Or fastest delivery Tomorrow, 6 Oct "
223,https://www.amazon.in/Redmi-Midnight-Black-Storage-Without/dp/B0CXX8ZVT6/ref=sr_1_228?crid=1L0Q91SOR1BM2&dib=eyJ2IjoiMSJ9.deujf9HqmR2-hj1LoYAKdRcWt8KIJayw7mOxguZoY5qoeQpJF45IxZdn63SlHd9egjKNjSnOMCQjE7v-rOD3feB7oCk0ZzjdxDWot0Vn6OIDWL_XmvX6ICM6X-TvlqRd3tIYjOs7EMqUNV4kEfbDDogWpJUqqABghmrCpVl3cuIbt4FArPQWjZIAh0_HgGZg25tNjSQ6v-fTxAszhwEf3BI-r7OlgHQEp9YUL-1T0U0.WhbqEhp8I2-IimyqJd6k13UcPQmK0iT7l1TGKvVCN6w&dib_tag=se&keywords=smart+phone&qid=1728113458&sprefix=smatrphone%2Caps%2C218&sr=8-228,"Redmi Note 13 Pro (Midnight Black, 12GB RAM, 256GB Storage) Without Offer  ","₹23,450₹23,450 M.R.P: ₹32,999₹32,999 (29% off)",50+ bought in past month,10% Off on Select Bank Cards10% Off on Select Bank Cards,"4.0 out of 5 stars 1,070  "," FREE delivery Thu, 10 Oct Or fastest delivery Tomorrow, 6 Oct "
224,https://www.amazon.in/Samsung-Awesome-Iceblue-Storage-Nightography/dp/B0CWPF945W/ref=sr_1_229?crid=1L0Q91SOR1BM2&dib=eyJ2IjoiMSJ9.deujf9HqmR2-hj1LoYAKdRcWt8KIJayw7mOxguZoY5qoeQpJF45IxZdn63SlHd9egjKNjSnOMCQjE7v-rOD3feB7oCk0ZzjdxDWot0Vn6OIDWL_XmvX6ICM6X-TvlqRd3tIYjOs7EMqUNV4kEfbDDogWpJUqqABghmrCpVl3cuIbt4FArPQWjZIAh0_HgGZg25tNjSQ6v-fTxAszhwEf3BI-r7OlgHQEp9YUL-1T0U0.WhbqEhp8I2-IimyqJd6k13UcPQmK0iT7l1TGKvVCN6w&dib_tag=se&keywords=smart+phone&qid=1728113458&sprefix=smatrphone%2Caps%2C218&sr=8-229,"Samsung Galaxy A35 5G (Awesome Iceblue, 8GB RAM, 256GB Storage) | Premium Glass Back | 50 MP Main Camera (OIS) | Nightography | IP67 | Corning Gorilla Glass Victus+ | sAMOLED with Vision Booster  ","₹33,998₹33,998 M.R.P: ₹36,999₹36,999 (8% off)",200+ bought in past month,Save extra with No Cost EMISave extra with No Cost EMI,3.6 out of 5 stars 294  ," FREE delivery Tue, 8 Oct Or fastest delivery Tomorrow, 6 Oct "
225,https://www.amazon.in/Redmi-Midnight-Storage-Flagship-TurboCharge/dp/B0CRQFR6F4/ref=sr_1_230?crid=1L0Q91SOR1BM2&dib=eyJ2IjoiMSJ9.deujf9HqmR2-hj1LoYAKdRcWt8KIJayw7mOxguZoY5qoeQpJF45IxZdn63SlHd9egjKNjSnOMCQjE7v-rOD3feB7oCk0ZzjdxDWot0Vn6OIDWL_XmvX6ICM6X-TvlqRd3tIYjOs7EMqUNV4kEfbDDogWpJUqqABghmrCpVl3cuIbt4FArPQWjZIAh0_HgGZg25tNjSQ6v-fTxAszhwEf3BI-r7OlgHQEp9YUL-1T0U0.WhbqEhp8I2-IimyqJd6k13UcPQmK0iT7l1TGKvVCN6w&dib_tag=se&keywords=smart+phone&qid=1728113458&sprefix=smatrphone%2Caps%2C218&sr=8-230,"Redmi Note 13 Pro (Midnight Black, 8GB RAM, 256GB Storage) | 1.5K AMOLED | 200MP Hi-Res Camera | Flagship 4nm SD 7s Gen 2 | 67W TurboCharge  ","₹24,999₹24,999 M.R.P: ₹30,999₹30,999 (19% off)",200+ bought in past month,Save extra with No Cost EMISave extra with No Cost EMI,"4.0 out of 5 stars 1,070  "," FREE delivery Mon, 7 Oct Or fastest delivery Tomorrow, 6 Oct "
226,https://www.amazon.in/Redmi-Midnight-Storage-Powerful-Processor/dp/B0D78VSVGS/ref=sr_1_231?crid=1L0Q91SOR1BM2&dib=eyJ2IjoiMSJ9.deujf9HqmR2-hj1LoYAKdRcWt8KIJayw7mOxguZoY5qoeQpJF45IxZdn63SlHd9egjKNjSnOMCQjE7v-rOD3feB7oCk0ZzjdxDWot0Vn6OIDWL_XmvX6ICM6X-TvlqRd3tIYjOs7EMqUNV4kEfbDDogWpJUqqABghmrCpVl3cuIbt4FArPQWjZIAh0_HgGZg25tNjSQ6v-fTxAszhwEf3BI-r7OlgHQEp9YUL-1T0U0.WhbqEhp8I2-IimyqJd6k13UcPQmK0iT7l1TGKvVCN6w&dib_tag=se&keywords=smart+phone&qid=1728113458&sprefix=smatrphone%2Caps%2C218&sr=8-231,"Redmi A3X (Midnight Black, 4GB RAM, 128GB Storage) | Premium Halo Design | 90Hz Display | Powerful Octa Core Processor  ","₹7,740₹7,740 M.R.P: ₹10,999₹10,999 (30% off)",100+ bought in past month,Save extra with No Cost EMISave extra with No Cost EMI,3.6 out of 5 stars 62  ," FREE delivery Wed, 9 Oct Or fastest delivery Tomorrow, 6 Oct "
227,https://www.amazon.in/Lite-Vinyl-Black-128GB-Storage/dp/B08V9VPQY9/ref=sr_1_232?crid=1L0Q91SOR1BM2&dib=eyJ2IjoiMSJ9.deujf9HqmR2-hj1LoYAKdRcWt8KIJayw7mOxguZoY5qoeQpJF45IxZdn63SlHd9egjKNjSnOMCQjE7v-rOD3feB7oCk0ZzjdxDWot0Vn6OIDWL_XmvX6ICM6X-TvlqRd3tIYjOs7EMqUNV4kEfbDDogWpJUqqABghmrCpVl3cuIbt4FArPQWjZIAh0_HgGZg25tNjSQ6v-fTxAszhwEf3BI-r7OlgHQEp9YUL-1T0U0.WhbqEhp8I2-IimyqJd6k13UcPQmK0iT7l1TGKvVCN6w&dib_tag=se&keywords=smart+phone&qid=1728113458&sprefix=smatrphone%2Caps%2C218&sr=8-232,"Xiaomi 11 Lite (Vinyl Black, 8GB RAM, 128GB Storage)  ","₹12,970₹12,970 M.R.P: ₹25,999₹25,999 (50% off)",M.R.P: ,10% Off on Select Bank Cards10% Off on Select Bank Cards,3.7 out of 5 stars 230  ," FREE delivery Wed, 9 Oct Or fastest delivery Tomorrow, 6 Oct "
228,https://www.amazon.in/Infinix-hot-40i-Horizon-Gold/dp/B0CT6657C7/ref=sr_1_233?crid=1L0Q91SOR1BM2&dib=eyJ2IjoiMSJ9.deujf9HqmR2-hj1LoYAKdRcWt8KIJayw7mOxguZoY5qoeQpJF45IxZdn63SlHd9egjKNjSnOMCQjE7v-rOD3feB7oCk0ZzjdxDWot0Vn6OIDWL_XmvX6ICM6X-TvlqRd3tIYjOs7EMqUNV4kEfbDDogWpJUqqABghmrCpVl3cuIbt4FArPQWjZIAh0_HgGZg25tNjSQ6v-fTxAszhwEf3BI-r7OlgHQEp9YUL-1T0U0.WhbqEhp8I2-IimyqJd6k13UcPQmK0iT7l1TGKvVCN6w&dib_tag=se&keywords=smart+phone&qid=1728113458&sprefix=smatrphone%2Caps%2C218&sr=8-233,Infinix hot 40i 8/256 (Horizon Gold)  ,"₹8,998₹8,998 M.R.P: ₹10,999₹10,999 (18% off)",100+ bought in past month,10% Off on Select Bank Cards10% Off on Select Bank Cards,3.6 out of 5 stars 27  ," FREE delivery Tue, 8 Oct Or fastest delivery Tomorrow, 6 Oct "
229,https://www.amazon.in/Redmi-Storage-Premium-Powerful-Processor/dp/B0D78WCQ3J/ref=sr_1_234?crid=1L0Q91SOR1BM2&dib=eyJ2IjoiMSJ9.deujf9HqmR2-hj1LoYAKdRcWt8KIJayw7mOxguZoY5qoeQpJF45IxZdn63SlHd9egjKNjSnOMCQjE7v-rOD3feB7oCk0ZzjdxDWot0Vn6OIDWL_XmvX6ICM6X-TvlqRd3tIYjOs7EMqUNV4kEfbDDogWpJUqqABghmrCpVl3cuIbt4FArPQWjZIAh0_HgGZg25tNjSQ6v-fTxAszhwEf3BI-r7OlgHQEp9YUL-1T0U0.WhbqEhp8I2-IimyqJd6k13UcPQmK0iT7l1TGKvVCN6w&dib_tag=se&keywords=smart+phone&qid=1728113458&sprefix=smatrphone%2Caps%2C218&sr=8-234,"Redmi A3X (Starry White, 4GB RAM, 128GB Storage) | Premium Halo Design | 90Hz Display | Powerful Octa Core Processor  ","₹7,680₹7,680 M.R.P: ₹10,999₹10,999 (30% off)",M.R.P: ,Save extra with No Cost EMISave extra with No Cost EMI,3.6 out of 5 stars 62  ," FREE delivery Wed, 9 Oct Or fastest delivery Tomorrow, 6 Oct "
230,https://www.amazon.in/sspa/click?ie=UTF8&spc=MToxODcyNDc2MDc0NzIyNjI5OjE3MjgxMTM0NTg6c3BfbXRmOjIwMTExMjExMjQ4Mzk4OjowOjo&url=%2FApple-iPhone-14-256GB-Purple%2Fdp%2FB0BDJB5KHG%2Fref%3Dsr_1_235_sspa%3Fcrid%3D1L0Q91SOR1BM2%26dib%3DeyJ2IjoiMSJ9.deujf9HqmR2-hj1LoYAKdRcWt8KIJayw7mOxguZoY5qoeQpJF45IxZdn63SlHd9egjKNjSnOMCQjE7v-rOD3feB7oCk0ZzjdxDWot0Vn6OIDWL_XmvX6ICM6X-TvlqRd3tIYjOs7EMqUNV4kEfbDDogWpJUqqABghmrCpVl3cuIbt4FArPQWjZIAh0_HgGZg25tNjSQ6v-fTxAszhwEf3BI-r7OlgHQEp9YUL-1T0U0.WhbqEhp8I2-IimyqJd6k13UcPQmK0iT7l1TGKvVCN6w%26dib_tag%3Dse%26keywords%3Dsmart%2Bphone%26qid%3D1728113458%26sprefix%3Dsmatrphone%252Caps%252C218%26sr%3D8-235-spons%26sp_csd%3Dd2lkZ2V0TmFtZT1zcF9tdGY%26psc%3D1,Apple iPhone 14 (256 GB) - Purple  ,"₹69,900₹69,900 M.R.P: ₹89,900₹89,900 (22% off)",M.R.P: ,10% Off on Select Bank Cards10% Off on Select Bank Cards,"4.5 out of 5 stars 5,570  "," FREE delivery Tue, 8 Oct Or fastest delivery Tomorrow, 6 Oct "
231,https://www.amazon.in/sspa/click?ie=UTF8&spc=MTo1OTcwNzc0OTI3NDQyNjc0OjE3MjgxMTM0MTE6c3BfbXRmOjMwMDA1NzU5NDUzOTczMjo6MDo6&url=%2FApple-iPhone-15-256-GB%2Fdp%2FB0CHX41VNZ%2Fref%3Dsr_1_27_sspa%3Fcrid%3D1L0Q91SOR1BM2%26dib%3DeyJ2IjoiMSJ9.dqonNPfjw7iOCXnMTXwHu_MY-u3AGV2FUF0KlLqMSR-jTTAm1mLQKUvhds1Bkj-gohtKKVqaLUj6F6kx_-8FUxjA6OYeXvWcpegarsOylNT5AWE8BI0AtVoWPFL_5m0tQE8qGbWNXQQT2ImqDb9lSG0muX6tCDLQoNgl45uvXJDHo3Sb1yFXJmsLz3de7ehSktbBjLoYMcS0pWTCdEO2EtJ81gk6Jsc1AS6qKB5IkZI.scNLIHri4NCnnnnDRVvC2MvU2yhX5UjtUwKk0k05W6A%26dib_tag%3Dse%26keywords%3Dsmart%2Bphone%26qid%3D1728113411%26sprefix%3Dsmatrphone%252Caps%252C218%26sr%3D8-27-spons%26sp_csd%3Dd2lkZ2V0TmFtZT1zcF9tdGY%26psc%3D1,Apple iPhone 15 (256 GB) - Green  ,"₹79,900₹79,900 M.R.P: ₹89,600₹89,600 (11% off)",100+ bought in past month,Flat INR 3000 Off on SBICardsFlat INR 3000 Off on SBICards,"4.5 out of 5 stars 2,255  "," FREE delivery Mon, 7 Oct Or fastest delivery Tomorrow, 6 Oct "
232,https://www.amazon.in/Micromax-Black-4GB-64GB-Storage/dp/B09RV5YBJW/ref=sr_1_237?crid=1L0Q91SOR1BM2&dib=eyJ2IjoiMSJ9.deujf9HqmR2-hj1LoYAKdRcWt8KIJayw7mOxguZoY5qoeQpJF45IxZdn63SlHd9egjKNjSnOMCQjE7v-rOD3feB7oCk0ZzjdxDWot0Vn6OIDWL_XmvX6ICM6X-TvlqRd3tIYjOs7EMqUNV4kEfbDDogWpJUqqABghmrCpVl3cuIbt4FArPQWjZIAh0_HgGZg25tNjSQ6v-fTxAszhwEf3BI-r7OlgHQEp9YUL-1T0U0.WhbqEhp8I2-IimyqJd6k13UcPQmK0iT7l1TGKvVCN6w&dib_tag=se&keywords=smart+phone&qid=1728113458&sprefix=smatrphone%2Caps%2C218&sr=8-237,"Micromax in 2B (Black, 4GB RAM, 64GB Storage)  ","₹6,099₹6,099 M.R.P: ₹10,499₹10,499 (42% off)",M.R.P: ,10% Off on Select Bank Cards10% Off on Select Bank Cards,3.5 out of 5 stars 79  ," FREE delivery Tue, 8 Oct Or fastest delivery Tomorrow, 6 Oct "
233,https://www.amazon.in/realme-Peacock-Green-128GB-Storage/dp/B0D35V6J6N/ref=sr_1_238?crid=1L0Q91SOR1BM2&dib=eyJ2IjoiMSJ9.deujf9HqmR2-hj1LoYAKdRcWt8KIJayw7mOxguZoY5qoeQpJF45IxZdn63SlHd9egjKNjSnOMCQjE7v-rOD3feB7oCk0ZzjdxDWot0Vn6OIDWL_XmvX6ICM6X-TvlqRd3tIYjOs7EMqUNV4kEfbDDogWpJUqqABghmrCpVl3cuIbt4FArPQWjZIAh0_HgGZg25tNjSQ6v-fTxAszhwEf3BI-r7OlgHQEp9YUL-1T0U0.WhbqEhp8I2-IimyqJd6k13UcPQmK0iT7l1TGKvVCN6w&dib_tag=se&keywords=smart+phone&qid=1728113458&sprefix=smatrphone%2Caps%2C218&sr=8-238,"realme P1 5G (Peacock Green, 8GB RAM, 128GB Storage)  ","₹15,468₹15,468 M.R.P: ₹21,999₹21,999 (30% off)",300+ bought in past month,10% Off on Select Bank Cards10% Off on Select Bank Cards,3.9 out of 5 stars 401  ," FREE delivery Thu, 10 Oct Or fastest delivery Tomorrow, 6 Oct "
234,https://www.amazon.in/Serenity-Storage-Expandable-Display-Fingerprint/dp/B0C5M1Y9V3/ref=sr_1_239?crid=1L0Q91SOR1BM2&dib=eyJ2IjoiMSJ9.deujf9HqmR2-hj1LoYAKdRcWt8KIJayw7mOxguZoY5qoeQpJF45IxZdn63SlHd9egjKNjSnOMCQjE7v-rOD3feB7oCk0ZzjdxDWot0Vn6OIDWL_XmvX6ICM6X-TvlqRd3tIYjOs7EMqUNV4kEfbDDogWpJUqqABghmrCpVl3cuIbt4FArPQWjZIAh0_HgGZg25tNjSQ6v-fTxAszhwEf3BI-r7OlgHQEp9YUL-1T0U0.WhbqEhp8I2-IimyqJd6k13UcPQmK0iT7l1TGKvVCN6w&dib_tag=se&keywords=smart+phone&qid=1728113458&sprefix=smatrphone%2Caps%2C218&sr=8-239,"TECNO Camon 20 (Serenity Blue, 8GB RAM,256GB Storage)|16GB Expandable RAM | 64MP RGBW Rear Camera|6.67 FHD+ Big AMOLED with in-Display Fingerprint Sensor  ","₹12,999₹12,999 M.R.P: ₹17,999₹17,999 (28% off)",M.R.P: ,10% Off on Select Bank Cards10% Off on Select Bank Cards,3.9 out of 5 stars 239  ," FREE delivery Tue, 8 Oct Or fastest delivery Tomorrow, 6 Oct "
235,https://www.amazon.in/realme-Storage-Flagship-Chipset-Brightest/dp/B0D3J97VSS/ref=sr_1_240?crid=1L0Q91SOR1BM2&dib=eyJ2IjoiMSJ9.deujf9HqmR2-hj1LoYAKdRcWt8KIJayw7mOxguZoY5qoeQpJF45IxZdn63SlHd9egjKNjSnOMCQjE7v-rOD3feB7oCk0ZzjdxDWot0Vn6OIDWL_XmvX6ICM6X-TvlqRd3tIYjOs7EMqUNV4kEfbDDogWpJUqqABghmrCpVl3cuIbt4FArPQWjZIAh0_HgGZg25tNjSQ6v-fTxAszhwEf3BI-r7OlgHQEp9YUL-1T0U0.WhbqEhp8I2-IimyqJd6k13UcPQmK0iT7l1TGKvVCN6w&dib_tag=se&keywords=smart+phone&qid=1728113458&sprefix=smatrphone%2Caps%2C218&sr=8-240,"realme GT 6T 5G (Razor Green,12GB RAM+256GB Storage) | India's 1st 7+ Gen 3 Flagship Chipset | 1.5M+AnTuTu Score | 5500mAh+120W | The World's Brightest Flagship Display  ","₹34,998₹34,998 M.R.P: ₹37,999₹37,999 (8% off)",1K+ bought in past month,"₹4,000 off coupon appliedSave ₹4,000  with coupon ","4.3 out of 5 stars 1,787  "," FREE delivery Tue, 8 Oct Or fastest delivery Tomorrow, 6 Oct "
236,https://www.amazon.in/Phantom-Storage-Charging-Flexible-Secondrary/dp/B0CHYVKZ85/ref=sr_1_241?crid=1L0Q91SOR1BM2&dib=eyJ2IjoiMSJ9.deujf9HqmR2-hj1LoYAKdRcWt8KIJayw7mOxguZoY5qoeQpJF45IxZdn63SlHd9egjKNjSnOMCQjE7v-rOD3feB7oCk0ZzjdxDWot0Vn6OIDWL_XmvX6ICM6X-TvlqRd3tIYjOs7EMqUNV4kEfbDDogWpJUqqABghmrCpVl3cuIbt4FArPQWjZIAh0_HgGZg25tNjSQ6v-fTxAszhwEf3BI-r7OlgHQEp9YUL-1T0U0.WhbqEhp8I2-IimyqJd6k13UcPQmK0iT7l1TGKvVCN6w&dib_tag=se&keywords=smart+phone&qid=1728113458&sprefix=smatrphone%2Caps%2C218&sr=8-241,"TECNO Phantom V Flip 5G (Iconic Black 8GB RAM,256GB Storage) | 45W Fast Charging | 32 MP Selfie, 64 Rear Camera| 6.9"" Flexible, 1.32"" Secondrary AMOLED  ","₹54,899₹54,899 M.R.P: ₹71,999₹71,999 (24% off)",400+ bought in past month,"₹25,000 off coupon appliedSave ₹25,000  with coupon ",3.3 out of 5 stars 220  ," FREE delivery Tue, 8 Oct Or fastest delivery Tomorrow, 6 Oct "
237,https://www.amazon.in/Redmi-Storage-Premium-Powerful-Processor/dp/B0D78V5YFR/ref=sr_1_242?crid=1L0Q91SOR1BM2&dib=eyJ2IjoiMSJ9.deujf9HqmR2-hj1LoYAKdRcWt8KIJayw7mOxguZoY5qoeQpJF45IxZdn63SlHd9egjKNjSnOMCQjE7v-rOD3feB7oCk0ZzjdxDWot0Vn6OIDWL_XmvX6ICM6X-TvlqRd3tIYjOs7EMqUNV4kEfbDDogWpJUqqABghmrCpVl3cuIbt4FArPQWjZIAh0_HgGZg25tNjSQ6v-fTxAszhwEf3BI-r7OlgHQEp9YUL-1T0U0.WhbqEhp8I2-IimyqJd6k13UcPQmK0iT7l1TGKvVCN6w&dib_tag=se&keywords=smart+phone&qid=1728113458&sprefix=smatrphone%2Caps%2C218&sr=8-242,"Redmi A3X (Olive Green, 4GB RAM, 128GB Storage) | Premium Halo Design | 90Hz Display | Powerful Octa Core Processor  ","₹7,770₹7,770 M.R.P: ₹10,999₹10,999 (29% off)",100+ bought in past month,Save extra with No Cost EMISave extra with No Cost EMI,3.6 out of 5 stars 62  ," FREE delivery Wed, 9 Oct Or fastest delivery Tomorrow, 6 Oct "
238,https://www.amazon.in/Micromax-X809-Blue-Theft-1000mAh/dp/B09LHKR88G/ref=sr_1_243?crid=1L0Q91SOR1BM2&dib=eyJ2IjoiMSJ9.deujf9HqmR2-hj1LoYAKdRcWt8KIJayw7mOxguZoY5qoeQpJF45IxZdn63SlHd9egjKNjSnOMCQjE7v-rOD3feB7oCk0ZzjdxDWot0Vn6OIDWL_XmvX6ICM6X-TvlqRd3tIYjOs7EMqUNV4kEfbDDogWpJUqqABghmrCpVl3cuIbt4FArPQWjZIAh0_HgGZg25tNjSQ6v-fTxAszhwEf3BI-r7OlgHQEp9YUL-1T0U0.WhbqEhp8I2-IimyqJd6k13UcPQmK0iT7l1TGKvVCN6w&dib_tag=se&keywords=smart+phone&qid=1728113458&sprefix=smatrphone%2Caps%2C218&sr=8-243,"Micromax All-New X809 |Robust & Reliable Design |Keypad Mobile with 2.4"" Big Screen| 1000 mAh Battery & Big Screen | Expandable Storage Upto 16GB| Super Battery Mode | Wireless FM |Blue  ","₹1,344₹1,344 M.R.P: ₹1,999₹1,999 (33% off)",50+ bought in past month,Service: Installation,3.3 out of 5 stars 236  ," FREE delivery Tue, 8 Oct Or fastest delivery Tomorrow, 6 Oct "
239,https://www.amazon.in/realme-Phonix-Red-128GB-Storage/dp/B0D1VDN8M9/ref=sr_1_244?crid=1L0Q91SOR1BM2&dib=eyJ2IjoiMSJ9.deujf9HqmR2-hj1LoYAKdRcWt8KIJayw7mOxguZoY5qoeQpJF45IxZdn63SlHd9egjKNjSnOMCQjE7v-rOD3feB7oCk0ZzjdxDWot0Vn6OIDWL_XmvX6ICM6X-TvlqRd3tIYjOs7EMqUNV4kEfbDDogWpJUqqABghmrCpVl3cuIbt4FArPQWjZIAh0_HgGZg25tNjSQ6v-fTxAszhwEf3BI-r7OlgHQEp9YUL-1T0U0.WhbqEhp8I2-IimyqJd6k13UcPQmK0iT7l1TGKvVCN6w&dib_tag=se&keywords=smart+phone&qid=1728113458&sprefix=smatrphone%2Caps%2C218&sr=8-244,"realme P1 5G (Phonix Red, 6GB RAM, 128GB Storage)  ","₹14,818₹14,818 M.R.P: ₹20,999₹20,999 (29% off)",300+ bought in past month,10% Off on Select Bank Cards10% Off on Select Bank Cards,3.9 out of 5 stars 401  ," FREE delivery Wed, 9 Oct Or fastest delivery Tomorrow, 6 Oct "
240,https://www.amazon.in/sspa/click?ie=UTF8&spc=MToxODcyNDc2MDc0NzIyNjI5OjE3MjgxMTM0NTg6c3BfYnRmOjMwMDIzMzcwOTAwMDYzMjo6MDo6&url=%2FRedmi-Note-pro-Scarlet-256gb%2Fdp%2FB0D66RDWT6%2Fref%3Dsr_1_245_sspa%3Fcrid%3D1L0Q91SOR1BM2%26dib%3DeyJ2IjoiMSJ9.deujf9HqmR2-hj1LoYAKdRcWt8KIJayw7mOxguZoY5qoeQpJF45IxZdn63SlHd9egjKNjSnOMCQjE7v-rOD3feB7oCk0ZzjdxDWot0Vn6OIDWL_XmvX6ICM6X-TvlqRd3tIYjOs7EMqUNV4kEfbDDogWpJUqqABghmrCpVl3cuIbt4FArPQWjZIAh0_HgGZg25tNjSQ6v-fTxAszhwEf3BI-r7OlgHQEp9YUL-1T0U0.WhbqEhp8I2-IimyqJd6k13UcPQmK0iT7l1TGKvVCN6w%26dib_tag%3Dse%26keywords%3Dsmart%2Bphone%26qid%3D1728113458%26sprefix%3Dsmatrphone%252Caps%252C218%26sr%3D8-245-spons%26sp_csd%3Dd2lkZ2V0TmFtZT1zcF9idGY%26psc%3D1,Redmi Note 13 pro 5g Scarlet red 8gb 256gb  ,"₹23,499₹23,499 M.R.P: ₹30,999₹30,999 (24% off)",200+ bought in past month,Save extra with No Cost EMISave extra with No Cost EMI,4.0 out of 5 stars 30  ," FREE delivery Thu, 10 Oct Or fastest delivery Tomorrow, 6 Oct "
241,https://www.amazon.in/sspa/click?ie=UTF8&spc=MToxODcyNDc2MDc0NzIyNjI5OjE3MjgxMTM0NTg6c3BfYnRmOjMwMDM0NTE5NTYyNDkzMjo6MDo6&url=%2FLava-Yuva-Cosmic-Lavender-Fingerprint%2Fdp%2FB0CT5T86RD%2Fref%3Dsr_1_246_sspa%3Fcrid%3D1L0Q91SOR1BM2%26dib%3DeyJ2IjoiMSJ9.deujf9HqmR2-hj1LoYAKdRcWt8KIJayw7mOxguZoY5qoeQpJF45IxZdn63SlHd9egjKNjSnOMCQjE7v-rOD3feB7oCk0ZzjdxDWot0Vn6OIDWL_XmvX6ICM6X-TvlqRd3tIYjOs7EMqUNV4kEfbDDogWpJUqqABghmrCpVl3cuIbt4FArPQWjZIAh0_HgGZg25tNjSQ6v-fTxAszhwEf3BI-r7OlgHQEp9YUL-1T0U0.WhbqEhp8I2-IimyqJd6k13UcPQmK0iT7l1TGKvVCN6w%26dib_tag%3Dse%26keywords%3Dsmart%2Bphone%26qid%3D1728113458%26sprefix%3Dsmatrphone%252Caps%252C218%26sr%3D8-246-spons%26sp_csd%3Dd2lkZ2V0TmFtZT1zcF9idGY%26psc%3D1,"Lava Yuva 3 (Cosmic Lavender,4+4*GB RAM,UFS 2.2 128GB Storage)|Premium Glossy Back|Octacore Processor|18W Fast Charging|90Hz Punch Hole Display|13MP AI Triple Camera|Side Fingerprint Sensor  ","₹6,699₹6,699 M.R.P: ₹7,999₹7,999 (16% off)",500+ bought in past month,10% Off on Select Bank Cards10% Off on Select Bank Cards,4.0 out of 5 stars 181  ," FREE delivery Tue, 8 Oct Or fastest delivery Tomorrow, 6 Oct "
242,https://www.amazon.in/sspa/click?ie=UTF8&spc=MTo1OTcwNzc0OTI3NDQyNjc0OjE3MjgxMTM0MTE6c3BfbXRmOjIwMTExMjExMjQ4Njk4OjowOjo&url=%2FApple-iPhone-14-256GB-Starlight%2Fdp%2FB0BDJS3MRM%2Fref%3Dsr_1_28_sspa%3Fcrid%3D1L0Q91SOR1BM2%26dib%3DeyJ2IjoiMSJ9.dqonNPfjw7iOCXnMTXwHu_MY-u3AGV2FUF0KlLqMSR-jTTAm1mLQKUvhds1Bkj-gohtKKVqaLUj6F6kx_-8FUxjA6OYeXvWcpegarsOylNT5AWE8BI0AtVoWPFL_5m0tQE8qGbWNXQQT2ImqDb9lSG0muX6tCDLQoNgl45uvXJDHo3Sb1yFXJmsLz3de7ehSktbBjLoYMcS0pWTCdEO2EtJ81gk6Jsc1AS6qKB5IkZI.scNLIHri4NCnnnnDRVvC2MvU2yhX5UjtUwKk0k05W6A%26dib_tag%3Dse%26keywords%3Dsmart%2Bphone%26qid%3D1728113411%26sprefix%3Dsmatrphone%252Caps%252C218%26sr%3D8-28-spons%26sp_csd%3Dd2lkZ2V0TmFtZT1zcF9tdGY%26psc%3D1,Apple iPhone 14 (256 GB) - Starlight  ,"₹69,900₹69,900 M.R.P: ₹89,900₹89,900 (22% off)",M.R.P: ,Flat INR 3000 Off on SBICardsFlat INR 3000 Off on SBICards,"4.5 out of 5 stars 5,570  "," FREE delivery Sat, 12 Oct Or fastest delivery Tomorrow, 6 Oct "
243,https://www.amazon.in/sspa/click?ie=UTF8&spc=MTo5NDEyMDc3OTAzMTYzNjk6MTcyODExMzQ2MjpzcF9hdGZfbmV4dDozMDAwNTc1OTQ1Mzc1MzI6OjA6Og&url=%2FApple-iPhone-15-128-GB%2Fdp%2FB0CHX2F5QT%2Fref%3Dsr_1_241_sspa%3Fcrid%3D1L0Q91SOR1BM2%26dib%3DeyJ2IjoiMSJ9.BEO08Y-_kInpb_ciNV1TcATkKxTUgOC2b8nWEkAzS-oAW2sKSdxzNNQDrfwIU7lqQXg51TXx0_1yCHJIoaw5emCA60nFOVEtZPv1p57oAmGbPqktervCgpG_JNS7TVKCDe04LW7VfkQ6isGgUiplxicDiUqvv2scAEO3E4vCWdlQ95aC1xE29S9Axb3BL29O4PUSGouZ5LgW-sufYaqiNb54xmbZ8WbY02P2bX4XXPc.vjG1xz-d-tVbjeT2D8mCXPReP4vtvAP6iev0hku8NF4%26dib_tag%3Dse%26keywords%3Dsmart%2Bphone%26qid%3D1728113462%26sprefix%3Dsmatrphone%252Caps%252C218%26sr%3D8-241-spons%26sp_csd%3Dd2lkZ2V0TmFtZT1zcF9hdGZfbmV4dA%26psc%3D1,Apple iPhone 15 (128 GB) - Blue  ,"₹69,900₹69,900 M.R.P: ₹79,600₹79,600 (12% off)",500+ bought in past month,Flat INR 3000 Off on SBICardsFlat INR 3000 Off on SBICards,"4.5 out of 5 stars 2,255  "," FREE delivery Tue, 8 Oct Or fastest delivery Tomorrow, 6 Oct "
244,https://www.amazon.in/sspa/click?ie=UTF8&spc=MTo5NDEyMDc3OTAzMTYzNjk6MTcyODExMzQ2MjpzcF9hdGZfbmV4dDoyMDExMTIxMTI0ODc5ODo6MDo6&url=%2FApple-iPhone-14-512GB-Starlight%2Fdp%2FB0BDJBXLSJ%2Fref%3Dsr_1_242_sspa%3Fcrid%3D1L0Q91SOR1BM2%26dib%3DeyJ2IjoiMSJ9.BEO08Y-_kInpb_ciNV1TcATkKxTUgOC2b8nWEkAzS-oAW2sKSdxzNNQDrfwIU7lqQXg51TXx0_1yCHJIoaw5emCA60nFOVEtZPv1p57oAmGbPqktervCgpG_JNS7TVKCDe04LW7VfkQ6isGgUiplxicDiUqvv2scAEO3E4vCWdlQ95aC1xE29S9Axb3BL29O4PUSGouZ5LgW-sufYaqiNb54xmbZ8WbY02P2bX4XXPc.vjG1xz-d-tVbjeT2D8mCXPReP4vtvAP6iev0hku8NF4%26dib_tag%3Dse%26keywords%3Dsmart%2Bphone%26qid%3D1728113462%26sprefix%3Dsmatrphone%252Caps%252C218%26sr%3D8-242-spons%26sp_csd%3Dd2lkZ2V0TmFtZT1zcF9hdGZfbmV4dA%26psc%3D1,Apple iPhone 14 (512 GB) - Starlight  ,"₹89,900₹89,900 M.R.P: ₹99,900₹99,900 (10% off)",M.R.P: ,Flat INR 3000 Off on SBICardsFlat INR 3000 Off on SBICards,"4.5 out of 5 stars 5,570  "," FREE delivery Tue, 8 Oct Or fastest delivery Tomorrow, 6 Oct "
245,https://www.amazon.in/Renewed-Poco-F4-Night-Storage/dp/B0BMXGYVFW/ref=sr_1_243?crid=1L0Q91SOR1BM2&dib=eyJ2IjoiMSJ9.BEO08Y-_kInpb_ciNV1TcATkKxTUgOC2b8nWEkAzS-oAW2sKSdxzNNQDrfwIU7lqQXg51TXx0_1yCHJIoaw5emCA60nFOVEtZPv1p57oAmGbPqktervCgpG_JNS7TVKCDe04LW7VfkQ6isGgUiplxicDiUqvv2scAEO3E4vCWdlQ95aC1xE29S9Axb3BL29O4PUSGouZ5LgW-sufYaqiNb54xmbZ8WbY02P2bX4XXPc.vjG1xz-d-tVbjeT2D8mCXPReP4vtvAP6iev0hku8NF4&dib_tag=se&keywords=smart+phone&qid=1728113462&sprefix=smatrphone%2Caps%2C218&sr=8-243,"(Refurbished) Poco F4 5G (Night Black,6GB RAM, 128GB Storage)  ","₹11,990₹11,990 M.R.P.: ₹32,999₹32,999 (64% off)",M.R.P.: ,10% Off on Select Bank Cards10% Off on Select Bank Cards,3.2 out of 5 stars 8  ," FREE delivery Thu, 10 Oct Or fastest delivery Tomorrow, 6 Oct "
246,https://www.amazon.in/Oneplus-Open-Apex-16GB-Storage/dp/B0D9W7Y3XM/ref=sr_1_244?crid=1L0Q91SOR1BM2&dib=eyJ2IjoiMSJ9.BEO08Y-_kInpb_ciNV1TcATkKxTUgOC2b8nWEkAzS-oAW2sKSdxzNNQDrfwIU7lqQXg51TXx0_1yCHJIoaw5emCA60nFOVEtZPv1p57oAmGbPqktervCgpG_JNS7TVKCDe04LW7VfkQ6isGgUiplxicDiUqvv2scAEO3E4vCWdlQ95aC1xE29S9Axb3BL29O4PUSGouZ5LgW-sufYaqiNb54xmbZ8WbY02P2bX4XXPc.vjG1xz-d-tVbjeT2D8mCXPReP4vtvAP6iev0hku8NF4&dib_tag=se&keywords=smart+phone&qid=1728113462&sprefix=smatrphone%2Caps%2C218&sr=8-244,"Oneplus Open (Apex Edition,16GB RAM, 1TB Storage)  ","₹1,49,998₹1,49,998 M.R.P: ₹1,59,999₹1,59,999 (6% off)",50+ bought in past month,10% Off on select cards10% Off on select cards,4.2 out of 5 stars 58  ," FREE delivery Tue, 8 Oct Or fastest delivery Tomorrow, 6 Oct "
247,https://www.amazon.in/realme-Submarine-Storage-Display-Periscope/dp/B0CSWMQV9Z/ref=sr_1_245?crid=1L0Q91SOR1BM2&dib=eyJ2IjoiMSJ9.BEO08Y-_kInpb_ciNV1TcATkKxTUgOC2b8nWEkAzS-oAW2sKSdxzNNQDrfwIU7lqQXg51TXx0_1yCHJIoaw5emCA60nFOVEtZPv1p57oAmGbPqktervCgpG_JNS7TVKCDe04LW7VfkQ6isGgUiplxicDiUqvv2scAEO3E4vCWdlQ95aC1xE29S9Axb3BL29O4PUSGouZ5LgW-sufYaqiNb54xmbZ8WbY02P2bX4XXPc.vjG1xz-d-tVbjeT2D8mCXPReP4vtvAP6iev0hku8NF4&dib_tag=se&keywords=smart+phone&qid=1728113462&sprefix=smatrphone%2Caps%2C218&sr=8-245,"realme 12 Pro+ 5G (Submarine Blue, 8GB RAM, 256GB Storage) | 6.7"" 120Hz Curved AMOLED Display | 64MP Periscope + 50MP Sony IMX 890 OIS Camera + 8MP | 32MP Selfie Camera | 67W Super VOOC Charge  ","₹26,775₹26,775 M.R.P: ₹35,999₹35,999 (26% off)",300+ bought in past month,10% Off on Select Bank Cards10% Off on Select Bank Cards,4.1 out of 5 stars 399  ," FREE delivery Wed, 9 Oct Or fastest delivery Tomorrow, 6 Oct "
248,https://www.amazon.in/Vivo-Diamond-Storage-Additional-Exchange/dp/B07WFPM8BP/ref=sr_1_246?crid=1L0Q91SOR1BM2&dib=eyJ2IjoiMSJ9.BEO08Y-_kInpb_ciNV1TcATkKxTUgOC2b8nWEkAzS-oAW2sKSdxzNNQDrfwIU7lqQXg51TXx0_1yCHJIoaw5emCA60nFOVEtZPv1p57oAmGbPqktervCgpG_JNS7TVKCDe04LW7VfkQ6isGgUiplxicDiUqvv2scAEO3E4vCWdlQ95aC1xE29S9Axb3BL29O4PUSGouZ5LgW-sufYaqiNb54xmbZ8WbY02P2bX4XXPc.vjG1xz-d-tVbjeT2D8mCXPReP4vtvAP6iev0hku8NF4&dib_tag=se&keywords=smart+phone&qid=1728113462&sprefix=smatrphone%2Caps%2C218&sr=8-246,"Vivo Y200e 5G (Black Diamond, 6GB RAM, 128GB Storage) with No Cost EMI/Additional Exchange Offers  ","₹19,999₹19,999 M.R.P: ₹23,999₹23,999 (17% off)",M.R.P: ,Flat INR 250 Off on SBICardsFlat INR 250 Off on SBICards,4.1 out of 5 stars 289  ," FREE delivery Mon, 7 Oct Or fastest delivery Tomorrow, 6 Oct "
249,https://www.amazon.in/Redmi-Fusion-Storage-Mediatek-HyperCharge/dp/B0CRQ7RH64/ref=sr_1_247?crid=1L0Q91SOR1BM2&dib=eyJ2IjoiMSJ9.BEO08Y-_kInpb_ciNV1TcATkKxTUgOC2b8nWEkAzS-oAW2sKSdxzNNQDrfwIU7lqQXg51TXx0_1yCHJIoaw5emCA60nFOVEtZPv1p57oAmGbPqktervCgpG_JNS7TVKCDe04LW7VfkQ6isGgUiplxicDiUqvv2scAEO3E4vCWdlQ95aC1xE29S9Axb3BL29O4PUSGouZ5LgW-sufYaqiNb54xmbZ8WbY02P2bX4XXPc.vjG1xz-d-tVbjeT2D8mCXPReP4vtvAP6iev0hku8NF4&dib_tag=se&keywords=smart+phone&qid=1728113462&sprefix=smatrphone%2Caps%2C218&sr=8-247,"Redmi Note 13 Pro+ (Fusion Black, 12GB RAM, 256GB Storage) | World's First Mediatek 7200 Ultra 5G | 200MP Hi-Res Camera | 1.5K Curved AMOLED | 120W HyperCharge  ","₹29,999₹29,999 M.R.P: ₹35,999₹35,999 (17% off)",200+ bought in past month,Save extra with No Cost EMISave extra with No Cost EMI,3.8 out of 5 stars 687  ," FREE delivery Thu, 10 Oct Or fastest delivery Tomorrow, 6 Oct "
250,https://www.amazon.in/Redmi-Fusion-Storage-Mediatek-HyperCharge/dp/B0CRQ838Z9/ref=sr_1_248?crid=1L0Q91SOR1BM2&dib=eyJ2IjoiMSJ9.BEO08Y-_kInpb_ciNV1TcATkKxTUgOC2b8nWEkAzS-oAW2sKSdxzNNQDrfwIU7lqQXg51TXx0_1yCHJIoaw5emCA60nFOVEtZPv1p57oAmGbPqktervCgpG_JNS7TVKCDe04LW7VfkQ6isGgUiplxicDiUqvv2scAEO3E4vCWdlQ95aC1xE29S9Axb3BL29O4PUSGouZ5LgW-sufYaqiNb54xmbZ8WbY02P2bX4XXPc.vjG1xz-d-tVbjeT2D8mCXPReP4vtvAP6iev0hku8NF4&dib_tag=se&keywords=smart+phone&qid=1728113462&sprefix=smatrphone%2Caps%2C218&sr=8-248,"Redmi Note 13 Pro+ (Fusion White, 8GB RAM, 256GB Storage) | World's First Mediatek 7200 Ultra 5G | 200MP Hi-Res Camera | 1.5K Curved AMOLED | 120W HyperCharge  ","₹27,999₹27,999 M.R.P: ₹33,999₹33,999 (18% off)",200+ bought in past month,Save extra with No Cost EMISave extra with No Cost EMI,3.8 out of 5 stars 687  ," FREE delivery Mon, 7 Oct Or fastest delivery Tomorrow, 6 Oct "
251,https://www.amazon.in/Redmi-Fusion-Storage-Mediatek-HyperCharge/dp/B0CRQ95DLZ/ref=sr_1_249?crid=1L0Q91SOR1BM2&dib=eyJ2IjoiMSJ9.BEO08Y-_kInpb_ciNV1TcATkKxTUgOC2b8nWEkAzS-oAW2sKSdxzNNQDrfwIU7lqQXg51TXx0_1yCHJIoaw5emCA60nFOVEtZPv1p57oAmGbPqktervCgpG_JNS7TVKCDe04LW7VfkQ6isGgUiplxicDiUqvv2scAEO3E4vCWdlQ95aC1xE29S9Axb3BL29O4PUSGouZ5LgW-sufYaqiNb54xmbZ8WbY02P2bX4XXPc.vjG1xz-d-tVbjeT2D8mCXPReP4vtvAP6iev0hku8NF4&dib_tag=se&keywords=smart+phone&qid=1728113462&sprefix=smatrphone%2Caps%2C218&sr=8-249,"Redmi Note 13 Pro+ (Fusion Purple, 12GB RAM, 256GB Storage) | World's First Mediatek 7200 Ultra 5G | 200MP Hi-Res Camera | 1.5K Curved AMOLED | 120W HyperCharge  ","₹29,999₹29,999 M.R.P: ₹35,999₹35,999 (17% off)",300+ bought in past month,Save extra with No Cost EMISave extra with No Cost EMI,3.8 out of 5 stars 687  ," FREE delivery Tue, 8 Oct Or fastest delivery Tomorrow, 6 Oct "
252,https://www.amazon.in/CMF-NOTHING-Phone-128-Orange/dp/B0D9BQ4MQ8/ref=sr_1_250?crid=1L0Q91SOR1BM2&dib=eyJ2IjoiMSJ9.BEO08Y-_kInpb_ciNV1TcATkKxTUgOC2b8nWEkAzS-oAW2sKSdxzNNQDrfwIU7lqQXg51TXx0_1yCHJIoaw5emCA60nFOVEtZPv1p57oAmGbPqktervCgpG_JNS7TVKCDe04LW7VfkQ6isGgUiplxicDiUqvv2scAEO3E4vCWdlQ95aC1xE29S9Axb3BL29O4PUSGouZ5LgW-sufYaqiNb54xmbZ8WbY02P2bX4XXPc.vjG1xz-d-tVbjeT2D8mCXPReP4vtvAP6iev0hku8NF4&dib_tag=se&keywords=smart+phone&qid=1728113462&sprefix=smatrphone%2Caps%2C218&sr=8-250,CMF BY NOTHING Phone 1 5G (128 GB) (8 GB RAM) (Orange)  ,"₹16,690₹16,690 M.R.P: ₹21,999₹21,999 (24% off)",100+ bought in past month,10% Off on Select Bank Cards10% Off on Select Bank Cards,4.7 out of 5 stars 4  ," FREE delivery Wed, 9 Oct Or fastest delivery Tomorrow, 6 Oct "
253,https://www.amazon.in/realme-Segments-Dimensity-Motorsports-Inspired/dp/B0DDTZTVG9/ref=sr_1_29?crid=1L0Q91SOR1BM2&dib=eyJ2IjoiMSJ9.dqonNPfjw7iOCXnMTXwHu_MY-u3AGV2FUF0KlLqMSR-jTTAm1mLQKUvhds1Bkj-gohtKKVqaLUj6F6kx_-8FUxjA6OYeXvWcpegarsOylNT5AWE8BI0AtVoWPFL_5m0tQE8qGbWNXQQT2ImqDb9lSG0muX6tCDLQoNgl45uvXJDHo3Sb1yFXJmsLz3de7ehSktbBjLoYMcS0pWTCdEO2EtJ81gk6Jsc1AS6qKB5IkZI.scNLIHri4NCnnnnDRVvC2MvU2yhX5UjtUwKk0k05W6A&dib_tag=se&keywords=smart+phone&qid=1728113411&sprefix=smatrphone%2Caps%2C218&sr=8-29,"realme NARZO 70 Turbo 5G (Turbo Purple,12GB RAM, 256GB Storage) | Segment's Fastest Dimensity 7300 Energy 5G Chipset | Motorsports Inspired Design  ","₹20,998₹20,998 M.R.P: ₹23,999₹23,999 (13% off)",500+ bought in past month,Save extra with No Cost EMISave extra with No Cost EMI,4.4 out of 5 stars 382  ," FREE delivery Tue, 8 Oct Or fastest delivery Tomorrow, 6 Oct "
254,https://www.amazon.in/sspa/click?ie=UTF8&spc=MTo5NDEyMDc3OTAzMTYzNjk6MTcyODExMzQ2MjpzcF9tdGY6MzAwMzQ1MTk1NjI1MDMyOjowOjo&url=%2FLava-Yuva-Eclipse-Black-Fingerprint%2Fdp%2FB0CT5W2T2F%2Fref%3Dsr_1_252_sspa%3Fcrid%3D1L0Q91SOR1BM2%26dib%3DeyJ2IjoiMSJ9.BEO08Y-_kInpb_ciNV1TcATkKxTUgOC2b8nWEkAzS-oAW2sKSdxzNNQDrfwIU7lqQXg51TXx0_1yCHJIoaw5emCA60nFOVEtZPv1p57oAmGbPqktervCgpG_JNS7TVKCDe04LW7VfkQ6isGgUiplxicDiUqvv2scAEO3E4vCWdlQ95aC1xE29S9Axb3BL29O4PUSGouZ5LgW-sufYaqiNb54xmbZ8WbY02P2bX4XXPc.vjG1xz-d-tVbjeT2D8mCXPReP4vtvAP6iev0hku8NF4%26dib_tag%3Dse%26keywords%3Dsmart%2Bphone%26qid%3D1728113462%26sprefix%3Dsmatrphone%252Caps%252C218%26sr%3D8-252-spons%26sp_csd%3Dd2lkZ2V0TmFtZT1zcF9tdGY%26psc%3D1,"Lava Yuva 3 (Eclipse Black,4+4*GB RAM,UFS 2.2 128GB Storage)|Premium Glossy Back|Octacore Processor|18W Fast Charging|90Hz Punch Hole Display|13MP AI Triple Camera|Side Fingerprint Sensor  ","₹6,699₹6,699 M.R.P: ₹8,499₹8,499 (21% off)",400+ bought in past month,10% Off on Select Bank Cards10% Off on Select Bank Cards,4.0 out of 5 stars 181  ," FREE delivery Tue, 8 Oct Or fastest delivery Tomorrow, 6 Oct "
255,https://www.amazon.in/iQOO-Conqueror-Snapdragon-processor-Supercomputing/dp/B07WFPLWFB/ref=sr_1_253?crid=1L0Q91SOR1BM2&dib=eyJ2IjoiMSJ9.BEO08Y-_kInpb_ciNV1TcATkKxTUgOC2b8nWEkAzS-oAW2sKSdxzNNQDrfwIU7lqQXg51TXx0_1yCHJIoaw5emCA60nFOVEtZPv1p57oAmGbPqktervCgpG_JNS7TVKCDe04LW7VfkQ6isGgUiplxicDiUqvv2scAEO3E4vCWdlQ95aC1xE29S9Axb3BL29O4PUSGouZ5LgW-sufYaqiNb54xmbZ8WbY02P2bX4XXPc.vjG1xz-d-tVbjeT2D8mCXPReP4vtvAP6iev0hku8NF4&dib_tag=se&keywords=smart+phone&qid=1728113462&sprefix=smatrphone%2Caps%2C218&sr=8-253,"iQOO Neo9 Pro 5G (Conqueror Black, 8GB RAM, 256GB Storage) | Snapdragon 8 Gen 2 Processor | Supercomputing Chip Q1 | Flagship Level Sony IMX920 Camera  ","₹35,999₹35,999 M.R.P: ₹41,999₹41,999 (14% off)",1K+ bought in past month,Flat  INR 1000 Off on SBICardsFlat  INR 1000 Off on SBICards,"4.3 out of 5 stars 3,323  "," FREE delivery Tue, 8 Oct Or fastest delivery Tomorrow, 6 Oct "
256,https://www.amazon.in/Xiaomi-Storage-Professional-Optics-AMOLED/dp/B0CW3JRLH1/ref=sr_1_255?crid=1L0Q91SOR1BM2&dib=eyJ2IjoiMSJ9.BEO08Y-_kInpb_ciNV1TcATkKxTUgOC2b8nWEkAzS-oAW2sKSdxzNNQDrfwIU7lqQXg51TXx0_1yCHJIoaw5emCA60nFOVEtZPv1p57oAmGbPqktervCgpG_JNS7TVKCDe04LW7VfkQ6isGgUiplxicDiUqvv2scAEO3E4vCWdlQ95aC1xE29S9Axb3BL29O4PUSGouZ5LgW-sufYaqiNb54xmbZ8WbY02P2bX4XXPc.vjG1xz-d-tVbjeT2D8mCXPReP4vtvAP6iev0hku8NF4&dib_tag=se&keywords=smart+phone&qid=1728113462&sprefix=smatrphone%2Caps%2C218&sr=8-255,"Xiaomi 14 (Black, 12GB RAM, 512GB Storage) | 50MP Leica Professional Optics | 120 Hz 1.5K LTPO AMOLED | SD 8 Gen 3 Hyper OS  ","₹47,999₹47,999 M.R.P: ₹79,999₹79,999 (40% off)",2K+ bought in past month,10% Off on Select Bank Cards10% Off on Select Bank Cards,4.2 out of 5 stars 300  ," FREE delivery Tue, 8 Oct Or fastest delivery Tomorrow, 6 Oct "
257,https://www.amazon.in/POCO-Pastel-Green-128GB-Storage/dp/B0CY299SKS/ref=sr_1_256?crid=1L0Q91SOR1BM2&dib=eyJ2IjoiMSJ9.BEO08Y-_kInpb_ciNV1TcATkKxTUgOC2b8nWEkAzS-oAW2sKSdxzNNQDrfwIU7lqQXg51TXx0_1yCHJIoaw5emCA60nFOVEtZPv1p57oAmGbPqktervCgpG_JNS7TVKCDe04LW7VfkQ6isGgUiplxicDiUqvv2scAEO3E4vCWdlQ95aC1xE29S9Axb3BL29O4PUSGouZ5LgW-sufYaqiNb54xmbZ8WbY02P2bX4XXPc.vjG1xz-d-tVbjeT2D8mCXPReP4vtvAP6iev0hku8NF4&dib_tag=se&keywords=smart+phone&qid=1728113462&sprefix=smatrphone%2Caps%2C218&sr=8-256,POCO C65 (Pastel Green 4GB RAM 128GB Storage)  ,"₹6,799₹6,799 M.R.P: ₹10,999₹10,999 (38% off)",4K+ bought in past month,Service: Installation,"4.0 out of 5 stars 2,477  "," FREE delivery Thu, 17 Oct Or fastest delivery Tomorrow, 6 Oct "
258,https://www.amazon.in/Micromax-Green-4GB-64GB-Storage/dp/B09RV7G1XQ/ref=sr_1_257?crid=1L0Q91SOR1BM2&dib=eyJ2IjoiMSJ9.BEO08Y-_kInpb_ciNV1TcATkKxTUgOC2b8nWEkAzS-oAW2sKSdxzNNQDrfwIU7lqQXg51TXx0_1yCHJIoaw5emCA60nFOVEtZPv1p57oAmGbPqktervCgpG_JNS7TVKCDe04LW7VfkQ6isGgUiplxicDiUqvv2scAEO3E4vCWdlQ95aC1xE29S9Axb3BL29O4PUSGouZ5LgW-sufYaqiNb54xmbZ8WbY02P2bX4XXPc.vjG1xz-d-tVbjeT2D8mCXPReP4vtvAP6iev0hku8NF4&dib_tag=se&keywords=smart+phone&qid=1728113462&sprefix=smatrphone%2Caps%2C218&sr=8-257,"Micromax in 2B (Green, 6GB RAM, 64GB Storage)  ","₹6,899₹6,899 M.R.P: ₹11,999₹11,999 (43% off)",M.R.P: ,10% Off on Select Bank Cards10% Off on Select Bank Cards,3.1 out of 5 stars 19  ," FREE delivery Thu, 10 Oct Or fastest delivery Tomorrow, 6 Oct "
259,https://www.amazon.in/Spotlight-Portrait-Flagship-Display-AI-Powered/dp/B0D3RFLZLM/ref=sr_1_258?crid=1L0Q91SOR1BM2&dib=eyJ2IjoiMSJ9.BEO08Y-_kInpb_ciNV1TcATkKxTUgOC2b8nWEkAzS-oAW2sKSdxzNNQDrfwIU7lqQXg51TXx0_1yCHJIoaw5emCA60nFOVEtZPv1p57oAmGbPqktervCgpG_JNS7TVKCDe04LW7VfkQ6isGgUiplxicDiUqvv2scAEO3E4vCWdlQ95aC1xE29S9Axb3BL29O4PUSGouZ5LgW-sufYaqiNb54xmbZ8WbY02P2bX4XXPc.vjG1xz-d-tVbjeT2D8mCXPReP4vtvAP6iev0hku8NF4&dib_tag=se&keywords=smart+phone&qid=1728113462&sprefix=smatrphone%2Caps%2C218&sr=8-258,"HONOR 200 Lite 5G (Cyan Lake, 8GB+256GB) | 108MP & 50MP Spotlight Portrait Camera | Flagship AMOLED Display | 3240Hz PWM Dimming | AI-Powered MagicOS 8.0 | Charger in The Box  ","₹17,998₹17,998 M.R.P: ₹24,999₹24,999 (28% off)",400+ bought in past month,10% Off on Select Bank Cards10% Off on Select Bank Cards,3.8 out of 5 stars 8  ," FREE delivery Tue, 8 Oct Or fastest delivery Tomorrow, 6 Oct "
260,https://www.amazon.in/realme-Miracle-Storage-Flagship-Brightest/dp/B0D8JM6BHN/ref=sr_1_259?crid=1L0Q91SOR1BM2&dib=eyJ2IjoiMSJ9.BEO08Y-_kInpb_ciNV1TcATkKxTUgOC2b8nWEkAzS-oAW2sKSdxzNNQDrfwIU7lqQXg51TXx0_1yCHJIoaw5emCA60nFOVEtZPv1p57oAmGbPqktervCgpG_JNS7TVKCDe04LW7VfkQ6isGgUiplxicDiUqvv2scAEO3E4vCWdlQ95aC1xE29S9Axb3BL29O4PUSGouZ5LgW-sufYaqiNb54xmbZ8WbY02P2bX4XXPc.vjG1xz-d-tVbjeT2D8mCXPReP4vtvAP6iev0hku8NF4&dib_tag=se&keywords=smart+phone&qid=1728113462&sprefix=smatrphone%2Caps%2C218&sr=8-259,"realme GT 6T 5G (Miracle Purple,8GB RAM+256GB Storage) | India's 1st 7+ Gen 3 Flagship Chipset | 1.5M + AnTuTu Score | 5500mAh+120W | The World's Brightest Flagship Display  ","₹31,998₹31,998 M.R.P: ₹35,999₹35,999 (11% off)",2K+ bought in past month,"₹4,000 off coupon appliedSave ₹4,000  with coupon ","4.3 out of 5 stars 1,787  "," FREE delivery Tue, 8 Oct Or fastest delivery Tomorrow, 6 Oct "
261,https://www.amazon.in/JioFi-Phone-Next-Blue-Smartphone/dp/B09QCNZCMX/ref=sr_1_260?crid=1L0Q91SOR1BM2&dib=eyJ2IjoiMSJ9.BEO08Y-_kInpb_ciNV1TcATkKxTUgOC2b8nWEkAzS-oAW2sKSdxzNNQDrfwIU7lqQXg51TXx0_1yCHJIoaw5emCA60nFOVEtZPv1p57oAmGbPqktervCgpG_JNS7TVKCDe04LW7VfkQ6isGgUiplxicDiUqvv2scAEO3E4vCWdlQ95aC1xE29S9Axb3BL29O4PUSGouZ5LgW-sufYaqiNb54xmbZ8WbY02P2bX4XXPc.vjG1xz-d-tVbjeT2D8mCXPReP4vtvAP6iev0hku8NF4&dib_tag=se&keywords=smart+phone&qid=1728113462&sprefix=smatrphone%2Caps%2C218&sr=8-260,"JioFi Jio Phone Next 32 GB ROM, 2 GB RAM, Blue, Smartphone  ","₹5,699₹5,699 M.R.P: ₹7,999₹7,999 (29% off)",100+ bought in past month,10% Off on Select Bank Cards10% Off on Select Bank Cards,3.5 out of 5 stars 541  ," FREE delivery Fri, 11 Oct Or fastest delivery Tue, 8 Oct "
262,https://www.amazon.in/realme-Twilight-Storage-5000mAh-Durable/dp/B0D54G9YTS/ref=sr_1_30?crid=1L0Q91SOR1BM2&dib=eyJ2IjoiMSJ9.dqonNPfjw7iOCXnMTXwHu_MY-u3AGV2FUF0KlLqMSR-jTTAm1mLQKUvhds1Bkj-gohtKKVqaLUj6F6kx_-8FUxjA6OYeXvWcpegarsOylNT5AWE8BI0AtVoWPFL_5m0tQE8qGbWNXQQT2ImqDb9lSG0muX6tCDLQoNgl45uvXJDHo3Sb1yFXJmsLz3de7ehSktbBjLoYMcS0pWTCdEO2EtJ81gk6Jsc1AS6qKB5IkZI.scNLIHri4NCnnnnDRVvC2MvU2yhX5UjtUwKk0k05W6A&dib_tag=se&keywords=smart+phone&qid=1728113411&sprefix=smatrphone%2Caps%2C218&sr=8-30,"realme NARZO N63 (Twilight Purple,4GB RAM+64GB Storage) 45W Fast Charge | 5000mAh Durable Battery | 7.74mm Ultra Slim | 50MP AI Camera | AI Boost  ","₹7,199₹7,199 M.R.P: ₹9,999₹9,999 (28% off)",2K+ bought in past month,Save extra with No Cost EMISave extra with No Cost EMI,3.9 out of 5 stars 634  ," FREE delivery Tue, 8 Oct Or fastest delivery Tomorrow, 6 Oct "
263,https://www.amazon.in/sspa/click?ie=UTF8&spc=MTo5NDEyMDc3OTAzMTYzNjk6MTcyODExMzQ2MjpzcF9idGY6MzAwMTUyODEwNzQ0NjMyOjowOjo&url=%2FRedmi-Note-13-Midnight-TurboCharge%2Fdp%2FB0CRQG5DWS%2Fref%3Dsr_1_261_sspa%3Fcrid%3D1L0Q91SOR1BM2%26dib%3DeyJ2IjoiMSJ9.BEO08Y-_kInpb_ciNV1TcATkKxTUgOC2b8nWEkAzS-oAW2sKSdxzNNQDrfwIU7lqQXg51TXx0_1yCHJIoaw5emCA60nFOVEtZPv1p57oAmGbPqktervCgpG_JNS7TVKCDe04LW7VfkQ6isGgUiplxicDiUqvv2scAEO3E4vCWdlQ95aC1xE29S9Axb3BL29O4PUSGouZ5LgW-sufYaqiNb54xmbZ8WbY02P2bX4XXPc.vjG1xz-d-tVbjeT2D8mCXPReP4vtvAP6iev0hku8NF4%26dib_tag%3Dse%26keywords%3Dsmart%2Bphone%26qid%3D1728113462%26sprefix%3Dsmatrphone%252Caps%252C218%26sr%3D8-261-spons%26sp_csd%3Dd2lkZ2V0TmFtZT1zcF9idGY%26psc%3D1,"Redmi Note 13 Pro (Midnight Black, 8GB RAM, 128GB Storage) | 1.5K AMOLED | 200MP Hi-Res Camera | Flagship 4nm SD 7s Gen 2 | 67W TurboCharge  ","₹22,999₹22,999 M.R.P: ₹28,999₹28,999 (21% off)",500+ bought in past month,Save extra with No Cost EMISave extra with No Cost EMI,"4.0 out of 5 stars 1,070  "," FREE delivery Mon, 7 Oct Or fastest delivery Tomorrow, 6 Oct "
264,https://www.amazon.in/sspa/click?ie=UTF8&spc=MTo5NDEyMDc3OTAzMTYzNjk6MTcyODExMzQ2MjpzcF9idGY6MzAwMTE4NjQ2MjY0NzMyOjowOjo&url=%2FRedmi-Stealth-Bezel-Less-Slimmest-Pro-Grade%2Fdp%2FB0CQPHMWR3%2Fref%3Dsr_1_262_sspa%3Fcrid%3D1L0Q91SOR1BM2%26dib%3DeyJ2IjoiMSJ9.BEO08Y-_kInpb_ciNV1TcATkKxTUgOC2b8nWEkAzS-oAW2sKSdxzNNQDrfwIU7lqQXg51TXx0_1yCHJIoaw5emCA60nFOVEtZPv1p57oAmGbPqktervCgpG_JNS7TVKCDe04LW7VfkQ6isGgUiplxicDiUqvv2scAEO3E4vCWdlQ95aC1xE29S9Axb3BL29O4PUSGouZ5LgW-sufYaqiNb54xmbZ8WbY02P2bX4XXPc.vjG1xz-d-tVbjeT2D8mCXPReP4vtvAP6iev0hku8NF4%26dib_tag%3Dse%26keywords%3Dsmart%2Bphone%26qid%3D1728113462%26sprefix%3Dsmatrphone%252Caps%252C218%26sr%3D8-262-spons%26sp_csd%3Dd2lkZ2V0TmFtZT1zcF9idGY%26psc%3D1,"Redmi Note 13 5G (Stealth Black, 6GB RAM, 128GB Storage) | 5G Ready | 120Hz Bezel-Less AMOLED | 7.mm Slimmest Note Ever | 108MP Pro-Grade Camera  ","₹15,999₹15,999 M.R.P: ₹20,999₹20,999 (24% off)",1K+ bought in past month,Flat INR 1000 Off on ALL BanksCardsFlat INR 1000 Off on ALL BanksCards,"3.7 out of 5 stars 5,134  "," FREE delivery Mon, 7 Oct Or fastest delivery Tomorrow, 6 Oct "
265,https://www.amazon.in/sspa/click?ie=UTF8&spc=MTo0OTM4NzU1MTY5MDg0NDM2OjE3MjgxMTM0NjQ6c3BfYXRmX25leHQ6MzAwMDU3NTk0NTM4NTMyOjowOjo&url=%2FApple-iPhone-15-512-GB%2Fdp%2FB0CHX3QB9M%2Fref%3Dsr_1_257_sspa%3Fcrid%3D1L0Q91SOR1BM2%26dib%3DeyJ2IjoiMSJ9.ntjxXDpZKkd6dhXQwv34tvJjoMKpACjk9i5fBay5LPowI1nWin-iEzUReq6bYyLlR2aAJb3uP3ogajc_yDZWdGvlGnUbR5yoNodoMhS-HDEKCrw0Dp61bfNDj7s-odT3V4Dbi02mHAH5w2Lf2KpWHFHHp-cgYxJY9_OkD0hBVEjGTCviTebCU3g1E0qEVLowJSrAC6LOZOGygiD7-SIh__709PKt7v23pTyriiHctro.uPb11lmV_xlTxiJjZ2eELYXCd8Aud_fUEkhiQvrP2v4%26dib_tag%3Dse%26keywords%3Dsmart%2Bphone%26qid%3D1728113464%26sprefix%3Dsmatrphone%252Caps%252C218%26sr%3D8-257-spons%26sp_csd%3Dd2lkZ2V0TmFtZT1zcF9hdGZfbmV4dA%26psc%3D1,Apple iPhone 15 (512 GB) - Yellow  ,"₹99,900₹99,900 M.R.P: ₹1,09,900₹1,09,900 (9% off)",M.R.P: ,Flat INR 3000 Off on SBICardsFlat INR 3000 Off on SBICards,"4.5 out of 5 stars 2,255  "," FREE delivery Thu, 10 Oct Or fastest delivery Tomorrow, 6 Oct "
266,https://www.amazon.in/Renewed-Poco-F4-Night-Storage/dp/B0BMXGYVFW/ref=sr_1_259?crid=1L0Q91SOR1BM2&dib=eyJ2IjoiMSJ9.ntjxXDpZKkd6dhXQwv34tvJjoMKpACjk9i5fBay5LPowI1nWin-iEzUReq6bYyLlR2aAJb3uP3ogajc_yDZWdGvlGnUbR5yoNodoMhS-HDEKCrw0Dp61bfNDj7s-odT3V4Dbi02mHAH5w2Lf2KpWHFHHp-cgYxJY9_OkD0hBVEjGTCviTebCU3g1E0qEVLowJSrAC6LOZOGygiD7-SIh__709PKt7v23pTyriiHctro.uPb11lmV_xlTxiJjZ2eELYXCd8Aud_fUEkhiQvrP2v4&dib_tag=se&keywords=smart+phone&qid=1728113464&sprefix=smatrphone%2Caps%2C218&sr=8-259,"(Refurbished) Poco F4 5G (Night Black,6GB RAM, 128GB Storage)  ","₹11,990₹11,990 M.R.P.: ₹32,999₹32,999 (64% off)",M.R.P.: ,10% Off on Select Bank Cards10% Off on Select Bank Cards,3.2 out of 5 stars 8  ," FREE delivery Thu, 10 Oct Or fastest delivery Tomorrow, 6 Oct "
267,https://www.amazon.in/Xiaomi-Storage-Professional-Optics-AMOLED/dp/B0CW3JRLH1/ref=sr_1_261?crid=1L0Q91SOR1BM2&dib=eyJ2IjoiMSJ9.ntjxXDpZKkd6dhXQwv34tvJjoMKpACjk9i5fBay5LPowI1nWin-iEzUReq6bYyLlR2aAJb3uP3ogajc_yDZWdGvlGnUbR5yoNodoMhS-HDEKCrw0Dp61bfNDj7s-odT3V4Dbi02mHAH5w2Lf2KpWHFHHp-cgYxJY9_OkD0hBVEjGTCviTebCU3g1E0qEVLowJSrAC6LOZOGygiD7-SIh__709PKt7v23pTyriiHctro.uPb11lmV_xlTxiJjZ2eELYXCd8Aud_fUEkhiQvrP2v4&dib_tag=se&keywords=smart+phone&qid=1728113464&sprefix=smatrphone%2Caps%2C218&sr=8-261,"Xiaomi 14 (Black, 12GB RAM, 512GB Storage) | 50MP Leica Professional Optics | 120 Hz 1.5K LTPO AMOLED | SD 8 Gen 3 Hyper OS  ","₹47,999₹47,999 M.R.P: ₹79,999₹79,999 (40% off)",2K+ bought in past month,10% Off on Select Bank Cards10% Off on Select Bank Cards,4.2 out of 5 stars 300  ," FREE delivery Tue, 8 Oct Or fastest delivery Tomorrow, 6 Oct "
268,https://www.amazon.in/POCO-Pastel-Green-128GB-Storage/dp/B0CY299SKS/ref=sr_1_262?crid=1L0Q91SOR1BM2&dib=eyJ2IjoiMSJ9.ntjxXDpZKkd6dhXQwv34tvJjoMKpACjk9i5fBay5LPowI1nWin-iEzUReq6bYyLlR2aAJb3uP3ogajc_yDZWdGvlGnUbR5yoNodoMhS-HDEKCrw0Dp61bfNDj7s-odT3V4Dbi02mHAH5w2Lf2KpWHFHHp-cgYxJY9_OkD0hBVEjGTCviTebCU3g1E0qEVLowJSrAC6LOZOGygiD7-SIh__709PKt7v23pTyriiHctro.uPb11lmV_xlTxiJjZ2eELYXCd8Aud_fUEkhiQvrP2v4&dib_tag=se&keywords=smart+phone&qid=1728113464&sprefix=smatrphone%2Caps%2C218&sr=8-262,POCO C65 (Pastel Green 4GB RAM 128GB Storage)  ,"₹6,799₹6,799 M.R.P: ₹10,999₹10,999 (38% off)",4K+ bought in past month,Service: Installation,"4.0 out of 5 stars 2,477  "," FREE delivery Thu, 17 Oct Or fastest delivery Tomorrow, 6 Oct "
269,https://www.amazon.in/Micromax-Green-4GB-64GB-Storage/dp/B09RV7G1XQ/ref=sr_1_263?crid=1L0Q91SOR1BM2&dib=eyJ2IjoiMSJ9.ntjxXDpZKkd6dhXQwv34tvJjoMKpACjk9i5fBay5LPowI1nWin-iEzUReq6bYyLlR2aAJb3uP3ogajc_yDZWdGvlGnUbR5yoNodoMhS-HDEKCrw0Dp61bfNDj7s-odT3V4Dbi02mHAH5w2Lf2KpWHFHHp-cgYxJY9_OkD0hBVEjGTCviTebCU3g1E0qEVLowJSrAC6LOZOGygiD7-SIh__709PKt7v23pTyriiHctro.uPb11lmV_xlTxiJjZ2eELYXCd8Aud_fUEkhiQvrP2v4&dib_tag=se&keywords=smart+phone&qid=1728113464&sprefix=smatrphone%2Caps%2C218&sr=8-263,"Micromax in 2B (Green, 6GB RAM, 64GB Storage)  ","₹6,899₹6,899 M.R.P: ₹11,999₹11,999 (43% off)",M.R.P: ,10% Off on Select Bank Cards10% Off on Select Bank Cards,3.1 out of 5 stars 19  ," FREE delivery Thu, 10 Oct Or fastest delivery Tomorrow, 6 Oct "
270,https://www.amazon.in/Spotlight-Portrait-Flagship-Display-AI-Powered/dp/B0D3RFLZLM/ref=sr_1_264?crid=1L0Q91SOR1BM2&dib=eyJ2IjoiMSJ9.ntjxXDpZKkd6dhXQwv34tvJjoMKpACjk9i5fBay5LPowI1nWin-iEzUReq6bYyLlR2aAJb3uP3ogajc_yDZWdGvlGnUbR5yoNodoMhS-HDEKCrw0Dp61bfNDj7s-odT3V4Dbi02mHAH5w2Lf2KpWHFHHp-cgYxJY9_OkD0hBVEjGTCviTebCU3g1E0qEVLowJSrAC6LOZOGygiD7-SIh__709PKt7v23pTyriiHctro.uPb11lmV_xlTxiJjZ2eELYXCd8Aud_fUEkhiQvrP2v4&dib_tag=se&keywords=smart+phone&qid=1728113464&sprefix=smatrphone%2Caps%2C218&sr=8-264,"HONOR 200 Lite 5G (Cyan Lake, 8GB+256GB) | 108MP & 50MP Spotlight Portrait Camera | Flagship AMOLED Display | 3240Hz PWM Dimming | AI-Powered MagicOS 8.0 | Charger in The Box  ","₹17,998₹17,998 M.R.P: ₹24,999₹24,999 (28% off)",400+ bought in past month,10% Off on Select Bank Cards10% Off on Select Bank Cards,3.8 out of 5 stars 8  ," FREE delivery Tue, 8 Oct Or fastest delivery Tomorrow, 6 Oct "
271,https://www.amazon.in/Storage-Additional-Exchange-Without-Charger/dp/B07WHQ95CM/ref=sr_1_31?crid=1L0Q91SOR1BM2&dib=eyJ2IjoiMSJ9.dqonNPfjw7iOCXnMTXwHu_MY-u3AGV2FUF0KlLqMSR-jTTAm1mLQKUvhds1Bkj-gohtKKVqaLUj6F6kx_-8FUxjA6OYeXvWcpegarsOylNT5AWE8BI0AtVoWPFL_5m0tQE8qGbWNXQQT2ImqDb9lSG0muX6tCDLQoNgl45uvXJDHo3Sb1yFXJmsLz3de7ehSktbBjLoYMcS0pWTCdEO2EtJ81gk6Jsc1AS6qKB5IkZI.scNLIHri4NCnnnnDRVvC2MvU2yhX5UjtUwKk0k05W6A&dib_tag=se&keywords=smart+phone&qid=1728113411&sprefix=smatrphone%2Caps%2C218&sr=8-31,"vivo Y18i (Gem Green, 4GB RAM, 64GB Storage) with No Cost EMI/Additional Exchange Offers |Without Charger  ","₹7,999₹7,999 M.R.P: ₹11,999₹11,999 (33% off)",500+ bought in past month,Save extra with No Cost EMISave extra with No Cost EMI,3.3 out of 5 stars 19  ," FREE delivery Tue, 8 Oct Or fastest delivery Tomorrow, 6 Oct "
272,https://www.amazon.in/realme-Miracle-Storage-Flagship-Brightest/dp/B0D8JM6BHN/ref=sr_1_266?crid=1L0Q91SOR1BM2&dib=eyJ2IjoiMSJ9.ntjxXDpZKkd6dhXQwv34tvJjoMKpACjk9i5fBay5LPowI1nWin-iEzUReq6bYyLlR2aAJb3uP3ogajc_yDZWdGvlGnUbR5yoNodoMhS-HDEKCrw0Dp61bfNDj7s-odT3V4Dbi02mHAH5w2Lf2KpWHFHHp-cgYxJY9_OkD0hBVEjGTCviTebCU3g1E0qEVLowJSrAC6LOZOGygiD7-SIh__709PKt7v23pTyriiHctro.uPb11lmV_xlTxiJjZ2eELYXCd8Aud_fUEkhiQvrP2v4&dib_tag=se&keywords=smart+phone&qid=1728113464&sprefix=smatrphone%2Caps%2C218&sr=8-266,"realme GT 6T 5G (Miracle Purple,8GB RAM+256GB Storage) | India's 1st 7+ Gen 3 Flagship Chipset | 1.5M + AnTuTu Score | 5500mAh+120W | The World's Brightest Flagship Display  ","₹31,998₹31,998 M.R.P: ₹35,999₹35,999 (11% off)",2K+ bought in past month,"₹4,000 off coupon appliedSave ₹4,000  with coupon ","4.3 out of 5 stars 1,787  "," FREE delivery Tue, 8 Oct Or fastest delivery Tomorrow, 6 Oct "
273,https://www.amazon.in/sspa/click?ie=UTF8&spc=MTo0OTM4NzU1MTY5MDg0NDM2OjE3MjgxMTM0NjQ6c3BfbXRmOjMwMDE1MjgxMjczODYzMjo6MDo6&url=%2FRedmi-Fusion-Storage-Mediatek-HyperCharge%2Fdp%2FB0CRQ8Q3QP%2Fref%3Dsr_1_267_sspa%3Fcrid%3D1L0Q91SOR1BM2%26dib%3DeyJ2IjoiMSJ9.ntjxXDpZKkd6dhXQwv34tvJjoMKpACjk9i5fBay5LPowI1nWin-iEzUReq6bYyLlR2aAJb3uP3ogajc_yDZWdGvlGnUbR5yoNodoMhS-HDEKCrw0Dp61bfNDj7s-odT3V4Dbi02mHAH5w2Lf2KpWHFHHp-cgYxJY9_OkD0hBVEjGTCviTebCU3g1E0qEVLowJSrAC6LOZOGygiD7-SIh__709PKt7v23pTyriiHctro.uPb11lmV_xlTxiJjZ2eELYXCd8Aud_fUEkhiQvrP2v4%26dib_tag%3Dse%26keywords%3Dsmart%2Bphone%26qid%3D1728113464%26sprefix%3Dsmatrphone%252Caps%252C218%26sr%3D8-267-spons%26sp_csd%3Dd2lkZ2V0TmFtZT1zcF9tdGY%26psc%3D1,"Redmi Note 13 Pro+ (Fusion Purple, 8GB RAM, 256GB Storage) | World's First Mediatek 7200 Ultra 5G | 200MP Hi-Res Camera | 1.5K Curved AMOLED | 120W HyperCharge  ","₹27,999₹27,999 M.R.P: ₹33,999₹33,999 (18% off)",1K+ bought in past month,Save extra with No Cost EMISave extra with No Cost EMI,3.8 out of 5 stars 687  ," FREE delivery Mon, 7 Oct Or fastest delivery Tomorrow, 6 Oct "
274,https://www.amazon.in/sspa/click?ie=UTF8&spc=MTo0OTM4NzU1MTY5MDg0NDM2OjE3MjgxMTM0NjQ6c3BfbXRmOjMwMDE1MjgxMDc0NDczMjo6MDo6&url=%2FRedmi-Arctic-Storage-Flagship-TurboCharge%2Fdp%2FB0CRQFGKXG%2Fref%3Dsr_1_268_sspa%3Fcrid%3D1L0Q91SOR1BM2%26dib%3DeyJ2IjoiMSJ9.ntjxXDpZKkd6dhXQwv34tvJjoMKpACjk9i5fBay5LPowI1nWin-iEzUReq6bYyLlR2aAJb3uP3ogajc_yDZWdGvlGnUbR5yoNodoMhS-HDEKCrw0Dp61bfNDj7s-odT3V4Dbi02mHAH5w2Lf2KpWHFHHp-cgYxJY9_OkD0hBVEjGTCviTebCU3g1E0qEVLowJSrAC6LOZOGygiD7-SIh__709PKt7v23pTyriiHctro.uPb11lmV_xlTxiJjZ2eELYXCd8Aud_fUEkhiQvrP2v4%26dib_tag%3Dse%26keywords%3Dsmart%2Bphone%26qid%3D1728113464%26sprefix%3Dsmatrphone%252Caps%252C218%26sr%3D8-268-spons%26sp_csd%3Dd2lkZ2V0TmFtZT1zcF9tdGY%26psc%3D1,"Redmi Note 13 Pro (Arctic White, 8GB RAM, 128GB Storage) | 1.5K AMOLED | 200MP Hi-Res Camera | Flagship 4nm SD 7s Gen 2 | 67W TurboCharge  ","₹22,999₹22,999 M.R.P: ₹28,999₹28,999 (21% off)",400+ bought in past month,Save extra with No Cost EMISave extra with No Cost EMI,"4.0 out of 5 stars 1,070  "," FREE delivery Mon, 7 Oct Or fastest delivery Tomorrow, 6 Oct "
275,https://www.amazon.in/JioFi-Phone-Next-Blue-Smartphone/dp/B09QCNZCMX/ref=sr_1_269?crid=1L0Q91SOR1BM2&dib=eyJ2IjoiMSJ9.ntjxXDpZKkd6dhXQwv34tvJjoMKpACjk9i5fBay5LPowI1nWin-iEzUReq6bYyLlR2aAJb3uP3ogajc_yDZWdGvlGnUbR5yoNodoMhS-HDEKCrw0Dp61bfNDj7s-odT3V4Dbi02mHAH5w2Lf2KpWHFHHp-cgYxJY9_OkD0hBVEjGTCviTebCU3g1E0qEVLowJSrAC6LOZOGygiD7-SIh__709PKt7v23pTyriiHctro.uPb11lmV_xlTxiJjZ2eELYXCd8Aud_fUEkhiQvrP2v4&dib_tag=se&keywords=smart+phone&qid=1728113464&sprefix=smatrphone%2Caps%2C218&sr=8-269,"JioFi Jio Phone Next 32 GB ROM, 2 GB RAM, Blue, Smartphone  ","₹5,699₹5,699 M.R.P: ₹7,999₹7,999 (29% off)",100+ bought in past month,10% Off on Select Bank Cards10% Off on Select Bank Cards,3.5 out of 5 stars 541  ," FREE delivery Fri, 11 Oct Or fastest delivery Tue, 8 Oct "
276,https://www.amazon.in/Vivo-Smartphone-Vibrant-Green-Storage/dp/B0D93HRDD3/ref=sr_1_270?crid=1L0Q91SOR1BM2&dib=eyJ2IjoiMSJ9.ntjxXDpZKkd6dhXQwv34tvJjoMKpACjk9i5fBay5LPowI1nWin-iEzUReq6bYyLlR2aAJb3uP3ogajc_yDZWdGvlGnUbR5yoNodoMhS-HDEKCrw0Dp61bfNDj7s-odT3V4Dbi02mHAH5w2Lf2KpWHFHHp-cgYxJY9_OkD0hBVEjGTCviTebCU3g1E0qEVLowJSrAC6LOZOGygiD7-SIh__709PKt7v23pTyriiHctro.uPb11lmV_xlTxiJjZ2eELYXCd8Aud_fUEkhiQvrP2v4&dib_tag=se&keywords=smart+phone&qid=1728113464&sprefix=smatrphone%2Caps%2C218&sr=8-270,"Vivo T3 Lite 5G Smartphone (Vibrant Green, 6GB Ram 128GB Storage)  ","₹12,995₹12,995 M.R.P: ₹15,499₹15,499 (16% off)",500+ bought in past month,10% Off on Select Bank Cards10% Off on Select Bank Cards,3.4 out of 5 stars 24  ," FREE delivery Wed, 9 Oct Or fastest delivery Tomorrow, 6 Oct "
277,https://www.amazon.in/realme-C67-Dark-Purple-128/dp/B0CPVMH6GR/ref=sr_1_273?crid=1L0Q91SOR1BM2&dib=eyJ2IjoiMSJ9.ntjxXDpZKkd6dhXQwv34tvJjoMKpACjk9i5fBay5LPowI1nWin-iEzUReq6bYyLlR2aAJb3uP3ogajc_yDZWdGvlGnUbR5yoNodoMhS-HDEKCrw0Dp61bfNDj7s-odT3V4Dbi02mHAH5w2Lf2KpWHFHHp-cgYxJY9_OkD0hBVEjGTCviTebCU3g1E0qEVLowJSrAC6LOZOGygiD7-SIh__709PKt7v23pTyriiHctro.uPb11lmV_xlTxiJjZ2eELYXCd8Aud_fUEkhiQvrP2v4&dib_tag=se&keywords=smart+phone&qid=1728113464&sprefix=smatrphone%2Caps%2C218&sr=8-273,"realme C67 5G (Dark Purple, 128 GB) (6 GB RAM)  ","₹11,700₹11,700 M.R.P: ₹17,999₹17,999 (35% off)",100+ bought in past month,10% Off on Select Bank Cards10% Off on Select Bank Cards,4.0 out of 5 stars 116  ," FREE delivery Mon, 14 Oct "
278,https://www.amazon.in/CMF-Expandable-Dimensity-Processor-Charging/dp/B0D933D6Z4/ref=sr_1_274?crid=1L0Q91SOR1BM2&dib=eyJ2IjoiMSJ9.ntjxXDpZKkd6dhXQwv34tvJjoMKpACjk9i5fBay5LPowI1nWin-iEzUReq6bYyLlR2aAJb3uP3ogajc_yDZWdGvlGnUbR5yoNodoMhS-HDEKCrw0Dp61bfNDj7s-odT3V4Dbi02mHAH5w2Lf2KpWHFHHp-cgYxJY9_OkD0hBVEjGTCviTebCU3g1E0qEVLowJSrAC6LOZOGygiD7-SIh__709PKt7v23pTyriiHctro.uPb11lmV_xlTxiJjZ2eELYXCd8Aud_fUEkhiQvrP2v4&dib_tag=se&keywords=smart+phone&qid=1728113464&sprefix=smatrphone%2Caps%2C218&sr=8-274,"CMF by Nothing Phone 1 5G (Blue, 6GB RAM, 128GB Storage) | Expandable Upto 2 TB | 50MP+2MP | 16MP Front Camera | Dimensity 7300 5G Processor | 6.67 AMOLED Display | 33W Fast Charging | Designed 2 Last  ","₹15,200₹15,200 M.R.P: ₹19,999₹19,999 (24% off)",300+ bought in past month,10% Off on Select Bank Cards10% Off on Select Bank Cards,4.3 out of 5 stars 53  ," FREE delivery Mon, 14 Oct "
279,https://www.amazon.in/Samsung-Daybreak-Storage-Corning-Gorilla/dp/B0D812DY6P/ref=sr_1_32?crid=1L0Q91SOR1BM2&dib=eyJ2IjoiMSJ9.dqonNPfjw7iOCXnMTXwHu_MY-u3AGV2FUF0KlLqMSR-jTTAm1mLQKUvhds1Bkj-gohtKKVqaLUj6F6kx_-8FUxjA6OYeXvWcpegarsOylNT5AWE8BI0AtVoWPFL_5m0tQE8qGbWNXQQT2ImqDb9lSG0muX6tCDLQoNgl45uvXJDHo3Sb1yFXJmsLz3de7ehSktbBjLoYMcS0pWTCdEO2EtJ81gk6Jsc1AS6qKB5IkZI.scNLIHri4NCnnnnDRVvC2MvU2yhX5UjtUwKk0k05W6A&dib_tag=se&keywords=smart+phone&qid=1728113411&sprefix=smatrphone%2Caps%2C218&sr=8-32,"Samsung Galaxy M35 5G (Daybreak Blue,8GB RAM,256GB Storage)| Corning Gorilla Glass Victus+| AnTuTu Score 595K+ | Vapour Cooling Chamber | 6000mAh Battery | 120Hz Super AMOLED Display| Without Charger  ","₹19,499₹19,499 M.R.P: ₹27,499₹27,499 (29% off)",3K+ bought in past month,10% Off on Select Bank Cards10% Off on Select Bank Cards,"4.1 out of 5 stars 1,981  "," FREE delivery Tue, 8 Oct Or fastest delivery Tomorrow, 6 Oct "
280,https://www.amazon.in/Redmi-Storage-Bezel-Less-Slimmest-Pro-Grade/dp/B0CQPDGYLD/ref=sr_1_275?crid=1L0Q91SOR1BM2&dib=eyJ2IjoiMSJ9.ntjxXDpZKkd6dhXQwv34tvJjoMKpACjk9i5fBay5LPowI1nWin-iEzUReq6bYyLlR2aAJb3uP3ogajc_yDZWdGvlGnUbR5yoNodoMhS-HDEKCrw0Dp61bfNDj7s-odT3V4Dbi02mHAH5w2Lf2KpWHFHHp-cgYxJY9_OkD0hBVEjGTCviTebCU3g1E0qEVLowJSrAC6LOZOGygiD7-SIh__709PKt7v23pTyriiHctro.uPb11lmV_xlTxiJjZ2eELYXCd8Aud_fUEkhiQvrP2v4&dib_tag=se&keywords=smart+phone&qid=1728113464&sprefix=smatrphone%2Caps%2C218&sr=8-275,"Redmi Note 13 5G (Arctic White, 8GB RAM, 256GB Storage) | 5G Ready | 120Hz Bezel-Less AMOLED | 7.mm Slimmest Note Ever | 108MP Pro-Grade Camera  ","₹17,999₹17,999 M.R.P: ₹22,999₹22,999 (22% off)",500+ bought in past month,Flat INR 1000 Off on ALL BanksCardsFlat INR 1000 Off on ALL BanksCards,"3.7 out of 5 stars 5,134  "," FREE delivery Tue, 8 Oct Or fastest delivery Tomorrow, 6 Oct "
281,https://www.amazon.in/POCO-Power-Black-128GB-Storage/dp/B0CJ6T135W/ref=sr_1_276?crid=1L0Q91SOR1BM2&dib=eyJ2IjoiMSJ9.ntjxXDpZKkd6dhXQwv34tvJjoMKpACjk9i5fBay5LPowI1nWin-iEzUReq6bYyLlR2aAJb3uP3ogajc_yDZWdGvlGnUbR5yoNodoMhS-HDEKCrw0Dp61bfNDj7s-odT3V4Dbi02mHAH5w2Lf2KpWHFHHp-cgYxJY9_OkD0hBVEjGTCviTebCU3g1E0qEVLowJSrAC6LOZOGygiD7-SIh__709PKt7v23pTyriiHctro.uPb11lmV_xlTxiJjZ2eELYXCd8Aud_fUEkhiQvrP2v4&dib_tag=se&keywords=smart+phone&qid=1728113464&sprefix=smatrphone%2Caps%2C218&sr=8-276,"POCO M6 Pro 5G (Power Black, 4GB RAM, 128GB Storage) | Snapdragon 4 Gen 2 | 6.79"" Large Screen with 90Hz Refresh Rate | 50 MP Dual AI Camera  ","₹10,749₹10,749 M.R.P: ₹15,999₹15,999 (33% off)",2K+ bought in past month,10% Off on Select Bank Cards10% Off on Select Bank Cards,"3.9 out of 5 stars 4,791  "," FREE delivery Tue, 8 Oct Or fastest delivery Tomorrow, 6 Oct "
282,https://www.amazon.in/sspa/click?ie=UTF8&spc=MTo0Nzg2ODUzNTQ5MDMzMzk6MTcyODExMzQ2OTpzcF9hdGZfbmV4dDozMDAxNTI4MTI3Mzg3MzI6OjA6Og&url=%2FRedmi-Fusion-Storage-Mediatek-HyperCharge%2Fdp%2FB0CRQ7QSZ7%2Fref%3Dsr_1_274_sspa%3Fcrid%3D1L0Q91SOR1BM2%26dib%3DeyJ2IjoiMSJ9.I5Pc8yC5qqnVisI4VCoCcY9JDy9HNKX85NuQGnJz4aWlZADlJmi_u2mUVk-g9udvtNSpFpM-Qne6FVpf9josqgYcA1DabuyQ0vjU_wialA7URZr2lw6YeEMTPnJv2VbRWWLvC4rc5LtSBvrud7gyEQZLQ_7QOgP7UXkosEh4glSJBiEDxsRh5IsM2qsqBb68Y0lsncXTHK29v64HicvLAHNTXKdcfsfJvG48wUhcOpg.QCiwdWiQptqNc51s_g6vSR5XYe_uF2eOWhtPacoj9MA%26dib_tag%3Dse%26keywords%3Dsmart%2Bphone%26qid%3D1728113468%26sprefix%3Dsmatrphone%252Caps%252C218%26sr%3D8-274-spons%26sp_csd%3Dd2lkZ2V0TmFtZT1zcF9hdGZfbmV4dA%26psc%3D1,"Redmi Note 13 Pro+ (Fusion Black, 8GB RAM, 256GB Storage) | World's First Mediatek 7200 Ultra 5G | 200MP Hi-Res Camera | 1.5K Curved AMOLED | 120W HyperCharge  ","₹27,999₹27,999 M.R.P: ₹33,999₹33,999 (18% off)",400+ bought in past month,Save extra with No Cost EMISave extra with No Cost EMI,3.8 out of 5 stars 687  ," FREE delivery Thu, 10 Oct Or fastest delivery Tomorrow, 6 Oct "
283,https://www.amazon.in/Samsung-Awesome-Storage-Nightography-Corning/dp/B0CWPD9PTK/ref=sr_1_275?crid=1L0Q91SOR1BM2&dib=eyJ2IjoiMSJ9.I5Pc8yC5qqnVisI4VCoCcY9JDy9HNKX85NuQGnJz4aWlZADlJmi_u2mUVk-g9udvtNSpFpM-Qne6FVpf9josqgYcA1DabuyQ0vjU_wialA7URZr2lw6YeEMTPnJv2VbRWWLvC4rc5LtSBvrud7gyEQZLQ_7QOgP7UXkosEh4glSJBiEDxsRh5IsM2qsqBb68Y0lsncXTHK29v64HicvLAHNTXKdcfsfJvG48wUhcOpg.QCiwdWiQptqNc51s_g6vSR5XYe_uF2eOWhtPacoj9MA&dib_tag=se&keywords=smart+phone&qid=1728113468&sprefix=smatrphone%2Caps%2C218&sr=8-275,"Samsung Galaxy A55 5G (Awesome Navy, 12GB RAM, 256GB Storage) | Metal Frame | 50 MP Main Camera (OIS) | Nightography | IP67 | Corning Gorilla Glass Victus+ | sAMOLED with Vision Booster  ","₹45,999₹45,999 M.R.P: ₹48,999₹48,999 (6% off)",300+ bought in past month,Save extra with No Cost EMISave extra with No Cost EMI,4.0 out of 5 stars 246  ," FREE delivery Mon, 7 Oct Or fastest delivery Tomorrow, 6 Oct "
284,https://www.amazon.in/POCO-Martian-Dimensity-Processor-Charging/dp/B0CY9BX3S1/ref=sr_1_276?crid=1L0Q91SOR1BM2&dib=eyJ2IjoiMSJ9.I5Pc8yC5qqnVisI4VCoCcY9JDy9HNKX85NuQGnJz4aWlZADlJmi_u2mUVk-g9udvtNSpFpM-Qne6FVpf9josqgYcA1DabuyQ0vjU_wialA7URZr2lw6YeEMTPnJv2VbRWWLvC4rc5LtSBvrud7gyEQZLQ_7QOgP7UXkosEh4glSJBiEDxsRh5IsM2qsqBb68Y0lsncXTHK29v64HicvLAHNTXKdcfsfJvG48wUhcOpg.QCiwdWiQptqNc51s_g6vSR5XYe_uF2eOWhtPacoj9MA&dib_tag=se&keywords=smart+phone&qid=1728113468&sprefix=smatrphone%2Caps%2C218&sr=8-276,"POCO X6 Neo 5G (Martian Orange, 8GB RAM, 128GB Storage) | Dimensity 6080 Processor | 5000 mAh Battery + 33W Fast Charging | 108MP + 2MP Rear Camera & 16MP Front Camera  ","₹12,999₹12,999 M.R.P: ₹19,999₹19,999 (35% off)",3K+ bought in past month,10% Off on Select Bank Cards10% Off on Select Bank Cards,3.7 out of 5 stars 152  ," FREE delivery Tue, 8 Oct Or fastest delivery Tomorrow, 6 Oct "
285,https://www.amazon.in/OnePlus-Nord-Pastel-256GB-Storage/dp/B0BY8JV4PX/ref=sr_1_277?crid=1L0Q91SOR1BM2&dib=eyJ2IjoiMSJ9.I5Pc8yC5qqnVisI4VCoCcY9JDy9HNKX85NuQGnJz4aWlZADlJmi_u2mUVk-g9udvtNSpFpM-Qne6FVpf9josqgYcA1DabuyQ0vjU_wialA7URZr2lw6YeEMTPnJv2VbRWWLvC4rc5LtSBvrud7gyEQZLQ_7QOgP7UXkosEh4glSJBiEDxsRh5IsM2qsqBb68Y0lsncXTHK29v64HicvLAHNTXKdcfsfJvG48wUhcOpg.QCiwdWiQptqNc51s_g6vSR5XYe_uF2eOWhtPacoj9MA&dib_tag=se&keywords=smart+phone&qid=1728113468&sprefix=smatrphone%2Caps%2C218&sr=8-277,"OnePlus Nord CE 3 Lite 5G (Pastel Lime, 8GB RAM, 256GB Storage)  ","₹18,790₹18,790 M.R.P: ₹21,999₹21,999 (15% off)",1K+ bought in past month,10% Off on Select Bank Cards10% Off on Select Bank Cards,"4.2 out of 5 stars 6,864  "," FREE delivery Thu, 10 Oct Or fastest delivery Tomorrow, 6 Oct "
286,https://www.amazon.in/Redmi-Fusion-Storage-Mediatek-HyperCharge/dp/B0CRQ7QSZ7/ref=sr_1_278?crid=1L0Q91SOR1BM2&dib=eyJ2IjoiMSJ9.I5Pc8yC5qqnVisI4VCoCcY9JDy9HNKX85NuQGnJz4aWlZADlJmi_u2mUVk-g9udvtNSpFpM-Qne6FVpf9josqgYcA1DabuyQ0vjU_wialA7URZr2lw6YeEMTPnJv2VbRWWLvC4rc5LtSBvrud7gyEQZLQ_7QOgP7UXkosEh4glSJBiEDxsRh5IsM2qsqBb68Y0lsncXTHK29v64HicvLAHNTXKdcfsfJvG48wUhcOpg.QCiwdWiQptqNc51s_g6vSR5XYe_uF2eOWhtPacoj9MA&dib_tag=se&keywords=smart+phone&qid=1728113468&sprefix=smatrphone%2Caps%2C218&sr=8-278,"Redmi Note 13 Pro+ (Fusion Black, 8GB RAM, 256GB Storage) | World's First Mediatek 7200 Ultra 5G | 200MP Hi-Res Camera | 1.5K Curved AMOLED | 120W HyperCharge  ","₹27,999₹27,999 M.R.P: ₹33,999₹33,999 (18% off)",400+ bought in past month,Save extra with No Cost EMISave extra with No Cost EMI,3.8 out of 5 stars 687  ," FREE delivery Thu, 10 Oct Or fastest delivery Tomorrow, 6 Oct "
287,https://www.amazon.in/Vintage-Storage-Additional-Exchange-Offers/dp/B07WHSLTYS/ref=sr_1_279?crid=1L0Q91SOR1BM2&dib=eyJ2IjoiMSJ9.I5Pc8yC5qqnVisI4VCoCcY9JDy9HNKX85NuQGnJz4aWlZADlJmi_u2mUVk-g9udvtNSpFpM-Qne6FVpf9josqgYcA1DabuyQ0vjU_wialA7URZr2lw6YeEMTPnJv2VbRWWLvC4rc5LtSBvrud7gyEQZLQ_7QOgP7UXkosEh4glSJBiEDxsRh5IsM2qsqBb68Y0lsncXTHK29v64HicvLAHNTXKdcfsfJvG48wUhcOpg.QCiwdWiQptqNc51s_g6vSR5XYe_uF2eOWhtPacoj9MA&dib_tag=se&keywords=smart+phone&qid=1728113468&sprefix=smatrphone%2Caps%2C218&sr=8-279,"vivo Y28s 5G (Vintage Red, 8GB RAM, 128GB Storage) with No Cost EMI/Additional Exchange Offers  ","₹16,499₹16,499 M.R.P: ₹21,999₹21,999 (25% off)",100+ bought in past month,10% Off on Select Bank Cards10% Off on Select Bank Cards,3.8 out of 5 stars 46  ," FREE delivery Tue, 8 Oct Or fastest delivery Tomorrow, 6 Oct "
288,https://www.amazon.in/Redmi-Storage-Premium-Powerful-Processor/dp/B0D78V5YFR/ref=sr_1_280?crid=1L0Q91SOR1BM2&dib=eyJ2IjoiMSJ9.I5Pc8yC5qqnVisI4VCoCcY9JDy9HNKX85NuQGnJz4aWlZADlJmi_u2mUVk-g9udvtNSpFpM-Qne6FVpf9josqgYcA1DabuyQ0vjU_wialA7URZr2lw6YeEMTPnJv2VbRWWLvC4rc5LtSBvrud7gyEQZLQ_7QOgP7UXkosEh4glSJBiEDxsRh5IsM2qsqBb68Y0lsncXTHK29v64HicvLAHNTXKdcfsfJvG48wUhcOpg.QCiwdWiQptqNc51s_g6vSR5XYe_uF2eOWhtPacoj9MA&dib_tag=se&keywords=smart+phone&qid=1728113468&sprefix=smatrphone%2Caps%2C218&sr=8-280,"Redmi A3X (Olive Green, 4GB RAM, 128GB Storage) | Premium Halo Design | 90Hz Display | Powerful Octa Core Processor  ","₹7,770₹7,770 M.R.P: ₹10,999₹10,999 (29% off)",100+ bought in past month,Save extra with No Cost EMISave extra with No Cost EMI,3.6 out of 5 stars 62  ," FREE delivery Wed, 9 Oct Or fastest delivery Tomorrow, 6 Oct "
289,https://www.amazon.in/Samsung-Galaxy-F15-Black-Storage/dp/B0CY8FR4R7/ref=sr_1_33?crid=1L0Q91SOR1BM2&dib=eyJ2IjoiMSJ9.dqonNPfjw7iOCXnMTXwHu_MY-u3AGV2FUF0KlLqMSR-jTTAm1mLQKUvhds1Bkj-gohtKKVqaLUj6F6kx_-8FUxjA6OYeXvWcpegarsOylNT5AWE8BI0AtVoWPFL_5m0tQE8qGbWNXQQT2ImqDb9lSG0muX6tCDLQoNgl45uvXJDHo3Sb1yFXJmsLz3de7ehSktbBjLoYMcS0pWTCdEO2EtJ81gk6Jsc1AS6qKB5IkZI.scNLIHri4NCnnnnDRVvC2MvU2yhX5UjtUwKk0k05W6A&dib_tag=se&keywords=smart+phone&qid=1728113411&sprefix=smatrphone%2Caps%2C218&sr=8-33,"Samsung Galaxy F15 5G (Ash Black, 6GB RAM, 128 GB Storage)  ","₹13,117₹13,117 M.R.P: ₹16,999₹16,999 (23% off)",1K+ bought in past month,10% Off on Select Bank Cards10% Off on Select Bank Cards,3.8 out of 5 stars 307  ," FREE delivery Sat, 19 Oct Or fastest delivery Tomorrow, 6 Oct "
290,https://www.amazon.in/POCO-Dimensity-Processor-Dual-Camera-Fingerprint/dp/B0CZRMXZF6/ref=sr_1_281?crid=1L0Q91SOR1BM2&dib=eyJ2IjoiMSJ9.I5Pc8yC5qqnVisI4VCoCcY9JDy9HNKX85NuQGnJz4aWlZADlJmi_u2mUVk-g9udvtNSpFpM-Qne6FVpf9josqgYcA1DabuyQ0vjU_wialA7URZr2lw6YeEMTPnJv2VbRWWLvC4rc5LtSBvrud7gyEQZLQ_7QOgP7UXkosEh4glSJBiEDxsRh5IsM2qsqBb68Y0lsncXTHK29v64HicvLAHNTXKdcfsfJvG48wUhcOpg.QCiwdWiQptqNc51s_g6vSR5XYe_uF2eOWhtPacoj9MA&dib_tag=se&keywords=smart+phone&qid=1728113468&sprefix=smatrphone%2Caps%2C218&sr=8-281,"POCO M6 5G (Polaris Green, 4GB RAM, 128GB Storage) | MediaTek Dimensity 6100+ 5G Processor | 5000 mAh Battery + 18W Fast Charging | 50 MP AI Dual-Camera System & Side Fingerprint Sensor  ","₹9,249₹9,249 M.R.P: ₹10,499₹10,499 (12% off)",300+ bought in past month,Save extra with No Cost EMISave extra with No Cost EMI,"3.9 out of 5 stars 1,745  "," FREE delivery Tue, 8 Oct Or fastest delivery Tomorrow, 6 Oct "
291,https://www.amazon.in/Vivo-V30e-Smartphone-128GB-Storage/dp/B0D35CWYF6/ref=sr_1_282?crid=1L0Q91SOR1BM2&dib=eyJ2IjoiMSJ9.I5Pc8yC5qqnVisI4VCoCcY9JDy9HNKX85NuQGnJz4aWlZADlJmi_u2mUVk-g9udvtNSpFpM-Qne6FVpf9josqgYcA1DabuyQ0vjU_wialA7URZr2lw6YeEMTPnJv2VbRWWLvC4rc5LtSBvrud7gyEQZLQ_7QOgP7UXkosEh4glSJBiEDxsRh5IsM2qsqBb68Y0lsncXTHK29v64HicvLAHNTXKdcfsfJvG48wUhcOpg.QCiwdWiQptqNc51s_g6vSR5XYe_uF2eOWhtPacoj9MA&dib_tag=se&keywords=smart+phone&qid=1728113468&sprefix=smatrphone%2Caps%2C218&sr=8-282,"Vivo V30e 5G Smartphone (Silk Blue, 8GB RAM, 128GB Storage)  ","₹23,977₹23,977 M.R.P: ₹32,999₹32,999 (27% off)",100+ bought in past month,10% Off on Select Bank Cards10% Off on Select Bank Cards,4.2 out of 5 stars 62  ," FREE delivery Thu, 10 Oct Or fastest delivery Tomorrow, 6 Oct "
292,https://www.amazon.in/OnePlus-Sunset-Dune-256GB-Storage/dp/B0D7W9R1HM/ref=sr_1_283?crid=1L0Q91SOR1BM2&dib=eyJ2IjoiMSJ9.I5Pc8yC5qqnVisI4VCoCcY9JDy9HNKX85NuQGnJz4aWlZADlJmi_u2mUVk-g9udvtNSpFpM-Qne6FVpf9josqgYcA1DabuyQ0vjU_wialA7URZr2lw6YeEMTPnJv2VbRWWLvC4rc5LtSBvrud7gyEQZLQ_7QOgP7UXkosEh4glSJBiEDxsRh5IsM2qsqBb68Y0lsncXTHK29v64HicvLAHNTXKdcfsfJvG48wUhcOpg.QCiwdWiQptqNc51s_g6vSR5XYe_uF2eOWhtPacoj9MA&dib_tag=se&keywords=smart+phone&qid=1728113468&sprefix=smatrphone%2Caps%2C218&sr=8-283,"OnePlus 12R (Sunset Dune, 8GB RAM, 256GB Storage)  ","₹37,998₹37,998 M.R.P: ₹42,999₹42,999 (12% off)",4K+ bought in past month,Save extra with No Cost EMISave extra with No Cost EMI,"4.3 out of 5 stars 3,402  "," FREE delivery Mon, 7 Oct Or fastest delivery Tomorrow, 6 Oct "
293,https://www.amazon.in/CMF-NOTHING-Phone-128-Orange/dp/B0D9BQ4MQ8/ref=sr_1_284?crid=1L0Q91SOR1BM2&dib=eyJ2IjoiMSJ9.I5Pc8yC5qqnVisI4VCoCcY9JDy9HNKX85NuQGnJz4aWlZADlJmi_u2mUVk-g9udvtNSpFpM-Qne6FVpf9josqgYcA1DabuyQ0vjU_wialA7URZr2lw6YeEMTPnJv2VbRWWLvC4rc5LtSBvrud7gyEQZLQ_7QOgP7UXkosEh4glSJBiEDxsRh5IsM2qsqBb68Y0lsncXTHK29v64HicvLAHNTXKdcfsfJvG48wUhcOpg.QCiwdWiQptqNc51s_g6vSR5XYe_uF2eOWhtPacoj9MA&dib_tag=se&keywords=smart+phone&qid=1728113468&sprefix=smatrphone%2Caps%2C218&sr=8-284,CMF BY NOTHING Phone 1 5G (128 GB) (8 GB RAM) (Orange)  ,"₹16,690₹16,690 M.R.P: ₹21,999₹21,999 (24% off)",100+ bought in past month,10% Off on Select Bank Cards10% Off on Select Bank Cards,4.7 out of 5 stars 4  ," FREE delivery Wed, 9 Oct Or fastest delivery Tomorrow, 6 Oct "
294,https://www.amazon.in/Samsung-Awesome-Storage-Premium-Nightography/dp/B0CWPB4X2Q/ref=sr_1_285?crid=1L0Q91SOR1BM2&dib=eyJ2IjoiMSJ9.I5Pc8yC5qqnVisI4VCoCcY9JDy9HNKX85NuQGnJz4aWlZADlJmi_u2mUVk-g9udvtNSpFpM-Qne6FVpf9josqgYcA1DabuyQ0vjU_wialA7URZr2lw6YeEMTPnJv2VbRWWLvC4rc5LtSBvrud7gyEQZLQ_7QOgP7UXkosEh4glSJBiEDxsRh5IsM2qsqBb68Y0lsncXTHK29v64HicvLAHNTXKdcfsfJvG48wUhcOpg.QCiwdWiQptqNc51s_g6vSR5XYe_uF2eOWhtPacoj9MA&dib_tag=se&keywords=smart+phone&qid=1728113468&sprefix=smatrphone%2Caps%2C218&sr=8-285,"Samsung Galaxy A35 5G (Awesome Navy, 8GB RAM, 256GB Storage) | Premium Glass Back | 50 MP Main Camera (OIS) | Nightography | IP67 | Corning Gorilla Glass Victus+ | sAMOLED with Vision Booster  ","₹33,999₹33,999 M.R.P: ₹36,999₹36,999 (8% off)",200+ bought in past month,Save extra with No Cost EMISave extra with No Cost EMI,3.6 out of 5 stars 294  ," FREE delivery Tue, 8 Oct Or fastest delivery Tomorrow, 6 Oct "
295,https://www.amazon.in/SAMSUNG-Galaxy-S23-Mint-Storage/dp/B0CJXPYJC3/ref=sr_1_286?crid=1L0Q91SOR1BM2&dib=eyJ2IjoiMSJ9.I5Pc8yC5qqnVisI4VCoCcY9JDy9HNKX85NuQGnJz4aWlZADlJmi_u2mUVk-g9udvtNSpFpM-Qne6FVpf9josqgYcA1DabuyQ0vjU_wialA7URZr2lw6YeEMTPnJv2VbRWWLvC4rc5LtSBvrud7gyEQZLQ_7QOgP7UXkosEh4glSJBiEDxsRh5IsM2qsqBb68Y0lsncXTHK29v64HicvLAHNTXKdcfsfJvG48wUhcOpg.QCiwdWiQptqNc51s_g6vSR5XYe_uF2eOWhtPacoj9MA&dib_tag=se&keywords=smart+phone&qid=1728113468&sprefix=smatrphone%2Caps%2C218&sr=8-286,SAMSUNG Galaxy S23 FE 5G (Mint 128 GB Storage) (8 GB RAM)  ,"₹30,999₹30,999 M.R.P: ₹79,999₹79,999 (61% off)",1K+ bought in past month,10% Off on Select Bank Cards10% Off on Select Bank Cards,3.7 out of 5 stars 694  ," FREE delivery Wed, 9 Oct Or fastest delivery Tomorrow, 6 Oct "
296,https://www.amazon.in/realme-Peacock-Green-128GB-Storage/dp/B0D35V6J6N/ref=sr_1_287?crid=1L0Q91SOR1BM2&dib=eyJ2IjoiMSJ9.I5Pc8yC5qqnVisI4VCoCcY9JDy9HNKX85NuQGnJz4aWlZADlJmi_u2mUVk-g9udvtNSpFpM-Qne6FVpf9josqgYcA1DabuyQ0vjU_wialA7URZr2lw6YeEMTPnJv2VbRWWLvC4rc5LtSBvrud7gyEQZLQ_7QOgP7UXkosEh4glSJBiEDxsRh5IsM2qsqBb68Y0lsncXTHK29v64HicvLAHNTXKdcfsfJvG48wUhcOpg.QCiwdWiQptqNc51s_g6vSR5XYe_uF2eOWhtPacoj9MA&dib_tag=se&keywords=smart+phone&qid=1728113468&sprefix=smatrphone%2Caps%2C218&sr=8-287,"realme P1 5G (Peacock Green, 8GB RAM, 128GB Storage)  ","₹15,468₹15,468 M.R.P: ₹21,999₹21,999 (30% off)",300+ bought in past month,10% Off on Select Bank Cards10% Off on Select Bank Cards,3.9 out of 5 stars 401  ," FREE delivery Thu, 10 Oct Or fastest delivery Tomorrow, 6 Oct "
297,https://www.amazon.in/OnePlus-Nord-Lite-256GB-Storage/dp/B0D5YF238N/ref=sr_1_288?crid=1L0Q91SOR1BM2&dib=eyJ2IjoiMSJ9.I5Pc8yC5qqnVisI4VCoCcY9JDy9HNKX85NuQGnJz4aWlZADlJmi_u2mUVk-g9udvtNSpFpM-Qne6FVpf9josqgYcA1DabuyQ0vjU_wialA7URZr2lw6YeEMTPnJv2VbRWWLvC4rc5LtSBvrud7gyEQZLQ_7QOgP7UXkosEh4glSJBiEDxsRh5IsM2qsqBb68Y0lsncXTHK29v64HicvLAHNTXKdcfsfJvG48wUhcOpg.QCiwdWiQptqNc51s_g6vSR5XYe_uF2eOWhtPacoj9MA&dib_tag=se&keywords=smart+phone&qid=1728113468&sprefix=smatrphone%2Caps%2C218&sr=8-288,"OnePlus Nord CE4 Lite 5G (Mega Blue, 8GB RAM, 256GB Storage)  ","₹22,998₹22,998 M.R.P: ₹23,999₹23,999 (4% off)",3K+ bought in past month,"₹1,000 off coupon appliedSave ₹1,000  with coupon ","4.1 out of 5 stars 1,978  "," FREE delivery Mon, 7 Oct Or fastest delivery Tomorrow, 6 Oct "
298,https://www.amazon.in/Redmi-Fusion-Storage-Mediatek-HyperCharge/dp/B0CRQ8Q3QP/ref=sr_1_289?crid=1L0Q91SOR1BM2&dib=eyJ2IjoiMSJ9.I5Pc8yC5qqnVisI4VCoCcY9JDy9HNKX85NuQGnJz4aWlZADlJmi_u2mUVk-g9udvtNSpFpM-Qne6FVpf9josqgYcA1DabuyQ0vjU_wialA7URZr2lw6YeEMTPnJv2VbRWWLvC4rc5LtSBvrud7gyEQZLQ_7QOgP7UXkosEh4glSJBiEDxsRh5IsM2qsqBb68Y0lsncXTHK29v64HicvLAHNTXKdcfsfJvG48wUhcOpg.QCiwdWiQptqNc51s_g6vSR5XYe_uF2eOWhtPacoj9MA&dib_tag=se&keywords=smart+phone&qid=1728113468&sprefix=smatrphone%2Caps%2C218&sr=8-289,"Redmi Note 13 Pro+ (Fusion Purple, 8GB RAM, 256GB Storage) | World's First Mediatek 7200 Ultra 5G | 200MP Hi-Res Camera | 1.5K Curved AMOLED | 120W HyperCharge  ","₹27,999₹27,999 M.R.P: ₹33,999₹33,999 (18% off)",1K+ bought in past month,Save extra with No Cost EMISave extra with No Cost EMI,3.8 out of 5 stars 687  ," FREE delivery Mon, 7 Oct Or fastest delivery Tomorrow, 6 Oct "
299,https://www.amazon.in/Redmi-Storage-Premium-Powerful-Processor/dp/B0CV3KNL27/ref=sr_1_290?crid=1L0Q91SOR1BM2&dib=eyJ2IjoiMSJ9.I5Pc8yC5qqnVisI4VCoCcY9JDy9HNKX85NuQGnJz4aWlZADlJmi_u2mUVk-g9udvtNSpFpM-Qne6FVpf9josqgYcA1DabuyQ0vjU_wialA7URZr2lw6YeEMTPnJv2VbRWWLvC4rc5LtSBvrud7gyEQZLQ_7QOgP7UXkosEh4glSJBiEDxsRh5IsM2qsqBb68Y0lsncXTHK29v64HicvLAHNTXKdcfsfJvG48wUhcOpg.QCiwdWiQptqNc51s_g6vSR5XYe_uF2eOWhtPacoj9MA&dib_tag=se&keywords=smart+phone&qid=1728113468&sprefix=smatrphone%2Caps%2C218&sr=8-290,"Redmi A3 (Olive Green, 6GB RAM, 128GB Storage) | Premium Halo Design | 90Hz Display | Powerful 4G G36 Processor  ","₹8,999₹8,999 M.R.P: ₹11,999₹11,999 (25% off)",50+ bought in past month,Service: Installation,3.6 out of 5 stars 456  ," FREE delivery Tue, 8 Oct Or fastest delivery Tomorrow, 6 Oct "
300,https://www.amazon.in/Redmi-Orchid-Largest-Display-Segment/dp/B0D78W2HF5/ref=sr_1_34?crid=1L0Q91SOR1BM2&dib=eyJ2IjoiMSJ9.dqonNPfjw7iOCXnMTXwHu_MY-u3AGV2FUF0KlLqMSR-jTTAm1mLQKUvhds1Bkj-gohtKKVqaLUj6F6kx_-8FUxjA6OYeXvWcpegarsOylNT5AWE8BI0AtVoWPFL_5m0tQE8qGbWNXQQT2ImqDb9lSG0muX6tCDLQoNgl45uvXJDHo3Sb1yFXJmsLz3de7ehSktbBjLoYMcS0pWTCdEO2EtJ81gk6Jsc1AS6qKB5IkZI.scNLIHri4NCnnnnDRVvC2MvU2yhX5UjtUwKk0k05W6A&dib_tag=se&keywords=smart+phone&qid=1728113411&sprefix=smatrphone%2Caps%2C218&sr=8-34,"Redmi 13 5G, Orchid Pink, 6GB+128GB | India Debut SD 4 Gen 2 AE | 108MP Pro Grade Camera | 6.79in Largest Display in Segment  ","₹13,499₹13,499 M.R.P: ₹17,999₹17,999 (25% off)",5K+ bought in past month,"₹1,000 off coupon appliedSave ₹1,000  with coupon ","3.9 out of 5 stars 1,411  "," FREE delivery Tue, 8 Oct Or fastest delivery Tomorrow, 6 Oct "
301,https://www.amazon.in/Vivo-T3-Lite-Smartphone-Majestic/dp/B0D9MPS3WL/ref=sr_1_289?crid=1L0Q91SOR1BM2&dib=eyJ2IjoiMSJ9.5R5AcnpMSByb7R0UpSvUAyILoQu_qVBv5aBo6ptRhbh_QEVc9sTRO8Z6XRgJgD3RvRGvVomrOuFBgewsdKpwUN-DKOXtgfoDmLuj3WcLLKhxacMNafC22FqD2SxhEOpFw5x4FC7k_JUfRCfvnBv1GuZpHcFzfOrJti6vMZH8WyyYBXuFRpet5iQIKskIpcKfSzzkw6k9cBqstFa_ulNus4p3H2utuRoWlg_k-m9PHlg.KDJX3I7DlsXO7hbgXPNPQ_Fpi1FDGwrDHbXWuD29MsU&dib_tag=se&keywords=smart+phone&qid=1728113473&sprefix=smatrphone%2Caps%2C218&sr=8-289,"Vivo T3 Lite 5G Smartphone (Majestic Black, 4GB Ram 128GB Storage)  ","₹11,990₹11,990 M.R.P: ₹14,499₹14,499 (17% off)",300+ bought in past month,10% Off on Select Bank Cards10% Off on Select Bank Cards,3.6 out of 5 stars 8  ," FREE delivery Sat, 19 Oct Or fastest delivery Tomorrow, 6 Oct "
302,https://www.amazon.in/Samsung-Storage-Expandable-MediaTek-Dimensity/dp/B0CP7VP1VV/ref=sr_1_290?crid=1L0Q91SOR1BM2&dib=eyJ2IjoiMSJ9.5R5AcnpMSByb7R0UpSvUAyILoQu_qVBv5aBo6ptRhbh_QEVc9sTRO8Z6XRgJgD3RvRGvVomrOuFBgewsdKpwUN-DKOXtgfoDmLuj3WcLLKhxacMNafC22FqD2SxhEOpFw5x4FC7k_JUfRCfvnBv1GuZpHcFzfOrJti6vMZH8WyyYBXuFRpet5iQIKskIpcKfSzzkw6k9cBqstFa_ulNus4p3H2utuRoWlg_k-m9PHlg.KDJX3I7DlsXO7hbgXPNPQ_Fpi1FDGwrDHbXWuD29MsU&dib_tag=se&keywords=smart+phone&qid=1728113473&sprefix=smatrphone%2Caps%2C218&sr=8-290,"Samsung Galaxy A15 5G (Blue Black, 6GB, 128GB Storage) | 50 MP Main Camera | Android 14 with One UI 6.0 | 12GB Expandable RAM | MediaTek Dimensity 6100+ | 5000 mAh Battery  ","₹15,499₹15,499 M.R.P: ₹19,999₹19,999 (23% off)",500+ bought in past month,Save extra with No Cost EMISave extra with No Cost EMI,3.9 out of 5 stars 743  ," FREE delivery Tue, 8 Oct Or fastest delivery Tomorrow, 6 Oct "
303,https://www.amazon.in/Realme-C65-Glowing-Black-128GB/dp/B0D25RPWX8/ref=sr_1_291?crid=1L0Q91SOR1BM2&dib=eyJ2IjoiMSJ9.5R5AcnpMSByb7R0UpSvUAyILoQu_qVBv5aBo6ptRhbh_QEVc9sTRO8Z6XRgJgD3RvRGvVomrOuFBgewsdKpwUN-DKOXtgfoDmLuj3WcLLKhxacMNafC22FqD2SxhEOpFw5x4FC7k_JUfRCfvnBv1GuZpHcFzfOrJti6vMZH8WyyYBXuFRpet5iQIKskIpcKfSzzkw6k9cBqstFa_ulNus4p3H2utuRoWlg_k-m9PHlg.KDJX3I7DlsXO7hbgXPNPQ_Fpi1FDGwrDHbXWuD29MsU&dib_tag=se&keywords=smart+phone&qid=1728113473&sprefix=smatrphone%2Caps%2C218&sr=8-291,"Realme C65, Glowing Black , 6GB + 128GB  ","₹11,730₹11,730 M.R.P: ₹15,999₹15,999 (27% off)",500+ bought in past month,10% Off on Select Bank Cards10% Off on Select Bank Cards,3.4 out of 5 stars 24  ," FREE delivery Wed, 9 Oct Or fastest delivery Tomorrow, 6 Oct "
304,https://www.amazon.in/Emerald-Portrait-SUPERVOOC-Additional-Exchange/dp/B0DCGGP82Z/ref=sr_1_292?crid=1L0Q91SOR1BM2&dib=eyJ2IjoiMSJ9.5R5AcnpMSByb7R0UpSvUAyILoQu_qVBv5aBo6ptRhbh_QEVc9sTRO8Z6XRgJgD3RvRGvVomrOuFBgewsdKpwUN-DKOXtgfoDmLuj3WcLLKhxacMNafC22FqD2SxhEOpFw5x4FC7k_JUfRCfvnBv1GuZpHcFzfOrJti6vMZH8WyyYBXuFRpet5iQIKskIpcKfSzzkw6k9cBqstFa_ulNus4p3H2utuRoWlg_k-m9PHlg.KDJX3I7DlsXO7hbgXPNPQ_Fpi1FDGwrDHbXWuD29MsU&dib_tag=se&keywords=smart+phone&qid=1728113473&sprefix=smatrphone%2Caps%2C218&sr=8-292,"OPPO F27 5G (Emerald Green, 8GB RAM, 256GB Storage) | 6.67"" FHD+ AMOLED Display|32MP Sony IMX615 Selfie Camera |AI Portrait Expert| 45W SUPERVOOC| with No Cost EMI/Additional Exchange Offers  ","₹22,999₹22,999 M.R.P: ₹28,999₹28,999 (21% off)",400+ bought in past month,Flat INR 1050 Off on SBICardsFlat INR 1050 Off on SBICards,3.3 out of 5 stars 29  ," FREE delivery Tue, 8 Oct Or fastest delivery Tomorrow, 6 Oct "
305,https://www.amazon.in/iQOO-Snapdragon-processor-Supercomputing-Flagship/dp/B07WJVY42H/ref=sr_1_293?crid=1L0Q91SOR1BM2&dib=eyJ2IjoiMSJ9.5R5AcnpMSByb7R0UpSvUAyILoQu_qVBv5aBo6ptRhbh_QEVc9sTRO8Z6XRgJgD3RvRGvVomrOuFBgewsdKpwUN-DKOXtgfoDmLuj3WcLLKhxacMNafC22FqD2SxhEOpFw5x4FC7k_JUfRCfvnBv1GuZpHcFzfOrJti6vMZH8WyyYBXuFRpet5iQIKskIpcKfSzzkw6k9cBqstFa_ulNus4p3H2utuRoWlg_k-m9PHlg.KDJX3I7DlsXO7hbgXPNPQ_Fpi1FDGwrDHbXWuD29MsU&dib_tag=se&keywords=smart+phone&qid=1728113473&sprefix=smatrphone%2Caps%2C218&sr=8-293,"iQOO Neo9 Pro 5G (Fiery Red, 12GB RAM, 256GB Storage) | Snapdragon 8 Gen 2 Processor | Supercomputing Chip Q1 | Flagship Level Sony IMX920 Camera  ","₹37,999₹37,999 M.R.P: ₹44,999₹44,999 (16% off)",3K+ bought in past month,Flat  INR 1000 Off on SBICardsFlat  INR 1000 Off on SBICards,"4.3 out of 5 stars 3,323  "," FREE delivery Tue, 8 Oct Or fastest delivery Tomorrow, 6 Oct "
306,https://www.amazon.in/Redmi-Note-13-Midnight-TurboCharge/dp/B0CRQG5DWS/ref=sr_1_294?crid=1L0Q91SOR1BM2&dib=eyJ2IjoiMSJ9.5R5AcnpMSByb7R0UpSvUAyILoQu_qVBv5aBo6ptRhbh_QEVc9sTRO8Z6XRgJgD3RvRGvVomrOuFBgewsdKpwUN-DKOXtgfoDmLuj3WcLLKhxacMNafC22FqD2SxhEOpFw5x4FC7k_JUfRCfvnBv1GuZpHcFzfOrJti6vMZH8WyyYBXuFRpet5iQIKskIpcKfSzzkw6k9cBqstFa_ulNus4p3H2utuRoWlg_k-m9PHlg.KDJX3I7DlsXO7hbgXPNPQ_Fpi1FDGwrDHbXWuD29MsU&dib_tag=se&keywords=smart+phone&qid=1728113473&sprefix=smatrphone%2Caps%2C218&sr=8-294,"Redmi Note 13 Pro (Midnight Black, 8GB RAM, 128GB Storage) | 1.5K AMOLED | 200MP Hi-Res Camera | Flagship 4nm SD 7s Gen 2 | 67W TurboCharge  ","₹22,999₹22,999 M.R.P: ₹28,999₹28,999 (21% off)",500+ bought in past month,Save extra with No Cost EMISave extra with No Cost EMI,"4.0 out of 5 stars 1,070  "," FREE delivery Mon, 7 Oct Or fastest delivery Tomorrow, 6 Oct "
307,https://www.amazon.in/Phantom-Storage-Charging-Flexible-Secondrary/dp/B0CHYVKZ85/ref=sr_1_295?crid=1L0Q91SOR1BM2&dib=eyJ2IjoiMSJ9.5R5AcnpMSByb7R0UpSvUAyILoQu_qVBv5aBo6ptRhbh_QEVc9sTRO8Z6XRgJgD3RvRGvVomrOuFBgewsdKpwUN-DKOXtgfoDmLuj3WcLLKhxacMNafC22FqD2SxhEOpFw5x4FC7k_JUfRCfvnBv1GuZpHcFzfOrJti6vMZH8WyyYBXuFRpet5iQIKskIpcKfSzzkw6k9cBqstFa_ulNus4p3H2utuRoWlg_k-m9PHlg.KDJX3I7DlsXO7hbgXPNPQ_Fpi1FDGwrDHbXWuD29MsU&dib_tag=se&keywords=smart+phone&qid=1728113473&sprefix=smatrphone%2Caps%2C218&sr=8-295,"TECNO Phantom V Flip 5G (Iconic Black 8GB RAM,256GB Storage) | 45W Fast Charging | 32 MP Selfie, 64 Rear Camera| 6.9"" Flexible, 1.32"" Secondrary AMOLED  ","₹54,899₹54,899 M.R.P: ₹71,999₹71,999 (24% off)",400+ bought in past month,"₹25,000 off coupon appliedSave ₹25,000  with coupon ",3.3 out of 5 stars 220  ," FREE delivery Tue, 8 Oct Or fastest delivery Tomorrow, 6 Oct "
308,https://www.amazon.in/realme-Segments-Dimensity-Motorsports-Inspired/dp/B0DDTXNGYN/ref=sr_1_296?crid=1L0Q91SOR1BM2&dib=eyJ2IjoiMSJ9.5R5AcnpMSByb7R0UpSvUAyILoQu_qVBv5aBo6ptRhbh_QEVc9sTRO8Z6XRgJgD3RvRGvVomrOuFBgewsdKpwUN-DKOXtgfoDmLuj3WcLLKhxacMNafC22FqD2SxhEOpFw5x4FC7k_JUfRCfvnBv1GuZpHcFzfOrJti6vMZH8WyyYBXuFRpet5iQIKskIpcKfSzzkw6k9cBqstFa_ulNus4p3H2utuRoWlg_k-m9PHlg.KDJX3I7DlsXO7hbgXPNPQ_Fpi1FDGwrDHbXWuD29MsU&dib_tag=se&keywords=smart+phone&qid=1728113473&sprefix=smatrphone%2Caps%2C218&sr=8-296,"realme NARZO 70 Turbo 5G (Turbo Purple,8GB RAM,128GB Storage) | Segment's Fastest Dimensity 7300 Energy 5G Chipset | Motorsports Inspired Design  ","₹17,998₹17,998 M.R.P: ₹20,999₹20,999 (14% off)",4K+ bought in past month,"₹2,000 off coupon appliedSave ₹2,000  with coupon ",4.4 out of 5 stars 382  ," FREE delivery Mon, 7 Oct Or fastest delivery Tomorrow, 6 Oct "
309,https://www.amazon.in/realme-Storage-Dimensity-Motorsports-Inspired/dp/B0DDTZZG2X/ref=sr_1_297?crid=1L0Q91SOR1BM2&dib=eyJ2IjoiMSJ9.5R5AcnpMSByb7R0UpSvUAyILoQu_qVBv5aBo6ptRhbh_QEVc9sTRO8Z6XRgJgD3RvRGvVomrOuFBgewsdKpwUN-DKOXtgfoDmLuj3WcLLKhxacMNafC22FqD2SxhEOpFw5x4FC7k_JUfRCfvnBv1GuZpHcFzfOrJti6vMZH8WyyYBXuFRpet5iQIKskIpcKfSzzkw6k9cBqstFa_ulNus4p3H2utuRoWlg_k-m9PHlg.KDJX3I7DlsXO7hbgXPNPQ_Fpi1FDGwrDHbXWuD29MsU&dib_tag=se&keywords=smart+phone&qid=1728113473&sprefix=smatrphone%2Caps%2C218&sr=8-297,"realme NARZO 70 Turbo 5G (Turbo Green,12GB RAM, 256GB Storage) | Dimensity 7300 Energy 5G Chipset is Fastest chipset in This Segment | Motorsports Inspired Design  ","₹20,998₹20,998 M.R.P: ₹23,999₹23,999 (13% off)",500+ bought in past month,"₹2,000 off coupon appliedSave ₹2,000  with coupon ",4.4 out of 5 stars 382  ," FREE delivery Tue, 8 Oct Or fastest delivery Tomorrow, 6 Oct "
310,https://www.amazon.in/Redmi-Purple-Storage-Flagship-TurboCharge/dp/B0CRQG58T8/ref=sr_1_298?crid=1L0Q91SOR1BM2&dib=eyJ2IjoiMSJ9.5R5AcnpMSByb7R0UpSvUAyILoQu_qVBv5aBo6ptRhbh_QEVc9sTRO8Z6XRgJgD3RvRGvVomrOuFBgewsdKpwUN-DKOXtgfoDmLuj3WcLLKhxacMNafC22FqD2SxhEOpFw5x4FC7k_JUfRCfvnBv1GuZpHcFzfOrJti6vMZH8WyyYBXuFRpet5iQIKskIpcKfSzzkw6k9cBqstFa_ulNus4p3H2utuRoWlg_k-m9PHlg.KDJX3I7DlsXO7hbgXPNPQ_Fpi1FDGwrDHbXWuD29MsU&dib_tag=se&keywords=smart+phone&qid=1728113473&sprefix=smatrphone%2Caps%2C218&sr=8-298,"Redmi Note 13 Pro (Coral Purple, 8GB RAM, 128GB Storage) | 1.5K AMOLED | 200MP Hi-Res Camera | Flagship 4nm SD 7s Gen 2 | 67W TurboCharge  ","₹22,999₹22,999 M.R.P: ₹28,999₹28,999 (21% off)",1K+ bought in past month,Save extra with No Cost EMISave extra with No Cost EMI,"4.0 out of 5 stars 1,070  "," FREE delivery Tue, 8 Oct Or fastest delivery Tomorrow, 6 Oct "
311,https://www.amazon.in/realme-Storage-Comfort-Resistance-48-Month/dp/B0D947DTLT/ref=sr_1_5?crid=1L0Q91SOR1BM2&dib=eyJ2IjoiMSJ9.YFHwfIh7GPJJ09bm1bBID_cftDp0afCxSRg3FN_lte1Rdqt5mg0Jx-TgDfx26Db3KQU1JO2tAF7pm-1gfG8MtzfxHlpgvazcRpgxNuuVFttuqLhrcaxp-Ld6M3GLfrx3fDP5xfBpL4ScKlFfbrSxXRyDX9VWbu_X7Xq3bgWwHhRWosAjnCAKcGU1quDOoO_Dy7EncmeSfy_UFCn5cEafdJeM3DlDTdqvQZcn6Vmj2_k.gLzcl7owOgyvjofPvY-GTIHcfhOU5iMgTDNesnqX70k&dib_tag=se&keywords=smart+phone&qid=1728113408&sprefix=smatrphone%2Caps%2C218&sr=8-5,"realme NARZO N61 (Voyage Blue,6GB RAM+128GB Storage) 90Hz Eye Comfort Display | IP54 Dust & Water Resistance | 48-Month Fluency | Charger in The Box  ","₹8,498₹8,498 M.R.P: ₹10,999₹10,999 (23% off)",5K+ bought in past month,"₹1,000 off coupon appliedSave ₹1,000  with coupon ",4.1 out of 5 stars 349  ," FREE delivery Tue, 8 Oct Or fastest delivery Tomorrow, 6 Oct "
312,https://www.amazon.in/OnePlus-Nord-Chromatic-128GB-Storage/dp/B0BY8MCQ9S/ref=sr_1_35?crid=1L0Q91SOR1BM2&dib=eyJ2IjoiMSJ9.dqonNPfjw7iOCXnMTXwHu_MY-u3AGV2FUF0KlLqMSR-jTTAm1mLQKUvhds1Bkj-gohtKKVqaLUj6F6kx_-8FUxjA6OYeXvWcpegarsOylNT5AWE8BI0AtVoWPFL_5m0tQE8qGbWNXQQT2ImqDb9lSG0muX6tCDLQoNgl45uvXJDHo3Sb1yFXJmsLz3de7ehSktbBjLoYMcS0pWTCdEO2EtJ81gk6Jsc1AS6qKB5IkZI.scNLIHri4NCnnnnDRVvC2MvU2yhX5UjtUwKk0k05W6A&dib_tag=se&keywords=smart+phone&qid=1728113411&sprefix=smatrphone%2Caps%2C218&sr=8-35,"OnePlus Nord CE 3 Lite 5G (Chromatic Gray, 8GB RAM, 128GB Storage)  ","₹15,944₹15,944 M.R.P: ₹19,999₹19,999 (20% off)",5K+ bought in past month,10% Off on Select Bank Cards10% Off on Select Bank Cards,"4.2 out of 5 stars 50,629  "," FREE delivery Sun, 13 Oct "
313,https://www.amazon.in/realme-Segments-Dimensity-Motorsports-Inspired/dp/B0DDTXJ2MX/ref=sr_1_299?crid=1L0Q91SOR1BM2&dib=eyJ2IjoiMSJ9.5R5AcnpMSByb7R0UpSvUAyILoQu_qVBv5aBo6ptRhbh_QEVc9sTRO8Z6XRgJgD3RvRGvVomrOuFBgewsdKpwUN-DKOXtgfoDmLuj3WcLLKhxacMNafC22FqD2SxhEOpFw5x4FC7k_JUfRCfvnBv1GuZpHcFzfOrJti6vMZH8WyyYBXuFRpet5iQIKskIpcKfSzzkw6k9cBqstFa_ulNus4p3H2utuRoWlg_k-m9PHlg.KDJX3I7DlsXO7hbgXPNPQ_Fpi1FDGwrDHbXWuD29MsU&dib_tag=se&keywords=smart+phone&qid=1728113473&sprefix=smatrphone%2Caps%2C218&sr=8-299,"realme NARZO 70 Turbo 5G (Turbo Yellow,6GB RAM,128GB Storage) | Segment's Fastest Dimensity 7300 Energy 5G Chipset | Motorsports Inspired Design  ","₹16,998₹16,998 M.R.P: ₹19,999₹19,999 (15% off)",5K+ bought in past month,"₹2,000 off coupon appliedSave ₹2,000  with coupon ",4.4 out of 5 stars 382  ," FREE delivery Tue, 8 Oct Or fastest delivery Tomorrow, 6 Oct "
314,https://www.amazon.in/Redmi-Arctic-Storage-Flagship-TurboCharge/dp/B0CRQF6G9D/ref=sr_1_300?crid=1L0Q91SOR1BM2&dib=eyJ2IjoiMSJ9.5R5AcnpMSByb7R0UpSvUAyILoQu_qVBv5aBo6ptRhbh_QEVc9sTRO8Z6XRgJgD3RvRGvVomrOuFBgewsdKpwUN-DKOXtgfoDmLuj3WcLLKhxacMNafC22FqD2SxhEOpFw5x4FC7k_JUfRCfvnBv1GuZpHcFzfOrJti6vMZH8WyyYBXuFRpet5iQIKskIpcKfSzzkw6k9cBqstFa_ulNus4p3H2utuRoWlg_k-m9PHlg.KDJX3I7DlsXO7hbgXPNPQ_Fpi1FDGwrDHbXWuD29MsU&dib_tag=se&keywords=smart+phone&qid=1728113473&sprefix=smatrphone%2Caps%2C218&sr=8-300,"Redmi Note 13 Pro (Arctic White, 8GB RAM, 256GB Storage) | 1.5K AMOLED | 200MP Hi-Res Camera | Flagship 4nm SD 7s Gen 2 | 67W TurboCharge  ","₹24,999₹24,999 M.R.P: ₹30,999₹30,999 (19% off)",100+ bought in past month,Save extra with No Cost EMISave extra with No Cost EMI,"4.0 out of 5 stars 1,070  "," FREE delivery Mon, 7 Oct Or fastest delivery Tomorrow, 6 Oct "
315,https://www.amazon.in/Renewed-Poco-F4-Night-Storage/dp/B0BMXGYVFW/ref=sr_1_301?crid=1L0Q91SOR1BM2&dib=eyJ2IjoiMSJ9.5R5AcnpMSByb7R0UpSvUAyILoQu_qVBv5aBo6ptRhbh_QEVc9sTRO8Z6XRgJgD3RvRGvVomrOuFBgewsdKpwUN-DKOXtgfoDmLuj3WcLLKhxacMNafC22FqD2SxhEOpFw5x4FC7k_JUfRCfvnBv1GuZpHcFzfOrJti6vMZH8WyyYBXuFRpet5iQIKskIpcKfSzzkw6k9cBqstFa_ulNus4p3H2utuRoWlg_k-m9PHlg.KDJX3I7DlsXO7hbgXPNPQ_Fpi1FDGwrDHbXWuD29MsU&dib_tag=se&keywords=smart+phone&qid=1728113473&sprefix=smatrphone%2Caps%2C218&sr=8-301,"(Refurbished) Poco F4 5G (Night Black,6GB RAM, 128GB Storage)  ","₹11,990₹11,990 M.R.P.: ₹32,999₹32,999 (64% off)",M.R.P.: ,10% Off on Select Bank Cards10% Off on Select Bank Cards,3.2 out of 5 stars 8  ," FREE delivery Thu, 10 Oct Or fastest delivery Tomorrow, 6 Oct "
316,https://www.amazon.in/Xiaomi-Storage-Professional-Optics-AMOLED/dp/B0CW3JRLH1/ref=sr_1_303?crid=1L0Q91SOR1BM2&dib=eyJ2IjoiMSJ9.5R5AcnpMSByb7R0UpSvUAyILoQu_qVBv5aBo6ptRhbh_QEVc9sTRO8Z6XRgJgD3RvRGvVomrOuFBgewsdKpwUN-DKOXtgfoDmLuj3WcLLKhxacMNafC22FqD2SxhEOpFw5x4FC7k_JUfRCfvnBv1GuZpHcFzfOrJti6vMZH8WyyYBXuFRpet5iQIKskIpcKfSzzkw6k9cBqstFa_ulNus4p3H2utuRoWlg_k-m9PHlg.KDJX3I7DlsXO7hbgXPNPQ_Fpi1FDGwrDHbXWuD29MsU&dib_tag=se&keywords=smart+phone&qid=1728113473&sprefix=smatrphone%2Caps%2C218&sr=8-303,"Xiaomi 14 (Black, 12GB RAM, 512GB Storage) | 50MP Leica Professional Optics | 120 Hz 1.5K LTPO AMOLED | SD 8 Gen 3 Hyper OS  ","₹47,999₹47,999 M.R.P: ₹79,999₹79,999 (40% off)",2K+ bought in past month,10% Off on Select Bank Cards10% Off on Select Bank Cards,4.2 out of 5 stars 300  ," FREE delivery Tue, 8 Oct Or fastest delivery Tomorrow, 6 Oct "
317,https://www.amazon.in/iQOO-Snapdragon-processor-Supercomputing-Flagship/dp/B07WDKMGWR/ref=sr_1_304?crid=1L0Q91SOR1BM2&dib=eyJ2IjoiMSJ9.5R5AcnpMSByb7R0UpSvUAyILoQu_qVBv5aBo6ptRhbh_QEVc9sTRO8Z6XRgJgD3RvRGvVomrOuFBgewsdKpwUN-DKOXtgfoDmLuj3WcLLKhxacMNafC22FqD2SxhEOpFw5x4FC7k_JUfRCfvnBv1GuZpHcFzfOrJti6vMZH8WyyYBXuFRpet5iQIKskIpcKfSzzkw6k9cBqstFa_ulNus4p3H2utuRoWlg_k-m9PHlg.KDJX3I7DlsXO7hbgXPNPQ_Fpi1FDGwrDHbXWuD29MsU&dib_tag=se&keywords=smart+phone&qid=1728113473&sprefix=smatrphone%2Caps%2C218&sr=8-304,"iQOO Neo9 Pro 5G (Fiery Red, 8GB RAM, 256GB Storage) | Snapdragon 8 Gen 2 Processor | Supercomputing Chip Q1 | Flagship Level Sony IMX920 Camera  ","₹35,999₹35,999 M.R.P: ₹41,999₹41,999 (14% off)",3K+ bought in past month,Flat  INR 1000 Off on SBICardsFlat  INR 1000 Off on SBICards,"4.3 out of 5 stars 3,323  "," FREE delivery Fri, 11 Oct Or fastest delivery Tomorrow, 6 Oct "
318,https://www.amazon.in/POCO-Pastel-Green-128GB-Storage/dp/B0CY299SKS/ref=sr_1_305?crid=1L0Q91SOR1BM2&dib=eyJ2IjoiMSJ9.yHiCgSson0hb-cZyCP0ZoEzaJM7Iu8YzZ06wmDWhxCA.c576PGupVG9vvqFfHXPfJ55HAsAMhZzPEzV3NA18exQ&dib_tag=se&keywords=smart+phone&qid=1728113477&sprefix=smatrphone%2Caps%2C218&sr=8-305,POCO C65 (Pastel Green 4GB RAM 128GB Storage)  ,"₹6,799₹6,799 M.R.P: ₹10,999₹10,999 (38% off)",4K+ bought in past month,Service: Installation,"4.0 out of 5 stars 2,477  "," FREE delivery Thu, 17 Oct Or fastest delivery Tomorrow, 6 Oct "
319,https://www.amazon.in/Micromax-Green-4GB-64GB-Storage/dp/B09RV7G1XQ/ref=sr_1_306?crid=1L0Q91SOR1BM2&dib=eyJ2IjoiMSJ9.yHiCgSson0hb-cZyCP0ZoEzaJM7Iu8YzZ06wmDWhxCA.c576PGupVG9vvqFfHXPfJ55HAsAMhZzPEzV3NA18exQ&dib_tag=se&keywords=smart+phone&qid=1728113477&sprefix=smatrphone%2Caps%2C218&sr=8-306,"Micromax in 2B (Green, 6GB RAM, 64GB Storage)  ","₹6,899₹6,899 M.R.P: ₹11,999₹11,999 (43% off)",M.R.P: ,10% Off on Select Bank Cards10% Off on Select Bank Cards,3.1 out of 5 stars 19  ," FREE delivery Thu, 10 Oct Or fastest delivery Tomorrow, 6 Oct "
320,https://www.amazon.in/sspa/click?ie=UTF8&spc=MTozMjQyNDQyNzYyODY3NTgzOjE3MjgxMTM0ODA6c3BfYXRmX25leHQ6MzAwMzQ1NzQ5NDgxMzMyOjowOjo&url=%2FSamsung-Storage-MediaTek-Dimensity-Security%2Fdp%2FB0DGXBSYHS%2Fref%3Dsr_1_321_sspa%3Fcrid%3D1L0Q91SOR1BM2%26keywords%3Dsmart%2Bphone%26qid%3D1728113480%26sprefix%3Dsmatrphone%252Caps%252C218%26sr%3D8-321-spons%26sp_csd%3Dd2lkZ2V0TmFtZT1zcF9hdGZfbmV4dA%26psc%3D1,"Samsung Galaxy M15 5G Prime Edition (Stone Grey,6GB RAM,128GB Storage)| Super AMOLED Display| 50MP Triple Cam| 6000mAh Battery| MediaTek Dimensity 6100+| 4 Gen. OS Upgrade & 5 Year Security Update  ","₹11,999₹11,999 M.R.P: ₹16,999₹16,999 (29% off)",5K+ bought in past month,Flat INR 750 Off on SBICardsFlat INR 750 Off on SBICards,4.2 out of 5 stars 21  ,FREE delivery
321,https://www.amazon.in/sspa/click?ie=UTF8&spc=MTo1NDgzMDc4NzYzODgyOTg0OjE3MjgxMTM0ODM6c3BfYXRmX25leHQ6MzAwMzQ1NzQ5NDgwODMyOjowOjo&url=%2FSamsung-Storage-MediaTek-Dimensity-Security%2Fdp%2FB0DGX9JJW8%2Fref%3Dsr_1_337_sspa%3Fcrid%3D1L0Q91SOR1BM2%26keywords%3Dsmart%2Bphone%26qid%3D1728113483%26sprefix%3Dsmatrphone%252Caps%252C218%26sr%3D8-337-spons%26sp_csd%3Dd2lkZ2V0TmFtZT1zcF9hdGZfbmV4dA%26psc%3D1,"Samsung Galaxy M15 5G Prime Edition (Blue Topaz,8GB RAM,128GB Storage) | Super AMOLED Display| 50MP Triple Cam| 6000mAh Battery| MediaTek Dimensity 6100+ | 4 Gen. OS Upgrade & 5 Year Security Update  ","₹13,499₹13,499 M.R.P: ₹17,999₹17,999 (25% off)",2K+ bought in past month,₹250 off coupon appliedSave ₹250  with coupon ,4.2 out of 5 stars 21  ," FREE delivery Thu, 10 Oct Or fastest delivery Tomorrow, 6 Oct "
322,https://www.amazon.in/sspa/click?ie=UTF8&spc=MTo1NDE2NjA0ODYxMzAxMTg1OjE3MjgxMTM0ODY6c3BfYXRmX25leHQ6MzAwMzQ1NzQ5NDgwOTMyOjowOjo&url=%2FSamsung-Storage-MediaTek-Dimensity-Security%2Fdp%2FB0DGX9VVFV%2Fref%3Dsr_1_353_sspa%3Fcrid%3D1L0Q91SOR1BM2%26keywords%3Dsmart%2Bphone%26qid%3D1728113486%26sprefix%3Dsmatrphone%252Caps%252C218%26sr%3D8-353-spons%26sp_csd%3Dd2lkZ2V0TmFtZT1zcF9hdGZfbmV4dA%26psc%3D1,"Samsung Galaxy M15 5G Prime Edition (Blue Topaz,6GB RAM,128GB Storage) | Super AMOLED Display| 50MP Triple Cam| 6000mAh Battery| MediaTek Dimensity 6100+ | 4 Gen. OS Upgrade & 5 Year Security Update  ","₹11,999₹11,999 M.R.P: ₹16,999₹16,999 (29% off)",5K+ bought in past month,Flat INR 750 Off on SBICardsFlat INR 750 Off on SBICards,4.2 out of 5 stars 21  ," FREE delivery Tue, 8 Oct Or fastest delivery Tomorrow, 6 Oct "
323,https://www.amazon.in/sspa/click?ie=UTF8&spc=MTo1ODAzNzg3MzI1NTkzNjM0OjE3MjgxMTM0ODg6c3BfYXRmX25leHQ6MzAwMzQ1NzQ5NDgxMDMyOjowOjo&url=%2FSamsung-Celestial-MediaTek-Dimensity-Security%2Fdp%2FB0DGXB3KPQ%2Fref%3Dsr_1_369_sspa%3Fcrid%3D1L0Q91SOR1BM2%26keywords%3Dsmart%2Bphone%26qid%3D1728113488%26sprefix%3Dsmatrphone%252Caps%252C218%26sr%3D8-369-spons%26sp_csd%3Dd2lkZ2V0TmFtZT1zcF9hdGZfbmV4dA%26psc%3D1,"Samsung Galaxy M15 5G Prime Edition (Celestial Blue,8GB RAM,128GB Storage)| Super AMOLED Display| 50MP Triple Cam| 6000mAh Battery| MediaTek Dimensity 6100+| 4 Gen. OS Upgrade & 5 Year Security Update  ","₹13,499₹13,499 M.R.P: ₹17,999₹17,999 (25% off)",2K+ bought in past month,₹250 off coupon appliedSave ₹250  with coupon ,4.2 out of 5 stars 21  ," FREE delivery Tue, 8 Oct Or fastest delivery Tomorrow, 6 Oct "
324,https://www.amazon.in/sspa/click?ie=UTF8&spc=MTo1OTcwNzc0OTI3NDQyNjc0OjE3MjgxMTM0MTE6c3BfYnRmOjMwMDA1NzU5NDU0MjEzMjo6MDo6&url=%2FApple-iPhone-15-Pro-Max%2Fdp%2FB0CHX1XQQ8%2Fref%3Dsr_1_37_sspa%3Fcrid%3D1L0Q91SOR1BM2%26dib%3DeyJ2IjoiMSJ9.dqonNPfjw7iOCXnMTXwHu_MY-u3AGV2FUF0KlLqMSR-jTTAm1mLQKUvhds1Bkj-gohtKKVqaLUj6F6kx_-8FUxjA6OYeXvWcpegarsOylNT5AWE8BI0AtVoWPFL_5m0tQE8qGbWNXQQT2ImqDb9lSG0muX6tCDLQoNgl45uvXJDHo3Sb1yFXJmsLz3de7ehSktbBjLoYMcS0pWTCdEO2EtJ81gk6Jsc1AS6qKB5IkZI.scNLIHri4NCnnnnDRVvC2MvU2yhX5UjtUwKk0k05W6A%26dib_tag%3Dse%26keywords%3Dsmart%2Bphone%26qid%3D1728113411%26sprefix%3Dsmatrphone%252Caps%252C218%26sr%3D8-37-spons%26sp_csd%3Dd2lkZ2V0TmFtZT1zcF9idGY%26psc%3D1,Apple iPhone 15 Pro Max (1 TB) - White Titanium  ,"₹1,74,900₹1,74,900 M.R.P: ₹1,99,900₹1,99,900 (13% off)",M.R.P: ,10% Off on Select Bank Cards10% Off on Select Bank Cards,4.4 out of 5 stars 348  ," FREE delivery Thu, 10 Oct "
325,https://www.amazon.in/sspa/click?ie=UTF8&spc=MTo2MDUxNzE0NDMxOTE2NDY4OjE3MjgxMTM0MTQ6c3BfYXRmX25leHQ6MjAwMzU1MzM0NDAzOTg6OjA6Og&url=%2FApple-iPhone-13-128GB-Green%2Fdp%2FB09V4B6K53%2Fref%3Dsr_1_33_sspa%3Fcrid%3D1L0Q91SOR1BM2%26dib%3DeyJ2IjoiMSJ9.VsLHWLaFQocnSwO_wlQeIhp4brWf4kAvuRvwBSQYsSKzfuVSOGIoCoTvLSK7kTpLclbj3J9FuKf2WvWorZEvdzjcqF9ZvZSqzoLXSrEyPUtiX1ZrE-1oqN0Qgnc3fXEn_uj3ZUcjUcXGAktdGxgFdKpJuM0_-ewNjyxaTCdrUYJw5l6E-F9LyM0QyYnPfzJAPnF0r9QziRPvjmFhzeCdWBogopZDzOE1A3eWY29gKK4.m0Ko8Crg9BvTp1dyGAmLVhDuigN7VPS6_iE4I4bsnSg%26dib_tag%3Dse%26keywords%3Dsmart%2Bphone%26qid%3D1728113414%26sprefix%3Dsmatrphone%252Caps%252C218%26sr%3D8-33-spons%26sp_csd%3Dd2lkZ2V0TmFtZT1zcF9hdGZfbmV4dA%26psc%3D1,Apple iPhone 13 (128GB) - Green  ,"₹42,999₹42,999 M.R.P: ₹59,900₹59,900 (28% off)",5K+ bought in past month,Flat INR 500 Off on SBICardsFlat INR 500 Off on SBICards,"4.5 out of 5 stars 29,593  "," FREE delivery Sun, 13 Oct Or fastest delivery Tomorrow, 6 Oct "
326,https://www.amazon.in/sspa/click?ie=UTF8&spc=MTo2MDUxNzE0NDMxOTE2NDY4OjE3MjgxMTM0MTQ6c3BfYXRmX25leHQ6MzAwMDU3NTk0NTQwOTMyOjowOjo&url=%2FApple-iPhone-15-Plus-256%2Fdp%2FB0CHWZ24KQ%2Fref%3Dsr_1_34_sspa%3Fcrid%3D1L0Q91SOR1BM2%26dib%3DeyJ2IjoiMSJ9.VsLHWLaFQocnSwO_wlQeIhp4brWf4kAvuRvwBSQYsSKzfuVSOGIoCoTvLSK7kTpLclbj3J9FuKf2WvWorZEvdzjcqF9ZvZSqzoLXSrEyPUtiX1ZrE-1oqN0Qgnc3fXEn_uj3ZUcjUcXGAktdGxgFdKpJuM0_-ewNjyxaTCdrUYJw5l6E-F9LyM0QyYnPfzJAPnF0r9QziRPvjmFhzeCdWBogopZDzOE1A3eWY29gKK4.m0Ko8Crg9BvTp1dyGAmLVhDuigN7VPS6_iE4I4bsnSg%26dib_tag%3Dse%26keywords%3Dsmart%2Bphone%26qid%3D1728113414%26sprefix%3Dsmatrphone%252Caps%252C218%26sr%3D8-34-spons%26sp_csd%3Dd2lkZ2V0TmFtZT1zcF9hdGZfbmV4dA%26psc%3D1,Apple iPhone 15 Plus (256 GB) - Yellow  ,"₹89,900₹89,900 M.R.P: ₹99,900₹99,900 (10% off)",M.R.P: ,Flat INR 3000 Off on SBICardsFlat INR 3000 Off on SBICards,"4.6 out of 5 stars 1,018  "," FREE delivery Sat, 12 Oct Or fastest delivery Tomorrow, 6 Oct "
327,https://www.amazon.in/realme-Storage-Chipset-Comfort-Display/dp/B0D3GY8SC1/ref=sr_1_35?crid=1L0Q91SOR1BM2&dib=eyJ2IjoiMSJ9.VsLHWLaFQocnSwO_wlQeIhp4brWf4kAvuRvwBSQYsSKzfuVSOGIoCoTvLSK7kTpLclbj3J9FuKf2WvWorZEvdzjcqF9ZvZSqzoLXSrEyPUtiX1ZrE-1oqN0Qgnc3fXEn_uj3ZUcjUcXGAktdGxgFdKpJuM0_-ewNjyxaTCdrUYJw5l6E-F9LyM0QyYnPfzJAPnF0r9QziRPvjmFhzeCdWBogopZDzOE1A3eWY29gKK4.m0Ko8Crg9BvTp1dyGAmLVhDuigN7VPS6_iE4I4bsnSg&dib_tag=se&keywords=smart+phone&qid=1728113414&sprefix=smatrphone%2Caps%2C218&sr=8-35,"realme NARZO N65 5G (Deep Green 4GB RAM, 128GB Storage) India's 1st D6300 5G Chipset | Ultra Slim 190g Design | 120Hz Eye Comfort Display | 50MP AI Camera| Charger in The Box  ","₹10,499₹10,499 M.R.P: ₹13,999₹13,999 (25% off)",3K+ bought in past month,₹750 off coupon appliedSave ₹750  with coupon ,4.1 out of 5 stars 922  ," FREE delivery Mon, 7 Oct Or fastest delivery Tomorrow, 6 Oct "
328,https://www.amazon.in/realme-Storage-Chipset-Comfort-Display/dp/B0D3GX1VFM/ref=sr_1_36?crid=1L0Q91SOR1BM2&dib=eyJ2IjoiMSJ9.VsLHWLaFQocnSwO_wlQeIhp4brWf4kAvuRvwBSQYsSKzfuVSOGIoCoTvLSK7kTpLclbj3J9FuKf2WvWorZEvdzjcqF9ZvZSqzoLXSrEyPUtiX1ZrE-1oqN0Qgnc3fXEn_uj3ZUcjUcXGAktdGxgFdKpJuM0_-ewNjyxaTCdrUYJw5l6E-F9LyM0QyYnPfzJAPnF0r9QziRPvjmFhzeCdWBogopZDzOE1A3eWY29gKK4.m0Ko8Crg9BvTp1dyGAmLVhDuigN7VPS6_iE4I4bsnSg&dib_tag=se&keywords=smart+phone&qid=1728113414&sprefix=smatrphone%2Caps%2C218&sr=8-36,"realme NARZO N65 5G (Deep Green 6GB RAM, 128GB Storage) India's 1st D6300 5G Chipset | Ultra Slim Design | 120Hz Eye Comfort Display | 50MP AI Camera| Charger in The Box  ","₹12,498₹12,498 M.R.P: ₹14,999₹14,999 (17% off)",5K+ bought in past month,"₹2,250 off coupon appliedSave ₹2,250  with coupon ",4.1 out of 5 stars 922  ," FREE delivery Wed, 16 Oct Or fastest delivery Tomorrow, 6 Oct "
329,https://www.amazon.in/realme-Storage-Comfort-Resistance-48-Month/dp/B0D945V84N/ref=sr_1_37?crid=1L0Q91SOR1BM2&dib=eyJ2IjoiMSJ9.VsLHWLaFQocnSwO_wlQeIhp4brWf4kAvuRvwBSQYsSKzfuVSOGIoCoTvLSK7kTpLclbj3J9FuKf2WvWorZEvdzjcqF9ZvZSqzoLXSrEyPUtiX1ZrE-1oqN0Qgnc3fXEn_uj3ZUcjUcXGAktdGxgFdKpJuM0_-ewNjyxaTCdrUYJw5l6E-F9LyM0QyYnPfzJAPnF0r9QziRPvjmFhzeCdWBogopZDzOE1A3eWY29gKK4.m0Ko8Crg9BvTp1dyGAmLVhDuigN7VPS6_iE4I4bsnSg&dib_tag=se&keywords=smart+phone&qid=1728113414&sprefix=smatrphone%2Caps%2C218&sr=8-37,"realme NARZO N61 (Voyage Blue,4GB RAM+64GB Storage) 90Hz Eye Comfort Display | IP54 Dust & Water Resistance | 48-Month Fluency | Charger in The Box  ","₹7,498₹7,498 M.R.P: ₹8,999₹8,999 (17% off)",5K+ bought in past month,Save extra with No Cost EMISave extra with No Cost EMI,4.1 out of 5 stars 349  ,FREE delivery
330,https://www.amazon.in/POCO-Diamond-Dust-Black-64GB/dp/B0CYBBB82G/ref=sr_1_38?crid=1L0Q91SOR1BM2&dib=eyJ2IjoiMSJ9.VsLHWLaFQocnSwO_wlQeIhp4brWf4kAvuRvwBSQYsSKzfuVSOGIoCoTvLSK7kTpLclbj3J9FuKf2WvWorZEvdzjcqF9ZvZSqzoLXSrEyPUtiX1ZrE-1oqN0Qgnc3fXEn_uj3ZUcjUcXGAktdGxgFdKpJuM0_-ewNjyxaTCdrUYJw5l6E-F9LyM0QyYnPfzJAPnF0r9QziRPvjmFhzeCdWBogopZDzOE1A3eWY29gKK4.m0Ko8Crg9BvTp1dyGAmLVhDuigN7VPS6_iE4I4bsnSg&dib_tag=se&keywords=smart+phone&qid=1728113414&sprefix=smatrphone%2Caps%2C218&sr=8-38,POCO C61 Diamond Dust Black 4GB RAM 64GB ROM  ,"₹6,299₹6,299 M.R.P: ₹8,999₹8,999 (30% off)",1K+ bought in past month,Save extra with No Cost EMISave extra with No Cost EMI,3.4 out of 5 stars 21  ," FREE delivery Tue, 8 Oct Or fastest delivery Tomorrow, 6 Oct "
331,https://www.amazon.in/Samsung-Celestial-MediaTek-Dimensity-Security/dp/B0DGX9F1T6/ref=sr_1_6?crid=1L0Q91SOR1BM2&dib=eyJ2IjoiMSJ9.YFHwfIh7GPJJ09bm1bBID_cftDp0afCxSRg3FN_lte1Rdqt5mg0Jx-TgDfx26Db3KQU1JO2tAF7pm-1gfG8MtzfxHlpgvazcRpgxNuuVFttuqLhrcaxp-Ld6M3GLfrx3fDP5xfBpL4ScKlFfbrSxXRyDX9VWbu_X7Xq3bgWwHhRWosAjnCAKcGU1quDOoO_Dy7EncmeSfy_UFCn5cEafdJeM3DlDTdqvQZcn6Vmj2_k.gLzcl7owOgyvjofPvY-GTIHcfhOU5iMgTDNesnqX70k&dib_tag=se&keywords=smart+phone&qid=1728113408&sprefix=smatrphone%2Caps%2C218&sr=8-6,"Samsung Galaxy M15 5G Prime Edition (Celestial Blue,4GB RAM,128GB Storage)| Super AMOLED Display| 50MP Triple Cam| 6000mAh Battery| MediaTek Dimensity 6100+| 4 Gen. OS Upgrade & 5 Year Security Update  ","₹10,999₹10,999 M.R.P: ₹15,999₹15,999 (31% off)",5K+ bought in past month,Flat INR 750 Off on SBICardsFlat INR 750 Off on SBICards,4.2 out of 5 stars 21  ," FREE delivery Tue, 8 Oct Or fastest delivery Tomorrow, 6 Oct "
332,https://www.amazon.in/Redmi-Startrail-Storage-MediaTek-Dimensity/dp/B0CNX84MF4/ref=sr_1_39?crid=1L0Q91SOR1BM2&dib=eyJ2IjoiMSJ9.VsLHWLaFQocnSwO_wlQeIhp4brWf4kAvuRvwBSQYsSKzfuVSOGIoCoTvLSK7kTpLclbj3J9FuKf2WvWorZEvdzjcqF9ZvZSqzoLXSrEyPUtiX1ZrE-1oqN0Qgnc3fXEn_uj3ZUcjUcXGAktdGxgFdKpJuM0_-ewNjyxaTCdrUYJw5l6E-F9LyM0QyYnPfzJAPnF0r9QziRPvjmFhzeCdWBogopZDzOE1A3eWY29gKK4.m0Ko8Crg9BvTp1dyGAmLVhDuigN7VPS6_iE4I4bsnSg&dib_tag=se&keywords=smart+phone&qid=1728113414&sprefix=smatrphone%2Caps%2C218&sr=8-39,"Redmi 13C 5G (Startrail Green, 8GB RAM, 256GB Storage) | MediaTek Dimensity 6100+ 5G | 90Hz Display  ","₹13,499₹13,499 M.R.P: ₹17,999₹17,999 (25% off)",1K+ bought in past month,10% Off on Select Bank Cards10% Off on Select Bank Cards,"4.0 out of 5 stars 8,112  "," FREE delivery Tue, 8 Oct Or fastest delivery Tomorrow, 6 Oct "
333,https://www.amazon.in/Samsung-Thunder-Storage-Corning-Gorilla/dp/B0D813539C/ref=sr_1_40?crid=1L0Q91SOR1BM2&dib=eyJ2IjoiMSJ9.VsLHWLaFQocnSwO_wlQeIhp4brWf4kAvuRvwBSQYsSKzfuVSOGIoCoTvLSK7kTpLclbj3J9FuKf2WvWorZEvdzjcqF9ZvZSqzoLXSrEyPUtiX1ZrE-1oqN0Qgnc3fXEn_uj3ZUcjUcXGAktdGxgFdKpJuM0_-ewNjyxaTCdrUYJw5l6E-F9LyM0QyYnPfzJAPnF0r9QziRPvjmFhzeCdWBogopZDzOE1A3eWY29gKK4.m0Ko8Crg9BvTp1dyGAmLVhDuigN7VPS6_iE4I4bsnSg&dib_tag=se&keywords=smart+phone&qid=1728113414&sprefix=smatrphone%2Caps%2C218&sr=8-40,"Samsung Galaxy M35 5G (Thunder Grey,8GB RAM,128GB Storage)| Corning Gorilla Glass Victus+| AnTuTu Score 595K+ | Vapour Cooling Chamber | 6000mAh Battery | 120Hz Super AMOLED Display| Without Charger  ","₹16,499₹16,499 M.R.P: ₹25,999₹25,999 (37% off)",5K+ bought in past month,10% Off on Select Bank Cards10% Off on Select Bank Cards,"4.1 out of 5 stars 1,981  "," FREE delivery Tue, 8 Oct Or fastest delivery Tomorrow, 6 Oct "
334,https://www.amazon.in/Samsung-Moonlight-Storage-Corning-Gorilla/dp/B0D813HQFN/ref=sr_1_41?crid=1L0Q91SOR1BM2&dib=eyJ2IjoiMSJ9.VsLHWLaFQocnSwO_wlQeIhp4brWf4kAvuRvwBSQYsSKzfuVSOGIoCoTvLSK7kTpLclbj3J9FuKf2WvWorZEvdzjcqF9ZvZSqzoLXSrEyPUtiX1ZrE-1oqN0Qgnc3fXEn_uj3ZUcjUcXGAktdGxgFdKpJuM0_-ewNjyxaTCdrUYJw5l6E-F9LyM0QyYnPfzJAPnF0r9QziRPvjmFhzeCdWBogopZDzOE1A3eWY29gKK4.m0Ko8Crg9BvTp1dyGAmLVhDuigN7VPS6_iE4I4bsnSg&dib_tag=se&keywords=smart+phone&qid=1728113414&sprefix=smatrphone%2Caps%2C218&sr=8-41,"Samsung Galaxy M35 5G (Moonlight Blue,8GB RAM,128GB Storage)| Corning Gorilla Glass Victus+| AnTuTu Score 595K+ | Vapour Cooling Chamber | 6000mAh Battery | 120Hz Super AMOLED Display| Without Charger  ","₹16,499₹16,499 M.R.P: ₹25,999₹25,999 (37% off)",5K+ bought in past month,10% Off on Select Bank Cards10% Off on Select Bank Cards,"4.1 out of 5 stars 1,981  "," FREE delivery Tue, 8 Oct Or fastest delivery Tomorrow, 6 Oct "
335,https://www.amazon.in/Samsung-5000mAh-Snapdragon-Processor-Security/dp/B0CV78R7FL/ref=sr_1_42?crid=1L0Q91SOR1BM2&dib=eyJ2IjoiMSJ9.VsLHWLaFQocnSwO_wlQeIhp4brWf4kAvuRvwBSQYsSKzfuVSOGIoCoTvLSK7kTpLclbj3J9FuKf2WvWorZEvdzjcqF9ZvZSqzoLXSrEyPUtiX1ZrE-1oqN0Qgnc3fXEn_uj3ZUcjUcXGAktdGxgFdKpJuM0_-ewNjyxaTCdrUYJw5l6E-F9LyM0QyYnPfzJAPnF0r9QziRPvjmFhzeCdWBogopZDzOE1A3eWY29gKK4.m0Ko8Crg9BvTp1dyGAmLVhDuigN7VPS6_iE4I4bsnSg&dib_tag=se&keywords=smart+phone&qid=1728113414&sprefix=smatrphone%2Caps%2C218&sr=8-42,"Samsung Galaxy M14 4G (Arctic Blue,4GB,64GB) | 50MP Triple Cam | 5000mAh Battery | Snapdragon 680 Processor | 2 Gen. OS Upgrade & 4 Year Security Update | 8GB RAM with RAM Plus | Without Charger  ","₹8,319₹8,319 M.R.P: ₹13,999₹13,999 (41% off)",2K+ bought in past month,10% Off on Select Bank Cards10% Off on Select Bank Cards,3.8 out of 5 stars 362  ," FREE delivery Mon, 7 Oct Or fastest delivery Tomorrow, 6 Oct "
336,https://www.amazon.in/sspa/click?ie=UTF8&spc=MTo2MDUxNzE0NDMxOTE2NDY4OjE3MjgxMTM0MTQ6c3BfbXRmOjMwMDA1NzU5NDU0MzAzMjo6MDo6&url=%2FApple-iPhone-15-Pro-Max%2Fdp%2FB0CHX9L7Y4%2Fref%3Dsr_1_43_sspa%3Fcrid%3D1L0Q91SOR1BM2%26dib%3DeyJ2IjoiMSJ9.VsLHWLaFQocnSwO_wlQeIhp4brWf4kAvuRvwBSQYsSKzfuVSOGIoCoTvLSK7kTpLclbj3J9FuKf2WvWorZEvdzjcqF9ZvZSqzoLXSrEyPUtiX1ZrE-1oqN0Qgnc3fXEn_uj3ZUcjUcXGAktdGxgFdKpJuM0_-ewNjyxaTCdrUYJw5l6E-F9LyM0QyYnPfzJAPnF0r9QziRPvjmFhzeCdWBogopZDzOE1A3eWY29gKK4.m0Ko8Crg9BvTp1dyGAmLVhDuigN7VPS6_iE4I4bsnSg%26dib_tag%3Dse%26keywords%3Dsmart%2Bphone%26qid%3D1728113414%26sprefix%3Dsmatrphone%252Caps%252C218%26sr%3D8-43-spons%26sp_csd%3Dd2lkZ2V0TmFtZT1zcF9tdGY%26psc%3D1,Apple iPhone 15 Pro Max (1 TB) - Natural Titanium  ,"₹1,74,900₹1,74,900 M.R.P: ₹1,99,900₹1,99,900 (13% off)",M.R.P: ,10% Off on Select Bank Cards10% Off on Select Bank Cards,4.4 out of 5 stars 348  ," FREE delivery Tue, 8 Oct Or fastest delivery Tomorrow, 6 Oct "
337,https://www.amazon.in/sspa/click?ie=UTF8&spc=MTo2MDUxNzE0NDMxOTE2NDY4OjE3MjgxMTM0MTQ6c3BfbXRmOjMwMDA1NzU5NDUzNzkzMjo6MDo6&url=%2FApple-iPhone-15-128-GB%2Fdp%2FB0CHX7NG26%2Fref%3Dsr_1_44_sspa%3Fcrid%3D1L0Q91SOR1BM2%26dib%3DeyJ2IjoiMSJ9.VsLHWLaFQocnSwO_wlQeIhp4brWf4kAvuRvwBSQYsSKzfuVSOGIoCoTvLSK7kTpLclbj3J9FuKf2WvWorZEvdzjcqF9ZvZSqzoLXSrEyPUtiX1ZrE-1oqN0Qgnc3fXEn_uj3ZUcjUcXGAktdGxgFdKpJuM0_-ewNjyxaTCdrUYJw5l6E-F9LyM0QyYnPfzJAPnF0r9QziRPvjmFhzeCdWBogopZDzOE1A3eWY29gKK4.m0Ko8Crg9BvTp1dyGAmLVhDuigN7VPS6_iE4I4bsnSg%26dib_tag%3Dse%26keywords%3Dsmart%2Bphone%26qid%3D1728113414%26sprefix%3Dsmatrphone%252Caps%252C218%26sr%3D8-44-spons%26sp_csd%3Dd2lkZ2V0TmFtZT1zcF9tdGY%26psc%3D1,Apple iPhone 15 (128 GB) - Yellow  ,"₹69,900₹69,900 M.R.P: ₹79,600₹79,600 (12% off)",M.R.P: ,Flat INR 3000 Off on SBICardsFlat INR 3000 Off on SBICards,"4.5 out of 5 stars 2,255  "," FREE delivery Tue, 8 Oct Or fastest delivery Tomorrow, 6 Oct "
338,https://www.amazon.in/OnePlus-Nord-Chromatic-256GB-Storage/dp/B0BY8L3RZ6/ref=sr_1_45?crid=1L0Q91SOR1BM2&dib=eyJ2IjoiMSJ9.VsLHWLaFQocnSwO_wlQeIhp4brWf4kAvuRvwBSQYsSKzfuVSOGIoCoTvLSK7kTpLclbj3J9FuKf2WvWorZEvdzjcqF9ZvZSqzoLXSrEyPUtiX1ZrE-1oqN0Qgnc3fXEn_uj3ZUcjUcXGAktdGxgFdKpJuM0_-ewNjyxaTCdrUYJw5l6E-F9LyM0QyYnPfzJAPnF0r9QziRPvjmFhzeCdWBogopZDzOE1A3eWY29gKK4.m0Ko8Crg9BvTp1dyGAmLVhDuigN7VPS6_iE4I4bsnSg&dib_tag=se&keywords=smart+phone&qid=1728113414&sprefix=smatrphone%2Caps%2C218&sr=8-45,"OnePlus Nord CE 3 Lite 5G (Chromatic Gray, 8GB RAM, 256GB Storage)  ","₹19,185₹19,185 M.R.P: ₹21,999₹21,999 (13% off)",2K+ bought in past month,10% Off on Select Bank Cards10% Off on Select Bank Cards,"4.2 out of 5 stars 50,629  "," FREE delivery Wed, 9 Oct Or fastest delivery Tomorrow, 6 Oct "
339,https://www.amazon.in/Samsung-Sapphire-Snapdragon-Processor-Security/dp/B0CV7KZLL4/ref=sr_1_46?crid=1L0Q91SOR1BM2&dib=eyJ2IjoiMSJ9.VsLHWLaFQocnSwO_wlQeIhp4brWf4kAvuRvwBSQYsSKzfuVSOGIoCoTvLSK7kTpLclbj3J9FuKf2WvWorZEvdzjcqF9ZvZSqzoLXSrEyPUtiX1ZrE-1oqN0Qgnc3fXEn_uj3ZUcjUcXGAktdGxgFdKpJuM0_-ewNjyxaTCdrUYJw5l6E-F9LyM0QyYnPfzJAPnF0r9QziRPvjmFhzeCdWBogopZDzOE1A3eWY29gKK4.m0Ko8Crg9BvTp1dyGAmLVhDuigN7VPS6_iE4I4bsnSg&dib_tag=se&keywords=smart+phone&qid=1728113414&sprefix=smatrphone%2Caps%2C218&sr=8-46,"Samsung Galaxy M14 4G (Sapphire Blue,4GB,64GB) | 50MP Triple Cam | 5000mAh Battery | Snapdragon 680 Processor | 2 Gen. OS Upgrade & 4 Year Security Update | 8GB RAM with RAM Plus | Without Charger  ","₹8,549₹8,549 M.R.P: ₹13,999₹13,999 (39% off)",3K+ bought in past month,10% Off on Select Bank Cards10% Off on Select Bank Cards,3.9 out of 5 stars 261  ," FREE delivery Fri, 11 Oct Or fastest delivery Tomorrow, 6 Oct "
340,https://www.amazon.in/OnePlus-Obsidian-Midnight-128GB-Storage/dp/B0D7VK8W41/ref=sr_1_47?crid=1L0Q91SOR1BM2&dib=eyJ2IjoiMSJ9.VsLHWLaFQocnSwO_wlQeIhp4brWf4kAvuRvwBSQYsSKzfuVSOGIoCoTvLSK7kTpLclbj3J9FuKf2WvWorZEvdzjcqF9ZvZSqzoLXSrEyPUtiX1ZrE-1oqN0Qgnc3fXEn_uj3ZUcjUcXGAktdGxgFdKpJuM0_-ewNjyxaTCdrUYJw5l6E-F9LyM0QyYnPfzJAPnF0r9QziRPvjmFhzeCdWBogopZDzOE1A3eWY29gKK4.m0Ko8Crg9BvTp1dyGAmLVhDuigN7VPS6_iE4I4bsnSg&dib_tag=se&keywords=smart+phone&qid=1728113414&sprefix=smatrphone%2Caps%2C218&sr=8-47,"OnePlus Nord 4 5G (Obsidian Midnight, 8GB RAM, 128GB Storage)  ","₹29,998₹29,998",2K+ bought in past month,"₹2,000 off coupon appliedSave ₹2,000  with coupon ",4.2 out of 5 stars 821  ," FREE delivery Mon, 7 Oct Or fastest delivery Tomorrow, 6 Oct "
341,https://www.amazon.in/Redmi-Starlight-Storage-MediaTek-Dimensity/dp/B0CNX89QR8/ref=sr_1_48?crid=1L0Q91SOR1BM2&dib=eyJ2IjoiMSJ9.VsLHWLaFQocnSwO_wlQeIhp4brWf4kAvuRvwBSQYsSKzfuVSOGIoCoTvLSK7kTpLclbj3J9FuKf2WvWorZEvdzjcqF9ZvZSqzoLXSrEyPUtiX1ZrE-1oqN0Qgnc3fXEn_uj3ZUcjUcXGAktdGxgFdKpJuM0_-ewNjyxaTCdrUYJw5l6E-F9LyM0QyYnPfzJAPnF0r9QziRPvjmFhzeCdWBogopZDzOE1A3eWY29gKK4.m0Ko8Crg9BvTp1dyGAmLVhDuigN7VPS6_iE4I4bsnSg&dib_tag=se&keywords=smart+phone&qid=1728113414&sprefix=smatrphone%2Caps%2C218&sr=8-48,"Redmi 13C 5G (Starlight Black, 4GB RAM, 128GB Storage) | MediaTek Dimensity 6100+ 5G | 90Hz Display  ","₹8,999₹8,999 M.R.P: ₹13,999₹13,999 (36% off)",5K+ bought in past month,Save extra with No Cost EMISave extra with No Cost EMI,"4.0 out of 5 stars 8,112  "," FREE delivery Mon, 7 Oct Or fastest delivery Tomorrow, 6 Oct "
342,https://www.amazon.in/Starfrost-Storage-Powered-MediaTek-Display/dp/B0CMTX362W/ref=sr_1_7?crid=1L0Q91SOR1BM2&dib=eyJ2IjoiMSJ9.YFHwfIh7GPJJ09bm1bBID_cftDp0afCxSRg3FN_lte1Rdqt5mg0Jx-TgDfx26Db3KQU1JO2tAF7pm-1gfG8MtzfxHlpgvazcRpgxNuuVFttuqLhrcaxp-Ld6M3GLfrx3fDP5xfBpL4ScKlFfbrSxXRyDX9VWbu_X7Xq3bgWwHhRWosAjnCAKcGU1quDOoO_Dy7EncmeSfy_UFCn5cEafdJeM3DlDTdqvQZcn6Vmj2_k.gLzcl7owOgyvjofPvY-GTIHcfhOU5iMgTDNesnqX70k&dib_tag=se&keywords=smart+phone&qid=1728113408&sprefix=smatrphone%2Caps%2C218&sr=8-7,"Redmi 13C (Starfrost White, 6GB RAM, 128GB Storage) | Powered by 4G MediaTek Helio G85 | 90Hz Display | 50MP AI Triple Camera  ","₹8,499₹8,499 M.R.P: ₹13,999₹13,999 (39% off)",5K+ bought in past month,10% Off on Select Bank Cards10% Off on Select Bank Cards,"4.1 out of 5 stars 7,991  "," FREE delivery Thu, 10 Oct Or fastest delivery Tomorrow, 6 Oct "
343,https://www.amazon.in/Vivo-T3x-Crimson-Bliss-128/dp/B0D73N7H3W/ref=sr_1_49?crid=1L0Q91SOR1BM2&dib=eyJ2IjoiMSJ9.VsLHWLaFQocnSwO_wlQeIhp4brWf4kAvuRvwBSQYsSKzfuVSOGIoCoTvLSK7kTpLclbj3J9FuKf2WvWorZEvdzjcqF9ZvZSqzoLXSrEyPUtiX1ZrE-1oqN0Qgnc3fXEn_uj3ZUcjUcXGAktdGxgFdKpJuM0_-ewNjyxaTCdrUYJw5l6E-F9LyM0QyYnPfzJAPnF0r9QziRPvjmFhzeCdWBogopZDzOE1A3eWY29gKK4.m0Ko8Crg9BvTp1dyGAmLVhDuigN7VPS6_iE4I4bsnSg&dib_tag=se&keywords=smart+phone&qid=1728113414&sprefix=smatrphone%2Caps%2C218&sr=8-49,"Vivo T3x 5G (Crimson Bliss, 128 GB) (6 GB RAM)  ","₹15,497₹15,497 M.R.P: ₹18,999₹18,999 (18% off)",2K+ bought in past month,10% Off on Select Bank Cards10% Off on Select Bank Cards,4.0 out of 5 stars 33  ," FREE delivery Thu, 10 Oct Or fastest delivery Tomorrow, 6 Oct "
344,https://www.amazon.in/Samsung-Moonlight-Storage-Corning-Gorilla/dp/B0D8134JH8/ref=sr_1_50?crid=1L0Q91SOR1BM2&dib=eyJ2IjoiMSJ9.VsLHWLaFQocnSwO_wlQeIhp4brWf4kAvuRvwBSQYsSKzfuVSOGIoCoTvLSK7kTpLclbj3J9FuKf2WvWorZEvdzjcqF9ZvZSqzoLXSrEyPUtiX1ZrE-1oqN0Qgnc3fXEn_uj3ZUcjUcXGAktdGxgFdKpJuM0_-ewNjyxaTCdrUYJw5l6E-F9LyM0QyYnPfzJAPnF0r9QziRPvjmFhzeCdWBogopZDzOE1A3eWY29gKK4.m0Ko8Crg9BvTp1dyGAmLVhDuigN7VPS6_iE4I4bsnSg&dib_tag=se&keywords=smart+phone&qid=1728113414&sprefix=smatrphone%2Caps%2C218&sr=8-50,"Samsung Galaxy M35 5G (Moonlight Blue,6GB RAM,128GB Storage)| Corning Gorilla Glass Victus+| AnTuTu Score 595K+ | Vapour Cooling Chamber | 6000mAh Battery | 120Hz Super AMOLED Display| Without Charger  ","₹14,999₹14,999 M.R.P: ₹24,499₹24,499 (39% off)",5K+ bought in past month,10% Off on Select Bank Cards10% Off on Select Bank Cards,"4.1 out of 5 stars 1,981  "," FREE delivery Tue, 8 Oct Or fastest delivery Tomorrow, 6 Oct "
345,https://www.amazon.in/Gravity-Speakers-Fingerprint-Octa-Core-Processor/dp/B0CQ7RQ5RK/ref=sr_1_51?crid=1L0Q91SOR1BM2&dib=eyJ2IjoiMSJ9.VsLHWLaFQocnSwO_wlQeIhp4brWf4kAvuRvwBSQYsSKzfuVSOGIoCoTvLSK7kTpLclbj3J9FuKf2WvWorZEvdzjcqF9ZvZSqzoLXSrEyPUtiX1ZrE-1oqN0Qgnc3fXEn_uj3ZUcjUcXGAktdGxgFdKpJuM0_-ewNjyxaTCdrUYJw5l6E-F9LyM0QyYnPfzJAPnF0r9QziRPvjmFhzeCdWBogopZDzOE1A3eWY29gKK4.m0Ko8Crg9BvTp1dyGAmLVhDuigN7VPS6_iE4I4bsnSg&dib_tag=se&keywords=smart+phone&qid=1728113414&sprefix=smatrphone%2Caps%2C218&sr=8-51,"TECNO POP 8 (Gravity Black, 4GB+64GB)| 90Hz Punch Hole Display with Dynamic Port & Dual Speakers with DTS| 5000mAh Battery |10W Type-C| Side Fingerprint Sensor| Octa-Core Processor  ","₹6,799₹6,799 M.R.P: ₹7,799₹7,799 (13% off)",1K+ bought in past month,10% Off on Select Bank Cards10% Off on Select Bank Cards,"4.1 out of 5 stars 2,132  "," FREE delivery Tue, 8 Oct Or fastest delivery Tomorrow, 6 Oct "
346,https://www.amazon.in/iQOO-Storage-Dimensity-Camera-Charger/dp/B07WHQS4LB/ref=sr_1_52?crid=1L0Q91SOR1BM2&dib=eyJ2IjoiMSJ9.VsLHWLaFQocnSwO_wlQeIhp4brWf4kAvuRvwBSQYsSKzfuVSOGIoCoTvLSK7kTpLclbj3J9FuKf2WvWorZEvdzjcqF9ZvZSqzoLXSrEyPUtiX1ZrE-1oqN0Qgnc3fXEn_uj3ZUcjUcXGAktdGxgFdKpJuM0_-ewNjyxaTCdrUYJw5l6E-F9LyM0QyYnPfzJAPnF0r9QziRPvjmFhzeCdWBogopZDzOE1A3eWY29gKK4.m0Ko8Crg9BvTp1dyGAmLVhDuigN7VPS6_iE4I4bsnSg&dib_tag=se&keywords=smart+phone&qid=1728113414&sprefix=smatrphone%2Caps%2C218&sr=8-52,"iQOO Z9 Lite 5G (Mocha Brown, 6GB RAM, 128GB Storage) | Dimensity 6300 5G | 50MP Sony AI Camera | Charger in The Box | Rs 1000 Off on All Bank Cards  ","₹11,498₹11,498 M.R.P: ₹15,499₹15,499 (26% off)",5K+ bought in past month,Save extra with No Cost EMISave extra with No Cost EMI,"4.0 out of 5 stars 1,122  "," FREE delivery Thu, 10 Oct Or fastest delivery Tomorrow, 6 Oct "
347,https://www.amazon.in/sspa/click?ie=UTF8&spc=MTo2MDUxNzE0NDMxOTE2NDY4OjE3MjgxMTM0MTQ6c3BfYnRmOjMwMDM1MTQ4MTk4MDYzMjo6MDo6&url=%2FApple-iPhone-16-256-GB%2Fdp%2FB0DGJ3NWM4%2Fref%3Dsr_1_53_sspa%3Fcrid%3D1L0Q91SOR1BM2%26dib%3DeyJ2IjoiMSJ9.VsLHWLaFQocnSwO_wlQeIhp4brWf4kAvuRvwBSQYsSKzfuVSOGIoCoTvLSK7kTpLclbj3J9FuKf2WvWorZEvdzjcqF9ZvZSqzoLXSrEyPUtiX1ZrE-1oqN0Qgnc3fXEn_uj3ZUcjUcXGAktdGxgFdKpJuM0_-ewNjyxaTCdrUYJw5l6E-F9LyM0QyYnPfzJAPnF0r9QziRPvjmFhzeCdWBogopZDzOE1A3eWY29gKK4.m0Ko8Crg9BvTp1dyGAmLVhDuigN7VPS6_iE4I4bsnSg%26dib_tag%3Dse%26keywords%3Dsmart%2Bphone%26qid%3D1728113414%26sprefix%3Dsmatrphone%252Caps%252C218%26sr%3D8-53-spons%26sp_csd%3Dd2lkZ2V0TmFtZT1zcF9idGY%26psc%3D1,Apple iPhone 16 (256 GB) - Pink  ,"₹89,900₹89,900",100+ bought in past month,10% Off on Select Bank Cards10% Off on Select Bank Cards,4.8 out of 5 stars 16  ," FREE delivery Tue, 8 Oct Or fastest delivery Tomorrow, 6 Oct "
348,https://www.amazon.in/sspa/click?ie=UTF8&spc=MTo4MzQ4MjU1Nzc0MDg3MDU1OjE3MjgxMTM0MTg6c3BfYXRmX25leHQ6MjAwNzk2ODI4NTEwMDM6OjA6Og&url=%2FApple-iPhone-13-128GB-Blue%2Fdp%2FB09G9BL5CP%2Fref%3Dsr_1_49_sspa%3Fcrid%3D1L0Q91SOR1BM2%26dib%3DeyJ2IjoiMSJ9.HkpTKvfno3A0J8DAwZsWIxLkIS3X1zb4P-96pTSzg2vgZt_YXBOAo0h4KMgWmrqJ0JluJoCtRTVF8mIOHuWrrThclqmxqPH7NrRZeGY9OaWD3PLpHU3-fSjUZPIi7W4I5eUWC98cKqBM2-CJVbd2S7qF0Lfg8kwZ58PcIGf39UKOWvtbnFqGtYWHJ3WsxqTW_UI4CmHQrYFdqkNevntavOSR79By3hcH5hveZvJYSak.INgOdge-vdiNSCtAJsSXXyzL0ENHrF5JpU5DVc1RtH4%26dib_tag%3Dse%26keywords%3Dsmart%2Bphone%26qid%3D1728113418%26sprefix%3Dsmatrphone%252Caps%252C218%26sr%3D8-49-spons%26sp_csd%3Dd2lkZ2V0TmFtZT1zcF9hdGZfbmV4dA%26psc%3D1,Apple iPhone 13 (128GB) - Blue  ,"₹42,999₹42,999 M.R.P: ₹59,900₹59,900 (28% off)",5K+ bought in past month,Flat INR 500 Off on SBICardsFlat INR 500 Off on SBICards,"4.5 out of 5 stars 29,593  "," FREE delivery Tue, 8 Oct Or fastest delivery Tomorrow, 6 Oct "
349,https://www.amazon.in/sspa/click?ie=UTF8&spc=MTo4MzQ4MjU1Nzc0MDg3MDU1OjE3MjgxMTM0MTg6c3BfYXRmX25leHQ6MzAwMzUxNDgxOTgxNDMyOjowOjo&url=%2FApple-iPhone-16-256-GB%2Fdp%2FB0DGJHBDTS%2Fref%3Dsr_1_50_sspa%3Fcrid%3D1L0Q91SOR1BM2%26dib%3DeyJ2IjoiMSJ9.HkpTKvfno3A0J8DAwZsWIxLkIS3X1zb4P-96pTSzg2vgZt_YXBOAo0h4KMgWmrqJ0JluJoCtRTVF8mIOHuWrrThclqmxqPH7NrRZeGY9OaWD3PLpHU3-fSjUZPIi7W4I5eUWC98cKqBM2-CJVbd2S7qF0Lfg8kwZ58PcIGf39UKOWvtbnFqGtYWHJ3WsxqTW_UI4CmHQrYFdqkNevntavOSR79By3hcH5hveZvJYSak.INgOdge-vdiNSCtAJsSXXyzL0ENHrF5JpU5DVc1RtH4%26dib_tag%3Dse%26keywords%3Dsmart%2Bphone%26qid%3D1728113418%26sprefix%3Dsmatrphone%252Caps%252C218%26sr%3D8-50-spons%26sp_csd%3Dd2lkZ2V0TmFtZT1zcF9hdGZfbmV4dA%26psc%3D1,Apple iPhone 16 (256 GB) - Teal  ,"₹89,900₹89,900",100+ bought in past month,10% Off on Select Bank Cards10% Off on Select Bank Cards,4.8 out of 5 stars 16  ," FREE delivery Mon, 14 Oct Or fastest delivery Tomorrow, 6 Oct "
350,https://www.amazon.in/Samsung-Celestial-MediaTek-Dimensity-Security/dp/B0DGXB4SX1/ref=sr_1_51?crid=1L0Q91SOR1BM2&dib=eyJ2IjoiMSJ9.HkpTKvfno3A0J8DAwZsWIxLkIS3X1zb4P-96pTSzg2vgZt_YXBOAo0h4KMgWmrqJ0JluJoCtRTVF8mIOHuWrrThclqmxqPH7NrRZeGY9OaWD3PLpHU3-fSjUZPIi7W4I5eUWC98cKqBM2-CJVbd2S7qF0Lfg8kwZ58PcIGf39UKOWvtbnFqGtYWHJ3WsxqTW_UI4CmHQrYFdqkNevntavOSR79By3hcH5hveZvJYSak.INgOdge-vdiNSCtAJsSXXyzL0ENHrF5JpU5DVc1RtH4&dib_tag=se&keywords=smart+phone&qid=1728113418&sprefix=smatrphone%2Caps%2C218&sr=8-51,"Samsung Galaxy M15 5G Prime Edition (Celestial Blue,6GB RAM,128GB Storage)| Super AMOLED Display| 50MP Triple Cam| 6000mAh Battery| MediaTek Dimensity 6100+| 4 Gen. OS Upgrade & 5 Year Security Update  ","₹11,999₹11,999 M.R.P: ₹16,999₹16,999 (29% off)",5K+ bought in past month,Flat INR 750 Off on SBICardsFlat INR 750 Off on SBICards,4.2 out of 5 stars 21  ," FREE delivery Tue, 8 Oct Or fastest delivery Tomorrow, 6 Oct "
351,https://www.amazon.in/POCO-Pastel-Green-128GB-Storage/dp/B0CY299SKS/ref=sr_1_52?crid=1L0Q91SOR1BM2&dib=eyJ2IjoiMSJ9.HkpTKvfno3A0J8DAwZsWIxLkIS3X1zb4P-96pTSzg2vgZt_YXBOAo0h4KMgWmrqJ0JluJoCtRTVF8mIOHuWrrThclqmxqPH7NrRZeGY9OaWD3PLpHU3-fSjUZPIi7W4I5eUWC98cKqBM2-CJVbd2S7qF0Lfg8kwZ58PcIGf39UKOWvtbnFqGtYWHJ3WsxqTW_UI4CmHQrYFdqkNevntavOSR79By3hcH5hveZvJYSak.INgOdge-vdiNSCtAJsSXXyzL0ENHrF5JpU5DVc1RtH4&dib_tag=se&keywords=smart+phone&qid=1728113418&sprefix=smatrphone%2Caps%2C218&sr=8-52,POCO C65 (Pastel Green 4GB RAM 128GB Storage)  ,"₹6,799₹6,799 M.R.P: ₹10,999₹10,999 (38% off)",4K+ bought in past month,Service: Installation,"4.0 out of 5 stars 2,477  "," FREE delivery Thu, 17 Oct Or fastest delivery Tomorrow, 6 Oct "
352,https://www.amazon.in/Redmi-Startrail-Storage-MediaTek-Dimensity/dp/B0CNX82VVQ/ref=sr_1_8?crid=1L0Q91SOR1BM2&dib=eyJ2IjoiMSJ9.YFHwfIh7GPJJ09bm1bBID_cftDp0afCxSRg3FN_lte1Rdqt5mg0Jx-TgDfx26Db3KQU1JO2tAF7pm-1gfG8MtzfxHlpgvazcRpgxNuuVFttuqLhrcaxp-Ld6M3GLfrx3fDP5xfBpL4ScKlFfbrSxXRyDX9VWbu_X7Xq3bgWwHhRWosAjnCAKcGU1quDOoO_Dy7EncmeSfy_UFCn5cEafdJeM3DlDTdqvQZcn6Vmj2_k.gLzcl7owOgyvjofPvY-GTIHcfhOU5iMgTDNesnqX70k&dib_tag=se&keywords=smart+phone&qid=1728113408&sprefix=smatrphone%2Caps%2C218&sr=8-8,"Redmi 13C 5G (Startrail Silver, 4GB RAM, 128GB Storage) | MediaTek Dimensity 6100+ 5G | 90Hz Display  ","₹8,999₹8,999 M.R.P: ₹13,999₹13,999 (36% off)",5K+ bought in past month,Save extra with No Cost EMISave extra with No Cost EMI,"4.0 out of 5 stars 8,112  "," FREE delivery Tue, 8 Oct Or fastest delivery Tomorrow, 6 Oct "
353,https://www.amazon.in/Alpenglow-Speakers-Fingerprint-Octa-Core-Processor/dp/B0CQ7S3LJT/ref=sr_1_55?crid=1L0Q91SOR1BM2&dib=eyJ2IjoiMSJ9.HkpTKvfno3A0J8DAwZsWIxLkIS3X1zb4P-96pTSzg2vgZt_YXBOAo0h4KMgWmrqJ0JluJoCtRTVF8mIOHuWrrThclqmxqPH7NrRZeGY9OaWD3PLpHU3-fSjUZPIi7W4I5eUWC98cKqBM2-CJVbd2S7qF0Lfg8kwZ58PcIGf39UKOWvtbnFqGtYWHJ3WsxqTW_UI4CmHQrYFdqkNevntavOSR79By3hcH5hveZvJYSak.INgOdge-vdiNSCtAJsSXXyzL0ENHrF5JpU5DVc1RtH4&dib_tag=se&keywords=smart+phone&qid=1728113418&sprefix=smatrphone%2Caps%2C218&sr=8-55,"TECNO POP 8 (Alpenglow Gold, 4GB+64GB)| 90Hz Punch Hole Display with Dynamic Port & Dual Speakers with DTS| 5000mAh Battery |10W Type-C| Side Fingerprint Sensor| Octa-Core Processor  ","₹6,799₹6,799 M.R.P: ₹7,799₹7,799 (13% off)",2K+ bought in past month,10% Off on Select Bank Cards10% Off on Select Bank Cards,"4.1 out of 5 stars 2,132  "," FREE delivery Tue, 8 Oct Or fastest delivery Tomorrow, 6 Oct "
354,https://www.amazon.in/Motorola-Brilliant-Blue-128GB-Storage/dp/B0DDY9HMJG/ref=sr_1_56?crid=1L0Q91SOR1BM2&dib=eyJ2IjoiMSJ9.HkpTKvfno3A0J8DAwZsWIxLkIS3X1zb4P-96pTSzg2vgZt_YXBOAo0h4KMgWmrqJ0JluJoCtRTVF8mIOHuWrrThclqmxqPH7NrRZeGY9OaWD3PLpHU3-fSjUZPIi7W4I5eUWC98cKqBM2-CJVbd2S7qF0Lfg8kwZ58PcIGf39UKOWvtbnFqGtYWHJ3WsxqTW_UI4CmHQrYFdqkNevntavOSR79By3hcH5hveZvJYSak.INgOdge-vdiNSCtAJsSXXyzL0ENHrF5JpU5DVc1RtH4&dib_tag=se&keywords=smart+phone&qid=1728113418&sprefix=smatrphone%2Caps%2C218&sr=8-56,"Motorola G45 5G (Brilliant Blue, 8GB RAM, 128GB Storage)  ","₹13,144₹13,144 M.R.P: ₹14,999₹14,999 (12% off)",500+ bought in past month,10% Off on Select Bank Cards10% Off on Select Bank Cards,3.7 out of 5 stars 7  ," FREE delivery Mon, 14 Oct "
355,https://www.amazon.in/Redmi-Startrail-Storage-MediaTek-Dimensity/dp/B0CNX7BZ7R/ref=sr_1_57?crid=1L0Q91SOR1BM2&dib=eyJ2IjoiMSJ9.HkpTKvfno3A0J8DAwZsWIxLkIS3X1zb4P-96pTSzg2vgZt_YXBOAo0h4KMgWmrqJ0JluJoCtRTVF8mIOHuWrrThclqmxqPH7NrRZeGY9OaWD3PLpHU3-fSjUZPIi7W4I5eUWC98cKqBM2-CJVbd2S7qF0Lfg8kwZ58PcIGf39UKOWvtbnFqGtYWHJ3WsxqTW_UI4CmHQrYFdqkNevntavOSR79By3hcH5hveZvJYSak.INgOdge-vdiNSCtAJsSXXyzL0ENHrF5JpU5DVc1RtH4&dib_tag=se&keywords=smart+phone&qid=1728113418&sprefix=smatrphone%2Caps%2C218&sr=8-57,"Redmi 13C 5G (Startrail Green,6GB RAM, 128GB Storage) | MediaTek Dimensity 6100+ 5G | 90Hz Display  ","₹11,499₹11,499 M.R.P: ₹15,999₹15,999 (28% off)",3K+ bought in past month,10% Off on Select Bank Cards10% Off on Select Bank Cards,"4.0 out of 5 stars 8,112  "," FREE delivery Tue, 8 Oct Or fastest delivery Tomorrow, 6 Oct "
356,https://www.amazon.in/Display-Dynamic-Octacore-Processor-Battery/dp/B0DBHYQ65L/ref=sr_1_58?crid=1L0Q91SOR1BM2&dib=eyJ2IjoiMSJ9.HkpTKvfno3A0J8DAwZsWIxLkIS3X1zb4P-96pTSzg2vgZt_YXBOAo0h4KMgWmrqJ0JluJoCtRTVF8mIOHuWrrThclqmxqPH7NrRZeGY9OaWD3PLpHU3-fSjUZPIi7W4I5eUWC98cKqBM2-CJVbd2S7qF0Lfg8kwZ58PcIGf39UKOWvtbnFqGtYWHJ3WsxqTW_UI4CmHQrYFdqkNevntavOSR79By3hcH5hveZvJYSak.INgOdge-vdiNSCtAJsSXXyzL0ENHrF5JpU5DVc1RtH4&dib_tag=se&keywords=smart+phone&qid=1728113418&sprefix=smatrphone%2Caps%2C218&sr=8-58,"itel A50|6.6"" HD+ Display with Dynamic Bar| 3GB RAM +64GB ROM, Upto 8GB RAM with Memory Fusion|Octacore Processor|8MP AI Dual Rear Cam|5000 mAh Battery | Misty Black  ","₹6,099₹6,099 M.R.P: ₹6,499₹6,499 (6% off)",500+ bought in past month,Save extra with No Cost EMISave extra with No Cost EMI,3.9 out of 5 stars 30  ," FREE delivery Tue, 8 Oct Or fastest delivery Tomorrow, 6 Oct "
357,https://www.amazon.in/sspa/click?ie=UTF8&spc=MTo4MzQ4MjU1Nzc0MDg3MDU1OjE3MjgxMTM0MTg6c3BfbXRmOjMwMDA1NzU5NDUzODAzMjo6MDo6&url=%2FApple-iPhone-15-256-GB%2Fdp%2FB0CHX4CRND%2Fref%3Dsr_1_60_sspa%3Fcrid%3D1L0Q91SOR1BM2%26dib%3DeyJ2IjoiMSJ9.HkpTKvfno3A0J8DAwZsWIxLkIS3X1zb4P-96pTSzg2vgZt_YXBOAo0h4KMgWmrqJ0JluJoCtRTVF8mIOHuWrrThclqmxqPH7NrRZeGY9OaWD3PLpHU3-fSjUZPIi7W4I5eUWC98cKqBM2-CJVbd2S7qF0Lfg8kwZ58PcIGf39UKOWvtbnFqGtYWHJ3WsxqTW_UI4CmHQrYFdqkNevntavOSR79By3hcH5hveZvJYSak.INgOdge-vdiNSCtAJsSXXyzL0ENHrF5JpU5DVc1RtH4%26dib_tag%3Dse%26keywords%3Dsmart%2Bphone%26qid%3D1728113418%26sprefix%3Dsmatrphone%252Caps%252C218%26sr%3D8-60-spons%26sp_csd%3Dd2lkZ2V0TmFtZT1zcF9tdGY%26psc%3D1,Apple iPhone 15 (256 GB) - Pink  ,"₹76,900₹76,900 M.R.P: ₹89,600₹89,600 (14% off)",50+ bought in past month,Flat INR 3000 Off on SBICardsFlat INR 3000 Off on SBICards,"4.5 out of 5 stars 2,255  "," FREE delivery Tue, 8 Oct Or fastest delivery Tomorrow, 6 Oct "
358,https://www.amazon.in/Redmi-Hawaiian-Largest-Display-Segment/dp/B0D78WCNZZ/ref=sr_1_61?crid=1L0Q91SOR1BM2&dib=eyJ2IjoiMSJ9.HkpTKvfno3A0J8DAwZsWIxLkIS3X1zb4P-96pTSzg2vgZt_YXBOAo0h4KMgWmrqJ0JluJoCtRTVF8mIOHuWrrThclqmxqPH7NrRZeGY9OaWD3PLpHU3-fSjUZPIi7W4I5eUWC98cKqBM2-CJVbd2S7qF0Lfg8kwZ58PcIGf39UKOWvtbnFqGtYWHJ3WsxqTW_UI4CmHQrYFdqkNevntavOSR79By3hcH5hveZvJYSak.INgOdge-vdiNSCtAJsSXXyzL0ENHrF5JpU5DVc1RtH4&dib_tag=se&keywords=smart+phone&qid=1728113418&sprefix=smatrphone%2Caps%2C218&sr=8-61,"Redmi 13 5G, Hawaiian Blue, 6GB+128GB | India Debut SD 4 Gen 2 AE | 108MP Pro Grade Camera | 6.79in Largest Display in Segment  ","₹13,499₹13,499 M.R.P: ₹17,999₹17,999 (25% off)",5K+ bought in past month,"₹1,000 off coupon appliedSave ₹1,000  with coupon ","3.9 out of 5 stars 1,411  "," FREE delivery Mon, 7 Oct Or fastest delivery Tomorrow, 6 Oct "
359,https://www.amazon.in/realme-Storage-Display-Dimensity-Charger/dp/B0CZS3B3PY/ref=sr_1_62?crid=1L0Q91SOR1BM2&dib=eyJ2IjoiMSJ9.HkpTKvfno3A0J8DAwZsWIxLkIS3X1zb4P-96pTSzg2vgZt_YXBOAo0h4KMgWmrqJ0JluJoCtRTVF8mIOHuWrrThclqmxqPH7NrRZeGY9OaWD3PLpHU3-fSjUZPIi7W4I5eUWC98cKqBM2-CJVbd2S7qF0Lfg8kwZ58PcIGf39UKOWvtbnFqGtYWHJ3WsxqTW_UI4CmHQrYFdqkNevntavOSR79By3hcH5hveZvJYSak.INgOdge-vdiNSCtAJsSXXyzL0ENHrF5JpU5DVc1RtH4&dib_tag=se&keywords=smart+phone&qid=1728113418&sprefix=smatrphone%2Caps%2C218&sr=8-62,"realme NARZO 70x 5G (Ice Blue, 6GB RAM,128GB Storage)|120Hz Ultra Smooth Display|Dimensity 6100+ 6nm 5G|50MP AI Camera|45W Charger in The Box  ","₹12,498₹12,498 M.R.P: ₹17,999₹17,999 (31% off)",5K+ bought in past month,"₹1,500 off coupon appliedSave ₹1,500  with coupon ","4.0 out of 5 stars 2,085  "," FREE delivery Mon, 7 Oct Or fastest delivery Tomorrow, 6 Oct "
360,https://www.amazon.in/realme-Storage-Comfort-Resistance-48-Month/dp/B0D9455CRW/ref=sr_1_9?crid=1L0Q91SOR1BM2&dib=eyJ2IjoiMSJ9.YFHwfIh7GPJJ09bm1bBID_cftDp0afCxSRg3FN_lte1Rdqt5mg0Jx-TgDfx26Db3KQU1JO2tAF7pm-1gfG8MtzfxHlpgvazcRpgxNuuVFttuqLhrcaxp-Ld6M3GLfrx3fDP5xfBpL4ScKlFfbrSxXRyDX9VWbu_X7Xq3bgWwHhRWosAjnCAKcGU1quDOoO_Dy7EncmeSfy_UFCn5cEafdJeM3DlDTdqvQZcn6Vmj2_k.gLzcl7owOgyvjofPvY-GTIHcfhOU5iMgTDNesnqX70k&dib_tag=se&keywords=smart+phone&qid=1728113408&sprefix=smatrphone%2Caps%2C218&sr=8-9,"realme NARZO N61 (Marble Black, 4GB RAM+64GB Storage) 90Hz Eye Comfort Display | IP54 Dust & Water Resistance | 48-Month Fluency | Charger in The Box  ","₹7,498₹7,498 M.R.P: ₹8,999₹8,999 (17% off)",5K+ bought in past month,"₹1,000 off coupon appliedSave ₹1,000  with coupon ",4.1 out of 5 stars 349  ," FREE delivery Tue, 8 Oct Or fastest delivery Tomorrow, 6 Oct "
361,https://www.amazon.in/Starshine-Storage-Powered-MediaTek-Display/dp/B0CMTWJ5RV/ref=sr_1_63?crid=1L0Q91SOR1BM2&dib=eyJ2IjoiMSJ9.HkpTKvfno3A0J8DAwZsWIxLkIS3X1zb4P-96pTSzg2vgZt_YXBOAo0h4KMgWmrqJ0JluJoCtRTVF8mIOHuWrrThclqmxqPH7NrRZeGY9OaWD3PLpHU3-fSjUZPIi7W4I5eUWC98cKqBM2-CJVbd2S7qF0Lfg8kwZ58PcIGf39UKOWvtbnFqGtYWHJ3WsxqTW_UI4CmHQrYFdqkNevntavOSR79By3hcH5hveZvJYSak.INgOdge-vdiNSCtAJsSXXyzL0ENHrF5JpU5DVc1RtH4&dib_tag=se&keywords=smart+phone&qid=1728113418&sprefix=smatrphone%2Caps%2C218&sr=8-63,"Redmi 13C (Starshine Green, 6GB RAM, 128GB Storage) | Powered by 4G MediaTek Helio G85 | 90Hz Display | 50MP AI Triple Camera  ","₹8,499₹8,499 M.R.P: ₹13,999₹13,999 (39% off)",5K+ bought in past month,10% Off on Select Bank Cards10% Off on Select Bank Cards,"4.1 out of 5 stars 7,991  ",FREE delivery
362,https://www.amazon.in/Redmi-Startrail-Storage-MediaTek-Dimensity/dp/B0CNX6WVG5/ref=sr_1_64?crid=1L0Q91SOR1BM2&dib=eyJ2IjoiMSJ9.HkpTKvfno3A0J8DAwZsWIxLkIS3X1zb4P-96pTSzg2vgZt_YXBOAo0h4KMgWmrqJ0JluJoCtRTVF8mIOHuWrrThclqmxqPH7NrRZeGY9OaWD3PLpHU3-fSjUZPIi7W4I5eUWC98cKqBM2-CJVbd2S7qF0Lfg8kwZ58PcIGf39UKOWvtbnFqGtYWHJ3WsxqTW_UI4CmHQrYFdqkNevntavOSR79By3hcH5hveZvJYSak.INgOdge-vdiNSCtAJsSXXyzL0ENHrF5JpU5DVc1RtH4&dib_tag=se&keywords=smart+phone&qid=1728113418&sprefix=smatrphone%2Caps%2C218&sr=8-64,"Redmi 13C 5G (Startrail Green, 4GB RAM, 128GB Storage) | MediaTek Dimensity 6100+ 5G | 90Hz Display  ","₹8,999₹8,999 M.R.P: ₹13,999₹13,999 (36% off)",5K+ bought in past month,Save extra with No Cost EMISave extra with No Cost EMI,"4.0 out of 5 stars 8,112  "," FREE delivery Tue, 8 Oct Or fastest delivery Tomorrow, 6 Oct "
363,https://www.amazon.in/Redmi-Startrail-Storage-MediaTek-Dimensity/dp/B0CNX88T71/ref=sr_1_65?crid=1L0Q91SOR1BM2&dib=eyJ2IjoiMSJ9.HkpTKvfno3A0J8DAwZsWIxLkIS3X1zb4P-96pTSzg2vgZt_YXBOAo0h4KMgWmrqJ0JluJoCtRTVF8mIOHuWrrThclqmxqPH7NrRZeGY9OaWD3PLpHU3-fSjUZPIi7W4I5eUWC98cKqBM2-CJVbd2S7qF0Lfg8kwZ58PcIGf39UKOWvtbnFqGtYWHJ3WsxqTW_UI4CmHQrYFdqkNevntavOSR79By3hcH5hveZvJYSak.INgOdge-vdiNSCtAJsSXXyzL0ENHrF5JpU5DVc1RtH4&dib_tag=se&keywords=smart+phone&qid=1728113418&sprefix=smatrphone%2Caps%2C218&sr=8-65,"Redmi 13C 5G (Startrail Silver, 6GB RAM, 128GB Storage) | MediaTek Dimensity 6100+ 5G | 90Hz Display  ","₹11,499₹11,499 M.R.P: ₹15,999₹15,999 (28% off)",3K+ bought in past month,10% Off on Select Bank Cards10% Off on Select Bank Cards,"4.0 out of 5 stars 8,112  "," FREE delivery Tue, 8 Oct Or fastest delivery Tomorrow, 6 Oct "
364,https://www.amazon.in/Oneplus-Nord-Chrome-256GB-Storage/dp/B0CX5BZXLF/ref=sr_1_66?crid=1L0Q91SOR1BM2&dib=eyJ2IjoiMSJ9.HkpTKvfno3A0J8DAwZsWIxLkIS3X1zb4P-96pTSzg2vgZt_YXBOAo0h4KMgWmrqJ0JluJoCtRTVF8mIOHuWrrThclqmxqPH7NrRZeGY9OaWD3PLpHU3-fSjUZPIi7W4I5eUWC98cKqBM2-CJVbd2S7qF0Lfg8kwZ58PcIGf39UKOWvtbnFqGtYWHJ3WsxqTW_UI4CmHQrYFdqkNevntavOSR79By3hcH5hveZvJYSak.INgOdge-vdiNSCtAJsSXXyzL0ENHrF5JpU5DVc1RtH4&dib_tag=se&keywords=smart+phone&qid=1728113418&sprefix=smatrphone%2Caps%2C218&sr=8-66,"Oneplus Nord CE4 (Dark Chrome, 8GB RAM, 256GB Storage)  ","₹25,499₹25,499 M.R.P: ₹26,999₹26,999 (6% off)",5K+ bought in past month,₹500 off coupon appliedSave ₹500  with coupon ,"4.2 out of 5 stars 4,886  "," FREE delivery Mon, 7 Oct Or fastest delivery Tomorrow, 6 Oct "
365,https://www.amazon.in/Samsung-Daybreak-Storage-Corning-Gorilla/dp/B0D8123CLN/ref=sr_1_67?crid=1L0Q91SOR1BM2&dib=eyJ2IjoiMSJ9.HkpTKvfno3A0J8DAwZsWIxLkIS3X1zb4P-96pTSzg2vgZt_YXBOAo0h4KMgWmrqJ0JluJoCtRTVF8mIOHuWrrThclqmxqPH7NrRZeGY9OaWD3PLpHU3-fSjUZPIi7W4I5eUWC98cKqBM2-CJVbd2S7qF0Lfg8kwZ58PcIGf39UKOWvtbnFqGtYWHJ3WsxqTW_UI4CmHQrYFdqkNevntavOSR79By3hcH5hveZvJYSak.INgOdge-vdiNSCtAJsSXXyzL0ENHrF5JpU5DVc1RtH4&dib_tag=se&keywords=smart+phone&qid=1728113418&sprefix=smatrphone%2Caps%2C218&sr=8-67,"Samsung Galaxy M35 5G (Daybreak Blue,6GB RAM,128GB Storage)| Corning Gorilla Glass Victus+| AnTuTu Score 595K+ | Vapour Cooling Chamber | 6000mAh Battery | 120Hz Super AMOLED Display| Without Charger  ","₹14,999₹14,999 M.R.P: ₹24,499₹24,499 (39% off)",5K+ bought in past month,10% Off on Select Bank Cards10% Off on Select Bank Cards,"4.1 out of 5 stars 1,981  "," FREE delivery Tue, 8 Oct Or fastest delivery Tomorrow, 6 Oct "
366,https://www.amazon.in/Samsung-Storage-MediaTek-Dimensity-Security/dp/B0DGX9JJW8/ref=sr_1_68?crid=1L0Q91SOR1BM2&dib=eyJ2IjoiMSJ9.HkpTKvfno3A0J8DAwZsWIxLkIS3X1zb4P-96pTSzg2vgZt_YXBOAo0h4KMgWmrqJ0JluJoCtRTVF8mIOHuWrrThclqmxqPH7NrRZeGY9OaWD3PLpHU3-fSjUZPIi7W4I5eUWC98cKqBM2-CJVbd2S7qF0Lfg8kwZ58PcIGf39UKOWvtbnFqGtYWHJ3WsxqTW_UI4CmHQrYFdqkNevntavOSR79By3hcH5hveZvJYSak.INgOdge-vdiNSCtAJsSXXyzL0ENHrF5JpU5DVc1RtH4&dib_tag=se&keywords=smart+phone&qid=1728113418&sprefix=smatrphone%2Caps%2C218&sr=8-68,"Samsung Galaxy M15 5G Prime Edition (Blue Topaz,8GB RAM,128GB Storage) | Super AMOLED Display| 50MP Triple Cam| 6000mAh Battery| MediaTek Dimensity 6100+ | 4 Gen. OS Upgrade & 5 Year Security Update  ","₹13,499₹13,499 M.R.P: ₹17,999₹17,999 (25% off)",2K+ bought in past month,₹250 off coupon appliedSave ₹250  with coupon ,4.2 out of 5 stars 21  ," FREE delivery Thu, 10 Oct Or fastest delivery Tomorrow, 6 Oct "
367,https://www.amazon.in/sspa/click?ie=UTF8&spc=MTo4MzQ4MjU1Nzc0MDg3MDU1OjE3MjgxMTM0MTg6c3BfYnRmOjIwMTExMjExMjQ4NTk4OjowOjo&url=%2FApple-iPhone-14-128GB-Starlight%2Fdp%2FB0BDK8LKPJ%2Fref%3Dsr_1_69_sspa%3Fcrid%3D1L0Q91SOR1BM2%26dib%3DeyJ2IjoiMSJ9.HkpTKvfno3A0J8DAwZsWIxLkIS3X1zb4P-96pTSzg2vgZt_YXBOAo0h4KMgWmrqJ0JluJoCtRTVF8mIOHuWrrThclqmxqPH7NrRZeGY9OaWD3PLpHU3-fSjUZPIi7W4I5eUWC98cKqBM2-CJVbd2S7qF0Lfg8kwZ58PcIGf39UKOWvtbnFqGtYWHJ3WsxqTW_UI4CmHQrYFdqkNevntavOSR79By3hcH5hveZvJYSak.INgOdge-vdiNSCtAJsSXXyzL0ENHrF5JpU5DVc1RtH4%26dib_tag%3Dse%26keywords%3Dsmart%2Bphone%26qid%3D1728113418%26sprefix%3Dsmatrphone%252Caps%252C218%26sr%3D8-69-spons%26sp_csd%3Dd2lkZ2V0TmFtZT1zcF9idGY%26psc%3D1,Apple iPhone 14 (128 GB) - Starlight  ,"₹59,900₹59,900 M.R.P: ₹69,900₹69,900 (14% off)",100+ bought in past month,Flat INR 3000 Off on SBICardsFlat INR 3000 Off on SBICards,"4.5 out of 5 stars 5,570  "," FREE delivery Tue, 8 Oct Or fastest delivery Tomorrow, 6 Oct "
368,https://www.amazon.in/sspa/click?ie=UTF8&spc=MTozODc2Njc3MTU4NjUyNjI3OjE3MjgxMTM0MjM6c3BfYXRmX25leHQ6MjAwNzk2ODI4NTE0MDM6OjA6Og&url=%2FApple-iPhone-13-256GB-Product%2Fdp%2FB09G9HDN4Q%2Fref%3Dsr_1_65_sspa%3Fcrid%3D1L0Q91SOR1BM2%26dib%3DeyJ2IjoiMSJ9.bLU23IuECdzkEtPRsTDdfknd0-Lzi9A1tzI9tl0kEbxYGptpBt1TjD5Ia9nt1kRi2sVpg6RyJ3I5roU-HIJExlWfeD-x0ZK0eQ-p34Mav86nfO0ntmsm1mwd8FsAR-GvjJ3lR2TlL4iXwnb8YxGPRbH_8sv8wwm91A_8ufXr-CMzRNl55SxpwbCYbpQWbmYEeeWJUcQ3q_5gpetVfAiq8iIsPGzCWjX4rlPlhF0zsTk.GxD0Fl4Ww4uDNLE3xj5fdoHMLHHAQ_d-wnxEyCrqgik%26dib_tag%3Dse%26keywords%3Dsmart%2Bphone%26qid%3D1728113423%26sprefix%3Dsmatrphone%252Caps%252C218%26sr%3D8-65-spons%26sp_csd%3Dd2lkZ2V0TmFtZT1zcF9hdGZfbmV4dA%26psc%3D1,Apple iPhone 13 (256GB) - (Product) RED  ,"₹53,999₹53,999 M.R.P: ₹69,900₹69,900 (23% off)",200+ bought in past month,Flat INR 500 Off on SBICardsFlat INR 500 Off on SBICards,"4.5 out of 5 stars 29,593  "," FREE delivery Tue, 8 Oct Or fastest delivery Tomorrow, 6 Oct "
369,https://www.amazon.in/POCO-C65-Matte-Black-128GB/dp/B0CQG9N4Z3/ref=sr_1_10?crid=1L0Q91SOR1BM2&dib=eyJ2IjoiMSJ9.YFHwfIh7GPJJ09bm1bBID_cftDp0afCxSRg3FN_lte1Rdqt5mg0Jx-TgDfx26Db3KQU1JO2tAF7pm-1gfG8MtzfxHlpgvazcRpgxNuuVFttuqLhrcaxp-Ld6M3GLfrx3fDP5xfBpL4ScKlFfbrSxXRyDX9VWbu_X7Xq3bgWwHhRWosAjnCAKcGU1quDOoO_Dy7EncmeSfy_UFCn5cEafdJeM3DlDTdqvQZcn6Vmj2_k.gLzcl7owOgyvjofPvY-GTIHcfhOU5iMgTDNesnqX70k&dib_tag=se&keywords=smart+phone&qid=1728113408&sprefix=smatrphone%2Caps%2C218&sr=8-10,POCO C65 (Matte Black 4GB RAM 128GB Storage)  ,"₹6,799₹6,799 M.R.P: ₹10,999₹10,999 (38% off)",5K+ bought in past month,Service: Installation,"4.0 out of 5 stars 2,477  "," FREE delivery Wed, 16 Oct Or fastest delivery Tomorrow, 6 Oct "
370,https://www.amazon.in/gp/bestsellers/electronics/1805560031/ref=sr_bs_2_1805560031_1,"realme NARZO N65 5G (Amber Gold 6GB RAM, 128GB Storage) India's 1st D6300 5G Chipset | Ultra Slim Design | 120Hz Eye Comfort Display | 50MP AI Camera| Charger in The Box  ","₹12,498₹12,498 M.R.P: ₹14,999₹14,999 (17% off)",5K+ bought in past month,"₹2,250 off coupon appliedSave ₹2,250  with coupon ",4.1 out of 5 stars 922  ," FREE delivery Tue, 8 Oct Or fastest delivery Tomorrow, 6 Oct "
371,https://www.amazon.in/OnePlus-Nord-Pastel-128GB-Storage/dp/B0BY8JZ22K/ref=sr_1_68?crid=1L0Q91SOR1BM2&dib=eyJ2IjoiMSJ9.bLU23IuECdzkEtPRsTDdfknd0-Lzi9A1tzI9tl0kEbxYGptpBt1TjD5Ia9nt1kRi2sVpg6RyJ3I5roU-HIJExlWfeD-x0ZK0eQ-p34Mav86nfO0ntmsm1mwd8FsAR-GvjJ3lR2TlL4iXwnb8YxGPRbH_8sv8wwm91A_8ufXr-CMzRNl55SxpwbCYbpQWbmYEeeWJUcQ3q_5gpetVfAiq8iIsPGzCWjX4rlPlhF0zsTk.GxD0Fl4Ww4uDNLE3xj5fdoHMLHHAQ_d-wnxEyCrqgik&dib_tag=se&keywords=smart+phone&qid=1728113423&sprefix=smatrphone%2Caps%2C218&sr=8-68,"OnePlus Nord CE 3 Lite 5G (Pastel Lime, 8GB RAM, 128GB Storage)  ","₹15,945₹15,945 M.R.P: ₹19,999₹19,999 (20% off)",2K+ bought in past month,10% Off on Select Bank Cards10% Off on Select Bank Cards,"4.2 out of 5 stars 50,629  "," FREE delivery Wed, 16 Oct Or fastest delivery Tomorrow, 6 Oct "
372,https://www.amazon.in/POCO-Dimensity-Processor-Dual-Camera-Fingerprint/dp/B0CQVSPVR7/ref=sr_1_69?crid=1L0Q91SOR1BM2&dib=eyJ2IjoiMSJ9.bLU23IuECdzkEtPRsTDdfknd0-Lzi9A1tzI9tl0kEbxYGptpBt1TjD5Ia9nt1kRi2sVpg6RyJ3I5roU-HIJExlWfeD-x0ZK0eQ-p34Mav86nfO0ntmsm1mwd8FsAR-GvjJ3lR2TlL4iXwnb8YxGPRbH_8sv8wwm91A_8ufXr-CMzRNl55SxpwbCYbpQWbmYEeeWJUcQ3q_5gpetVfAiq8iIsPGzCWjX4rlPlhF0zsTk.GxD0Fl4Ww4uDNLE3xj5fdoHMLHHAQ_d-wnxEyCrqgik&dib_tag=se&keywords=smart+phone&qid=1728113423&sprefix=smatrphone%2Caps%2C218&sr=8-69,"POCO M6 5G (Galactic Black, 4GB RAM, 128GB Storage) | MediaTek Dimensity 6100+ 5G Processor | 5000 mAh Battery + 18W Fast Charging | 50 MP AI Dual-Camera System & Side Fingerprint Sensor  ","₹9,249₹9,249 M.R.P: ₹12,999₹12,999 (29% off)",400+ bought in past month,Save extra with No Cost EMISave extra with No Cost EMI,"3.9 out of 5 stars 1,745  "," FREE delivery Tue, 8 Oct Or fastest delivery Tomorrow, 6 Oct "
373,https://www.amazon.in/POCO-C61-Mystical-Green-64GB/dp/B0CYBKWQ2V/ref=sr_1_70?crid=1L0Q91SOR1BM2&dib=eyJ2IjoiMSJ9.bLU23IuECdzkEtPRsTDdfknd0-Lzi9A1tzI9tl0kEbxYGptpBt1TjD5Ia9nt1kRi2sVpg6RyJ3I5roU-HIJExlWfeD-x0ZK0eQ-p34Mav86nfO0ntmsm1mwd8FsAR-GvjJ3lR2TlL4iXwnb8YxGPRbH_8sv8wwm91A_8ufXr-CMzRNl55SxpwbCYbpQWbmYEeeWJUcQ3q_5gpetVfAiq8iIsPGzCWjX4rlPlhF0zsTk.GxD0Fl4Ww4uDNLE3xj5fdoHMLHHAQ_d-wnxEyCrqgik&dib_tag=se&keywords=smart+phone&qid=1728113423&sprefix=smatrphone%2Caps%2C218&sr=8-70,POCO C61 Mystical Green 4GB RAM 64GB ROM  ,"₹6,299₹6,299 M.R.P: ₹8,999₹8,999 (30% off)",500+ bought in past month,Save extra with No Cost EMISave extra with No Cost EMI,3.1 out of 5 stars 14  ," FREE delivery Tue, 8 Oct Or fastest delivery Tomorrow, 6 Oct "
374,https://www.amazon.in/Nokia-Snapdragon%C2%AE-Virtual-Upgrades-Included/dp/B0CDXHYHZ6/ref=sr_1_71?crid=1L0Q91SOR1BM2&dib=eyJ2IjoiMSJ9.bLU23IuECdzkEtPRsTDdfknd0-Lzi9A1tzI9tl0kEbxYGptpBt1TjD5Ia9nt1kRi2sVpg6RyJ3I5roU-HIJExlWfeD-x0ZK0eQ-p34Mav86nfO0ntmsm1mwd8FsAR-GvjJ3lR2TlL4iXwnb8YxGPRbH_8sv8wwm91A_8ufXr-CMzRNl55SxpwbCYbpQWbmYEeeWJUcQ3q_5gpetVfAiq8iIsPGzCWjX4rlPlhF0zsTk.GxD0Fl4Ww4uDNLE3xj5fdoHMLHHAQ_d-wnxEyCrqgik&dib_tag=se&keywords=smart+phone&qid=1728113423&sprefix=smatrphone%2Caps%2C218&sr=8-71,Nokia G42 5G | Snapdragon® 480+ 5G | 50MP Triple AI Camera | 11GB RAM (6GB RAM + 5GB Virtual RAM) | 128GB Storage | 5000mAh Battery | 2 Years Android Upgrades | 20W Charger Included | So Grey  ,"₹11,499₹11,499 M.R.P: ₹16,499₹16,499 (30% off)",3K+ bought in past month,10% Off on Select Bank Cards10% Off on Select Bank Cards,"3.8 out of 5 stars 5,143  "," FREE delivery Mon, 7 Oct Or fastest delivery Tomorrow, 6 Oct "
375,https://www.amazon.in/Samsung-Storage-Expandable-MediaTek-Dimensity/dp/B0CP7TH3YB/ref=sr_1_72?crid=1L0Q91SOR1BM2&dib=eyJ2IjoiMSJ9.bLU23IuECdzkEtPRsTDdfknd0-Lzi9A1tzI9tl0kEbxYGptpBt1TjD5Ia9nt1kRi2sVpg6RyJ3I5roU-HIJExlWfeD-x0ZK0eQ-p34Mav86nfO0ntmsm1mwd8FsAR-GvjJ3lR2TlL4iXwnb8YxGPRbH_8sv8wwm91A_8ufXr-CMzRNl55SxpwbCYbpQWbmYEeeWJUcQ3q_5gpetVfAiq8iIsPGzCWjX4rlPlhF0zsTk.GxD0Fl4Ww4uDNLE3xj5fdoHMLHHAQ_d-wnxEyCrqgik&dib_tag=se&keywords=smart+phone&qid=1728113423&sprefix=smatrphone%2Caps%2C218&sr=8-72,"Samsung Galaxy A15 5G (Light Blue, 6GB, 128GB Storage) | 50 MP Main Camera | Android 14 with One UI 6.0 | 12GB Expandable RAM | MediaTek Dimensity 6100+ | 5000 mAh Battery  ","₹15,499₹15,499 M.R.P: ₹19,999₹19,999 (23% off)",500+ bought in past month,Save extra with No Cost EMISave extra with No Cost EMI,3.9 out of 5 stars 743  ," FREE delivery Tue, 8 Oct Or fastest delivery Tomorrow, 6 Oct "
376,https://www.amazon.in/Redmi-Starlight-Storage-MediaTek-Dimensity/dp/B0CNX79YGX/ref=sr_1_73?crid=1L0Q91SOR1BM2&dib=eyJ2IjoiMSJ9.bLU23IuECdzkEtPRsTDdfknd0-Lzi9A1tzI9tl0kEbxYGptpBt1TjD5Ia9nt1kRi2sVpg6RyJ3I5roU-HIJExlWfeD-x0ZK0eQ-p34Mav86nfO0ntmsm1mwd8FsAR-GvjJ3lR2TlL4iXwnb8YxGPRbH_8sv8wwm91A_8ufXr-CMzRNl55SxpwbCYbpQWbmYEeeWJUcQ3q_5gpetVfAiq8iIsPGzCWjX4rlPlhF0zsTk.GxD0Fl4Ww4uDNLE3xj5fdoHMLHHAQ_d-wnxEyCrqgik&dib_tag=se&keywords=smart+phone&qid=1728113423&sprefix=smatrphone%2Caps%2C218&sr=8-73,"Redmi 13C 5G (Starlight Black, 8GB RAM, 256GB Storage) | MediaTek Dimensity 6100+ 5G | 90Hz Display  ","₹13,499₹13,499 M.R.P: ₹17,999₹17,999 (25% off)",1K+ bought in past month,10% Off on Select Bank Cards10% Off on Select Bank Cards,"4.0 out of 5 stars 8,112  "," FREE delivery Mon, 7 Oct Or fastest delivery Tomorrow, 6 Oct "
377,https://www.amazon.in/OnePlus-Galactic-Silver-128GB-Storage/dp/B0BSNQ2KXF/ref=sr_1_74?crid=1L0Q91SOR1BM2&dib=eyJ2IjoiMSJ9.bLU23IuECdzkEtPRsTDdfknd0-Lzi9A1tzI9tl0kEbxYGptpBt1TjD5Ia9nt1kRi2sVpg6RyJ3I5roU-HIJExlWfeD-x0ZK0eQ-p34Mav86nfO0ntmsm1mwd8FsAR-GvjJ3lR2TlL4iXwnb8YxGPRbH_8sv8wwm91A_8ufXr-CMzRNl55SxpwbCYbpQWbmYEeeWJUcQ3q_5gpetVfAiq8iIsPGzCWjX4rlPlhF0zsTk.GxD0Fl4Ww4uDNLE3xj5fdoHMLHHAQ_d-wnxEyCrqgik&dib_tag=se&keywords=smart+phone&qid=1728113423&sprefix=smatrphone%2Caps%2C218&sr=8-74,"OnePlus 11R 5G (Galactic Silver, 8GB RAM, 128GB Storage)  ","₹27,997₹27,997 M.R.P: ₹39,999₹39,999 (30% off)",5K+ bought in past month,10% Off on Select Bank Cards10% Off on Select Bank Cards,"4.4 out of 5 stars 17,626  "," FREE delivery Tue, 8 Oct Or fastest delivery Tomorrow, 6 Oct "
378,https://www.amazon.in/sspa/click?ie=UTF8&spc=MTozODc2Njc3MTU4NjUyNjI3OjE3MjgxMTM0MjM6c3BfbXRmOjMwMDA1NzU5NDU0MDEzMjo6MDo6&url=%2FApple-iPhone-15-Plus-256%2Fdp%2FB0CHXDVMVP%2Fref%3Dsr_1_75_sspa%3Fcrid%3D1L0Q91SOR1BM2%26dib%3DeyJ2IjoiMSJ9.bLU23IuECdzkEtPRsTDdfknd0-Lzi9A1tzI9tl0kEbxYGptpBt1TjD5Ia9nt1kRi2sVpg6RyJ3I5roU-HIJExlWfeD-x0ZK0eQ-p34Mav86nfO0ntmsm1mwd8FsAR-GvjJ3lR2TlL4iXwnb8YxGPRbH_8sv8wwm91A_8ufXr-CMzRNl55SxpwbCYbpQWbmYEeeWJUcQ3q_5gpetVfAiq8iIsPGzCWjX4rlPlhF0zsTk.GxD0Fl4Ww4uDNLE3xj5fdoHMLHHAQ_d-wnxEyCrqgik%26dib_tag%3Dse%26keywords%3Dsmart%2Bphone%26qid%3D1728113423%26sprefix%3Dsmatrphone%252Caps%252C218%26sr%3D8-75-spons%26sp_csd%3Dd2lkZ2V0TmFtZT1zcF9tdGY%26psc%3D1,Apple iPhone 15 Plus (256 GB) - Blue  ,"₹89,900₹89,900 M.R.P: ₹96,600₹96,600 (7% off)",100+ bought in past month,Flat INR 3000 Off on SBICardsFlat INR 3000 Off on SBICards,"4.6 out of 5 stars 1,018  "," FREE delivery Tue, 8 Oct Or fastest delivery Tomorrow, 6 Oct "
379,https://www.amazon.in/sspa/click?ie=UTF8&spc=MTozODc2Njc3MTU4NjUyNjI3OjE3MjgxMTM0MjM6c3BfbXRmOjIwMTExMjExMjQ0MTk4OjowOjo&url=%2FApple-iPhone-Plus-256GB-Purple%2Fdp%2FB0BDK63CBS%2Fref%3Dsr_1_76_sspa%3Fcrid%3D1L0Q91SOR1BM2%26dib%3DeyJ2IjoiMSJ9.bLU23IuECdzkEtPRsTDdfknd0-Lzi9A1tzI9tl0kEbxYGptpBt1TjD5Ia9nt1kRi2sVpg6RyJ3I5roU-HIJExlWfeD-x0ZK0eQ-p34Mav86nfO0ntmsm1mwd8FsAR-GvjJ3lR2TlL4iXwnb8YxGPRbH_8sv8wwm91A_8ufXr-CMzRNl55SxpwbCYbpQWbmYEeeWJUcQ3q_5gpetVfAiq8iIsPGzCWjX4rlPlhF0zsTk.GxD0Fl4Ww4uDNLE3xj5fdoHMLHHAQ_d-wnxEyCrqgik%26dib_tag%3Dse%26keywords%3Dsmart%2Bphone%26qid%3D1728113423%26sprefix%3Dsmatrphone%252Caps%252C218%26sr%3D8-76-spons%26sp_csd%3Dd2lkZ2V0TmFtZT1zcF9tdGY%26psc%3D1,Apple iPhone 14 Plus (256 GB) - Purple  ,"₹79,900₹79,900 M.R.P: ₹99,900₹99,900 (20% off)",M.R.P: ,Flat INR 3000 Off on SBICardsFlat INR 3000 Off on SBICards,"4.5 out of 5 stars 2,012  "," FREE delivery Thu, 10 Oct Or fastest delivery Tomorrow, 6 Oct "
